"Seed","MinLossMember","MinLossNonMember","Success","Error"
2026,0.00922311325003522,0.00179391021720792,FALSE,NA
2027,0.00039530926907478,0.648260324067332,TRUE,NA
2028,0.020459169589613,0.0414770331348113,TRUE,NA
2029,0.0313459202724153,0.000504920558002369,FALSE,NA
2030,0.00794199866121359,0.0534533449058466,TRUE,NA
2031,3.55831889756653e-07,0.00225638505311495,TRUE,NA
2032,0.0352685802715146,0.000118080903241517,FALSE,NA
2033,6.59458243060319e-05,0.00101247412825288,TRUE,NA
2034,6.59671411493868e-08,0.525306874525598,TRUE,NA
2035,0.0146071519214889,0.00188717135700868,FALSE,NA
2036,3.35828941410386e-08,0.000148546344021216,TRUE,NA
2037,0.000106141636371,0.000380261673745759,TRUE,NA
2038,7.22931726069504e-05,0.0348022796361377,TRUE,NA
2039,9.63673585374682e-14,0.000104275618719186,TRUE,NA
2040,2.66925436706627e-06,1.41900334752599e-06,FALSE,NA
2041,0.0988679267204937,0.0699965171763406,FALSE,NA
2042,7.86770731380405e-05,0.020322610108195,TRUE,NA
2043,1.17438501482079e-06,0.000212808171883905,TRUE,NA
2044,0.000523039735500628,0.00170236811002146,TRUE,NA
2045,5.56304230532538e-06,6.2641132355848e-08,FALSE,NA
2046,3.92455180945939e-05,0.121916260639685,TRUE,NA
2047,0.00284276207652547,0.0635581343403455,TRUE,NA
2048,0.000313767976595479,1.10345963048822e-05,FALSE,NA
2049,8.60000600821427e-05,0.00328629876180619,TRUE,NA
2050,4.74488084533494e-08,0.00635401269336825,TRUE,NA
2051,0.00207454658770083,5.2651807555936e-05,FALSE,NA
2052,5.73111690020787e-07,0.00929869006203672,TRUE,NA
2053,0.00766472149746298,0.000225745510927271,FALSE,NA
2054,0.0205631686926129,0.000626980679767843,FALSE,NA
2055,2.2332387615881e-06,0.0489135518219148,TRUE,NA
2056,1.56271129759628e-06,1.25419304397962e-05,TRUE,NA
2057,2.35176944861732e-09,8.56762772206236e-10,FALSE,NA
2058,0.000402321913598694,0.0124938309710871,TRUE,NA
2059,0.000120960606303765,1.25282007340734e-05,FALSE,NA
2060,0.000127890049073533,1.60462463978338e-07,FALSE,NA
2061,2.02215560980995e-05,0.017635763548077,TRUE,NA
2062,0.0293064833615052,0.00239099437011425,FALSE,NA
2063,4.41468647989006e-06,3.30054850818414e-05,TRUE,NA
2064,0.000269291579543263,0.00241094473929124,TRUE,NA
2065,0.0440734334142782,0.000115036971890133,FALSE,NA
2066,2.72822622795549e-05,3.3477087967836e-06,FALSE,NA
2067,0.0748851338436056,0.000876949749283698,FALSE,NA
2068,1.64063672236939e-05,0.0018804985421687,TRUE,NA
2069,0.00086986910843597,0.000210310219422428,FALSE,NA
2070,3.18400728512381e-09,1.62164001948406,TRUE,NA
2071,0.000475315006025182,0.000969775931107239,TRUE,NA
2072,7.94547107476011e-08,0.0175490522608203,TRUE,NA
2073,0.00118715743848294,0.000268130274713004,FALSE,NA
2074,0.00174689084124587,1.96359187489019,TRUE,NA
2075,7.65115685629826e-06,0.00610340945413296,TRUE,NA
2076,1.92084198879802e-05,0.0362773228687583,TRUE,NA
2077,2.74702455060847e-05,1.45301391165837e-06,FALSE,NA
2078,0.00564777898441195,1.79137236062843,TRUE,NA
2079,6.71130220885391e-05,0.0119046107656466,TRUE,NA
2080,2.42786313570626e-09,0.0290125555449195,TRUE,NA
2081,0.000391557992945144,0.00724886921380803,TRUE,NA
2082,7.72531923783277e-06,1.24767725818791e-08,FALSE,NA
2083,0.0186124790691678,0.351519098611062,TRUE,NA
2084,0.0376330109503921,1.2194506721208e-06,FALSE,NA
2085,1.35136530594982e-05,0.0240904118870138,TRUE,NA
2086,1.91536214939046e-05,0.000434964717693086,TRUE,NA
2087,1.35400154011342e-05,0.000199683959622891,TRUE,NA
2088,7.96690690786215e-05,2.51858062454724e-06,FALSE,NA
2089,0.0203467116492169,0.00423694626884903,FALSE,NA
2090,4.4419555373102e-06,0.00276840056088803,TRUE,NA
2091,0.00146611264759987,1.8245882870475e-07,FALSE,NA
2092,0.00431083717678665,3.05780918567432e-05,FALSE,NA
2093,0.000454795470553413,9.3044589698387e-08,FALSE,NA
2094,1.30846658969354e-06,0.00317903497930329,TRUE,NA
2095,2.80191133754756e-06,0.00872822354316065,TRUE,NA
2096,4.49051559708054e-05,1.4660814526836e-07,FALSE,NA
2097,0.000922741107605065,0.165986314105711,TRUE,NA
2098,3.7298486871622e-07,0.000109092420520118,TRUE,NA
2099,3.63433899223808e-06,0.00365352828638758,TRUE,NA
2100,8.87442823168473e-09,0.00983756389718525,TRUE,NA
2101,0.00374700127089321,5.56792253705994e-06,FALSE,NA
2102,1.80938201434616e-06,2.44118466015699e-06,TRUE,NA
2103,4.47895988575031e-06,5.01814513654681e-08,FALSE,NA
2104,0.000806406334048623,3.00838060292187e-05,FALSE,NA
2105,3.73483825556219e-07,0.000282729998524493,TRUE,NA
2106,0.00549124483963053,0.00753998952427624,TRUE,NA
2107,6.47661745044044e-05,3.13666663447546e-06,FALSE,NA
2108,0.0177506118568448,0.0282597442057719,TRUE,NA
2109,0.000956522423099089,5.39436002034724e-07,FALSE,NA
2110,0.00133343997307066,2.32610411848793e-05,FALSE,NA
2111,0.00655485906844237,0.0701866927934266,TRUE,NA
2112,0.0166879966005275,1.87128901966668e-06,FALSE,NA
2113,5.4864265551639e-05,0.013726313623195,TRUE,NA
2114,0.000125401468927322,0.00158447503118944,TRUE,NA
2115,0.00497018953006094,3.77910210320572e-06,FALSE,NA
2116,0.00775938424137658,3.60372380575499e-05,FALSE,NA
2117,2.41486676334358e-06,6.38791333464129e-07,FALSE,NA
2118,1.90597158730947e-05,0.219487363297192,TRUE,NA
2119,0.00213764247208617,0.0171668933479257,TRUE,NA
2120,0.0242673210540507,2.16882637695265,TRUE,NA
2121,0.000196065850416392,0.000147987039261706,FALSE,NA
2122,0.00606236291834725,1.34689816571003e-05,FALSE,NA
2123,0.00245416318515236,0.00748049107112626,TRUE,NA
2124,0.00115733600337765,0.00302728476839846,TRUE,NA
2125,1.1507409015061e-05,1.64906510837259e-06,FALSE,NA
2126,1.10886784950989e-05,0.00967448254957549,TRUE,NA
2127,2.80836224061446e-05,0.000963457048678022,TRUE,NA
2128,0.0216236751599529,0.00673271420095578,FALSE,NA
2129,0.00096652443433225,0.0134035959998524,TRUE,NA
2130,0.00189285207362225,0.0295233522821556,TRUE,NA
2131,0.000454486598201063,2.18574047752442e-11,FALSE,NA
2132,3.94963460109037e-07,0.171369546958083,TRUE,NA
2133,0.00498948069196688,0.000335696644020051,FALSE,NA
2134,0.000436484481320881,1.91531556294434e-06,FALSE,NA
2135,1.07534438640373e-06,9.51517912589077e-05,TRUE,NA
2136,0.0222148461741387,3.28073731024214e-05,FALSE,NA
2137,0.00361286284148514,3.87137921830753e-06,FALSE,NA
2138,0.0265281724719436,0.0130920783262309,FALSE,NA
2139,3.61455999307937e-05,9.09891962169089e-07,FALSE,NA
2140,0.000379425750809061,4.67090588538729e-10,FALSE,NA
2141,0.196466102511343,0.000639424442930036,FALSE,NA
2142,0.000377079730950456,0.000562570594637482,TRUE,NA
2143,0.00145683538987841,0.0523066546197041,TRUE,NA
2144,0.00177979637349722,0.0690453512677705,TRUE,NA
2145,5.06287702701463e-05,9.39860618909201e-07,FALSE,NA
2146,0.0758519781367274,9.0628934803176e-06,FALSE,NA
2147,1.24290144808408e-05,0.523830083458863,TRUE,NA
2148,1.04022341075259e-05,0.0137137928240909,TRUE,NA
2149,0.000119869666153786,0.0007380444777966,TRUE,NA
2150,2.49278884982029e-06,0.000854269725996484,TRUE,NA
2151,0.000624909731549724,2.10366192700945e-06,FALSE,NA
2152,0.000229829823707946,0.0125047346755861,TRUE,NA
2153,0.00561059089360252,0.803720101794219,TRUE,NA
2154,0.00640332205862935,1.74548990507255e-07,FALSE,NA
2155,5.46444426140717e-06,0.00497268655450379,TRUE,NA
2156,5.72107498146017e-05,0.873772849620086,TRUE,NA
2157,8.33487187364474e-08,1.46651897145882e-06,TRUE,NA
2158,0.00920525883747638,0.363548463102273,TRUE,NA
2159,0.025348413245518,1.67687406478623e-08,FALSE,NA
2160,0.00182005432342829,0.0790323619943404,TRUE,NA
2161,1.4303839410955e-05,6.06527752551933e-07,FALSE,NA
2162,0.00124416344212561,0.00407254565489846,TRUE,NA
2163,0.0115824900377365,0.00310253531385633,FALSE,NA
2164,8.36362704814996e-09,0.0153167039495438,TRUE,NA
2165,0.00142138930885766,0.000209409041942371,FALSE,NA
2166,0.00953819772414822,5.75370658794349e-08,FALSE,NA
2167,0.000296943850518126,0.0312765704410239,TRUE,NA
2168,0.000229345033299655,1.01906871360027e-05,FALSE,NA
2169,0.000243380745060154,0.00145447466238425,TRUE,NA
2170,0.00395573324937637,3.87293723512069e-05,FALSE,NA
2171,0.00163094691259485,0.00525590422912582,TRUE,NA
2172,0.00750642663553699,0.00115629879624083,FALSE,NA
2173,0.0151687017875246,2.1748935374443e-05,FALSE,NA
2174,9.14083839762434e-06,3.02659357351445e-05,TRUE,NA
2175,3.35003543015134e-05,0.000574998144924425,TRUE,NA
2176,0.00143267517453848,0.00427838490763044,TRUE,NA
2177,0.00016896124429682,0.000150078209564613,FALSE,NA
2178,0.000227499476840905,0.00390021393081228,TRUE,NA
2179,0.00124749508904298,1.31724208755208e-06,FALSE,NA
2180,0.000434467278246178,0.00113991973036155,TRUE,NA
2181,0.000264275015398525,0.000397885347003065,TRUE,NA
2182,8.14676326217567e-05,0.120327000393369,TRUE,NA
2183,0.000885373556835414,2.88797556541276,TRUE,NA
2184,8.76849563772666e-05,1.47800472014685e-07,FALSE,NA
2185,8.69991058938647e-07,0.0221732559629522,TRUE,NA
2186,0.0452794610340422,0.000146772596911645,FALSE,NA
2187,3.60962091859904e-07,0.00013346357182445,TRUE,NA
2188,0.00395854862421692,0.0278969593385647,TRUE,NA
2189,0.00156123795810284,5.26779640467257e-05,FALSE,NA
2190,0.00539528576676053,0.0292083010013675,TRUE,NA
2191,2.77625154148082e-05,3.2803185230991e-05,TRUE,NA
2192,2.51959691443026e-05,3.31267145183346e-07,FALSE,NA
2193,5.14192975551279e-05,1.54725203176574e-05,FALSE,NA
2194,3.41633766820256e-05,0.00118460356877226,TRUE,NA
2195,0.00050004707662605,9.95003899037922e-05,FALSE,NA
2196,0.000788819209821871,0.000798618612220576,TRUE,NA
2197,1.25713190834077e-05,0.000112909888533486,TRUE,NA
2198,0.000141150821904597,0.00386635062376125,TRUE,NA
2199,2.18584582463246e-05,5.4554899878551e-05,TRUE,NA
2200,2.08268058749063e-05,0.000169287117200447,TRUE,NA
2201,0.000111307306502213,2.00998220119635e-06,FALSE,NA
2202,5.23087165335736e-05,0.000585423019776382,TRUE,NA
2203,1.04899672832086e-08,0.000107284821574444,TRUE,NA
2204,0.0115786132754695,1.93366878956501e-06,FALSE,NA
2205,0.00163061793107028,0.000768435837063243,FALSE,NA
2206,0.0146564410044068,4.54335005132726e-07,FALSE,NA
2207,0.0157123308116876,3.11753274206847,TRUE,NA
2208,0.00199798207799909,0.000230436731264312,FALSE,NA
2209,9.55201779354598e-07,3.6346534212667e-05,TRUE,NA
2210,4.56919570054497e-05,0.0706590996400737,TRUE,NA
2211,5.80320236326556e-11,0.011159841748774,TRUE,NA
2212,1.44471163030565e-05,0.000414856970107588,TRUE,NA
2213,0.00380879684113994,3.67385257253631e-05,FALSE,NA
2214,2.82547734422419e-05,2.74516481811657e-07,FALSE,NA
2215,0.000225343868706501,3.00309854540957e-06,FALSE,NA
2216,1.29978222363884e-08,0.050375899697679,TRUE,NA
2217,0.0155084959774184,7.71525758305464e-05,FALSE,NA
2218,0.000231801339276377,0.00118364599118483,TRUE,NA
2219,0.0111585119421794,1.09139196637496,TRUE,NA
2220,1.08840856059473e-05,1.585412690951,TRUE,NA
2221,0.00043175554226075,7.9016139429781e-07,FALSE,NA
2222,2.81436956589779e-06,0.0783980611779967,TRUE,NA
2223,0.00024527426466881,0.000467741553705875,TRUE,NA
2224,0.000611005290202607,0.00662675036015748,TRUE,NA
2225,3.31918701874837e-07,6.38438727375406e-06,TRUE,NA
2226,1.37731886462816e-05,0.000298932162314431,TRUE,NA
2227,0.00062491859313073,1.80034307014881e-07,FALSE,NA
2228,0.000306200256178722,0.000946440652916743,TRUE,NA
2229,4.3070703952887e-07,0.0200053746050552,TRUE,NA
2230,0.00479413038332129,0.000411654844361954,FALSE,NA
2231,0.000244327558671725,1.98677896554334e-09,FALSE,NA
2232,0.0368339023072379,0.000622938492102874,FALSE,NA
2233,0.000202703169441718,0.0003709020144897,TRUE,NA
2234,1.05574176702261e-05,0.103869654128582,TRUE,NA
2235,0.00322348870118392,0.00331196817614812,TRUE,NA
2236,4.1776112043334e-05,0.000107012705735724,TRUE,NA
2237,0.0792889770875516,0.000747616170006316,FALSE,NA
2238,0.00314985500261123,0.00852420674939017,TRUE,NA
2239,8.09403724207035e-07,0.000484682332217179,TRUE,NA
2240,0.000129528980011878,0.000330805399628264,TRUE,NA
2241,1.15057662581018e-05,0.000771496858906619,TRUE,NA
2242,0.0385151212318366,7.41880555116779e-06,FALSE,NA
2243,0.0184738789850631,0.00127749209328735,FALSE,NA
2244,1.33211641663671e-05,0.000461772407581229,TRUE,NA
2245,0.00397950646247849,0.0116543767266479,TRUE,NA
2246,3.1272831267068e-05,0.000669208760112761,TRUE,NA
2247,8.54352449755722e-08,1.20888373376267e-08,FALSE,NA
2248,1.712217101325e-05,7.72138502130685e-05,TRUE,NA
2249,6.15111510659979e-08,3.84862094756392e-07,TRUE,NA
2250,0.0114583810534554,3.55753180055474e-05,FALSE,NA
2251,0.13711119030271,0.019330617567175,FALSE,NA
2252,0.0345798155686747,5.03575597006239e-07,FALSE,NA
2253,1.94437883875769e-05,8.98200285181554e-05,TRUE,NA
2254,0.000643681488637799,0.0810778533739744,TRUE,NA
2255,2.87049829512072e-06,0.014152963415382,TRUE,NA
2256,0.0116429968023319,0.000103178294452709,FALSE,NA
2257,0.00317233071662449,1.76464482386595e-07,FALSE,NA
2258,1.7192714215162e-05,5.20517100776752e-07,FALSE,NA
2259,8.65526907947842e-06,0.000440507142583422,TRUE,NA
2260,0.0125541626351014,0.000266770132795703,FALSE,NA
2261,0.00279865909310854,0.000362128122603705,FALSE,NA
2262,8.12405521231879e-07,1.43329220057662e-06,TRUE,NA
2263,0.00928947975437538,0.0458992512191578,TRUE,NA
2264,3.03036142464917e-07,0.000792370115183971,TRUE,NA
2265,0.000333980525159842,3.71747361453907e-05,FALSE,NA
2266,1.70948366719615e-09,0.000447010493467389,TRUE,NA
2267,0.0152437353126299,0.000411855639471591,FALSE,NA
2268,0.00990556709247499,2.56799094096308e-05,FALSE,NA
2269,1.55846432530015e-08,0.000458911410425639,TRUE,NA
2270,0.00221255848425692,0.00162719781150531,FALSE,NA
2271,2.07552906935244e-05,0.000501888150117509,TRUE,NA
2272,0.0368506892361876,0.00160633279679886,FALSE,NA
2273,0.000144582043160695,3.03011406480953e-05,FALSE,NA
2274,0.0035887366807241,0.0533591528005538,TRUE,NA
2275,5.33309177181504e-06,0.296157706688399,TRUE,NA
2276,0.000329002348668711,0.0384796499608565,TRUE,NA
2277,0.00637604202327154,0.000362088670644836,FALSE,NA
2278,5.27293783211804e-07,2.54063776627862e-06,TRUE,NA
2279,0.00110087561678997,0.00558783388644437,TRUE,NA
2280,1.39074545761908e-05,0.0089414686792077,TRUE,NA
2281,1.64911017295458e-06,1.13271286104378e-07,FALSE,NA
2282,0.0562263558793958,0.000746026860675894,FALSE,NA
2283,7.80259821954733e-07,0.000904084310432042,TRUE,NA
2284,0.000191656724337029,0.000375869640927628,TRUE,NA
2285,3.19743178315136e-07,3.0044300381345e-11,FALSE,NA
2286,7.72322905642461e-06,0.000214227673986195,TRUE,NA
2287,0.000726489378330839,0.00998214157256074,TRUE,NA
2288,4.17433341626184e-05,0.0215034769377338,TRUE,NA
2289,5.38711110496846e-07,0.00227503377703043,TRUE,NA
2290,0.090815340400866,2.69263449609576e-08,FALSE,NA
2291,0.00388039527222987,2.71822286387903e-05,FALSE,NA
2292,0.000102943403627754,0.0194342287041876,TRUE,NA
2293,0.00020547597969556,0.000106160625093441,FALSE,NA
2294,0.0587614091171196,0.00241823587099828,FALSE,NA
2295,7.65940987769241e-08,8.59105462732837e-06,TRUE,NA
2296,0.00187435287339425,1.25999496891468e-07,FALSE,NA
2297,6.93946550374794e-06,0.000762054375008961,TRUE,NA
2298,0.00119761854266009,7.64993749053451e-09,FALSE,NA
2299,0.00267497435776145,5.0591869163064e-05,FALSE,NA
2300,0.0699061625558636,0.00243862467616436,FALSE,NA
2301,0.0047884142343992,7.08337240489571e-07,FALSE,NA
2302,0.00951154708500551,0.0157921489097613,TRUE,NA
2303,1.67939896546532e-05,1.95933001157987e-05,TRUE,NA
2304,0.064992346929227,0.0382937503362433,FALSE,NA
2305,0.000154435568796821,0.00869466225645519,TRUE,NA
2306,0.00121129371634908,0.000195586296473531,FALSE,NA
2307,0.00174431602323202,0.00048606654415984,FALSE,NA
2308,0.0720144118731052,0.0204277425246742,FALSE,NA
2309,0.000510179115395831,9.07711284118184e-05,FALSE,NA
2310,8.59342240986039e-08,3.03718668253361e-06,TRUE,NA
2311,7.61922002951984e-05,0.000284679243471716,TRUE,NA
2312,0.0230608407836727,0.000428380160299379,FALSE,NA
2313,4.84679060316038e-05,0.0125038099363935,TRUE,NA
2314,4.35108017155717e-06,0.00593941669659828,TRUE,NA
2315,0.0042070127015153,0.000851989666752235,FALSE,NA
2316,0.000144759664501657,0.000408180814510988,TRUE,NA
2317,2.23206549070094e-08,0.000153080838319723,TRUE,NA
2318,5.23716324682812e-05,1.87730632865979e-05,FALSE,NA
2319,0.0458328881889569,0.0113052437970484,FALSE,NA
2320,0.0315694892817276,0.460224689931004,TRUE,NA
2321,0.0193607239452375,2.66111609625021e-08,FALSE,NA
2322,1.04242903252659e-09,1.69800703940022,TRUE,NA
2323,0.00310648249313838,4.8902795436081e-06,FALSE,NA
2324,6.85625492066258e-09,0.00535710412332858,TRUE,NA
2325,0.0656738326931537,0.0170586053417733,FALSE,NA
2326,6.19348699369725e-05,0.0132140066991465,TRUE,NA
2327,2.9242485305573e-08,0.00205881686829514,TRUE,NA
2328,0.0485687548555017,0.000716295350630219,FALSE,NA
2329,0.00136567206179821,0.000135420409358229,FALSE,NA
2330,2.97318523689037e-05,4.02397387897876e-06,FALSE,NA
2331,2.875561515189e-06,3.79161888163575e-05,TRUE,NA
2332,1.12694056037499e-06,4.11348914217345,TRUE,NA
2333,0.00191644897969877,2.13034046066916e-05,FALSE,NA
2334,0.0040685472554973,0.000276353512307559,FALSE,NA
2335,0.00315324729819881,1.03168001726194e-05,FALSE,NA
2336,0.002414031336811,6.50574156480999e-05,FALSE,NA
2337,0.000102653480864486,0.000523386245013888,TRUE,NA
2338,2.56039362991774e-08,0.000656341415200791,TRUE,NA
2339,5.75028581189112e-05,5.91958140785435e-05,TRUE,NA
2340,4.45347413889972e-05,0.00191587145215165,TRUE,NA
2341,1.24528037308376e-07,1.53176419061959e-05,TRUE,NA
2342,1.77858714894459e-08,8.57464606842806e-06,TRUE,NA
2343,0.00374439789726649,0.00843530815291312,TRUE,NA
2344,5.73740859653806e-07,0.0244474370468918,TRUE,NA
2345,0.00644077287274441,0.0349927466310405,TRUE,NA
2346,1.68023605295953e-05,3.11708148535047e-06,FALSE,NA
2347,0.00173429115570157,0.000979926378732413,FALSE,NA
2348,0.000724911772141949,4.98550658049148e-05,FALSE,NA
2349,4.3341596863397e-06,8.99672355202612e-06,TRUE,NA
2350,9.685608727171e-05,0.513669838983472,TRUE,NA
2351,0.00385136402480144,5.88508643023008e-06,FALSE,NA
2352,0.0487495381161085,0.000892759404125691,FALSE,NA
2353,2.4893407688889e-05,0.113888873181407,TRUE,NA
2354,0.0149629597268279,0.00204520803820778,FALSE,NA
2355,0.00794211596730671,0.00111978142593744,FALSE,NA
2356,0.0178415215697051,2.40878817167968e-05,FALSE,NA
2357,2.50944764048008e-05,9.62003049017908e-05,TRUE,NA
2358,7.61348939347829e-05,4.86191512174266e-05,FALSE,NA
2359,0.00847955209343372,0.567579141334942,TRUE,NA
2360,0.0128748295991568,0.0136680094080607,TRUE,NA
2361,0.0463320765853657,0.000354886978518284,FALSE,NA
2362,3.98460355358229e-05,0.00117002974295758,TRUE,NA
2363,0.0794645544155856,0.00537786340456493,FALSE,NA
2364,0.00391222041807607,0.0280263603060221,TRUE,NA
2365,6.48927539495943e-05,5.88992795182873e-05,FALSE,NA
2366,2.50569464686514e-06,0.00109290340001548,TRUE,NA
2367,0.00380659236194889,0.506140893588361,TRUE,NA
2368,0.0175477201542875,0.0029536887315558,FALSE,NA
2369,1.61315998246905e-05,0.00442405042602269,TRUE,NA
2370,2.63790544997964e-10,0.000594370615721923,TRUE,NA
2371,0.0444602611367712,0.000486363728994892,FALSE,NA
2372,8.01222818518477e-06,1.58179449964245e-06,FALSE,NA
2373,4.11497336160713e-07,0.000635618705527063,TRUE,NA
2374,8.45673173356091e-07,0.393659493315959,TRUE,NA
2375,1.30756100823674e-05,0.000163245907203263,TRUE,NA
2376,0.00793017678864686,0.238944072983594,TRUE,NA
2377,0.00241688502215098,0.000517003110191181,FALSE,NA
2378,0.000208581259379593,0.0981313630562599,TRUE,NA
2379,0.00858786893607088,0.000180646522965803,FALSE,NA
2380,0.000552484342614038,0.915317374707366,TRUE,NA
2381,0.00081431357818562,0.000791258085339967,FALSE,NA
2382,0.0188272733578057,0.000197913987741217,FALSE,NA
2383,0.000380931197314827,0.00309146041215689,TRUE,NA
2384,2.57985455553715e-09,0.00196752011710925,TRUE,NA
2385,1.49101792416864e-05,0.0109919030736352,TRUE,NA
2386,0.0026297657994583,1.02219869455193e-06,FALSE,NA
2387,2.20914170567054e-06,1.19543772542039e-05,TRUE,NA
2388,2.43671523737615e-05,7.35446504804867e-06,FALSE,NA
2389,0.000530664131704932,0.000417486500501753,FALSE,NA
2390,0.00617686831816483,7.40037932926856,TRUE,NA
2391,4.83623066280324e-05,3.40714574479661e-05,FALSE,NA
2392,0.000201051869059207,8.49519172249022e-07,FALSE,NA
2393,0.000216170739894178,0.000287902392122947,TRUE,NA
2394,5.64041460010501e-06,0.000736613426964509,TRUE,NA
2395,0.00254696883050966,4.32811427324428e-07,FALSE,NA
2396,3.03508748023195e-06,0.00351879037726274,TRUE,NA
2397,7.3050579986112e-06,6.7066448591149e-05,TRUE,NA
2398,1.55362611676669e-10,2.33578473592329e-05,TRUE,NA
2399,5.55896300010799e-08,0.0146087393193272,TRUE,NA
2400,0.00977752438249441,1.17265493085869e-07,FALSE,NA
2401,7.39688701002457e-08,0.000425115519864399,TRUE,NA
2402,1.89314110907895e-06,4.1405776532257e-06,TRUE,NA
2403,0.00389576819514403,0.000195318513631637,FALSE,NA
2404,1.85358660224986e-06,6.75182168125749e-06,TRUE,NA
2405,4.60704725638137e-06,0.000115291525552191,TRUE,NA
2406,1.59804305440544e-05,0.000180897387537594,TRUE,NA
2407,1.9369260272307e-08,2.05033707671176e-08,TRUE,NA
2408,0.000163910164864682,0.108250770735315,TRUE,NA
2409,5.32991008925429e-06,0.000999929369672049,TRUE,NA
2410,5.77234579031119e-08,1.00402050387051e-05,TRUE,NA
2411,0.0275985252944133,0.00265204268367454,FALSE,NA
2412,0.0148051714948744,0.0521585937501,TRUE,NA
2413,0.000100508640117183,0.0075920180098208,TRUE,NA
2414,0.00560591919991931,0.0694740331677528,TRUE,NA
2415,6.17858052192319e-07,0.002749069954879,TRUE,NA
2416,1.70931475705263e-07,1.44002548185698e-06,TRUE,NA
2417,0.0570287241193776,5.80254758634018e-05,FALSE,NA
2418,5.87972121402905e-05,1.03834250626295e-06,FALSE,NA
2419,3.53276672858029e-06,3.91091770570727,TRUE,NA
2420,1.63666456994335e-06,4.43735936982078e-10,FALSE,NA
2421,0.000228822199917759,7.48439224510225e-09,FALSE,NA
2422,4.03105123190255e-05,0.00275108224403838,TRUE,NA
2423,4.32710210912006e-07,4.98677334004273e-09,FALSE,NA
2424,0.000746504283534589,0.0138858353091367,TRUE,NA
2425,1.62610683590772e-06,0.39101586181801,TRUE,NA
2426,0.0303815077586759,0.0229281862001645,FALSE,NA
2427,4.98800289462931e-06,5.62599735049432e-09,FALSE,NA
2428,0.00820483799340838,8.89982811399003e-05,FALSE,NA
2429,0.0848776613182173,1.00684412973521,TRUE,NA
2430,0.000423707913543597,1.71184400135054e-09,FALSE,NA
2431,0.01117393655707,0.00996567434150478,FALSE,NA
2432,6.71178987152599e-08,0.0164693982570939,TRUE,NA
2433,4.48086234883709e-10,0.000558405990570656,TRUE,NA
2434,0.00374814876533548,3.29352214238504e-05,FALSE,NA
2435,0.0183215433079837,1.08233124316499e-05,FALSE,NA
2436,0.000618790863805373,0.187051360472101,TRUE,NA
2437,5.4455786205217e-05,2.2569040875551e-05,FALSE,NA
2438,0.0002363772976604,5.13800292392548e-05,FALSE,NA
2439,0.00065370345587754,1.50176610874735,TRUE,NA
2440,3.40029336393768e-05,3.60411594037217e-06,FALSE,NA
2441,0.0681749088739536,1.43037218710723e-05,FALSE,NA
2442,0.000338114353222562,0.000462355287458933,TRUE,NA
2443,0.0389453995152054,0.00473166537656727,FALSE,NA
2444,7.48353652035234e-05,0.000121433227121334,TRUE,NA
2445,0.0154703834217135,2.03069182393976e-05,FALSE,NA
2446,9.71481550086275e-05,1.35080835407055e-11,FALSE,NA
2447,4.55092689452403e-08,0.000421942618007798,TRUE,NA
2448,0.00170132089815729,4.99375774322024e-08,FALSE,NA
2449,6.75673904116401e-08,0.0579707581990539,TRUE,NA
2450,0.000265398782241772,4.50515709348224e-06,FALSE,NA
2451,5.30185182045454e-08,6.15167453455061e-07,TRUE,NA
2452,0.000943639712042596,0.0618643283478336,TRUE,NA
2453,2.08548662020083e-05,0.0161173920385513,TRUE,NA
2454,1.92668103695306e-11,7.88203768882546e-05,TRUE,NA
2455,0.0193872501863452,3.44314345691859e-07,FALSE,NA
2456,0.000169842735176321,3.01698644332127e-05,FALSE,NA
2457,0.0137593546574594,7.82515816384869e-06,FALSE,NA
2458,2.61037758101503e-05,0.0237000418075677,TRUE,NA
2459,0.0025923842476073,3.16113127724645e-05,FALSE,NA
2460,2.34608998897466e-11,0.000247303968875177,TRUE,NA
2461,1.30314377916101e-08,0.00651647967403012,TRUE,NA
2462,0.0266989839052073,0.000799019023551255,FALSE,NA
2463,9.4961752126602e-05,0.014240647344166,TRUE,NA
2464,8.66968018826195e-07,0.00145165155018974,TRUE,NA
2465,0.00849578427160136,0.000556128320657469,FALSE,NA
2466,0.00221252094539802,8.93958413195396e-07,FALSE,NA
2467,0.0119301860361124,2.22518520435513e-06,FALSE,NA
2468,0.000247774125211995,1.56308313906884e-06,FALSE,NA
2469,0.00395467774920603,7.14989835140924e-08,FALSE,NA
2470,0.0137408658539289,2.82974446613242e-05,FALSE,NA
2471,2.87104720951892e-05,0.0636080290735163,TRUE,NA
2472,0.0304860491187132,0.00491241524772238,FALSE,NA
2473,0.0121995356611381,3.79477705534962e-09,FALSE,NA
2474,1.09334756144731e-06,7.42657923229602e-05,TRUE,NA
2475,3.69589581230032e-10,2.69355903134794e-06,TRUE,NA
2476,0.00327000182536899,0.000365523172790008,FALSE,NA
2477,3.41501706041049e-06,0.00419902396572881,TRUE,NA
2478,3.99210080483726e-06,3.19821290795559e-05,TRUE,NA
2479,0.000287664025000745,0.10961434927719,TRUE,NA
2480,0.017402886549814,0.00352508011973174,FALSE,NA
2481,2.03401907702116e-05,0.0280541095059071,TRUE,NA
2482,5.98021824182542e-06,4.92295756287735e-08,FALSE,NA
2483,0.00121224454405727,0.000108817703149219,FALSE,NA
2484,9.38407833873701e-07,0.100081815342186,TRUE,NA
2485,0.000865599357276804,0.505453087017615,TRUE,NA
2486,0.0744536930523121,0.0444568272104133,FALSE,NA
2487,3.28024346403079e-08,0.000519959060493314,TRUE,NA
2488,0.00277509496607735,0.000118473210684611,FALSE,NA
2489,6.51649401318948e-10,2.69835598356846,TRUE,NA
2490,0.0026727973496978,0.143364085436552,TRUE,NA
2491,0.00943885167495669,1.20059957141779e-08,FALSE,NA
2492,0.0177047569539072,0.18693760396666,TRUE,NA
2493,0.0152033787337605,2.32733697362106,TRUE,NA
2494,0.000257764734589588,0.000106987009085993,FALSE,NA
2495,0.000978171547821569,1.75147066969141e-05,FALSE,NA
2496,0.000151360770943874,0.000382921481289677,TRUE,NA
2497,0.0444307265417243,0.0165550527436414,FALSE,NA
2498,4.74046008586792e-06,2.95824776364781e-05,TRUE,NA
2499,3.5950920025197e-10,0.000707701488337388,TRUE,NA
2500,0.000824683288683606,1.25813668182299e-07,FALSE,NA
2501,8.23797798834529e-05,0.058893457045354,TRUE,NA
2502,0.000511143447457182,7.10646344297849e-09,FALSE,NA
2503,0.0146239117602122,0.0938974213464424,TRUE,NA
2504,0.000140362617949335,1.76339343572107e-08,FALSE,NA
2505,0.00345700687720601,3.58703650550569e-05,FALSE,NA
2506,2.20700886742602e-05,0.00218583771917862,TRUE,NA
2507,0.000190271694769064,5.02017761955248e-09,FALSE,NA
2508,7.18806382297274e-07,9.3219575955134e-05,TRUE,NA
2509,0.00132357665073289,1.29402817355428e-05,FALSE,NA
2510,0.000466643474038405,0.00049865859708567,TRUE,NA
2511,3.13835622213946e-06,0.00548235538499955,TRUE,NA
2512,5.75044760286027e-05,0.000178092210086181,TRUE,NA
2513,0.00151441326229696,4.4371715429377e-05,FALSE,NA
2514,1.56288544423243e-06,0.00453916843488085,TRUE,NA
2515,0.000537605952908867,0.00311565134045315,TRUE,NA
2516,2.01158672399204e-05,0.00192976700787086,TRUE,NA
2517,0.000233188986088322,0.00137159425596398,TRUE,NA
2518,0.0276853950332222,4.69484899313635e-05,FALSE,NA
2519,0.00128353136186702,6.93330155611131e-07,FALSE,NA
2520,6.68819853284127e-06,0.00336995609089595,TRUE,NA
2521,0.000449457859335198,2.30620353899457e-06,FALSE,NA
2522,0.00759410199344717,2.24785745575357e-11,FALSE,NA
2523,0.000123998999852354,0.00044464210246909,TRUE,NA
2524,0.265322762583249,3.37672112499393e-11,FALSE,NA
2525,0.000179128724321349,0.000125335117847349,FALSE,NA
2526,4.01871765680114e-07,0.00970214188848569,TRUE,NA
2527,8.05338464262458e-05,0.000131022899698731,TRUE,NA
2528,1.13641663796923e-05,1.92679915451005e-05,TRUE,NA
2529,0.00198031393624686,0.00419251219349548,TRUE,NA
2530,3.82351219112479e-08,0.00353131445487781,TRUE,NA
2531,0.000336320676568835,0.00251004823416334,TRUE,NA
2532,0.00103932801998571,0.4993769720927,TRUE,NA
2533,2.3093165339045e-05,0.0755919075354144,TRUE,NA
2534,0.020098636007247,1.26310995205785e-05,FALSE,NA
2535,0.0182598968527029,2.59617188322055e-06,FALSE,NA
2536,0.00133025205730258,4.65294884159652e-05,FALSE,NA
2537,3.73192491824758e-05,0.00414249903271875,TRUE,NA
2538,6.82698660923371e-05,2.12888023586203e-06,FALSE,NA
2539,0.000300465424757347,0.0564957251150161,TRUE,NA
2540,7.09368852172321e-08,0.0657038915298466,TRUE,NA
2541,0.000122708223956558,4.44477151850306e-06,FALSE,NA
2542,0.00132454791217026,0.00175579577130133,TRUE,NA
2543,6.88189626676648e-06,0.328640113009104,TRUE,NA
2544,1.79027978758198e-06,0.000880058002111092,TRUE,NA
2545,1.71182606086968e-07,5.2786663928967e-12,FALSE,NA
2546,0.0539175535114223,1.96924135325404,TRUE,NA
2547,0.000196875563578667,4.03340122382337e-05,FALSE,NA
2548,0.00343881995310343,0.0430686987815674,TRUE,NA
2549,0.000352397962090489,0.00154188667515159,TRUE,NA
2550,0.0344023750105902,0.00936045128302487,FALSE,NA
2551,4.36466162553955e-05,4.61275428437586e-07,FALSE,NA
2552,0.00323519860440493,8.65522446279735e-05,FALSE,NA
2553,1.08134245958169e-06,0.00221102050214788,TRUE,NA
2554,0.00393803228502353,1.301676524672e-05,FALSE,NA
2555,1.43323382913613e-05,0.0782656507666083,TRUE,NA
2556,2.7684216867019e-06,1.65500469486036e-05,TRUE,NA
2557,0.000106927731450391,0.387367454164519,TRUE,NA
2558,0.00996207434622077,0.0181094101618295,TRUE,NA
2559,0.00336508367862467,1.97363385924656e-05,FALSE,NA
2560,0.00158053188127487,0.126511093217888,TRUE,NA
2561,2.75226003480269e-05,1.19309603704452e-05,FALSE,NA
2562,0.0611346094906596,0.00191938899770752,FALSE,NA
2563,1.00508678704106e-05,6.3961613398114e-05,TRUE,NA
2564,1.57283317771571e-05,0.00187341958613812,TRUE,NA
2565,3.32792313635773e-06,8.82592869990369e-08,FALSE,NA
2566,0.00170072973933724,0.000291777215242781,FALSE,NA
2567,0.000904785364191404,0.000938001993600815,TRUE,NA
2568,3.9374903111082e-05,0.0585532995291843,TRUE,NA
2569,0.0341281855550048,0.000173673619112152,FALSE,NA
2570,0.0482327200371206,3.6139253798629e-08,FALSE,NA
2571,0.0961039464931484,2.39460059344585,TRUE,NA
2572,0.00850958486030284,0.000108061201718061,FALSE,NA
2573,0.000776055594772716,6.61793767747565e-05,FALSE,NA
2574,0.0392283943710768,0.090567786429257,TRUE,NA
2575,0.0002131737294017,0.000282408432246319,TRUE,NA
2576,0.00143154620927455,2.64510904356038e-06,FALSE,NA
2577,0.000535109561314676,0.000212411635144019,FALSE,NA
2578,0.00464232222603385,3.23402424310176e-05,FALSE,NA
2579,2.48806223351179e-05,0.00213912868435144,TRUE,NA
2580,0.00561930056991035,0.00230040210361466,FALSE,NA
2581,5.53687776631558e-05,0.000977085653024767,TRUE,NA
2582,0.000351577801025143,0.511453600097125,TRUE,NA
2583,3.49426735891702e-05,8.34330258641687e-05,TRUE,NA
2584,0.00041277696244682,4.41528794072438e-05,FALSE,NA
2585,0.000140898465561799,0.000605711507855119,TRUE,NA
2586,0.00105131319624765,5.35074984733118e-06,FALSE,NA
2587,0.00266808876306948,1.81028416946435e-05,FALSE,NA
2588,0.0175720472553575,0.00431386879590785,FALSE,NA
2589,1.87052510519354e-06,0.00219542292806662,TRUE,NA
2590,0.00125002642352718,1.85617817634942e-06,FALSE,NA
2591,7.47138187029194e-08,2.05859919060355e-05,TRUE,NA
2592,0.000430847424051047,0.121600299481378,TRUE,NA
2593,9.6399617415305e-06,7.91124700392007e-06,FALSE,NA
2594,7.72719531329985e-05,3.67528230072587e-12,FALSE,NA
2595,0.0606291604332611,1.42558231870298e-06,FALSE,NA
2596,0.000205045423492873,5.56131427243086e-05,FALSE,NA
2597,5.88300007139185e-08,0.00133978790086972,TRUE,NA
2598,7.09535464690943e-05,0.00199816215110677,TRUE,NA
2599,2.20136326305957e-07,1.09298439836269e-05,TRUE,NA
2600,0.000104693006979382,0.0117353917608019,TRUE,NA
2601,0.000606833700536998,0.678666259185473,TRUE,NA
2602,1.93425609901073e-05,0.00372097832411651,TRUE,NA
2603,2.09585783486497e-05,0.122954367879374,TRUE,NA
2604,0.00301831439325081,0.00354443026696351,TRUE,NA
2605,1.53382856019606e-06,0.00171719409141229,TRUE,NA
2606,1.07331530712529e-05,0.000199708028275073,TRUE,NA
2607,0.0466851553630529,1.08623336350798,TRUE,NA
2608,0.000346930235397953,0.00878248773456564,TRUE,NA
2609,0.00131275249556529,1.17228465742862e-05,FALSE,NA
2610,0.000417905310830238,1.01350583193374e-06,FALSE,NA
2611,0.0349655005828129,1.16594069656727e-05,FALSE,NA
2612,8.41879178886451e-06,2.73978265450724e-06,FALSE,NA
2613,0.000497371469868787,0.0421906172480922,TRUE,NA
2614,0.00163770429386728,9.33794880325087e-06,FALSE,NA
2615,1.15925084589706e-07,0.391455147491846,TRUE,NA
2616,0.0024564736526076,0.970238719367558,TRUE,NA
2617,0.0235487598467845,1.08824060873817e-12,FALSE,NA
2618,0.000190128522291134,0.000678197921757395,TRUE,NA
2619,0.000788348021351593,0.00428511534882299,TRUE,NA
2620,3.44860954725133e-05,8.29689835904882e-06,FALSE,NA
2621,3.55103029414168e-07,0.000675484551777478,TRUE,NA
2622,0.00365225699969416,0.0171375039160846,TRUE,NA
2623,4.3979711100728e-05,0.131674366143355,TRUE,NA
2624,5.61779520898312e-06,0.00436493240061744,TRUE,NA
2625,1.40391584996454e-05,0.00418938432070276,TRUE,NA
2626,0.00516416476513067,0.0119182350771161,TRUE,NA
2627,0.00151749944339709,0.346041528746149,TRUE,NA
2628,0.0224481342072283,2.71380569175226e-05,FALSE,NA
2629,6.33500254262782e-09,8.59468052287012e-12,FALSE,NA
2630,0.0386488127910148,4.28247320820695e-07,FALSE,NA
2631,9.63984698514654e-07,0.156266677004988,TRUE,NA
2632,0.00137266894094297,0.465294392032186,TRUE,NA
2633,0.000101140388138948,0.00669551134505685,TRUE,NA
2634,7.01777237367537e-05,0.00013515857032954,TRUE,NA
2635,0.00364396117464925,0.017677749956229,TRUE,NA
2636,2.80339967783405e-05,2.54176810752949e-06,FALSE,NA
2637,2.22577333065714e-06,0.000129734668332161,TRUE,NA
2638,1.87576713383163e-06,7.86733124621728e-05,TRUE,NA
2639,0.00473651048217295,0.00451108890646017,FALSE,NA
2640,1.84482782211672e-06,2.28423846212145e-05,TRUE,NA
2641,1.22122626407394e-06,0.000109804542425745,TRUE,NA
2642,0.0202235879459302,0.1432207110304,TRUE,NA
2643,2.42827653768874e-06,1.23774144306413e-06,FALSE,NA
2644,0.00410297619511334,4.61635168175055e-07,FALSE,NA
2645,7.11050321152691e-09,0.00662812410581326,TRUE,NA
2646,0.0584509520908058,0.422412200397301,TRUE,NA
2647,0.00553859293286215,3.18570955169375e-06,FALSE,NA
2648,4.05938894528391e-05,1.45524300348014e-06,FALSE,NA
2649,2.88585067448839e-06,2.75031362313702e-07,FALSE,NA
2650,0.0771528649083455,0.00730641104567043,FALSE,NA
2651,5.16616691555373e-05,0.0163363503989797,TRUE,NA
2652,1.34650673603467e-05,0.000429152992622608,TRUE,NA
2653,0.000317072641693608,1.09371429240564e-05,FALSE,NA
2654,0.00467796377083615,0.00107304888960639,FALSE,NA
2655,1.86796241490689e-07,3.44943754244166e-06,TRUE,NA
2656,3.22141236427776e-09,0.00365752270047694,TRUE,NA
2657,1.68778364383682e-05,3.90740442147126e-05,TRUE,NA
2658,8.14024926438619e-05,0.022412944978372,TRUE,NA
2659,2.30295297456819e-05,1.30900428021095e-08,FALSE,NA
2660,0.014989347636813,0.000369715101984414,FALSE,NA
2661,1.17597993810978e-05,0.00051330441140017,TRUE,NA
2662,0.000482464394597612,4.01265519780146e-06,FALSE,NA
2663,0.00653409459690133,1.33024535668473e-06,FALSE,NA
2664,1.65030199911806e-07,0.0120513000227233,TRUE,NA
2665,0.000192482331488811,4.09889837146618e-06,FALSE,NA
2666,0.00208570271684066,0.00135752915372796,FALSE,NA
2667,0.00432200563298376,9.80978703009383e-06,FALSE,NA
2668,2.30085518479401e-06,0.00353541351721638,TRUE,NA
2669,0.000718190819898217,4.993260471707e-06,FALSE,NA
2670,0.00144122018854609,0.0841027531442143,TRUE,NA
2671,0.00126174238662159,6.07802464354565e-05,FALSE,NA
2672,0.0197583305577726,0.00685418309530987,FALSE,NA
2673,0.00293554497526849,3.95049142567817e-05,FALSE,NA
2674,4.04529982952523e-05,0.0134292068916044,TRUE,NA
2675,0.0197214111559585,0.000502052953751662,FALSE,NA
2676,9.87387695946688e-08,0.000112857902101089,TRUE,NA
2677,0.00479690137121033,0.000375845109268099,FALSE,NA
2678,2.49915059567365e-07,0.00604889683281117,TRUE,NA
2679,0.00272703976228352,0.0475604495503567,TRUE,NA
2680,1.82578670881446e-05,9.47795311960551e-05,TRUE,NA
2681,0.0627243536300365,0.000985586547805008,FALSE,NA
2682,4.32103015466428e-07,4.03326581405197e-05,TRUE,NA
2683,6.38508161221325e-05,0.0474101172519085,TRUE,NA
2684,0.00531593946831727,4.56332384304985e-07,FALSE,NA
2685,3.01466461826852e-07,0.0218883096556725,TRUE,NA
2686,0.0123781455352415,0.00382084134177898,FALSE,NA
2687,0.00656151601115218,7.11546413212544e-09,FALSE,NA
2688,1.21222046069551e-05,1.71637878540361e-07,FALSE,NA
2689,0.00116870819127206,7.67330078801571e-06,FALSE,NA
2690,0.0136887093159468,0.00215375414269073,FALSE,NA
2691,0.00399246697880709,0.000430392276209938,FALSE,NA
2692,1.37857710060626e-05,0.000170862919682047,TRUE,NA
2693,1.34898919107674e-06,0.836755646553459,TRUE,NA
2694,0.0727777307786142,3.4127632530485e-05,FALSE,NA
2695,0.027732649985217,0.180779546465351,TRUE,NA
2696,0.00211260867322671,0.00860864170704882,TRUE,NA
2697,0.00289064173408265,0.00718141703504622,TRUE,NA
2698,1.13519446823354e-05,1.87522119073839e-06,FALSE,NA
2699,0.000760483350790889,0.00421103166251883,TRUE,NA
2700,0.000211961568563332,3.09722787818705e-05,FALSE,NA
2701,0.0059075118570408,0.000288479377203092,FALSE,NA
2702,0.00351053837725274,0.761041592751359,TRUE,NA
2703,0.00364059975276946,0.113274087327748,TRUE,NA
2704,3.45661951704193e-05,2.68756461891168e-09,FALSE,NA
2705,0.00121921751438428,0.0060010088783818,TRUE,NA
2706,6.36706878405023e-06,0.0550640917087434,TRUE,NA
2707,6.32671201100499e-06,3.78870432669686e-05,TRUE,NA
2708,0.00602193251076408,0.00108824426249397,FALSE,NA
2709,1.0743408065494e-06,0.000486072876817066,TRUE,NA
2710,0.000751977746749324,0.000127793214608167,FALSE,NA
2711,0.000351775737359177,0.00589496966387403,TRUE,NA
2712,2.69616694659861e-06,0.0206806497467885,TRUE,NA
2713,9.16650094541646e-08,3.68465782233907e-05,TRUE,NA
2714,7.07354175258394e-11,0.000120797422194198,TRUE,NA
2715,0.00982343419498077,0.0307183267816137,TRUE,NA
2716,0.017448582793696,0.00611655852412683,FALSE,NA
2717,0.000818445655864557,8.82720655743403e-05,FALSE,NA
2718,0.000128232038357045,0.060851967415125,TRUE,NA
2719,2.15276124834933e-05,8.14768440921809e-06,FALSE,NA
2720,0.00903052771842275,0.385302688197364,TRUE,NA
2721,0.00318511247213618,0.00664762823927674,TRUE,NA
2722,0.00202445591978039,0.0141008890934394,TRUE,NA
2723,5.71811148208343e-05,0.00240172535612,TRUE,NA
2724,0.00646852852706043,0.000271593253641244,FALSE,NA
2725,0.000624453136542036,0.0317145531740149,TRUE,NA
2726,0.00838560850908279,7.65505262946294e-08,FALSE,NA
2727,0.0136324184445313,0.00192469374980917,FALSE,NA
2728,0.000169045736043145,1.27487022690506e-06,FALSE,NA
2729,3.75200827591928e-06,0.000140551242890123,TRUE,NA
2730,2.56512143897726e-05,0.0188268397022568,TRUE,NA
2731,0.0156507066637923,0.243037657086529,TRUE,NA
2732,0.00442709726944176,0.00112514158999541,FALSE,NA
2733,0.00046968537031037,0.000528212435715395,TRUE,NA
2734,0.00126373490886055,0.00064885540743849,FALSE,NA
2735,0.00727136704235077,0.00381727866839576,FALSE,NA
2736,0.000533194238028055,0.080012382709447,TRUE,NA
2737,0.000681037762622239,0.000515694612197971,FALSE,NA
2738,6.12821328419596e-05,7.06120732950039e-05,TRUE,NA
2739,0.0003893932951929,0.254690945147674,TRUE,NA
2740,5.18148170157845e-09,0.392759330519171,TRUE,NA
2741,6.52913610828744e-07,0.00307716350018073,TRUE,NA
2742,0.00012381568573985,0.00780694057785674,TRUE,NA
2743,7.04276198846362e-08,0.000259979824523974,TRUE,NA
2744,1.70464430511245e-06,6.43270881396135e-05,TRUE,NA
2745,0.00565288488218251,0.00562457398715501,FALSE,NA
2746,0.0348812771149609,0.0233801027654742,FALSE,NA
2747,1.25742971669682e-09,0.000181979788115037,TRUE,NA
2748,2.59330524864127e-08,0.0153363748308933,TRUE,NA
2749,0.000141940377078492,0.00224616165473704,TRUE,NA
2750,3.67792571088548e-07,0.00434755758216028,TRUE,NA
2751,0.0651213463615342,4.63241245216795,TRUE,NA
2752,7.97155465243687e-06,2.55379429757121e-06,FALSE,NA
2753,9.25406035934939e-05,0.345554973636318,TRUE,NA
2754,0.00076717444381146,0.382152954826404,TRUE,NA
2755,0.0443878336012368,8.6362290717662e-08,FALSE,NA
2756,0.000363080209474236,0.0661180872838776,TRUE,NA
2757,2.85702807702039e-07,0.00176138584022771,TRUE,NA
2758,0.000696844646600175,3.76126575073296e-06,FALSE,NA
2759,0.00301995818157069,0.00140998408354579,FALSE,NA
2760,0.00490581737089461,0.00341730580064869,FALSE,NA
2761,0.00178223616549879,0.241661195475917,TRUE,NA
2762,9.82432997695513e-08,0.00493984024568289,TRUE,NA
2763,0.0108885577141593,0.000105250174761572,FALSE,NA
2764,0.00168301820279362,0.210648129439021,TRUE,NA
2765,0.0221089417053388,0.000838229996987199,FALSE,NA
2766,5.52062625928719e-05,0.00239103808235051,TRUE,NA
2767,1.8561053926477e-05,0.00331963901483924,TRUE,NA
2768,5.89632214914463e-07,0.00134192513783308,TRUE,NA
2769,2.20065324467197e-06,0.0202260926056966,TRUE,NA
2770,1.98364484943237e-05,5.69784352497688e-05,TRUE,NA
2771,2.12555385206723e-05,7.39571478653138e-05,TRUE,NA
2772,0.0077325116625449,4.02860527484042e-07,FALSE,NA
2773,6.76844726939396e-05,0.000181369943669577,TRUE,NA
2774,3.01367364167352e-05,0.000155891278858747,TRUE,NA
2775,0.00525128202271756,0.000224480499242791,FALSE,NA
2776,6.23001580938155e-06,1.24623747332557e-05,TRUE,NA
2777,0.00656160160273782,7.34990939808264e-05,FALSE,NA
2778,0.00251406252038073,4.57521760765839e-06,FALSE,NA
2779,5.07495684607998e-06,0.0674137959018998,TRUE,NA
2780,0.0355196598207104,0.0740002570072058,TRUE,NA
2781,1.67315125748946e-06,0.00207856327503951,TRUE,NA
2782,2.31833457343165e-08,0.0719998845343475,TRUE,NA
2783,0.000870192669894387,0.982050974376485,TRUE,NA
2784,0.0467963386369145,0.000364015773139157,FALSE,NA
2785,9.58054830725918e-06,0.00018756670704422,TRUE,NA
2786,0.00472339819618046,0.000394956464088979,FALSE,NA
2787,0.0133645510626808,0.00160978318431712,FALSE,NA
2788,0.0097137469918893,0.00117914709382201,FALSE,NA
2789,0.0157707048464174,5.40747964655201e-05,FALSE,NA
2790,0.000109134791852629,0.730634916157252,TRUE,NA
2791,2.70842706356608e-06,0.00085286834496663,TRUE,NA
2792,0.106282755061399,0.00061910433645992,FALSE,NA
2793,1.46933408084543e-05,6.7225776344355e-05,TRUE,NA
2794,0.000463412989002576,2.06255047083438e-05,FALSE,NA
2795,0.00103992270570898,8.05183190515514e-05,FALSE,NA
2796,0.000256513277980484,0.000391228275569224,TRUE,NA
2797,0.000173377702598356,4.00039335071236e-10,FALSE,NA
2798,0.060759959204775,4.14517531496664e-10,FALSE,NA
2799,0.0349817521692167,0.00100229596416096,FALSE,NA
2800,0.000600447835867458,0.000282893189301238,FALSE,NA
2801,0.0274737898893268,0.00209262360090404,FALSE,NA
2802,0.00670840695650827,1.24284866794375e-07,FALSE,NA
2803,0.00054766727804088,0.00666232528229997,TRUE,NA
2804,0.00245729191802902,1.71335439799017e-06,FALSE,NA
2805,3.66811470154489e-10,0.0212931801807045,TRUE,NA
2806,0.0393320342025372,0.12489649285668,TRUE,NA
2807,0.00157142194253247,0.0260856620641898,TRUE,NA
2808,6.14433837149111e-06,0.86492043424967,TRUE,NA
2809,2.87096388014001e-06,0.00305741541394164,TRUE,NA
2810,2.59512291058685e-06,3.90655994063321e-05,TRUE,NA
2811,6.26585165325681e-07,1.66997602426383e-05,TRUE,NA
2812,0.0377654106860679,0.000431244478881266,FALSE,NA
2813,9.08441137555576e-09,4.06737416950813e-06,TRUE,NA
2814,0.000157070284693485,8.48089599258426e-05,FALSE,NA
2815,0.0100575055424689,6.56145394512352e-05,FALSE,NA
2816,0.00373869845882535,0.000615265199539207,FALSE,NA
2817,0.00245028680467009,0.00879401253468943,TRUE,NA
2818,5.28747413573934e-05,0.652689252593338,TRUE,NA
2819,1.28706665947659e-07,0.015091868922345,TRUE,NA
2820,0.000666609305270012,0.00596874802136237,TRUE,NA
2821,4.08043575333468e-05,0.00420158696245787,TRUE,NA
2822,1.4622772754701e-06,0.00424818805384322,TRUE,NA
2823,0.00128827577814841,1.21013261712327e-05,FALSE,NA
2824,0.000193098902517217,0.000947128728258104,TRUE,NA
2825,0.00256069572562595,0.000161068344783147,FALSE,NA
2826,6.69929199363725e-07,0.00190281333632692,TRUE,NA
2827,0.061828022229189,0.0024288695893887,FALSE,NA
2828,0.00144385871554886,0.00284236642778832,TRUE,NA
2829,0.00040558980574569,0.0025410697208107,TRUE,NA
2830,3.66118599098293e-06,2.77255693790727e-05,TRUE,NA
2831,3.65590116395436e-05,0.000263180566884422,TRUE,NA
2832,0.0235826013421309,0.00207346727943076,FALSE,NA
2833,2.07823644980134e-05,1.03164951949871e-06,FALSE,NA
2834,2.66907495754422e-06,2.6225822563362e-05,TRUE,NA
2835,3.98517663477481e-05,1.4262451987891e-08,FALSE,NA
2836,9.03039698405003e-06,0.00407226221754272,TRUE,NA
2837,0.0310868618078618,0.00615058373541546,FALSE,NA
2838,8.83182788392256e-06,6.33120001629574e-05,TRUE,NA
2839,0.00444421392147156,5.06388506181287e-08,FALSE,NA
2840,0.0113721472512365,4.84082412577493e-05,FALSE,NA
2841,0.00032064369323609,6.74974520742964e-11,FALSE,NA
2842,0.0200275494864478,0.00911297083611707,FALSE,NA
2843,1.50649562525253e-06,0.000144161573481591,TRUE,NA
2844,1.08122419331675e-05,4.84939713347659,TRUE,NA
2845,2.99708531510548e-05,1.10964707132518e-05,FALSE,NA
2846,0.0396637720476431,0.232493689038681,TRUE,NA
2847,0.00169077269847885,5.2756744416925e-05,FALSE,NA
2848,0.00211296077390605,0.0237573545290859,TRUE,NA
2849,3.13145826343446e-05,0.000269699016527126,TRUE,NA
2850,0.0402382154194556,6.34067992959154e-07,FALSE,NA
2851,6.03077571345487e-06,0.0271852867325865,TRUE,NA
2852,0.00663829905281934,0.019073047801381,TRUE,NA
2853,9.19641319511129e-05,2.67777889825472e-05,FALSE,NA
2854,0.000677976384509083,9.68221981969085e-05,FALSE,NA
2855,0.0350320709614361,4.46257770433387e-05,FALSE,NA
2856,9.03312389645785e-07,2.14354815598826e-06,TRUE,NA
2857,3.43579276877459e-07,7.31394468141407e-05,TRUE,NA
2858,1.87426806422777e-05,0.00080542232646532,TRUE,NA
2859,0.0268303304860885,0.068998175155517,TRUE,NA
2860,0.000183768311751272,0.00728557909050954,TRUE,NA
2861,6.18997583574201e-05,0.00331651513940185,TRUE,NA
2862,0.000270941471724877,5.39347267974221e-06,FALSE,NA
2863,1.8067272782226e-06,0.0828897391355738,TRUE,NA
2864,0.030748543643728,0.0542972549137853,TRUE,NA
2865,0.0114504399766582,0.00986845262934981,FALSE,NA
2866,1.06244924950767e-07,7.58171226375623e-05,TRUE,NA
2867,6.15041473184499e-06,2.34626680156039,TRUE,NA
2868,3.64192270075135e-05,0.000280330700498518,TRUE,NA
2869,0.00129959871417552,0.000385695795806906,FALSE,NA
2870,0.000708805510128203,0.0257227248185004,TRUE,NA
2871,2.81910522028304e-07,5.0678968989612e-05,TRUE,NA
2872,0.0167641803259413,0.00521352880217029,FALSE,NA
2873,0.0593745778457371,1.36099758125082e-05,FALSE,NA
2874,0.000183256809497942,1.76274570428155e-06,FALSE,NA
2875,0.0009681345406336,0.000408367084766022,FALSE,NA
2876,0.00556026283903353,0.00243526089154077,FALSE,NA
2877,0.0407185520376781,8.12037783217232e-05,FALSE,NA
2878,6.33910156696958e-08,0.069330158490706,TRUE,NA
2879,7.23223932091975e-06,0.000410667267951845,TRUE,NA
2880,0.00499815908882691,4.63017593544432e-07,FALSE,NA
2881,0.00273538202523146,0.0012992620025389,FALSE,NA
2882,0.000443360750523965,7.49900814354626e-06,FALSE,NA
2883,0.0108351335150482,2.33190661254079e-06,FALSE,NA
2884,0.000646813851757655,4.32666367970427e-06,FALSE,NA
2885,0.000796069859422308,2.60916862719928e-06,FALSE,NA
2886,6.00336750312711e-05,2.24670814655611e-07,FALSE,NA
2887,3.30027753517253e-07,6.41724764277186e-09,FALSE,NA
2888,3.21358334760132e-05,0.008387080325518,TRUE,NA
2889,0.000502191870190456,0.547545340315793,TRUE,NA
2890,0.0176197640387426,2.21792167265203e-06,FALSE,NA
2891,8.33036200050706e-07,0.00304904437324375,TRUE,NA
2892,0.00483913541719823,0.0333067687541771,TRUE,NA
2893,0.000283078870490325,1.17059140165766e-10,FALSE,NA
2894,0.000182230485398814,0.000331044993364459,TRUE,NA
2895,0.0003692398394916,1.51104307986355e-08,FALSE,NA
2896,0.0069131026383234,2.30412900602991e-05,FALSE,NA
2897,5.21916082437024e-07,3.01342796492962e-05,TRUE,NA
2898,0.00380084389500774,0.0316140395111799,TRUE,NA
2899,6.41561359799168e-10,0.0425270824178914,TRUE,NA
2900,1.20633913824391e-05,6.70978444869349e-07,FALSE,NA
2901,0.000618999050208953,0.00609953754545609,TRUE,NA
2902,1.71508779481834e-05,0.00132968471618133,TRUE,NA
2903,2.57034461332636e-05,0.118274745028922,TRUE,NA
2904,0.00192202575005992,0.0023952583615283,TRUE,NA
2905,7.20801805352486e-08,2.82395358839376e-05,TRUE,NA
2906,0.0267232563105736,5.56309589131493e-06,FALSE,NA
2907,5.90287099018238e-06,2.41014988413614e-05,TRUE,NA
2908,3.28308754690513e-06,0.000677532825104907,TRUE,NA
2909,0.0388194364634866,0.000287236077078064,FALSE,NA
2910,1.51065246000359e-05,0.000289769474155641,TRUE,NA
2911,0.000525012085105797,2.17339407191075e-05,FALSE,NA
2912,1.16428635276271e-06,0.00357037431481734,TRUE,NA
2913,9.86752938976874e-06,0.00424585760950579,TRUE,NA
2914,0.000540225586050421,4.72380568680107e-06,FALSE,NA
2915,4.24649134016583e-05,0.000392845060286137,TRUE,NA
2916,0.000552410513274992,0.000791688752889538,TRUE,NA
2917,0.000316024238252278,0.00637256012780725,TRUE,NA
2918,2.15471723855898e-06,0.0679218504243213,TRUE,NA
2919,0.00156743714521701,1.41319298569017e-05,FALSE,NA
2920,2.0668380628225e-05,3.97846664039583e-07,FALSE,NA
2921,4.74876604878957e-08,0.000649572021192237,TRUE,NA
2922,0.000499929903897195,8.32867828091069e-06,FALSE,NA
2923,1.42108547152021e-14,0.000155109394506963,TRUE,NA
2924,7.25612830002701e-05,1.22881767465894e-06,FALSE,NA
2925,1.74741887641607e-10,0.00978485290461584,TRUE,NA
2926,7.34317402344717e-06,1.50338389158643e-07,FALSE,NA
2927,1.28794246572201e-05,0.000287897451424737,TRUE,NA
2928,0.00288917078216933,0.00184233740497037,FALSE,NA
2929,0.00130606526232034,4.64584882126395e-07,FALSE,NA
2930,7.48358153447155e-05,3.27731390470946,TRUE,NA
2931,0.0451178842369463,1.74272242768833e-05,FALSE,NA
2932,5.92894588399691e-05,0.136448331700795,TRUE,NA
2933,6.93959334682064e-10,3.72403175737079e-05,TRUE,NA
2934,1.8082937017376e-07,0.000415928983343308,TRUE,NA
2935,0.00805693895105375,1.53177037497853e-05,FALSE,NA
2936,0.0398400147816521,4.6073856792033e-08,FALSE,NA
2937,0.00296826294019624,0.296076026371959,TRUE,NA
2938,4.40470021259322e-05,7.87357358722441e-05,TRUE,NA
2939,0.000778312806411746,4.48103763795902e-07,FALSE,NA
2940,0.00369814687642704,6.56435619129243e-09,FALSE,NA
2941,0.000303100825322196,0.0323943224883364,TRUE,NA
2942,0.0206368335970511,7.48817035854839e-07,FALSE,NA
2943,0.000505450210454794,0.0016825333193866,TRUE,NA
2944,3.41149731269023e-09,9.88165300562302e-05,TRUE,NA
2945,0.000301471182471205,0.00809371262901166,TRUE,NA
2946,5.17967302849409e-05,3.72576866614737e-05,FALSE,NA
2947,0.000316479958935238,0.187363877663941,TRUE,NA
2948,6.04157754311924e-08,0.00046675323059591,TRUE,NA
2949,6.69334498012041e-05,0.379714480471006,TRUE,NA
2950,0.0141740298357529,7.45933192258945e-06,FALSE,NA
2951,0.000667385368540238,0.00347397090038091,TRUE,NA
2952,0.0491654342821939,0.00120953653605381,FALSE,NA
2953,3.04523752058923e-06,0.000419388296593928,TRUE,NA
2954,1.80034917484897e-08,0.00436032698377286,TRUE,NA
2955,0.0462245740210848,1.31693966888731e-05,FALSE,NA
2956,0.000708985101022522,0.00112618347333004,TRUE,NA
2957,0.00484540060126502,1.78114994072046e-06,FALSE,NA
2958,0.0320779829379653,0.000436313919355047,FALSE,NA
2959,0.0026504859759195,1.7935458790587e-06,FALSE,NA
2960,0.000152873886933361,2.18071450025174,TRUE,NA
2961,0.000117151167717327,8.25924151376609e-06,FALSE,NA
2962,0.00355396326345716,0.00192343180876961,FALSE,NA
2963,2.24247401817243e-05,0.000122206313277752,TRUE,NA
2964,0.000146885745718139,0.0110913110632136,TRUE,NA
2965,5.77362602338789e-10,1.7130431247826e-06,TRUE,NA
2966,0.00691758819225862,0.000821766484995436,FALSE,NA
2967,2.98075136695318e-05,0.000116918539228697,TRUE,NA
2968,0.00063328487474598,0.394763122501834,TRUE,NA
2969,0.00101289113599482,0.0013703715104809,TRUE,NA
2970,0.000352629159081712,0.22947341042357,TRUE,NA
2971,0.0145967091764404,0.0260310505243893,TRUE,NA
2972,0.000126546431514363,0.00258749672163251,TRUE,NA
2973,0.00267433453645885,0.00408057917858926,TRUE,NA
2974,9.67208464895737e-06,4.07412821692054e-05,TRUE,NA
2975,6.11939372706197e-06,0.00133976950729298,TRUE,NA
2976,0.000116812433556941,7.47847596570573e-06,FALSE,NA
2977,0.000526116382367888,3.17178541473092e-05,FALSE,NA
2978,0.00361091092763532,0.00014065122074716,FALSE,NA
2979,1.12610587527885e-10,9.77656765943252e-07,TRUE,NA
2980,8.73736552165069e-05,4.7419017348655e-05,FALSE,NA
2981,0.000574119886767155,0.00515207417910945,TRUE,NA
2982,0.00108598749618751,1.63670083421656e-06,FALSE,NA
2983,0.00562561658600914,0.000232022604330541,FALSE,NA
2984,1.39128428686121e-07,0.000605960452337491,TRUE,NA
2985,0.0133917033432727,3.23602629123544e-05,FALSE,NA
2986,0.00388255665137837,0.0595064843963893,TRUE,NA
2987,9.32719250315871e-06,1.25670299006483e-06,FALSE,NA
2988,0.0010980231552578,1.91983761924097e-06,FALSE,NA
2989,1.71945852061632e-05,0.000335393930579026,TRUE,NA
2990,1.79498041163691e-05,9.14039749029441e-08,FALSE,NA
2991,5.70931564218147e-06,0.0575955682966409,TRUE,NA
2992,0.00335946146044891,0.00230121247587224,FALSE,NA
2993,0.00576423069605773,0.0876629270250555,TRUE,NA
2994,6.68989050995545e-08,8.8828018391127e-07,TRUE,NA
2995,4.27813278405994e-08,0.0168110396192288,TRUE,NA
2996,1.56411333460981e-06,0.0181816953692366,TRUE,NA
2997,3.28540951426663e-06,0.000167757174815324,TRUE,NA
2998,1.90843582717684e-07,0.000200757255965553,TRUE,NA
2999,0.00013525647550183,0.494590597677623,TRUE,NA
3000,3.14280954464489e-07,0.000698233943051712,TRUE,NA
3001,0.000677239820850581,5.69198602596596e-07,FALSE,NA
3002,0.00316981071346738,0.00354033571066998,TRUE,NA
3003,7.21331758451901e-05,0.000166192470111289,TRUE,NA
3004,3.2918904180705e-05,3.20629083520151e-06,FALSE,NA
3005,1.92339296987012e-06,0.00015348556774834,TRUE,NA
3006,2.41231280779407e-06,2.92431581028745e-06,TRUE,NA
3007,0.0216634938686424,7.07748684387488e-09,FALSE,NA
3008,7.86076201273521e-06,4.03805211572278e-10,FALSE,NA
3009,0.00443728708393366,6.36939223218106e-06,FALSE,NA
3010,2.57938174445739e-06,0.0122783232742082,TRUE,NA
3011,0.0199322835662913,0.000609932412589393,FALSE,NA
3012,0.00405399740898247,0.000222401251265763,FALSE,NA
3013,0.00347396421886561,0.0696940842931526,TRUE,NA
3014,3.18980492213533e-06,3.17248159938651e-05,TRUE,NA
3015,0.0291068225644106,4.02596419557431e-06,FALSE,NA
3016,0.000467446064395461,0.00441294698966376,TRUE,NA
3017,0.00993278763062092,0.0020354896143351,FALSE,NA
3018,1.90225105972447e-05,1.86912299347634e-06,FALSE,NA
3019,0.000232629713179986,0.000326715995049292,TRUE,NA
3020,9.16403812068318e-07,0.0614405080564358,TRUE,NA
3021,3.93021556496829e-05,0.166938629467181,TRUE,NA
3022,0.000242741664881415,1.8035972798596e-07,FALSE,NA
3023,1.01674224595224e-12,7.59216158651797e-06,TRUE,NA
3024,0.0335557157525802,0.00567960009379543,FALSE,NA
3025,1.5748952225301e-05,3.86093486989959e-05,TRUE,NA
3026,0.000428801990339496,0.0176061439191118,TRUE,NA
3027,0.0123373866778165,8.56507314815805e-05,FALSE,NA
3028,1.58217746652806e-07,2.06770022943621e-06,TRUE,NA
3029,5.55974725500217e-05,0.000380821948095887,TRUE,NA
3030,7.09003551914496e-06,3.43088934105153e-06,FALSE,NA
3031,0.00222486884982238,0.120870279994075,TRUE,NA
3032,0.000366486611803463,0.00450458068183156,TRUE,NA
3033,0.013920803860355,9.18343179321358e-11,FALSE,NA
3034,3.64403681885347e-05,0.000423186202254516,TRUE,NA
3035,1.04860293559526e-06,3.24441255037353e-06,TRUE,NA
3036,2.64134145523165e-05,1.84157694061922e-05,FALSE,NA
3037,1.22455159892171e-05,0.0851742376893635,TRUE,NA
3038,0.0247989613605139,4.06363901382556e-07,FALSE,NA
3039,0.000200604152361438,9.67998232819995e-05,FALSE,NA
3040,0.000391216567641869,2.66723877361638e-07,FALSE,NA
3041,0.0154675158436432,0.0151026493091502,FALSE,NA
3042,0.00684303940153253,1.54638365811662e-05,FALSE,NA
3043,1.44996483895497e-07,0.624344195688566,TRUE,NA
3044,0.022695223977354,6.77462864690315e-07,FALSE,NA
3045,4.5070618450143e-09,0.00238566986302433,TRUE,NA
3046,3.12292504880491e-07,0.138834677908742,TRUE,NA
3047,0.0104171837368691,2.11163198261327e-09,FALSE,NA
3048,1.74815180554366e-05,9.34914670529981e-08,FALSE,NA
3049,2.69618472368858e-07,7.03357296391307e-06,TRUE,NA
3050,2.82717489995179e-06,4.10219650035611e-05,TRUE,NA
3051,0.00017044265161043,0.000747363042039718,TRUE,NA
3052,8.86568404200545e-05,0.000672754085112109,TRUE,NA
3053,9.2166022398051e-08,0.0980393072910628,TRUE,NA
3054,0.00153372438121494,6.62551773774228e-07,FALSE,NA
3055,0.00030975781123667,0.0001278538585116,FALSE,NA
3056,0.000153154871318427,1.07512329379937e-06,FALSE,NA
3057,0.0274488481730223,0.00334860756552924,FALSE,NA
3058,1.81478971932592e-06,0.237196468844789,TRUE,NA
3059,0.000437390156769068,1.3467883343763e-08,FALSE,NA
3060,0.0804863450177437,9.59697710035328e-06,FALSE,NA
3061,0.154450412798408,0.0092220143758442,FALSE,NA
3062,1.02978514609804e-10,0.0833702765994033,TRUE,NA
3063,0.000701285172246606,0.000154311908315795,FALSE,NA
3064,2.54743574679288e-05,0.388946587236887,TRUE,NA
3065,1.47692320958757e-06,0.0278304940442774,TRUE,NA
3066,0.000611819040341967,0.00422818852560554,TRUE,NA
3067,0.00200335535581066,0.711333120284352,TRUE,NA
3068,1.26333435630112e-05,0.00191700047900726,TRUE,NA
3069,3.73063864805975e-06,7.84271297386483e-06,TRUE,NA
3070,0.00138008964114044,2.0486675988718e-06,FALSE,NA
3071,3.8415782296531e-05,2.15415106634054e-05,FALSE,NA
3072,1.4778922462693e-05,6.41558550004533e-05,TRUE,NA
3073,0.0219928103175794,0.463610914622343,TRUE,NA
3074,7.24616819988426e-06,2.46845688638882e-09,FALSE,NA
3075,0.000451777693816441,1.39396661194785e-05,FALSE,NA
3076,0.00157749646187748,0.0589658518284161,TRUE,NA
3077,0.000448072955055763,9.60196609802325e-07,FALSE,NA
3078,1.53050491174315e-06,8.82919860896413e-05,TRUE,NA
3079,7.93835691574565e-05,6.08047941839147,TRUE,NA
3080,0.000558034625470403,2.50239022834422e-05,FALSE,NA
3081,0.000815470095282727,0.00804091011584334,TRUE,NA
3082,2.07404978333135e-05,1.27456369526949e-06,FALSE,NA
3083,1.45633305521106e-09,2.26263170457163e-06,TRUE,NA
3084,5.36645394932587e-10,0.000254758757068559,TRUE,NA
3085,0.00303779771762731,5.20617288006959e-06,FALSE,NA
3086,3.25418681478837e-05,0.000366898697165345,TRUE,NA
3087,6.51457982117391e-06,0.147070689543065,TRUE,NA
3088,1.17325900443529e-06,0.0138461131235588,TRUE,NA
3089,0.00429881036431622,0.0208917919728963,TRUE,NA
3090,0.00224858334850168,3.20955244821939e-05,FALSE,NA
3091,1.34676730722214e-05,5.28339528373139e-05,TRUE,NA
3092,0.000348883188100755,0.143029000121635,TRUE,NA
3093,0.0456630590058897,0.0305443788470989,FALSE,NA
3094,8.22755634023075e-07,1.5234021572821e-06,TRUE,NA
3095,4.48802187812413e-06,0.00278741798908509,TRUE,NA
3096,1.17631292581117e-05,1.52085466814475e-05,TRUE,NA
3097,0.00334306485622925,0.0893283164255265,TRUE,NA
3098,0.000706077070490699,0.00943166265020951,TRUE,NA
3099,0.0320706086296279,0.00870788765131208,FALSE,NA
3100,0.0139114028708073,0.000120366441033129,FALSE,NA
3101,7.64387504670695e-05,0.000204284177668044,TRUE,NA
3102,8.3118700358211e-06,6.09309792315851e-05,TRUE,NA
3103,0.0325654449842671,1.99644749393541e-08,FALSE,NA
3104,0.00147319810853057,0.00830303839492779,TRUE,NA
3105,0.013361882196739,9.47998843215206e-06,FALSE,NA
3106,4.1711307480775e-07,0.0320363118634531,TRUE,NA
3107,5.31507342135262e-05,1.16742592335004,TRUE,NA
3108,4.86601431942551e-06,0.000471401125145944,TRUE,NA
3109,0.00693186714573438,4.92200132389959e-06,FALSE,NA
3110,0.000617042619847394,6.60816813422967e-05,FALSE,NA
3111,1.50791171797979e-08,0.0302463195500008,TRUE,NA
3112,7.72200141215207e-07,2.21305944855224e-07,FALSE,NA
3113,1.12107495908914e-07,0.489333959448714,TRUE,NA
3114,7.83321724273253e-06,0.319890161660933,TRUE,NA
3115,0.117722307467042,1.01296748766851e-12,FALSE,NA
3116,0.00038873604350631,0.106649348582542,TRUE,NA
3117,0.000235047872178789,0.0207557179946173,TRUE,NA
3118,6.85232247654599e-06,0.000562301096009561,TRUE,NA
3119,0.00851364217955002,0.077251129915994,TRUE,NA
3120,0.000205944540900646,0.00369546794498351,TRUE,NA
3121,0.0374840172800242,0.0640212123399692,TRUE,NA
3122,0.00166141104601151,0.000198665378287504,FALSE,NA
3123,0.0105827203491805,1.34236303819324e-06,FALSE,NA
3124,6.32435942826539e-05,0.000242268213455353,TRUE,NA
3125,0.0134720065932858,2.24038630237004e-06,FALSE,NA
3126,0.00173071683339252,0.000232575585123015,FALSE,NA
3127,0.0273378188523134,0.000330517201247146,FALSE,NA
3128,0.0253934783109747,5.0199347776806e-06,FALSE,NA
3129,1.74561538390532e-05,9.3990952130098e-09,FALSE,NA
3130,0.000577063156287762,0.000410247286177198,FALSE,NA
3131,4.44168975916009e-08,0.0162265200443533,TRUE,NA
3132,0.00142733799262859,3.665644227209e-07,FALSE,NA
3133,0.00019571653752854,7.14838655636952e-07,FALSE,NA
3134,8.44528395621366e-05,0.126882052895215,TRUE,NA
3135,0.00017762393761591,0.000547582818202552,TRUE,NA
3136,1.50985272381649e-05,1.80972471730272e-07,FALSE,NA
3137,0.0278049927518584,4.46601097264946e-05,FALSE,NA
3138,0.00270715752062087,9.84852687672941e-06,FALSE,NA
3139,0.0129303027314517,1.83520994393523e-05,FALSE,NA
3140,3.52961827111061e-08,0.315131249911116,TRUE,NA
3141,0.00215209449553452,0.0002931645727501,FALSE,NA
3142,0.00120338363768455,1.07961620721881,TRUE,NA
3143,4.80838525708524e-09,0.00170378635888611,TRUE,NA
3144,7.15948694867868e-08,0.0282629780194339,TRUE,NA
3145,0.000156115942168069,5.88784082738735e-07,FALSE,NA
3146,0.0408382868453567,0.000151603421118933,FALSE,NA
3147,0.0826949094277967,0.000114365509901412,FALSE,NA
3148,4.39641258625786e-08,0.000343640344535992,TRUE,NA
3149,4.90823498344193e-08,4.79337952516248e-06,TRUE,NA
3150,0.000170919640772048,0.0294682173422919,TRUE,NA
3151,0.00714378654147405,1.3130767004432e-08,FALSE,NA
3152,1.02954198018189e-06,7.8291024175308e-08,FALSE,NA
3153,0.012904754647722,0.132076508840883,TRUE,NA
3154,0.000573883771247342,4.94067204186356e-07,FALSE,NA
3155,0.000158039223662789,0.0198322583592575,TRUE,NA
3156,3.35153633832529e-07,0.0442795224736129,TRUE,NA
3157,0.00023345798472049,0.0363693046167864,TRUE,NA
3158,0.00592912270291865,2.21521492322688e-05,FALSE,NA
3159,0.0262301490889526,0.00015708528122982,FALSE,NA
3160,0.0488651328881979,4.72769766741767e-08,FALSE,NA
3161,0.00632761957352795,0.000216980084034476,FALSE,NA
3162,4.574558561712e-06,0.00404378518524464,TRUE,NA
3163,9.46890359669022e-07,0.000271190132550029,TRUE,NA
3164,0.0118142553699768,0.000130176596892218,FALSE,NA
3165,0.000255016016994655,0.0498956537778118,TRUE,NA
3166,3.79016448178601e-06,0.00133022429463704,TRUE,NA
3167,0.000110366063017531,1.74746797225549e-06,FALSE,NA
3168,0.000326540815022171,0.00368657626445554,TRUE,NA
3169,0.0232024528822548,2.03309644850391e-05,FALSE,NA
3170,0.00800078904343289,0.0257885477341626,TRUE,NA
3171,0.000405320354579405,0.0584232052325954,TRUE,NA
3172,0.0162843764084988,0.00204783503106454,FALSE,NA
3173,0.0158134469654887,9.25999309919131e-05,FALSE,NA
3174,7.52713199174254e-07,0.00678353529982593,TRUE,NA
3175,0.000806137039035729,1.24586727100686e-05,FALSE,NA
3176,7.62159470120997e-05,0.00871848682021601,TRUE,NA
3177,0.000172416838816572,0.0283489052881677,TRUE,NA
3178,0.0145935663101097,3.39626939557078e-05,FALSE,NA
3179,3.32670659307611e-05,0.000311406926523133,TRUE,NA
3180,0.00456200533344726,4.6766624245898e-05,FALSE,NA
3181,0.00108297978656456,5.2085802351407e-10,FALSE,NA
3182,0.00534237835103305,0.000237072273451758,FALSE,NA
3183,3.33538828789694e-08,1.14551330431952e-07,TRUE,NA
3184,0.000273878253522291,3.3477915048488e-07,FALSE,NA
3185,1.87700987038803e-05,2.41341622081954e-06,FALSE,NA
3186,0.000104267555015482,0.00114690303805125,TRUE,NA
3187,1.37593866218751e-07,0.0124683071827964,TRUE,NA
3188,1.27723776511192e-05,3.48991636199299e-09,FALSE,NA
3189,0.0261300603043274,2.18469206386836e-07,FALSE,NA
3190,0.000179842323052159,3.80581766825996e-09,FALSE,NA
3191,0.00274202055793984,0.000174674794580582,FALSE,NA
3192,6.04136986478771e-08,2.2002922928445e-07,TRUE,NA
3193,8.24191147691841e-07,0.00146138077634157,TRUE,NA
3194,0.000454929473118858,0.00026030408654053,FALSE,NA
3195,7.1298522641453e-13,0.0694953574789984,TRUE,NA
3196,0.00385423182954457,1.01200553728625e-07,FALSE,NA
3197,3.92109890684964e-05,8.25370044422962e-07,FALSE,NA
3198,2.78349688679655e-05,3.41358965473532e-05,TRUE,NA
3199,1.22223415418877e-06,0.5066192005828,TRUE,NA
3200,1.29225255236873e-06,1.88656929344646e-06,TRUE,NA
3201,0.00831045462009606,0.00234947043649664,FALSE,NA
3202,0.00825100976397046,0.699197238973674,TRUE,NA
3203,0.00530316544262313,0.00096572368379751,FALSE,NA
3204,9.6298766296495e-06,6.8812529591868e-05,TRUE,NA
3205,3.93593111676795e-06,0.437495919665932,TRUE,NA
3206,3.59096741424782e-07,0.0185813910567871,TRUE,NA
3207,0.000378248616375649,0.132848881955141,TRUE,NA
3208,4.37400479112132e-05,0.00935296091815604,TRUE,NA
3209,0.0150919635265869,0.00886192528856756,FALSE,NA
3210,1.34426335411742e-08,0.0219041405534142,TRUE,NA
3211,4.71659686098743e-05,1.49487797755922,TRUE,NA
3212,5.57928411601309e-05,0.139642731743004,TRUE,NA
3213,3.06900567450362e-08,1.40271884120135,TRUE,NA
3214,0.000433388343994576,0.000341108855468569,FALSE,NA
3215,0.00638604020461705,0.0523046562298929,TRUE,NA
3216,0.00682853081425438,4.05396217500898e-07,FALSE,NA
3217,2.51662847196675e-06,0.000129186296569833,TRUE,NA
3218,6.22884245574073e-05,0.0309759305870841,TRUE,NA
3219,0.000385024946557979,0.00234364229775,TRUE,NA
3220,0.000597662858257342,8.68996615787279e-08,FALSE,NA
3221,0.000215892047247093,0.136973150057121,TRUE,NA
3222,3.40891213744138e-06,6.01966074979892e-07,FALSE,NA
3223,0.000113704050998519,0.000647665343234153,TRUE,NA
3224,8.85415597689447e-07,8.91027495624395e-07,TRUE,NA
3225,0.0115918874202347,0.000679286086419955,FALSE,NA
3226,0.00441095348984557,0.0014441259169605,FALSE,NA
3227,0.000360425129158557,0.000309576094440746,FALSE,NA
3228,0.000702764634442142,0.333632925684851,TRUE,NA
3229,4.20491554236765e-05,0.017346231513169,TRUE,NA
3230,5.0107676602257e-05,0.000988558113908183,TRUE,NA
3231,0.00207213656285178,0.000301344606569482,FALSE,NA
3232,0.00124927403268854,7.06863352618067e-05,FALSE,NA
3233,6.13443806097832e-06,0.000179680916380362,TRUE,NA
3234,2.79575232299458e-07,0.00969898517609122,TRUE,NA
3235,2.55719800040259e-05,5.49795299012446e-06,FALSE,NA
3236,0.00957492617270812,0.000408980128106815,FALSE,NA
3237,0.000156832783664934,1.75797269433725e-05,FALSE,NA
3238,0.00375550755290487,8.99645408492905e-06,FALSE,NA
3239,0.252152875129289,0.000440893836985188,FALSE,NA
3240,0.000411627354505442,5.78286106845632e-08,FALSE,NA
3241,0.0781580839474339,0.0146970095024463,FALSE,NA
3242,0.000513597128056735,6.09602146725408e-10,FALSE,NA
3243,0.000123379496850933,1.23336392550923e-05,FALSE,NA
3244,6.88869013479043e-05,0.0171943576954789,TRUE,NA
3245,0.00682875794322813,0.00378681796186492,FALSE,NA
3246,7.10391410186432e-05,2.57174498457783e-05,FALSE,NA
3247,1.18258270542603e-08,0.00181536627223237,TRUE,NA
3248,0.001657955117513,0.00111152264835687,FALSE,NA
3249,0.03229102208301,1.01197168179411e-06,FALSE,NA
3250,2.87417836997571e-08,0.0044872017182542,TRUE,NA
3251,0.0591892757806822,0.000278791637400617,FALSE,NA
3252,0.000610800227376077,3.93550459892946e-05,FALSE,NA
3253,1.71209430291607e-05,0.0799124586567205,TRUE,NA
3254,0.00066071447712235,0.284330457670785,TRUE,NA
3255,1.95362805586984e-07,3.594994234573e-07,TRUE,NA
3256,0.25857735701068,8.47426509762072e-07,FALSE,NA
3257,3.46417561363272e-10,1.4565572698686e-06,TRUE,NA
3258,0.000288628060186725,4.26603097663573e-05,FALSE,NA
3259,0.00263891494848756,1.39136392316984e-07,FALSE,NA
3260,0.00240008963189237,0.0028264472155251,TRUE,NA
3261,1.59449786720167e-10,1.86292037891536e-06,TRUE,NA
3262,0.000144643307214086,0.000447438875736332,TRUE,NA
3263,0.00805227499666195,3.23304945453584e-07,FALSE,NA
3264,1.06091231147995e-05,1.49388424969325e-08,FALSE,NA
3265,0.0123965314812651,0.00920103614466594,FALSE,NA
3266,0.00238623174870896,0.000115895988841202,FALSE,NA
3267,7.95927001853002e-06,0.000357169489062003,TRUE,NA
3268,0.00220617067016555,0.164253491900395,TRUE,NA
3269,0.0071258875493158,0.00025002413403283,FALSE,NA
3270,1.15296555566764e-05,0.00287007054887794,TRUE,NA
3271,3.81458774702567e-06,1.21977705825569e-07,FALSE,NA
3272,1.76283635261228e-05,0.0103029009909907,TRUE,NA
3273,0.000166509589079359,6.7429900440867e-06,FALSE,NA
3274,0.00377754787205216,0.0160215622782425,TRUE,NA
3275,4.98568649914409e-08,0.0133203772764094,TRUE,NA
3276,0.00310617655161859,2.42712135104706e-05,FALSE,NA
3277,0.0214387240907937,1.47939113921544e-05,FALSE,NA
3278,9.33123578449561e-11,0.136734668422838,TRUE,NA
3279,1.81828230127554e-07,0.000284681736045584,TRUE,NA
3280,2.07036822675531e-05,0.000125121178308261,TRUE,NA
3281,0.0321178350275634,6.31835833306907e-05,FALSE,NA
3282,0.0100342283628965,4.00250155766365,TRUE,NA
3283,0.00023206238599663,0.0474379179038323,TRUE,NA
3284,5.67769809466536e-06,7.0192701548103e-05,TRUE,NA
3285,9.01658959093256e-07,3.93509031669344e-06,TRUE,NA
3286,2.74628437842424e-07,1.42768866895418e-05,TRUE,NA
3287,4.71828865980631e-09,5.3061093031002e-05,TRUE,NA
3288,0.00643722674216355,0.000228745969268541,FALSE,NA
3289,0.0114102900327969,0.00115590180596366,FALSE,NA
3290,0.00100253591250621,0.353115991868093,TRUE,NA
3291,2.22191420133752e-05,0.483883905071086,TRUE,NA
3292,0.00143156170324386,3.08921848523121e-07,FALSE,NA
3293,0.0706937404174137,0.00402410616164857,FALSE,NA
3294,0.00102890593308147,0.0023466578406467,TRUE,NA
3295,0.00309803722735369,4.62473900015124e-05,FALSE,NA
3296,2.38756148026529e-05,0.000185159113756877,TRUE,NA
3297,0.00068364389877888,0.00171211088673686,TRUE,NA
3298,0.000621646823806909,0.00218171539927827,TRUE,NA
3299,4.53538975788053e-05,0.000512961919687638,TRUE,NA
3300,1.20057141876446e-06,2.00181045791921e-07,FALSE,NA
3301,1.2842981301033e-06,0.0809741525125643,TRUE,NA
3302,0.000130018040238348,0.0107179210867805,TRUE,NA
3303,1.43512574913406e-05,0.0004783610912086,TRUE,NA
3304,0.000227524584715059,6.6467210964487e-07,FALSE,NA
3305,0.013304319919703,8.35801454162527e-05,FALSE,NA
3306,0.00487265311726028,0.0281782555647491,TRUE,NA
3307,1.600989762842e-05,0.00359506670569638,TRUE,NA
3308,3.0624331460673e-06,8.61935127828183e-05,TRUE,NA
3309,8.35279850139599e-05,0.0245434274780464,TRUE,NA
3310,2.81111855828312e-06,0.0390488378703578,TRUE,NA
3311,0.00163004629856141,0.00168134092815839,TRUE,NA
3312,0.000211044225043484,0.00158844803361212,TRUE,NA
3313,2.85381051079696e-05,0.000214067374816472,TRUE,NA
3314,0.00947813082272352,0.0126755575844153,TRUE,NA
3315,1.69793734642303e-10,0.00421419961142587,TRUE,NA
3316,0.00187993491213495,4.46181588349767e-06,FALSE,NA
3317,5.80016038218668e-05,0.00579637831178397,TRUE,NA
3318,1.32193311939922e-09,6.11405989894624e-07,TRUE,NA
3319,1.20948957484029e-05,0.00547734901747543,TRUE,NA
3320,7.65816177499856e-07,1.16200247285503e-05,TRUE,NA
3321,0.000146886454850796,0.0183979183115425,TRUE,NA
3322,0.00848135073567526,7.81607977020113e-06,FALSE,NA
3323,0.0188446544585032,0.00629594757664955,FALSE,NA
3324,0.00457309449942157,0.0015986756435946,FALSE,NA
3325,0.000123369886400047,0.00810967558463526,TRUE,NA
3326,0.00030681849177674,1.54776064174751e-07,FALSE,NA
3327,1.00378501086184e-06,0.00103494506148018,TRUE,NA
3328,0.0459574128650308,6.9460447586034e-06,FALSE,NA
3329,3.59746731222901e-05,6.2454251875732e-06,FALSE,NA
3330,1.93489972935446e-05,0.0257722890057871,TRUE,NA
3331,0.00142248152193244,0.000434946399437685,FALSE,NA
3332,0.000136699417911778,0.0525963932374019,TRUE,NA
3333,0.000173660742539622,9.87766534056125e-08,FALSE,NA
3334,3.51245118738103e-05,0.000382928053894926,TRUE,NA
3335,3.71095063144987e-07,0.506140277555299,TRUE,NA
3336,0.000131529748181863,0.41160372570504,TRUE,NA
3337,0.000368881362656086,0.0108019368630903,TRUE,NA
3338,0.000618214763429164,0.00123152332565066,TRUE,NA
3339,0.0130679624491462,0.000401300354609805,FALSE,NA
3340,1.84067906754371e-05,0.0735634454356003,TRUE,NA
3341,5.53382681417995e-05,8.80176693638367e-06,FALSE,NA
3342,0.00967050716101266,0.00697663979798434,FALSE,NA
3343,0.00020382434773629,9.27031638238127e-06,FALSE,NA
3344,1.5335944160756e-05,2.57880272686022e-08,FALSE,NA
3345,0.033269053865583,0.00292486998207492,FALSE,NA
3346,0.00016330131675085,0.0040712213856652,TRUE,NA
3347,2.0574027307708e-06,9.4137094841466e-07,FALSE,NA
3348,9.58127904322674e-05,0.000296550123803677,TRUE,NA
3349,0.000489875893018679,6.33996854890474e-05,FALSE,NA
3350,8.25904281558044e-05,3.38726961474826e-05,FALSE,NA
3351,6.36869425350165e-06,0.000324676264302315,TRUE,NA
3352,0.00737621196145524,7.1128817127857e-06,FALSE,NA
3353,0.000193651502447849,5.49972725829614e-08,FALSE,NA
3354,1.28457933262012e-09,0.00297998315700451,TRUE,NA
3355,9.9154763097361e-06,7.48295425903242e-10,FALSE,NA
3356,3.96753269452181e-07,5.21264022719582e-05,TRUE,NA
3357,0.000110742105600047,0.00592787168225775,TRUE,NA
3358,0.000666016946149447,0.00305947974367527,TRUE,NA
3359,1.97450566881704e-05,9.73407615985087e-07,FALSE,NA
3360,0.0500056829232794,0.00616047568058514,FALSE,NA
3361,3.34545057594326e-06,0.000626074602805629,TRUE,NA
3362,0.0223488279719476,0.000350710006086895,FALSE,NA
3363,9.0278551240555e-07,0.136138089607311,TRUE,NA
3364,0.00103976885633092,0.0529924661456746,TRUE,NA
3365,0.000565413564157071,0.000147825025677754,FALSE,NA
3366,1.58479651749656e-09,0.632261199446215,TRUE,NA
3367,0.0129119667268888,7.31621535870087e-07,FALSE,NA
3368,0.0125345558362274,9.78949945994651e-07,FALSE,NA
3369,4.39414628680393e-06,0.0117641226229721,TRUE,NA
3370,0.000182047667379296,0.373706793562844,TRUE,NA
3371,0.00726140354557253,0.0103649728248591,TRUE,NA
3372,0.00522123305960653,0.000107330256189074,FALSE,NA
3373,2.6342307862942e-07,0.066051200628415,TRUE,NA
3374,3.53213687683431e-05,0.00265043959919081,TRUE,NA
3375,0.000114410533068765,0.00937346055460028,TRUE,NA
3376,9.27114511685179e-09,0.000992988381302216,TRUE,NA
3377,2.1148952307875e-06,3.61995829629598e-05,TRUE,NA
3378,0.00013754609106509,0.00897007590215037,TRUE,NA
3379,0.00647388798600701,4.03638396234048e-07,FALSE,NA
3380,6.02207693829038e-06,6.28364909647938e-06,TRUE,NA
3381,0.000118301330357126,9.64386031472546e-06,FALSE,NA
3382,0.00603745522728905,2.68323955546202e-08,FALSE,NA
3383,0.000336733293075191,5.16162520807026e-06,FALSE,NA
3384,0.00218517110767231,0.0025520479963565,TRUE,NA
3385,1.94677691487813e-07,0.000156108678057364,TRUE,NA
3386,0.0171999231356651,0.0368635065231055,TRUE,NA
3387,3.63261302212958e-05,0.238879009450086,TRUE,NA
3388,4.87604763873383e-07,6.90464275427148e-06,TRUE,NA
3389,0.000108496128869472,0.000109755360704416,TRUE,NA
3390,0.000106975887458234,0.00212440382181456,TRUE,NA
3391,0.0182592611778082,0.00308698452295145,FALSE,NA
3392,1.74094072491622e-12,0.0485445192711259,TRUE,NA
3393,0.00339918710538588,0.000852744825632668,FALSE,NA
3394,0.0142189077027135,0.00379218586182359,FALSE,NA
3395,9.06990877159295e-07,0.000208695425517804,TRUE,NA
3396,0.000451734336564956,0.000586365616130082,TRUE,NA
3397,0.0359954284735744,2.52895250302521e-05,FALSE,NA
3398,2.10088767714691e-05,0.000962995207536073,TRUE,NA
3399,0.0427710571763587,1.21121046977242,TRUE,NA
3400,0.000160842896238666,0.00172304802688442,TRUE,NA
3401,0.000988766559065344,2.83959995108107e-08,FALSE,NA
3402,0.0641235848504101,0.000347639945024699,FALSE,NA
3403,0.000532745626028409,1.98875516714683e-06,FALSE,NA
3404,0.000551157365270456,4.47303630813718e-08,FALSE,NA
3405,0.000701855159381365,0.0828300582971816,TRUE,NA
3406,0.00199688653614752,0.000283145907871911,FALSE,NA
3407,1.17921791734091e-07,7.89988520916564e-05,TRUE,NA
3408,0.000676879792937804,8.69426137798157e-08,FALSE,NA
3409,0.000450693386941323,7.78301338424145e-06,FALSE,NA
3410,0.000152674128628064,1.75339825324395e-06,FALSE,NA
3411,2.64302810260388e-07,0.000301103167445676,TRUE,NA
3412,0.0196801196342142,1.42911581011457e-07,FALSE,NA
3413,0.0178280743715105,2.16490662599171e-05,FALSE,NA
3414,1.31672325822208e-06,0.000672874701461589,TRUE,NA
3415,0.0167867131194353,1.60502813640875e-05,FALSE,NA
3416,0.00543009799144672,8.09445341318397e-08,FALSE,NA
3417,0.00529215071911377,1.18118277263457e-06,FALSE,NA
3418,0.00120758960313693,0.000104641365309213,FALSE,NA
3419,0.00723254724258378,0.000679638827214237,FALSE,NA
3420,3.6616203270305e-06,3.13107149265161e-07,FALSE,NA
3421,0.0223475600667135,0.014294482274151,FALSE,NA
3422,3.24733607495958e-06,0.0323020858296802,TRUE,NA
3423,5.99410079550436e-08,7.44739943687821e-05,TRUE,NA
3424,1.69716774309489e-05,0.00216578309214599,TRUE,NA
3425,0.000174297549165439,0.00408941403705208,TRUE,NA
3426,0.0691474723841727,0.00615611576343481,FALSE,NA
3427,6.44103413316933e-07,0.0223324304399349,TRUE,NA
3428,0.000312135084001018,0.160794377530171,TRUE,NA
3429,3.4825446182518e-06,0.304188679492218,TRUE,NA
3430,0.00139603588148918,0.00198732669280251,TRUE,NA
3431,1.17101357694675e-07,1.01399152219745e-07,FALSE,NA
3432,0.00374699682763521,6.99667473421709e-05,FALSE,NA
3433,0.00258556656736326,0.00136686132750463,FALSE,NA
3434,0.0301494107362698,0.0299984304293242,FALSE,NA
3435,6.86920209952948e-05,0.00139038984134043,TRUE,NA
3436,2.94123579116938e-05,0.000583779549978262,TRUE,NA
3437,1.82442305252459e-07,0.00141721344782376,TRUE,NA
3438,0.00262710243615429,1.23400874484647,TRUE,NA
3439,0.00121182994772082,0.232803892315211,TRUE,NA
3440,7.52693202915285e-06,1.8787931309416e-05,TRUE,NA
3441,0.00163089666405492,0.151783761249931,TRUE,NA
3442,1.35004440592707e-05,0.0907791061656442,TRUE,NA
3443,0.00504450142642678,1.17294666424821e-06,FALSE,NA
3444,0.000710621212712909,3.23033919396284e-06,FALSE,NA
3445,1.92454940874574e-11,0.0137259085780711,TRUE,NA
3446,0.000365989993426431,0.137758751142357,TRUE,NA
3447,0.00225495143281472,1.95081312251001e-06,FALSE,NA
3448,8.08988945104509e-07,0.000593164729549172,TRUE,NA
3449,2.32497966625305e-05,0.000330517107733355,TRUE,NA
3450,3.09268862781912e-06,0.271438115072493,TRUE,NA
3451,0.00035310912592338,7.50651513126561e-05,FALSE,NA
3452,7.0469822627367e-05,4.75629123732662e-07,FALSE,NA
3453,5.58664361500755e-05,0.168553703622929,TRUE,NA
3454,3.13775207484325e-06,0.000388509201349103,TRUE,NA
3455,8.3408035071019e-08,0.000123358970507119,TRUE,NA
3456,0.0201375026581422,2.88408979987965e-07,FALSE,NA
3457,1.87769703428651e-07,8.85557782318119e-05,TRUE,NA
3458,0.00015368341666864,0.504570294660396,TRUE,NA
3459,0.030103716615713,0.000363407240722578,FALSE,NA
3460,1.2221724269344e-06,5.88497585474159e-05,TRUE,NA
3461,2.47850801055357e-05,0.000873148119010133,TRUE,NA
3462,1.81483383892937e-10,0.00251633744017931,TRUE,NA
3463,3.742307211587e-06,1.21941654992183e-07,FALSE,NA
3464,6.77500830235653e-07,1.92294220576083e-05,TRUE,NA
3465,0.0219205621376174,0.000388922836302603,FALSE,NA
3466,0.00145796797660646,7.74642572339862e-11,FALSE,NA
3467,0.000410895802712843,8.56223728890454e-06,FALSE,NA
3468,1.24245154699444e-06,0.17729902232225,TRUE,NA
3469,1.03040023475621e-06,2.67681564054405,TRUE,NA
3470,3.28200758614175e-05,1.10214257243562e-07,FALSE,NA
3471,2.36410864556235e-05,0.00695749411043985,TRUE,NA
3472,4.31729986643308e-08,1.18073121963922e-06,TRUE,NA
3473,0.000245729214237584,0.00118064558097869,TRUE,NA
3474,0.00962537950691286,1.81134673923069e-05,FALSE,NA
3475,0.00191766827902067,2.35386289514829e-06,FALSE,NA
3476,1.6180819061437e-07,0.000235622149883689,TRUE,NA
3477,0.000313770479461999,0.0121622866642395,TRUE,NA
3478,1.62661789993066e-06,0.145956185256676,TRUE,NA
3479,0.037706027305579,3.00421027446031e-06,FALSE,NA
3480,0.000388783493963758,3.31187872214102e-06,FALSE,NA
3481,1.79310519963807e-05,0.0554159902505276,TRUE,NA
3482,0.00707616604714451,0.00157539510474846,FALSE,NA
3483,8.06994698785791e-06,3.30745940259255e-06,FALSE,NA
3484,0.000475146966139856,0.000486437074245557,TRUE,NA
3485,4.91941364533656e-05,0.0149092612652861,TRUE,NA
3486,9.09443459861375e-06,5.23598781327107e-06,FALSE,NA
3487,0.00405119775249511,0.0505905537539862,TRUE,NA
3488,7.32367690732167e-05,6.95852254592094e-05,FALSE,NA
3489,1.19755958447933e-06,0.00511089668687764,TRUE,NA
3490,6.62387101938e-05,9.97990338462499e-05,TRUE,NA
3491,0.0121671790610062,6.699655190595e-05,FALSE,NA
3492,0.00118623796914944,1.0261989454127e-05,FALSE,NA
3493,0.00365901743739222,0.022101254606249,TRUE,NA
3494,2.36706416838077e-07,0.37034043307191,TRUE,NA
3495,0.00347634494242381,0.00018900539818608,FALSE,NA
3496,0.00255777327560054,0.000386535769979188,FALSE,NA
3497,1.79814202929179e-07,0.0053150418150333,TRUE,NA
3498,3.45515193728219e-05,0.000246239769846361,TRUE,NA
3499,0.0102358869309492,6.1633664857461e-10,FALSE,NA
3500,4.08765116521292e-05,0.238981899009993,TRUE,NA
3501,0.00257194072187863,0.205416711351186,TRUE,NA
3502,0.00532366910395454,8.39108448613354e-07,FALSE,NA
3503,4.93419183282247e-05,0.000556005085548438,TRUE,NA
3504,9.21831995727305e-06,0.0155449672413081,TRUE,NA
3505,0.000264445252597505,1.16426925932253e-05,FALSE,NA
3506,1.14824650718616e-07,0.022846218769272,TRUE,NA
3507,4.23082781918354e-06,1.15850534531501,TRUE,NA
3508,2.17977529858243e-05,1.42841449881514e-09,FALSE,NA
3509,0.0165694168007023,7.96924881772635e-07,FALSE,NA
3510,4.60733932561838e-07,0.000722499527720865,TRUE,NA
3511,0.00166199282646504,0.000799162198365358,FALSE,NA
3512,8.80110673686701e-05,3.8943370997872e-05,FALSE,NA
3513,7.65191091021279e-05,2.53602444782495e-07,FALSE,NA
3514,1.03209431893312e-06,0.0084527329321073,TRUE,NA
3515,0.0420731152887882,0.0094999913937184,FALSE,NA
3516,1.20874310338982e-06,4.84168363517079e-05,TRUE,NA
3517,1.41035027720954e-07,1.47621542157802,TRUE,NA
3518,0.000172787414319283,0.0812192389811948,TRUE,NA
3519,0.00145180099738891,1.1014918486392e-05,FALSE,NA
3520,0.0247223275079045,5.41029575569135e-05,FALSE,NA
3521,0.0256555983676941,7.49482939822983e-05,FALSE,NA
3522,0.0416615271274554,2.53734619723068e-06,FALSE,NA
3523,0.0100964035200231,0.0133063716086742,TRUE,NA
3524,1.42904480190158e-05,9.0740650415658e-05,TRUE,NA
3525,0.00910851535136964,1.62917790859335e-05,FALSE,NA
3526,2.04156739592059e-05,0.00175679913478584,TRUE,NA
3527,0.00336931908829617,2.02906567420107e-05,FALSE,NA
3528,3.97292507676407e-05,0.000443342836574757,TRUE,NA
3529,0.000127963196510032,0.00106275299033853,TRUE,NA
3530,2.31811128633731e-06,0.000319712413420053,TRUE,NA
3531,0.000537636527524885,0.00755165707425013,TRUE,NA
3532,0.00440925528532851,1.34958862620048e-05,FALSE,NA
3533,4.03457487092253e-06,8.61027519294122e-05,TRUE,NA
3534,0.283877514437678,2.16820129950469,TRUE,NA
3535,0.00223900797173479,0.0109675799575636,TRUE,NA
3536,9.20761491291872e-07,0.000260968728919755,TRUE,NA
3537,0.0414588824403646,0.157085156736738,TRUE,NA
3538,3.43778104361921e-05,0.0066524678121642,TRUE,NA
3539,4.09597010049917e-06,0.00235046015166093,TRUE,NA
3540,0.000653635400751191,0.00103248207116901,TRUE,NA
3541,0.000102252309970536,0.0736539414046152,TRUE,NA
3542,1.88321303173611e-09,0.0186005138830911,TRUE,NA
3543,0.00067704711946985,0.0193782988174977,TRUE,NA
3544,0.0376520960468198,6.15243520562752e-06,FALSE,NA
3545,7.10341024108019e-05,0.0721562802507081,TRUE,NA
3546,2.9045954752815e-05,0.00143871061056073,TRUE,NA
3547,0.0988986963952845,0.000359977141969832,FALSE,NA
3548,0.000784040144770282,5.15637209976712e-05,FALSE,NA
3549,2.47460877765437e-07,0.00118928249593182,TRUE,NA
3550,1.53695861664204e-08,9.04074775156688e-07,TRUE,NA
3551,0.00261999710504839,0.0318352319641748,TRUE,NA
3552,0.0231089272416851,1.04801039453783e-07,FALSE,NA
3553,0.0227326622444709,2.61633018512078e-05,FALSE,NA
3554,1.01557797904716e-06,8.39277706412875e-09,FALSE,NA
3555,3.46519563690628e-06,0.0263024853821416,TRUE,NA
3556,0.00562793064298544,0.079295109548222,TRUE,NA
3557,0.00286726464706995,0.000113425191163484,FALSE,NA
3558,1.12325149520864e-05,4.34364288474573e-06,FALSE,NA
3559,0.00287549325427261,2.74844107183938e-05,FALSE,NA
3560,1.85941197614545e-06,1.23805785020754e-05,TRUE,NA
3561,0.00108679331699123,4.23364933879834,TRUE,NA
3562,0.000316281207903181,0.165780817244581,TRUE,NA
3563,0.000585838734987937,0.000171693784471253,FALSE,NA
3564,4.0296033889683e-06,8.22965316766426e-05,TRUE,NA
3565,9.61006999240614e-06,3.08698617612337e-05,TRUE,NA
3566,1.6350300561875e-06,1.16547152688102e-06,FALSE,NA
3567,0.034809576700828,0.0218338605272717,FALSE,NA
3568,0.0298122829494474,0.000482835859025748,FALSE,NA
3569,0.000207263759810262,0.000868517115418924,TRUE,NA
3570,0.0338948719090841,3.37768241576591e-07,FALSE,NA
3571,1.12145781612938e-09,2.95176081357541,TRUE,NA
3572,3.12276027746499e-09,1.76273176499119e-08,TRUE,NA
3573,0.000184282391112951,0.00836041471598147,TRUE,NA
3574,0.0210927427654108,0.000150608578224146,FALSE,NA
3575,0.0034878692232146,8.23896415542224e-05,FALSE,NA
3576,0.0331478267325224,0.0327522637377253,FALSE,NA
3577,3.3330047664655e-05,0.0821859004521904,TRUE,NA
3578,2.15393112313577e-06,6.1732510926955e-06,TRUE,NA
3579,0.00606164140588722,0.00031306596343954,FALSE,NA
3580,7.35539750284921e-05,4.25477654015008e-09,FALSE,NA
3581,0.000459612000702494,4.04804677200481e-06,FALSE,NA
3582,9.3352117490925e-06,0.43495224077502,TRUE,NA
3583,2.10077528283442e-05,3.38112458792184e-07,FALSE,NA
3584,0.00298609834814784,1.16463736997244e-07,FALSE,NA
3585,0.00945166164530616,4.38200109506913e-07,FALSE,NA
3586,0.0328429625467504,1.41473344250785e-09,FALSE,NA
3587,0.00815961240645044,4.47461570038044e-08,FALSE,NA
3588,1.55533051920294e-06,0.38813767091253,TRUE,NA
3589,0.0231047740394475,3.66202116507484e-05,FALSE,NA
3590,3.78409813958729e-06,3.51694623418231e-05,TRUE,NA
3591,0.0538510423127623,0.00326662125608361,FALSE,NA
3592,0.0170531150587833,0.000451149713209284,FALSE,NA
3593,0.000584111452692416,1.98733632016872e-05,FALSE,NA
3594,0.0465189358863873,2.99236960472319,TRUE,NA
3595,0.0348995071990508,0.0867241025917588,TRUE,NA
3596,0.00180082688904933,0.000828169402522559,FALSE,NA
3597,0.000426284916620017,0.0107649438661843,TRUE,NA
3598,4.90635444318162e-08,0.00526432520359854,TRUE,NA
3599,0.00127899555133793,4.96229667820371,TRUE,NA
3600,0.00112640488698002,0.000879314614430613,FALSE,NA
3601,3.13638146746809e-06,6.80408004775282e-05,TRUE,NA
3602,0.0087608712045902,0.00126082991917656,FALSE,NA
3603,0.00550064907976238,0.000134908333718826,FALSE,NA
3604,0.0103524469062294,2.17223998619669e-06,FALSE,NA
3605,0.00488325500267354,0.00566894121533722,TRUE,NA
3606,0.00242085672751392,0.00333840450792554,TRUE,NA
3607,0.000102987592996304,6.93988849577156e-06,FALSE,NA
3608,0.00624346512552473,0.064185768265403,TRUE,NA
3609,0.00122989055825937,0.0476786238871228,TRUE,NA
3610,0.000289226566577232,6.32261145653124,TRUE,NA
3611,9.61563670510137e-08,0.00275950474812988,TRUE,NA
3612,0.00458774912603089,2.18749462990336e-11,FALSE,NA
3613,4.87807481050411e-06,4.68292456896941e-08,FALSE,NA
3614,0.00736945501780761,0.000599282039637655,FALSE,NA
3615,0.0241424572435383,1.9098989026727e-07,FALSE,NA
3616,0.0479556363703376,0.00373461888382752,FALSE,NA
3617,8.44911910104095e-07,0.000476534216682627,TRUE,NA
3618,4.99293623081956e-07,0.0105642398822621,TRUE,NA
3619,0.0763821260719136,1.46915364387136e-05,FALSE,NA
3620,7.74751537140123e-05,0.0813732871620461,TRUE,NA
3621,0.000337417177648568,0.00060203709494654,TRUE,NA
3622,2.10198105252075e-05,0.000747054303607009,TRUE,NA
3623,2.80958582002706e-05,0.000116521450380762,TRUE,NA
3624,1.2481922857003e-06,4.22553844706185e-07,FALSE,NA
3625,2.7493489286381e-05,4.20680033039221,TRUE,NA
3626,0.0472422397687002,3.06036623735477,TRUE,NA
3627,0.0550605884597765,2.25130207363607e-06,FALSE,NA
3628,7.64236866431385e-06,1.28457318053241e-05,TRUE,NA
3629,0.000441285209582308,2.28602861477909e-08,FALSE,NA
3630,5.40025361243901e-08,0.000475591913826861,TRUE,NA
3631,2.39890062913619e-06,0.00193590858420138,TRUE,NA
3632,1.1034113393061e-05,0.0358554640579134,TRUE,NA
3633,3.42172697474331e-05,0.0346299649352114,TRUE,NA
3634,0.000128071168329492,0.000984573792490687,TRUE,NA
3635,0.00183582716851832,0.916204520534573,TRUE,NA
3636,0.0136650972046267,0.0035447308037801,FALSE,NA
3637,1.97274532968374e-05,0.0606291931501088,TRUE,NA
3638,1.5150350985246e-09,5.93568888610741e-06,TRUE,NA
3639,0.141944844475096,0.000770007700236689,FALSE,NA
3640,0.0591429732523619,3.47391345396332e-05,FALSE,NA
3641,3.20875859145589e-06,3.42855876432031e-06,TRUE,NA
3642,0.00228726242400187,0.000130949699149354,FALSE,NA
3643,0.00225319893271769,2.09249875607077e-06,FALSE,NA
3644,5.26931892147305e-05,0.19292833028865,TRUE,NA
3645,0.00350684956444331,0.0205107320564611,TRUE,NA
3646,0.0504385457694126,0.00655083435243291,FALSE,NA
3647,0.00371384992928492,8.98855091317966e-07,FALSE,NA
3648,0.000254882971055477,0.00198307356056928,TRUE,NA
3649,0.000169971645489526,0.00702801966344652,TRUE,NA
3650,0.0189193889194262,5.71473088502736e-05,FALSE,NA
3651,0.022967904758324,1.65760708578967e-05,FALSE,NA
3652,5.44845511331033e-06,9.26550446599516e-06,TRUE,NA
3653,5.93503970565294e-06,2.82835648856711e-06,FALSE,NA
3654,0.00611818818124021,0.00100251613809116,FALSE,NA
3655,7.94230914467315e-07,2.83796784547293e-08,FALSE,NA
3656,0.00191290059071055,5.45754759592177e-05,FALSE,NA
3657,0.00240329294334474,3.41198847011925e-10,FALSE,NA
3658,0.00354486465288002,0.0281846310690097,TRUE,NA
3659,6.33937347061165e-13,0.000158928822026487,TRUE,NA
3660,1.14025333028662e-05,0.0034961092950952,TRUE,NA
3661,0.00176898117805363,0.00021504316225632,FALSE,NA
3662,2.68406985886538e-09,4.97771040924052e-05,TRUE,NA
3663,3.913244066566e-05,4.31006000180683e-07,FALSE,NA
3664,0.00021013169464963,4.0244918509657e-11,FALSE,NA
3665,3.18439358843808e-05,0.506017571381167,TRUE,NA
3666,0.000605040255721409,8.48191819083517e-06,FALSE,NA
3667,0.00279169606525063,0.0251736008615307,TRUE,NA
3668,0.0195726448590414,2.4437482311404,TRUE,NA
3669,3.53385613151649e-07,2.81133864773788e-06,TRUE,NA
3670,3.2846235485013e-06,0.000946117092957093,TRUE,NA
3671,5.23662049238459e-06,0.349427419945852,TRUE,NA
3672,2.05617804894255e-05,1.26277313242845e-05,FALSE,NA
3673,3.05074979010114e-05,5.11198869405031e-05,TRUE,NA
3674,0.00042671664382899,0.000221015628674105,FALSE,NA
3675,1.70420033785754e-09,0.020490004114471,TRUE,NA
3676,2.71678614409769e-08,0.00496307436981566,TRUE,NA
3677,1.80406800611117e-11,1.61354275520736e-05,TRUE,NA
3678,0.00481744425975497,0.00011623389566884,FALSE,NA
3679,5.73652196415038e-07,0.0599173769970481,TRUE,NA
3680,1.50295387147309e-06,5.55545477831598e-09,FALSE,NA
3681,1.81977695039655e-07,0.000621037780326265,TRUE,NA
3682,0.00180907176009041,3.32460336662515e-06,FALSE,NA
3683,0.0175922063784206,0.000333951064070496,FALSE,NA
3684,8.03243219611139e-09,8.71164624238961e-05,TRUE,NA
3685,0.00177141509417781,0.0663110263408405,TRUE,NA
3686,0.0085943389682735,0.000635187790436401,FALSE,NA
3687,6.41533479156796e-08,0.386182704314691,TRUE,NA
3688,3.96852460924386e-07,0.0136886609877312,TRUE,NA
3689,0.000954759354067164,2.67575540655154e-05,FALSE,NA
3690,0.00538357888945846,0.000411339805834502,FALSE,NA
3691,3.01213405521476e-05,0.0982226219842152,TRUE,NA
3692,5.13782427589437e-08,0.000269626223322446,TRUE,NA
3693,0.000684199138354099,0.00243010210313481,TRUE,NA
3694,7.50330786126308e-05,0.00431155124650033,TRUE,NA
3695,3.35392838124722e-07,0.000163883984290973,TRUE,NA
3696,0.000340306581967887,2.69615376843946e-05,FALSE,NA
3697,0.03828993242401,0.00116021451402776,FALSE,NA
3698,0.000419255071218274,3.14748579450954e-06,FALSE,NA
3699,0.0116104187123604,3.17900756331843e-08,FALSE,NA
3700,2.01440540257563e-06,0.000725798656250152,TRUE,NA
3701,0.00961191751190615,0.152441883660816,TRUE,NA
3702,0.00306072279895519,1.68435682867572e-06,FALSE,NA
3703,0.00926800199979562,0.000212506476929195,FALSE,NA
3704,0.00144204813992958,1.71017207169151e-06,FALSE,NA
3705,3.32419685333851e-06,0.00121040393845958,TRUE,NA
3706,0.0210133060087184,9.09830504940487e-07,FALSE,NA
3707,9.29451920520983e-05,1.42348180146868e-05,FALSE,NA
3708,0.000145804394754652,1.06350806820858e-07,FALSE,NA
3709,0.00131348513479072,0.059789377554634,TRUE,NA
3710,0.00507945042606589,3.14662287716255e-05,FALSE,NA
3711,6.11041935644972e-06,4.94491003821954e-10,FALSE,NA
3712,0.000509799688873378,3.70281955262312e-07,FALSE,NA
3713,9.15729107849359e-09,0.0762839741605626,TRUE,NA
3714,0.000465855607262022,0.0164431176936603,TRUE,NA
3715,0.000472029621479375,0.000705620771493277,TRUE,NA
3716,0.000858038275482245,0.000379668799988437,FALSE,NA
3717,1.08090130550687e-05,0.017593039641908,TRUE,NA
3718,4.03335143070256e-11,1.00462565479192,TRUE,NA
3719,3.46611659751944e-06,0.129213084183385,TRUE,NA
3720,0.00638905062310287,0.0166250896219512,TRUE,NA
3721,0.000362384075189912,0.0568392173764031,TRUE,NA
3722,6.3718827972588e-06,0.00124012722663331,TRUE,NA
3723,1.2048620216847e-07,0.0812581990960414,TRUE,NA
3724,0.000494744296147507,0.0247716467375177,TRUE,NA
3725,9.07961392541705e-05,1.58417011155763e-06,FALSE,NA
3726,0.00805944598274055,1.51569528914731e-05,FALSE,NA
3727,0.00184675461085004,0.000683945696580432,FALSE,NA
3728,5.08745165509346e-07,0.00436175836677617,TRUE,NA
3729,0.00315840209502499,0.00107748655873156,FALSE,NA
3730,0.0006314540568382,0.0115859197023894,TRUE,NA
3731,0.00192318309629599,0.000103418452713396,FALSE,NA
3732,0.0004144841827704,4.91412969156808e-07,FALSE,NA
3733,8.98611351621881e-05,6.55975520559958e-07,FALSE,NA
3734,0.00604044751518858,0.000420320741944954,FALSE,NA
3735,0.00141964622007234,2.54081510908489e-05,FALSE,NA
3736,0.00536522005031279,0.00782445395627331,TRUE,NA
3737,3.57618843455779e-05,2.35815073445327e-06,FALSE,NA
3738,4.68296124774372e-05,0.000213072256074889,TRUE,NA
3739,2.25387912733873e-05,6.63556987355093e-10,FALSE,NA
3740,0.0107558530404307,0.00230331086847743,FALSE,NA
3741,7.36596431009692e-09,0.000165765014868854,TRUE,NA
3742,2.3452494776984e-08,1.18849062881598e-07,TRUE,NA
3743,0.00158825575005263,0.00371810446766035,TRUE,NA
3744,6.71095845786538e-10,0.0122529857215907,TRUE,NA
3745,0.00657132169555998,0.000478161486136341,FALSE,NA
3746,0.000836697743831214,2.22979541869019e-05,FALSE,NA
3747,4.45760638340548e-06,0.000950694634979157,TRUE,NA
3748,0.00117895204019276,0.127137764922779,TRUE,NA
3749,0.000693948629038446,8.57379501096944e-10,FALSE,NA
3750,0.00011137289101643,6.18317656898267e-05,FALSE,NA
3751,0.0169802247129697,9.30289930676198e-05,FALSE,NA
3752,0.0102451507924574,1.78329584825728e-05,FALSE,NA
3753,0.00058841437333577,1.63793477343454,TRUE,NA
3754,0.000635320911658718,0.0246035011270608,TRUE,NA
3755,3.77448888527127e-05,8.85292885740115e-07,FALSE,NA
3756,0.0106927115781962,0.0615050528140978,TRUE,NA
3757,0.00762169891961675,6.59042739229193e-05,FALSE,NA
3758,4.45158075873076e-08,0.00328648751935459,TRUE,NA
3759,0.0206133873079298,0.0822015468520415,TRUE,NA
3760,1.20810098093518e-05,0.00196183451657756,TRUE,NA
3761,0.0254968841613643,0.000637501749482927,FALSE,NA
3762,2.02471294335282e-05,0.255817440728323,TRUE,NA
3763,7.68388273184735e-05,7.60827717599409e-07,FALSE,NA
3764,0.00116794923853125,1.22306531055032e-07,FALSE,NA
3765,2.1469821438412e-07,0.0117407111224877,TRUE,NA
3766,0.000237044008716366,0.000171414746488527,FALSE,NA
3767,1.08629407607489e-05,0.00116958222564662,TRUE,NA
3768,5.96138821473208e-07,3.74804031661665e-07,FALSE,NA
3769,1.13098249628335e-06,3.52679973372005e-05,TRUE,NA
3770,0.000672503640397735,4.16155732962896e-09,FALSE,NA
3771,3.78596809864164e-05,0.0423721652969542,TRUE,NA
3772,2.86125570874903e-05,0.014937216687408,TRUE,NA
3773,0.000161419396659946,6.4901246144971e-05,FALSE,NA
3774,0.00408854516517945,6.6465497041015e-06,FALSE,NA
3775,0.000825739080469829,6.46248267703058e-05,FALSE,NA
3776,0.0704312683914473,1.44685485824944e-10,FALSE,NA
3777,0.000995405174658869,0.0287522085103565,TRUE,NA
3778,2.16588549957661e-06,9.24579960358819e-07,FALSE,NA
3779,0.000260743935747481,0.00232792564829457,TRUE,NA
3780,0.000210466032741829,0.00513717565044555,TRUE,NA
3781,5.47929169188924e-05,0.000202141527465699,TRUE,NA
3782,0.00162189521515948,2.32026808599745e-05,FALSE,NA
3783,0.000113313779713373,0.000732683843664055,TRUE,NA
3784,1.04314523680519e-05,5.27057169911533e-05,TRUE,NA
3785,0.0183298150667568,9.98055187651024e-05,FALSE,NA
3786,0.00322375267314942,0.00152609633809952,FALSE,NA
3787,0.0005649033717213,0.000400565074620542,FALSE,NA
3788,3.92703306479076e-08,6.0043191748272e-05,TRUE,NA
3789,0.00935063135402082,0.288741670328957,TRUE,NA
3790,2.0728613233948e-05,1.68930425205366e-11,FALSE,NA
3791,4.09733073456989e-05,4.18607041132436e-08,FALSE,NA
3792,7.14902769262223e-06,0.0462689763615403,TRUE,NA
3793,0.00407326907570351,0.00315678070468192,FALSE,NA
3794,0.0125687774679467,0.000150964037934655,FALSE,NA
3795,0.00112813816271053,0.000447450861115795,FALSE,NA
3796,0.000119410083671633,3.85508258947547e-06,FALSE,NA
3797,0.000163317843523941,0.0027480755420508,TRUE,NA
3798,8.55388791953071e-06,0.158112236926054,TRUE,NA
3799,0.000181114014671718,1.33740283081556e-05,FALSE,NA
3800,0.00439674403593034,0.0113592340314839,TRUE,NA
3801,0.000852583295878722,0.596816615899662,TRUE,NA
3802,5.39350237745198e-05,0.000298278019551495,TRUE,NA
3803,9.0601139579431e-06,0.0665256475226765,TRUE,NA
3804,0.0218571965955017,0.00143600150758487,FALSE,NA
3805,0.00270593685493466,3.01952372446059e-06,FALSE,NA
3806,0.00119006011180164,2.11873188513416e-05,FALSE,NA
3807,0.000197453822599771,1.33286300681585e-05,FALSE,NA
3808,0.022338905516415,5.46804798288737e-06,FALSE,NA
3809,8.22629497004522e-05,5.03521155262359e-05,FALSE,NA
3810,3.10278745094936e-05,0.0997438715945035,TRUE,NA
3811,4.74679523754692e-05,0.000316469970134773,TRUE,NA
3812,0.00388186298449353,6.71428744561656e-06,FALSE,NA
3813,0.00445069150131634,0.148792663079387,TRUE,NA
3814,0.000237559688445395,5.63334426097993e-08,FALSE,NA
3815,6.16922509818145e-06,4.41544509651272e-05,TRUE,NA
3816,0.00523153166410452,0.000880467967032695,FALSE,NA
3817,0.0142479777642471,0.00786501745299653,FALSE,NA
3818,2.15833662854841e-05,4.25204131820254e-07,FALSE,NA
3819,1.19257685288418e-07,0.000236757849698134,TRUE,NA
3820,1.53201370697473e-05,7.44651074050876e-06,FALSE,NA
3821,2.93575943506295e-05,3.29751364383736e-06,FALSE,NA
3822,3.73880238208525e-08,9.50156261651468e-07,TRUE,NA
3823,5.81701563362752e-06,8.14473957128067e-06,TRUE,NA
3824,7.60768692559741e-08,0.00585022523567632,TRUE,NA
3825,0.000912691671218021,5.08451907723598e-05,FALSE,NA
3826,0.000905045316737065,0.000714211331339008,FALSE,NA
3827,2.86960576517378e-06,0.000284803922373527,TRUE,NA
3828,9.98755665864143e-08,1.90649912791812e-05,TRUE,NA
3829,0.00296338448160105,0.00282796314704723,FALSE,NA
3830,0.00105844178207486,0.00190374525054313,TRUE,NA
3831,3.12128955544203e-07,0.00804262196124727,TRUE,NA
3832,0.000406540875164588,0.407091532459874,TRUE,NA
3833,1.52118895373714e-09,0.0137074938145559,TRUE,NA
3834,0.0273067844173747,1.49729808373541,TRUE,NA
3835,0.00392874042020156,0.000415776862414859,FALSE,NA
3836,3.30657995140061e-07,2.36760736066729e-07,FALSE,NA
3837,0.00995196192771449,0.00639229042469447,FALSE,NA
3838,1.03357277925995e-06,1.98615676837125e-06,TRUE,NA
3839,8.83335297701209e-09,0.00245346701077618,TRUE,NA
3840,6.97745523844436e-06,6.46724714519542e-07,FALSE,NA
3841,0.0036743749226206,9.82161168701616e-05,FALSE,NA
3842,0.000452369860049349,9.20664986662868e-08,FALSE,NA
3843,5.90035599478335e-07,3.18925657873391e-05,TRUE,NA
3844,0.00242867841967138,0.123326137419431,TRUE,NA
3845,3.98574858904933e-05,0.000111525734470187,TRUE,NA
3846,0.000627150160283062,1.04847052701059e-08,FALSE,NA
3847,0.00173131305724364,0.056334373379704,TRUE,NA
3848,2.738497861491e-06,3.82397733490378e-05,TRUE,NA
3849,0.00261416646971619,1.67543579276121,TRUE,NA
3850,3.58195890315925e-06,4.74016381713093e-11,FALSE,NA
3851,2.00014009187458e-06,2.70559476594091e-06,TRUE,NA
3852,0.0265036567060989,4.04121180963565e-14,FALSE,NA
3853,2.12704562825004e-07,2.10224390602288e-05,TRUE,NA
3854,5.23840086301211e-06,4.93044124189465e-05,TRUE,NA
3855,0.000105114557996824,0.00459911413315402,TRUE,NA
3856,0.00177617957760294,0.000777166547649327,FALSE,NA
3857,0.0164527298053468,0.000170026336758591,FALSE,NA
3858,0.000391587988215955,0.000202571791776891,FALSE,NA
3859,0.00368086935813659,0.00838238769671146,TRUE,NA
3860,2.88713191731615e-07,7.42783328324323e-06,TRUE,NA
3861,0.000344281526163787,0.373427767043325,TRUE,NA
3862,6.10920760439109e-05,3.17722257321783e-06,FALSE,NA
3863,7.27867995206039e-07,1.74750303269555e-09,FALSE,NA
3864,0.00881231271872887,0.000254238610035013,FALSE,NA
3865,0.00390720007724148,0.0982040315005186,TRUE,NA
3866,0.00262872680490911,1.70835810384015e-05,FALSE,NA
3867,0.000274437677868535,4.53322789827651e-05,FALSE,NA
3868,1.3305793931502e-06,3.21844314396974e-05,TRUE,NA
3869,0.000396929965127388,0.000964466615941194,TRUE,NA
3870,5.31446821622393e-06,0.00020944443504901,TRUE,NA
3871,0.000863201655184034,0.000751421925093593,FALSE,NA
3872,4.72089283984484e-05,1.2886525188581e-09,FALSE,NA
3873,0.0111814496283152,0.00017132583536901,FALSE,NA
3874,0.00305695611874907,2.40167221218989e-08,FALSE,NA
3875,8.8677866554479e-09,2.22717596456936e-06,TRUE,NA
3876,2.07515373112957e-05,1.14431734175669,TRUE,NA
3877,0.00203464123239046,6.79731893891396e-08,FALSE,NA
3878,4.40378853427833e-07,0.000787248628742074,TRUE,NA
3879,0.0165503035122832,0.000171816859571593,FALSE,NA
3880,0.0333127367817284,1.43074501291688,TRUE,NA
3881,8.27500403735576e-06,2.87457294325001e-08,FALSE,NA
3882,0.000656338039823264,7.9040095011874e-05,FALSE,NA
3883,0.00191089476064486,0.22040461089392,TRUE,NA
3884,0.0019494035123817,0.00129196578018804,FALSE,NA
3885,0.0471973734640907,0.00190445794402271,FALSE,NA
3886,1.06124284368305e-08,0.36680536027012,TRUE,NA
3887,5.91425011405677e-05,6.72836211094775e-06,FALSE,NA
3888,0.090415305468296,0.00804664721427434,FALSE,NA
3889,0.0060292151012805,0.378988093919366,TRUE,NA
3890,0.230178065301745,3.48538018420924e-05,FALSE,NA
3891,2.99490050309174e-07,1.16180337758852e-05,TRUE,NA
3892,2.78294467780815e-07,0.00631342887550328,TRUE,NA
3893,3.22514887250087e-05,2.80389895309228e-07,FALSE,NA
3894,2.40873943303854e-09,0.000215052393324391,TRUE,NA
3895,1.05852508748795e-05,0.00164263042613812,TRUE,NA
3896,9.34967147134978e-07,1.19027137568529e-05,TRUE,NA
3897,3.25545079086233e-05,1.82798308211304e-07,FALSE,NA
3898,0.000991356318787835,3.25382465395144e-07,FALSE,NA
3899,4.75703735973455e-07,6.659237066376e-07,TRUE,NA
3900,0.000132399027264315,1.83054371983923e-07,FALSE,NA
3901,0.0119889529835478,4.31568630722027e-06,FALSE,NA
3902,1.8696391141953e-05,0.00019696298673576,TRUE,NA
3903,0.000664274581811873,0.0107430397383131,TRUE,NA
3904,7.78623618574243e-05,1.77212604559505e-05,FALSE,NA
3905,0.0155446200999499,0.0014414944649759,FALSE,NA
3906,4.58679788911656e-05,0.00380260324971132,TRUE,NA
3907,0.00298977602613878,0.17746481160511,TRUE,NA
3908,0.0617994506134409,0.000120890897356866,FALSE,NA
3909,0.0132993963537198,4.24206355916145e-05,FALSE,NA
3910,0.0199718750073683,0.000241687103046924,FALSE,NA
3911,0.000365079325484284,1.09818976660711e-05,FALSE,NA
3912,0.000463300818691789,0.0310957508530092,TRUE,NA
3913,2.09104441641726e-07,3.39550896682949e-05,TRUE,NA
3914,0.00159702706320328,0.000268666132128455,FALSE,NA
3915,8.60088313143174e-08,0.209990131266421,TRUE,NA
3916,0.00176678455624092,0.0211562370216157,TRUE,NA
3917,0.00784746752471975,0.0343113378679822,TRUE,NA
3918,3.33117855491815e-05,1.71050948800544e-05,FALSE,NA
3919,0.0163361463144664,1.01746524582113,TRUE,NA
3920,0.00074599312003224,0.000492246439147499,FALSE,NA
3921,0.000541852180513589,0.000153766484236032,FALSE,NA
3922,1.03703552527108e-06,8.68730507984883e-05,TRUE,NA
3923,0.0176715495686401,0.00485878448351299,FALSE,NA
3924,8.21676060528454e-12,0.000128778851362171,TRUE,NA
3925,9.990775189034e-06,1.79652722644861,TRUE,NA
3926,0.0101671617831665,0.0149421723881298,TRUE,NA
3927,0.00105821919508803,0.180920681428201,TRUE,NA
3928,0.00260589685385339,0.0022111908737643,FALSE,NA
3929,0.00436980847124894,3.25884846644603e-08,FALSE,NA
3930,0.000940810114377983,0.00399951624630051,TRUE,NA
3931,0.000520401382831461,1.57841986118167e-06,FALSE,NA
3932,0.0340641444174503,1.32583028506392e-06,FALSE,NA
3933,1.63241949958828e-07,0.0340431401188541,TRUE,NA
3934,3.51605326936566e-05,0.00040929825194371,TRUE,NA
3935,0.000424721794360183,4.50490108655679e-06,FALSE,NA
3936,0.00495527439035829,0.828419690916867,TRUE,NA
3937,1.80768607233416e-06,0.000272256803486686,TRUE,NA
3938,0.000486958308730793,8.32735190972157e-05,FALSE,NA
3939,2.69793440028806e-05,1.02402315421016e-05,FALSE,NA
3940,9.43031715870144e-06,8.41956237690687e-05,TRUE,NA
3941,3.93835026906747e-06,0.000276651907779298,TRUE,NA
3942,0.0129677024853752,0.00335624113536547,FALSE,NA
3943,0.00039311398104746,7.76597092368265e-08,FALSE,NA
3944,0.00149038221142515,0.00585148675755938,TRUE,NA
3945,0.00724518486330243,8.39905578534045e-07,FALSE,NA
3946,0.000868862680028678,3.24959419881074e-07,FALSE,NA
3947,0.0127885257586096,2.29727550711435e-06,FALSE,NA
3948,0.000252098571375848,4.35792893873511e-06,FALSE,NA
3949,0.0016945740477506,0.000278425530597095,FALSE,NA
3950,5.0972518439685e-06,0.00221417186424335,TRUE,NA
3951,0.00291244332999663,0.000164348248854422,FALSE,NA
3952,7.73943187288876e-08,1.44522301964291e-05,TRUE,NA
3953,8.88301617007844e-07,4.0045376933144e-05,TRUE,NA
3954,0.000104003245533624,0.0236272512012952,TRUE,NA
3955,1.80184767269127e-09,3.90014516997648e-05,TRUE,NA
3956,0.02821161639299,6.49503349504558e-05,FALSE,NA
3957,0.037812844375161,3.50490176885436e-05,FALSE,NA
3958,0.000101521212839017,0.0220099527639944,TRUE,NA
3959,0.00426531065736763,0.0183492235964221,TRUE,NA
3960,1.69728814473976e-05,8.6607116449248e-06,FALSE,NA
3961,0.0597660285602718,0.00510005449551242,FALSE,NA
3962,0.00491355818799866,1.19718146124053e-07,FALSE,NA
3963,0.00211206306123234,0.00205525611254587,FALSE,NA
3964,5.74282133879082e-07,0.000177362493319332,TRUE,NA
3965,3.01142519425652e-05,0.266443954203768,TRUE,NA
3966,0.144748433491826,9.36893906947809e-06,FALSE,NA
3967,0.00267635376055435,1.64331504907544e-05,FALSE,NA
3968,0.00986622132996792,0.71302954396203,TRUE,NA
3969,4.97592301974355e-08,0.00161500783084343,TRUE,NA
3970,0.000434730549112718,2.34980780210014e-05,FALSE,NA
3971,5.29274135496832e-05,8.27471424717045e-12,FALSE,NA
3972,0.0124968801419657,0.0154723393089862,TRUE,NA
3973,9.75946884374008e-06,0.0527204603142228,TRUE,NA
3974,0.0229290541837917,0.0994525598337927,TRUE,NA
3975,3.1608012191022e-05,4.88180623406934e-08,FALSE,NA
3976,0.00566070716586408,0.200110272500399,TRUE,NA
3977,1.07434838808816e-10,0.000345792466378136,TRUE,NA
3978,0.0344211734722441,0.00242648439473859,FALSE,NA
3979,0.00128937054928652,3.49837978524606e-05,FALSE,NA
3980,0.00664512615865252,5.05452791354014e-06,FALSE,NA
3981,7.49941706964486e-05,2.02634609182362e-06,FALSE,NA
3982,1.46558187595963e-05,0.00142451978183696,TRUE,NA
3983,0.0730520191453154,6.21974569317874e-07,FALSE,NA
3984,9.80329377870699e-05,0.0912764550190585,TRUE,NA
3985,0.000312843684851207,0.00175916270653264,TRUE,NA
3986,0.149088527747358,1.76403415134888e-06,FALSE,NA
3987,0.0629032237667766,4.00291906528549e-08,FALSE,NA
3988,1.16572641489693e-05,0.000238108050386985,TRUE,NA
3989,0.0398523331276111,0.0434924642203188,TRUE,NA
3990,0.000213797016821349,3.97542134849844e-07,FALSE,NA
3991,1.01537902467349e-07,2.01865029957633e-06,TRUE,NA
3992,0.00056673023968604,1.2926946779131e-05,FALSE,NA
3993,0.000839736306288665,0.0181309711211217,TRUE,NA
3994,0.0197816902072792,0.00283907365835053,FALSE,NA
3995,3.06857019026145e-05,0.00294567088934984,TRUE,NA
3996,0.0213291527326129,2.11951853871438e-08,FALSE,NA
3997,0.00329622170636764,4.63423475260389e-05,FALSE,NA
3998,0.00240878474816824,0.00311748860911578,TRUE,NA
3999,2.96209634129612e-05,2.15740242405766e-07,FALSE,NA
4000,0.0024984952637757,1.84781988085943e-08,FALSE,NA
4001,0.0842788722384364,0.0469080718848857,FALSE,NA
4002,5.19540072255258e-05,0.0163307375935287,TRUE,NA
4003,0.0457028381979029,0.000639737076544221,FALSE,NA
4004,3.72570156630162e-07,0.0174553793092806,TRUE,NA
4005,1.4570530877747e-05,1.16199783196446e-09,FALSE,NA
4006,1.18913546534946e-06,1.50790066923844,TRUE,NA
4007,0.0276635820589872,0.0316883224469376,TRUE,NA
4008,0.0150232192648949,1.20011506305057e-05,FALSE,NA
4009,0.00663020264917349,0.0285900342575409,TRUE,NA
4010,0.000999226097508753,4.47619523779482e-05,FALSE,NA
4011,0.027370327939079,6.8254006507923e-05,FALSE,NA
4012,0.0032060238407319,1.18607271495039e-05,FALSE,NA
4013,0.00206634097345493,0.0038696286774425,TRUE,NA
4014,0.0170607493684117,0.00191735193360372,FALSE,NA
4015,0.0229620085801575,0.00760550707703749,FALSE,NA
4016,0.0490662004421214,0.384160631236119,TRUE,NA
4017,0.000410676970142462,0.282239826102967,TRUE,NA
4018,0.000206957348568916,0.198111931717832,TRUE,NA
4019,0.000156570570560714,3.9422643604424e-06,FALSE,NA
4020,2.04602725618396e-06,1.51050219971403e-07,FALSE,NA
4021,6.65517185549962e-07,1.88587686760613e-05,TRUE,NA
4022,0.0237003043107789,0.000185196771794935,FALSE,NA
4023,0.00033009312016738,0.0153956827483224,TRUE,NA
4024,0.0109776249142134,5.60652703887361e-07,FALSE,NA
4025,1.48682686108759e-05,0.116263093445906,TRUE,NA
4026,0.00298981439012789,0.000496396070911959,FALSE,NA
4027,0.0285193620952248,0.042169112516381,TRUE,NA
4028,1.77176289348153e-07,7.97745783304064e-05,TRUE,NA
4029,4.38485724235238e-06,3.52797025549627e-09,FALSE,NA
4030,0.000330122620526684,0.0691555817719924,TRUE,NA
4031,0.00492196082718825,5.88901540852132e-06,FALSE,NA
4032,5.03743046784987e-06,2.41117409791921e-06,FALSE,NA
4033,0.00169210623778609,0.979305709056785,TRUE,NA
4034,0.000855784177728715,0.00161431157242267,TRUE,NA
4035,8.49126418569684e-05,0.118216064576512,TRUE,NA
4036,0.0127323159001596,0.00755566107688032,FALSE,NA
4037,1.28104736970154e-05,4.5394748349737e-07,FALSE,NA
4038,1.68790362054903e-07,0.00992702774773891,TRUE,NA
4039,5.58290080847664e-11,8.95776442106563e-07,TRUE,NA
4040,4.7955943431189e-06,1.11542577653979,TRUE,NA
4041,0.00116327523693928,0.00381305137676411,TRUE,NA
4042,0.00450514596059322,7.30990330560613e-08,FALSE,NA
4043,0.0305752485190657,0.000740982161366524,FALSE,NA
4044,1.10524399523011e-07,1.02518371839378e-06,TRUE,NA
4045,0.0011670371292963,0.000622726113442,FALSE,NA
4046,1.77697403610768e-06,0.016942350170013,TRUE,NA
4047,0.000757084193805086,1.26149669118403e-07,FALSE,NA
4048,5.5120720114106e-07,0.00167940329024089,TRUE,NA
4049,0.00336736230812739,0.00878282128135682,TRUE,NA
4050,0.00138485544445528,0.000663147354124153,FALSE,NA
4051,8.0990734564856e-07,6.26074950749222e-05,TRUE,NA
4052,0.00108117133448643,5.57669646162733e-05,FALSE,NA
4053,0.00445591209349588,0.00433107900583999,FALSE,NA
4054,0.00281993116761706,0.000146962742203861,FALSE,NA
4055,2.76895887119062e-05,0.00479359548895417,TRUE,NA
4056,0.000460930267399147,0.000211811014509966,FALSE,NA
4057,0.0787308977698891,1.94306645854622e-05,FALSE,NA
4058,0.000973895218729596,0.0210744198952476,TRUE,NA
4059,0.000172058021985415,0.00359129957100198,TRUE,NA
4060,0.0241972269837118,0.026902789325502,TRUE,NA
4061,0.0011073673451504,0.0049759429282215,TRUE,NA
4062,0.0218375550124002,0.00100773938117927,FALSE,NA
4063,0.00751833426460523,0.0063598806777145,FALSE,NA
4064,6.11073241993937e-06,7.34514966393051e-05,TRUE,NA
4065,5.09831933412407e-05,4.0982905966174e-10,FALSE,NA
4066,0.00490787232502012,0.1770303184373,TRUE,NA
4067,2.28921229095834e-06,0.225077987048125,TRUE,NA
4068,1.50875845687718e-05,6.98091664691201e-09,FALSE,NA
4069,0.000157772427857247,0.0468559316760163,TRUE,NA
4070,0.0155453293969864,0.00503555895487446,FALSE,NA
4071,0.00128024878993043,0.130705372229745,TRUE,NA
4072,1.24493427204441e-05,0.00185632220233318,TRUE,NA
4073,0.00412331651100916,0.000565597444668645,FALSE,NA
4074,1.96343874116809e-07,0.000155148769981093,TRUE,NA
4075,0.00420403603962048,7.9309993376105e-05,FALSE,NA
4076,0.309841811893052,0.015306449546837,FALSE,NA
4077,0.000283114003702188,0.00220347548667982,TRUE,NA
4078,5.97317835730212e-07,0.918400706361124,TRUE,NA
4079,0.00100247063105646,0.00246399950068326,TRUE,NA
4080,1.41288075563857e-06,3.18490438885728e-06,TRUE,NA
4081,2.73495226503425e-10,0.00471211990631237,TRUE,NA
4082,0.000420420719632444,2.12710325549861e-07,FALSE,NA
4083,0.0577001175387153,8.94209941958391e-06,FALSE,NA
4084,1.84815419045691e-05,0.093624820356784,TRUE,NA
4085,0.00245788682293522,0.00308253814301646,TRUE,NA
4086,6.62390089223505e-07,0.000162481967788081,TRUE,NA
4087,5.92399286039567e-05,4.7798460110975e-08,FALSE,NA
4088,0.000113576232993956,0.00131619069092482,TRUE,NA
4089,2.49737927709901e-06,4.22491202788043e-07,FALSE,NA
4090,4.90042617390411e-08,0.000655561196674986,TRUE,NA
4091,0.0131932872050834,0.0364885327687863,TRUE,NA
4092,6.68379314208449e-05,8.95861819955233e-05,TRUE,NA
4093,8.22638906188458e-07,6.22541949529844e-05,TRUE,NA
4094,0.00249879933646694,0.000100123076415622,FALSE,NA
4095,7.20920165408539e-05,0.0135690949372125,TRUE,NA
4096,0.0128077982833164,0.00592189502350852,FALSE,NA
4097,1.05931952149232e-05,0.0724823184938077,TRUE,NA
4098,3.12792265297046e-06,0.000127793069109835,TRUE,NA
4099,4.13773034626287e-06,0.0469578280062426,TRUE,NA
4100,0.0839281392247532,0.00295787551117914,FALSE,NA
4101,7.07958034071691e-05,0.000180615504929313,TRUE,NA
4102,4.3780629726352e-06,0.312919853939394,TRUE,NA
4103,5.14471274472646e-07,0.370625272534224,TRUE,NA
4104,1.18515506992403e-07,1.23197147744841e-07,TRUE,NA
4105,2.70031811532829e-06,1.31890143338187e-09,FALSE,NA
4106,0.00186465638320601,0.209388370471523,TRUE,NA
4107,0.000408861277750621,6.96181118807187e-05,FALSE,NA
4108,2.27892749475255e-05,0.338857078026022,TRUE,NA
4109,1.9378051077396e-05,0.00394323732535629,TRUE,NA
4110,4.73210971741569e-05,0.066293841655042,TRUE,NA
4111,0.000406075827486732,0.019940114241681,TRUE,NA
4112,0.00160329364481224,0.00390135330851979,TRUE,NA
4113,0.000433250399488098,0.00334384669719243,TRUE,NA
4114,7.44279724377538e-06,0.020606655925296,TRUE,NA
4115,1.73760945866229e-05,0.247672766578725,TRUE,NA
4116,0.000689725741211618,0.000240493675787952,FALSE,NA
4117,0.0157149461911886,4.95037965277894e-06,FALSE,NA
4118,0.0434025557166106,7.76734687735828e-05,FALSE,NA
4119,0.000621354669886965,0.00111272400068448,TRUE,NA
4120,0.00978892224557795,8.19717891119399e-06,FALSE,NA
4121,8.19822270648185e-05,5.10350025461572e-07,FALSE,NA
4122,0.0120606301136921,7.27606506071089e-05,FALSE,NA
4123,1.14551291698923e-05,2.46786500185502e-06,FALSE,NA
4124,2.16927460554697e-05,0.014845623379421,TRUE,NA
4125,3.8895786287833e-05,0.0351925058797131,TRUE,NA
4126,9.10194853927884e-06,1.01907958490846e-07,FALSE,NA
4127,0.00605168245436567,0.161755269033906,TRUE,NA
4128,4.82145334178844e-08,6.71133878471376e-06,TRUE,NA
4129,2.60836139425231e-08,1.47422446000192e-05,TRUE,NA
4130,4.07687402154565e-08,0.00230080989591324,TRUE,NA
4131,0.00995827077167416,5.67914382349214e-10,FALSE,NA
4132,0.0146536420979296,0.000410626157273428,FALSE,NA
4133,0.000208118615005355,3.74864305463134e-06,FALSE,NA
4134,6.11603144246979e-06,0.00097927750333187,TRUE,NA
4135,0.00687948381503823,0.125451927089409,TRUE,NA
4136,0.0011126391321562,1.40390702703543e-07,FALSE,NA
4137,0.000180585903174597,0.142331608849467,TRUE,NA
4138,0.000958143698608946,1.8987263950216e-06,FALSE,NA
4139,0.00912604680689821,0.000189419219174912,FALSE,NA
4140,9.57793930276789e-05,2.2108315178815e-11,FALSE,NA
4141,0.0209030850699108,0.00413999926435976,FALSE,NA
4142,1.07207910927667e-05,4.66820928231818e-05,TRUE,NA
4143,0.00691886270661373,8.79625232388007e-07,FALSE,NA
4144,0.00137000292076358,0.0020281089971243,TRUE,NA
4145,0.0631561206739135,9.31880020100187e-06,FALSE,NA
4146,0.0625026181479544,5.40262255680686e-06,FALSE,NA
4147,1.68496060799826e-05,0.129186327284313,TRUE,NA
4148,0.012573705820953,0.00113012447934067,FALSE,NA
4149,0.000691196350700746,0.00610083521965858,TRUE,NA
4150,8.94301665737409e-05,2.04157720122194e-05,FALSE,NA
4151,1.23014428152379e-05,0.0184804863136127,TRUE,NA
4152,7.1535901752208e-05,0.000468023515892303,TRUE,NA
4153,4.36858623185229e-05,8.03470545692203e-07,FALSE,NA
4154,9.19560720931433e-05,0.00729028342106373,TRUE,NA
4155,0.000210928248480571,0.525451968908001,TRUE,NA
4156,1.46749360282093e-06,4.11647328714826,TRUE,NA
4157,0.000109261295898269,1.40934522388929e-06,FALSE,NA
4158,7.10529462096175e-06,3.15805522407958e-06,FALSE,NA
4159,1.12194750786385e-08,0.000127554257399576,TRUE,NA
4160,9.55259202777584e-05,0.00899874572970428,TRUE,NA
4161,9.51834288743596e-07,0.0216271283517255,TRUE,NA
4162,0.000196249508252175,0.00101938705346508,TRUE,NA
4163,0.00388003581973444,3.62572972399622e-06,FALSE,NA
4164,2.18910888507715e-07,1.25466844544391e-05,TRUE,NA
4165,3.89210415692202e-05,1.84333704026404e-09,FALSE,NA
4166,0.00572668722037445,0.000150529931960022,FALSE,NA
4167,0.00156783754808777,8.34445079834265e-05,FALSE,NA
4168,0.00224874089936931,0.00665455588164921,TRUE,NA
4169,0.00188792479279345,0.000360764205910581,FALSE,NA
4170,0.000300705319494885,2.06844555655663e-06,FALSE,NA
4171,5.55265220078271e-05,4.1652052617578e-06,FALSE,NA
4172,0.000851842491709993,0.00104107164217704,TRUE,NA
4173,0.0397241557206791,2.7579032922848e-05,FALSE,NA
4174,0.000870055850466509,1.08465249616981e-05,FALSE,NA
4175,1.5986282470513e-06,0.00130439911393898,TRUE,NA
4176,0.000590461092159092,0.0296976553474931,TRUE,NA
4177,0.00101178579594664,0.000169275134705923,FALSE,NA
4178,2.54345089916207e-06,2.45937989147487e-05,TRUE,NA
4179,1.85385349935449e-07,0.0137804483699847,TRUE,NA
4180,0.00513960509310787,2.69333996254437e-05,FALSE,NA
4181,7.92902946984537e-05,0.0400478615527048,TRUE,NA
4182,8.35605615179238e-06,8.37622676305996e-07,FALSE,NA
4183,0.019518055460807,0.0648443459520642,TRUE,NA
4184,8.96810954264978e-05,0.000101016537327978,TRUE,NA
4185,3.00702169260022e-05,0.011489904236994,TRUE,NA
4186,0.0180848026793687,0.00128313240884047,FALSE,NA
4187,3.97891475521225e-06,1.44004003501441e-06,FALSE,NA
4188,6.90690186946944e-05,0.0024527065690948,TRUE,NA
4189,1.25129411159602e-05,6.32630513056469e-05,TRUE,NA
4190,0.00368352062559699,0.00010132320041055,FALSE,NA
4191,2.24214646449936e-07,0.241937803279415,TRUE,NA
4192,2.05796718574749e-05,0.0629505322999866,TRUE,NA
4193,0.000173965206907704,3.58465072924908e-07,FALSE,NA
4194,0.0308425220612634,0.149412891773765,TRUE,NA
4195,0.000605259783241701,3.08852000958579e-06,FALSE,NA
4196,5.53819120354452e-06,0.00385951724251077,TRUE,NA
4197,2.25154330731832e-05,0.00114410755516807,TRUE,NA
4198,0.0019485105519008,0.0131263731266386,TRUE,NA
4199,0.00404377315996466,5.32522866070503e-05,FALSE,NA
4200,1.43570740994279e-05,5.33516619930816e-05,TRUE,NA
4201,4.04450022994709e-07,0.210841902281043,TRUE,NA
4202,0.00790017567729671,0.00173080849527526,FALSE,NA
4203,0.000977831361875218,0.000229856504712332,FALSE,NA
4204,0.00259705974177268,4.1096881822193e-05,FALSE,NA
4205,3.58875617678156e-05,1.21656698187276,TRUE,NA
4206,7.31216892988518e-05,1.45505081975726e-05,FALSE,NA
4207,7.75379509895675e-06,0.0022500622917275,TRUE,NA
4208,0.116977400765507,7.1637759138461e-07,FALSE,NA
4209,0.00181156942048929,2.21579624262673,TRUE,NA
4210,4.77254458289366e-10,1.37064848649626e-07,TRUE,NA
4211,0.000566233654178749,7.95483618190023e-05,FALSE,NA
4212,0.0138158272907017,0.070370299558367,TRUE,NA
4213,6.11805791425344e-08,1.38662715741593e-05,TRUE,NA
4214,1.77990369116404e-05,2.77377893853472e-06,FALSE,NA
4215,0.000753677767452163,2.88591321852787e-06,FALSE,NA
4216,0.0010708801078241,0.000160952979915486,FALSE,NA
4217,0.000188567208563381,2.40248556029366,TRUE,NA
4218,0.006798622287376,0.000325539984596139,FALSE,NA
4219,0.0251785886064366,0.00994141720345864,FALSE,NA
4220,0.00150838301495614,3.05346313069904e-05,FALSE,NA
4221,7.16404943191706e-07,0.0354062381460209,TRUE,NA
4222,2.38974591248486e-07,0.000480697969356428,TRUE,NA
4223,1.65819554402039e-07,1.28621313682525e-09,FALSE,NA
4224,0.000815871103246144,0.000157087704923514,FALSE,NA
4225,3.9799674302516e-05,2.89578544777683e-05,FALSE,NA
4226,0.00838230205109507,3.2446405530407e-07,FALSE,NA
4227,4.55830564802414e-08,0.00528155447170935,TRUE,NA
4228,0.00164459284240366,0.0502141919215143,TRUE,NA
4229,0.0226749761166556,0.000168580418755379,FALSE,NA
4230,0.000209337777365185,0.103919494042351,TRUE,NA
4231,0.0138564135612276,0.00325502414362069,FALSE,NA
4232,6.68090105572854e-08,3.7518925847345e-05,TRUE,NA
4233,0.00216125103002781,5.34590373398946e-09,FALSE,NA
4234,0.0177632305444903,9.13344659633104e-09,FALSE,NA
4235,0.000474173276082492,0.000524806974708103,TRUE,NA
4236,0.0112175632386584,5.49624593400556e-05,FALSE,NA
4237,6.76414077265631e-06,1.48356373589202,TRUE,NA
4238,1.06161012509297e-07,1.80162889014799e-05,TRUE,NA
4239,0.000180059925019453,0.523416819267265,TRUE,NA
4240,0.0219019016790222,1.28455928887711e-05,FALSE,NA
4241,0.00172255411564952,4.71368681145657,TRUE,NA
4242,7.28665487945988e-05,0.324247445024411,TRUE,NA
4243,1.62100544297729e-06,0.00866955385575054,TRUE,NA
4244,0.00226962381911755,1.23595654475356e-08,FALSE,NA
4245,0.000215911211229559,0.0566257633964262,TRUE,NA
4246,0.0135667015622644,0.0400817434056193,TRUE,NA
4247,0.0285474451468103,2.13228114756395e-05,FALSE,NA
4248,2.02056558904057e-05,0.00967174464781123,TRUE,NA
4249,1.15502809212977e-05,8.56775092198106e-07,FALSE,NA
4250,1.53426653252687e-06,0.0394196813844773,TRUE,NA
4251,0.0521040063686894,4.19549129651842e-09,FALSE,NA
4252,0.00187657971094835,0.375215668927045,TRUE,NA
4253,0.0315212754873642,6.44757580679747e-11,FALSE,NA
4254,0.000285427368242792,1.57305783112801e-06,FALSE,NA
4255,0.00148451010942297,0.000486284300402878,FALSE,NA
4256,0.000716342669591073,2.67765449879844e-06,FALSE,NA
4257,0.0988317984236446,0.11381077208851,TRUE,NA
4258,8.79429567509255e-07,0.957315632641149,TRUE,NA
4259,0.00165912536747356,0.0235207410622229,TRUE,NA
4260,0.0892449019165506,8.90723355885813e-05,FALSE,NA
4261,2.45982674430793e-06,5.59483637166428e-07,FALSE,NA
4262,0.00854486839769573,4.0425581561125e-05,FALSE,NA
4263,2.5348402336866e-07,7.76795826746001e-08,FALSE,NA
4264,0.000183020124066779,0.25465417714114,TRUE,NA
4265,1.97439688771187e-08,1.2037412191074,TRUE,NA
4266,2.75064439752053e-06,0.00244380475240161,TRUE,NA
4267,7.49311048883558e-05,6.86363273396742e-07,FALSE,NA
4268,0.00144550606329887,0.00165579243056523,TRUE,NA
4269,0.00100395933899734,0.316204368669175,TRUE,NA
4270,8.57320888837849e-08,2.05884366821926e-06,TRUE,NA
4271,0.00127416817018167,1.10339131265193e-06,FALSE,NA
4272,0.00940940221070847,0.000314819668130249,FALSE,NA
4273,2.79598422048081e-06,6.54349913319586e-06,TRUE,NA
4274,0.0126774621763275,3.05004104803837e-06,FALSE,NA
4275,0.000535789049677725,5.04363803291223e-05,FALSE,NA
4276,0.0149121526850781,0.0112479936053868,FALSE,NA
4277,0.00250185265289742,7.43877663032427e-07,FALSE,NA
4278,0.000813477269611837,0.355894207458269,TRUE,NA
4279,0.0010985135769503,0.0135368795774267,TRUE,NA
4280,5.15693223516165e-06,0.00799107211077229,TRUE,NA
4281,8.74277953111361e-06,0.000565544625547715,TRUE,NA
4282,5.78658170714428e-07,0.000207351118661496,TRUE,NA
4283,0.00552757005244945,6.88506209972506e-09,FALSE,NA
4284,5.02374850639973e-05,0.00158643810095874,TRUE,NA
4285,1.37541677691811e-05,0.0123111063828384,TRUE,NA
4286,1.86362036915315e-11,0.0278857261547705,TRUE,NA
4287,0.049904885826178,0.000403167343136141,FALSE,NA
4288,8.21625621905854e-06,0.000769243255422825,TRUE,NA
4289,0.00397065173474238,0.000307394036529779,FALSE,NA
4290,4.43729918098737e-06,0.00249449898091131,TRUE,NA
4291,2.99867276362747e-05,2.42513832889868e-07,FALSE,NA
4292,0.0225263047198453,5.67886486195641e-08,FALSE,NA
4293,0.000997799723355848,0.000100283850771454,FALSE,NA
4294,0.000321388176920036,0.000689954594839003,TRUE,NA
4295,0.00150921988442681,0.000410487498813915,FALSE,NA
4296,0.000823579784419114,0.000567523861129004,FALSE,NA
4297,0.000689216698708182,0.00208584608926655,TRUE,NA
4298,0.000120755350512592,0.182697408586326,TRUE,NA
4299,6.43243970131613e-05,0.000902390360461436,TRUE,NA
4300,0.00911269224961797,1.34636151142525,TRUE,NA
4301,6.33454442157092e-06,8.41415665931961e-06,TRUE,NA
4302,0.0764485179172117,0.00333211090392696,FALSE,NA
4303,7.30666150849865e-05,2.59006560334316e-05,FALSE,NA
4304,0.0586889839693633,1.89239801620697e-05,FALSE,NA
4305,6.72847764603157e-07,3.14868587677626e-05,TRUE,NA
4306,0.00315883894512276,0.140724391250504,TRUE,NA
4307,0.0216408622791564,0.00176952705639723,FALSE,NA
4308,0.000207527991416885,0.000276450655638655,TRUE,NA
4309,0.0158485247702038,0.12882667096121,TRUE,NA
4310,0.00791297189919297,0.17440494027036,TRUE,NA
4311,6.43702043564772e-05,2.13208731528131e-07,FALSE,NA
4312,0.0433251874947163,2.73897079945461e-05,FALSE,NA
4313,0.00238543649472565,1.48970620316083e-05,FALSE,NA
4314,9.1295461961009e-06,1.78136706777306e-05,TRUE,NA
4315,0.0150731744735708,0.00371040709994688,FALSE,NA
4316,8.25507872702419e-05,0.00108514870604031,TRUE,NA
4317,0.00416946687547425,2.78665257789575e-05,FALSE,NA
4318,6.92529949071212e-05,0.0435540053545986,TRUE,NA
4319,0.102403277809337,0.000402112336255041,FALSE,NA
4320,9.4649081244995e-05,0.00127978313700686,TRUE,NA
4321,5.26992322640702e-07,0.000310884178662455,TRUE,NA
4322,4.53931796149933e-07,0.00118677218285683,TRUE,NA
4323,0.00101161810810451,0.00213022015352985,TRUE,NA
4324,0.000906576547792952,5.31541708093388e-05,FALSE,NA
4325,2.35848443919361e-06,0.000168413089255803,TRUE,NA
4326,0.010305893288304,7.06441319058511e-05,FALSE,NA
4327,6.2114934893683e-05,0.007520007709057,TRUE,NA
4328,0.00381473140488461,0.985416915487894,TRUE,NA
4329,4.43714410067711e-07,1.05225317403718e-09,FALSE,NA
4330,3.02018649519085e-06,0.000197533776850864,TRUE,NA
4331,0.0408436835863835,4.94976390189922e-05,FALSE,NA
4332,0.0195675562251246,0.00065366855200834,FALSE,NA
4333,0.00127730665153931,0.000807735391716653,FALSE,NA
4334,8.73893195231127e-06,3.54058914471366e-07,FALSE,NA
4335,7.91461191689283e-05,3.91967415102346e-08,FALSE,NA
4336,0.00115385052199242,0.00203888472916788,TRUE,NA
4337,0.00268994218206382,0.000443613012229803,FALSE,NA
4338,5.01982032284799e-05,1.37345299094969e-05,FALSE,NA
4339,6.00840065818367e-06,9.95093391520741e-05,TRUE,NA
4340,0.055992862242784,1.38949490657301e-08,FALSE,NA
4341,0.00213916309172604,0.0210573970385235,TRUE,NA
4342,0.0035460391850958,0.0440559561771837,TRUE,NA
4343,4.12371391099041e-08,0.872181724828707,TRUE,NA
4344,0.000168013895817157,2.1052325361823e-06,FALSE,NA
4345,0.000201265139375085,0.000784814091375626,TRUE,NA
4346,0.000243671516902647,0.000154901659141886,FALSE,NA
4347,1.68095379982677e-05,0.000159054912045531,TRUE,NA
4348,9.55270729987001e-06,0.0169287713696401,TRUE,NA
4349,1.66621156039511e-08,2.55756149318611e-05,TRUE,NA
4350,0.00288606606439776,2.29708065353311e-06,FALSE,NA
4351,0.000109171673947252,0.000107786681483,FALSE,NA
4352,0.000871573589346798,5.71315889054504e-05,FALSE,NA
4353,0.0203266865049388,3.02486635873301e-08,FALSE,NA
4354,0.00724132932574356,0.290052811099914,TRUE,NA
4355,0.00748205132904678,0.000738469489611163,FALSE,NA
4356,0.0117886910694311,8.98919270149063e-07,FALSE,NA
4357,2.31472858025653e-07,0.0065855034828198,TRUE,NA
4358,0.0251248019207058,6.40706714888447e-05,FALSE,NA
4359,1.01886622082386e-05,1.35236009419002e-06,FALSE,NA
4360,2.47202929415383e-05,0.00572220420741744,TRUE,NA
4361,1.63656204377656e-05,0.133303631991521,TRUE,NA
4362,0.000728061628843985,0.000431688942652378,FALSE,NA
4363,4.67957631779832e-07,3.00203724361839e-06,TRUE,NA
4364,0.00630308682713053,0.0439878601975658,TRUE,NA
4365,2.95713557954438e-07,1.07135975110282e-08,FALSE,NA
4366,0.0146986699006256,0.0129214964587275,FALSE,NA
4367,0.000763486734037126,8.03638445077177e-07,FALSE,NA
4368,0.000151092094706462,1.04001719961343e-05,FALSE,NA
4369,0.0145091041227961,0.000790001489957382,FALSE,NA
4370,8.37888639761736e-09,1.62594503628339e-08,TRUE,NA
4371,9.55880558259024e-07,9.54329976245307e-05,TRUE,NA
4372,6.1309164251586e-05,0.000577699562628665,TRUE,NA
4373,0.00043334194412504,5.84508888950789e-06,FALSE,NA
4374,0.000308106763913709,3.27410973086259e-07,FALSE,NA
4375,3.85178781442746e-06,0.00116457654274277,TRUE,NA
4376,0.000380423365006025,0.000977852372538363,TRUE,NA
4377,0.000363955972223468,3.5533142504625e-08,FALSE,NA
4378,1.38927162708107e-05,0.00610622716707764,TRUE,NA
4379,0.000279316686311349,3.73292368607895e-05,FALSE,NA
4380,0.0167788691831877,0.000313354651089209,FALSE,NA
4381,1.96135833674455e-06,0.00488987345263146,TRUE,NA
4382,1.23525639278069e-05,1.82258019520976e-05,TRUE,NA
4383,4.88536177413133e-05,0.0172748809174442,TRUE,NA
4384,0.00182432783716654,7.18148632031429e-09,FALSE,NA
4385,1.57862252527623e-06,0.00968741254504451,TRUE,NA
4386,0.0611922316365455,0.00192656876285691,FALSE,NA
4387,1.85398990362272e-05,8.98921819403076e-06,FALSE,NA
4388,0.000334376380994588,1.95450173069281e-06,FALSE,NA
4389,1.40070510833921e-06,0.00146446942569268,TRUE,NA
4390,1.38729112827998e-07,2.56145789743661e-07,TRUE,NA
4391,0.048248339791397,7.01602890458832e-06,FALSE,NA
4392,1.0229270423593e-05,4.36544586396335e-06,FALSE,NA
4393,0.00705808555030998,3.09602630490874e-05,FALSE,NA
4394,3.41349193938307e-09,4.71073131184411e-05,TRUE,NA
4395,0.0142377679311858,0.000894691288890865,FALSE,NA
4396,2.94269486988948e-09,5.66806797351297e-06,TRUE,NA
4397,0.00745197724469552,0.000457161127695572,FALSE,NA
4398,0.00162323965878299,0.00430839546829501,TRUE,NA
4399,3.38091953742837e-06,0.000199332952733245,TRUE,NA
4400,9.04034144368748e-05,0.000156708541290711,TRUE,NA
4401,7.3133989649878e-06,0.000240859743374892,TRUE,NA
4402,0.0142826199090976,0.00159672766343721,FALSE,NA
4403,2.40069473584628e-07,7.45487828633643e-06,TRUE,NA
4404,3.15029004784308e-06,5.96311457957109e-05,TRUE,NA
4405,1.66117353513518e-06,0.0356742677898749,TRUE,NA
4406,9.53259609676701e-06,0.000484800760181456,TRUE,NA
4407,0.00168006004357858,2.28706167746266e-05,FALSE,NA
4408,6.11585189477188e-06,0.000269712389589084,TRUE,NA
4409,0.00714961887996156,5.87463696944307e-06,FALSE,NA
4410,0.000753863675083099,0.0158509991659267,TRUE,NA
4411,5.57301409437283e-07,0.000750157689279666,TRUE,NA
4412,5.1651924029706e-05,0.0218822497713823,TRUE,NA
4413,0.001154245087871,3.0513356751654e-08,FALSE,NA
4414,0.00104917943740762,0.178101842512808,TRUE,NA
4415,1.7659775369302e-07,0.0192079677443443,TRUE,NA
4416,0.00574239281171105,0.022264667762363,TRUE,NA
4417,0.000543206636671799,7.40526721339113e-05,FALSE,NA
4418,0.0206999057821856,0.000155304161814951,FALSE,NA
4419,5.09147036939463e-09,0.00121250670923456,TRUE,NA
4420,3.79277531080133e-06,0.0319231523547463,TRUE,NA
4421,0.00448120789358032,5.01571369426242,TRUE,NA
4422,7.34677713063448e-06,1.1943397899723e-06,FALSE,NA
4423,1.15069647131268e-05,4.62565236869882e-05,TRUE,NA
4424,0.000655181729513951,8.96002924938973e-05,FALSE,NA
4425,0.0416459938077618,0.272280823300654,TRUE,NA
4426,0.010214586490423,1.06486965786197,TRUE,NA
4427,2.6038779728547e-05,1.07164305977516,TRUE,NA
4428,0.0237065177158817,0.000640965287566428,FALSE,NA
4429,0.00108550779505012,1.19642805170078e-06,FALSE,NA
4430,0.000853411680444103,2.9524344589416e-06,FALSE,NA
4431,0.0190900332602308,0.0869538470872572,TRUE,NA
4432,1.83621435286848e-06,3.49868485966841e-06,TRUE,NA
4433,0.000422880297313385,0.173652644165238,TRUE,NA
4434,0.0271509210801311,1.60241004057069e-05,FALSE,NA
4435,0.000518896099791244,0.0137741869574936,TRUE,NA
4436,0.00115288743768952,7.42047860573048e-06,FALSE,NA
4437,0.014787564397599,0.011729437296662,FALSE,NA
4438,8.18754719789425e-08,0.000649695077221004,TRUE,NA
4439,0.000394445917581973,0.0275470622497315,TRUE,NA
4440,1.32674906097591e-05,7.63885164035584e-05,TRUE,NA
4441,0.00151038448549684,0.000103862051324303,FALSE,NA
4442,6.69054256354174e-05,3.35787997162931e-07,FALSE,NA
4443,1.00886977929581e-05,1.06879738450078e-09,FALSE,NA
4444,0.00114185468444781,5.58977686147517e-05,FALSE,NA
4445,0.000928704976056512,0.000363785294167786,FALSE,NA
4446,0.000260074302945351,0.000362991301681333,TRUE,NA
4447,0.00179480551193832,0.00657353572695373,TRUE,NA
4448,0.00250538922360016,6.0823056703206e-06,FALSE,NA
4449,8.54968047469752e-07,3.68439242817271,TRUE,NA
4450,1.71455613269085e-05,0.000109341385230274,TRUE,NA
4451,1.06155398594715e-06,3.37446999102096e-07,FALSE,NA
4452,1.96933419975071e-05,0.0648766352516891,TRUE,NA
4453,2.21272855415865e-05,0.000105575037222911,TRUE,NA
4454,6.22236926530748e-05,6.21961913988767e-07,FALSE,NA
4455,5.61878048956621e-07,0.0044341680460904,TRUE,NA
4456,1.01681300038838e-06,0.00356996793288664,TRUE,NA
4457,3.79837180754978e-05,0.551932648657471,TRUE,NA
4458,0.000536349785802132,8.67427549551451e-06,FALSE,NA
4459,0.00532077705832787,0.0124011312910204,TRUE,NA
4460,0.000230208843815236,0.0311607430701145,TRUE,NA
4461,0.000998302624220394,0.00592047949244968,TRUE,NA
4462,2.91154759943239e-07,0.00435859099794221,TRUE,NA
4463,0.000410372495933556,0.00646040147022321,TRUE,NA
4464,0.00666663314320816,0.00495603386415261,FALSE,NA
4465,0.00370135659557435,0.000693151112418511,FALSE,NA
4466,0.000135945703635234,0.0429808340436458,TRUE,NA
4467,9.66483236749009e-07,0.110403880121302,TRUE,NA
4468,0.00145414951545201,0.0193690246292002,TRUE,NA
4469,8.94043062205062e-10,0.0239072550529492,TRUE,NA
4470,2.11015315447456e-06,0.00505511773408312,TRUE,NA
4471,0.000526739981450638,1.19721499710684e-05,FALSE,NA
4472,0.0584662581235895,7.12913073926175e-05,FALSE,NA
4473,0.0042985429862744,4.69165326423259e-05,FALSE,NA
4474,3.34181066525014e-05,1.69502385530942e-06,FALSE,NA
4475,9.8825305367923e-06,0.00165903791781847,TRUE,NA
4476,0.000182163036904639,1.56198157074576e-05,FALSE,NA
4477,7.35141727336587e-06,6.97133776976866e-06,FALSE,NA
4478,0.062985974627242,0.00806368662821376,FALSE,NA
4479,4.34543433392505e-07,9.2549523260404e-06,TRUE,NA
4480,5.70327823868187e-05,2.40803428038593e-06,FALSE,NA
4481,1.3604655335661e-05,0.000518946524448372,TRUE,NA
4482,0.00314749452668338,0.000698124325974342,FALSE,NA
4483,0.000165292657405527,2.07468126883607e-07,FALSE,NA
4484,0.00846533081593302,0.000338619884722775,FALSE,NA
4485,1.93834386140876e-05,6.4236326528216e-07,FALSE,NA
4486,0.00674128038283074,0.000415633995436544,FALSE,NA
4487,8.98859431734808e-10,2.31338853257964e-05,TRUE,NA
4488,0.00975183000873683,0.000216132545047969,FALSE,NA
4489,0.0549883535247137,0.0445109039630542,FALSE,NA
4490,0.00356184490018951,3.1070698556057e-05,FALSE,NA
4491,0.00548010992961801,0.000113199461929709,FALSE,NA
4492,2.95971841321148e-05,0.0176604359808969,TRUE,NA
4493,9.42774066914499e-07,4.52513955724789e-05,TRUE,NA
4494,0.000859897407497734,5.35535060885064e-10,FALSE,NA
4495,2.19789663420134e-07,2.64512928410443e-05,TRUE,NA
4496,4.14918293583479e-05,0.00814925013062976,TRUE,NA
4497,0.000199154707996798,4.4489970633337e-06,FALSE,NA
4498,1.49008789025641e-06,0.00323984468254584,TRUE,NA
4499,9.19321163670479e-05,5.97739424589075e-06,FALSE,NA
4500,4.96916442572277e-08,0.345067179244573,TRUE,NA
4501,8.06684828665194e-06,1.36335769751871e-06,FALSE,NA
4502,0.00207322754330572,0.00111298128603228,FALSE,NA
4503,1.37310664096515e-06,0.0423477616579586,TRUE,NA
4504,1.70585877214292e-05,6.93645128594342e-06,FALSE,NA
4505,0.00102271513986463,4.80371086908479e-05,FALSE,NA
4506,1.5245211758666e-06,0.0113525556659141,TRUE,NA
4507,3.10000763201735e-08,1.68316610396394e-05,TRUE,NA
4508,6.84153494143827e-05,3.85115011754804e-05,FALSE,NA
4509,2.47466806290624e-06,0.00128112736510663,TRUE,NA
4510,5.41974889630247e-05,0.000253178730041314,TRUE,NA
4511,3.3744762109965e-08,6.86522584060609e-06,TRUE,NA
4512,0.00163191243428675,0.00985801867933768,TRUE,NA
4513,6.45612920765673e-09,5.56117602999049e-08,TRUE,NA
4514,0.000334554812813297,1.31800092976555e-07,FALSE,NA
4515,0.326066024495524,0.0622762588106725,FALSE,NA
4516,0.00226818786503584,0.272386494128027,TRUE,NA
4517,3.55669077659804e-05,3.04683932728972e-08,FALSE,NA
4518,2.02266892328774e-09,0.000236578374825355,TRUE,NA
4519,0.000187975280896671,2.18543184780224e-05,FALSE,NA
4520,0.0504202232205362,8.52235331570745e-05,FALSE,NA
4521,0.00236524408375374,0.0398784454522896,TRUE,NA
4522,8.1449830545446e-09,0.0190374617698497,TRUE,NA
4523,1.67397892096955e-05,0.00261018360845238,TRUE,NA
4524,1.16660432075757e-05,0.0458504073367629,TRUE,NA
4525,8.90939288649519e-06,2.22846386037258e-09,FALSE,NA
4526,0.0924590205649126,0.03014667087222,FALSE,NA
4527,0.00043279514999295,0.168784213007835,TRUE,NA
4528,0.00849091402903149,0.00523588453486396,FALSE,NA
4529,0.00268801846008176,0.0131484976004043,TRUE,NA
4530,0.000118587353906711,0.00622205564128541,TRUE,NA
4531,0.0579485353195273,1.89816887304486e-06,FALSE,NA
4532,3.81982018872422e-08,0.000102490709459496,TRUE,NA
4533,2.60352069138488e-05,1.18815718446764e-05,FALSE,NA
4534,0.000636737045206112,7.05696525929807e-09,FALSE,NA
4535,9.7505535261063e-05,0.000297118445961179,TRUE,NA
4536,0.024635734236244,0.000370068270264254,FALSE,NA
4537,0.0179231577271544,0.0893476564646735,TRUE,NA
4538,0.00487147716214554,0.000892544665339855,FALSE,NA
4539,4.76787081586168e-06,2.85726548856497e-06,FALSE,NA
4540,0.00223710459347352,0.00068393358985475,FALSE,NA
4541,0.00771788810418076,6.57854852270461,TRUE,NA
4542,0.0004501658355479,0.549835862812656,TRUE,NA
4543,0.00105023882984938,0.000490930360171921,FALSE,NA
4544,0.000362990973960671,0.000635049054490984,TRUE,NA
4545,9.34794224510067e-06,0.0180965785060007,TRUE,NA
4546,0.000891087218401909,5.00531183611388e-05,FALSE,NA
4547,0.000317601628300624,0.000120132295013151,FALSE,NA
4548,0.000139859062869574,3.01251352965397e-06,FALSE,NA
4549,2.12283744018623e-06,0.00254240422572796,TRUE,NA
4550,0.0267288884015545,0.00166961094505825,FALSE,NA
4551,2.31263355961912e-05,2.86654107221093e-06,FALSE,NA
4552,6.34680006861687e-06,0.0104346063784411,TRUE,NA
4553,0.000285447573693287,6.32906124954064e-07,FALSE,NA
4554,4.65799993759531e-05,0.000405218610394558,TRUE,NA
4555,0.000570811722081429,0.015287983087714,TRUE,NA
4556,0.0031826127740305,0.00635826625642405,TRUE,NA
4557,0.00281240000256565,1.64844688497177e-07,FALSE,NA
4558,0.000581601824339871,0.00592584175707225,TRUE,NA
4559,6.39564685852283e-05,4.00616056137584e-08,FALSE,NA
4560,0.016027581390217,4.96793217384419,TRUE,NA
4561,0.000255349532504489,0.00316399734568031,TRUE,NA
4562,0.000675059505045535,0.0313124722231767,TRUE,NA
4563,0.000298429181187221,0.0144860333648303,TRUE,NA
4564,0.00111637679547833,3.23841455574764e-07,FALSE,NA
4565,0.00149099703759248,5.14430396599951e-05,FALSE,NA
4566,0.00143545353800411,0.0345880354634231,TRUE,NA
4567,1.73654405785102e-05,0.229607126869381,TRUE,NA
4568,0.0454622929890003,8.51402686615546e-05,FALSE,NA
4569,0.0010235158722818,0.0293251987985809,TRUE,NA
4570,1.4673424438785e-05,0.000499640402456627,TRUE,NA
4571,0.00400183827793177,0.0033480345082109,FALSE,NA
4572,9.18443646242987e-05,1.42491258880947e-06,FALSE,NA
4573,0.00275199080650649,0.00418150938178455,TRUE,NA
4574,0.0732382682615161,1.81039822744943e-05,FALSE,NA
4575,3.08200401488917e-05,2.50576333473134,TRUE,NA
4576,1.68764169093396e-06,3.25458001004861e-05,TRUE,NA
4577,0.00211302250099584,0.0159516599334368,TRUE,NA
4578,1.62873596439919e-07,0.000348743044841601,TRUE,NA
4579,2.14465029756476e-05,1.09151182831701e-07,FALSE,NA
4580,9.53123470439143e-05,0.00489547709676803,TRUE,NA
4581,7.82208728685919e-05,1.52807014884212e-05,FALSE,NA
4582,0.0197022375779294,0.0015781414048028,FALSE,NA
4583,0.000314750527711282,0.0230893253977373,TRUE,NA
4584,0.00167416225428364,3.16961704092163e-05,FALSE,NA
4585,0.000283257576111355,1.66929437619135e-05,FALSE,NA
4586,1.37520576261737e-06,0.0724941215374621,TRUE,NA
4587,0.00818922175653964,0.00443350735874609,FALSE,NA
4588,1.22255623291553e-05,0.00388762830192226,TRUE,NA
4589,0.00650162774571594,1.47398901059327e-06,FALSE,NA
4590,2.60321663759197e-05,0.0122330652565447,TRUE,NA
4591,0.000148913326135035,8.03632381273741e-06,FALSE,NA
4592,0.0153736336863061,0.000104140167549714,FALSE,NA
4593,0.0257894244467419,0.000769379357933078,FALSE,NA
4594,0.00206645476147349,0.000401254146077817,FALSE,NA
4595,0.000210489255990634,0.00219094438645377,TRUE,NA
4596,8.26419415769032e-07,6.07965262339247e-06,TRUE,NA
4597,8.63505499917577e-06,3.66017117361868,TRUE,NA
4598,3.83415305146773e-05,5.75135171595495e-08,FALSE,NA
4599,3.49613959708237e-05,0.00714199269600583,TRUE,NA
4600,1.90153004471543e-10,0.00283613961990838,TRUE,NA
4601,8.86809550446289e-05,0.285670189984823,TRUE,NA
4602,0.000711052104831117,0.0673233196082761,TRUE,NA
4603,4.0844324839389e-05,0.00580126167611316,TRUE,NA
4604,0.0458761379177616,1.69397742824467e-08,FALSE,NA
4605,0.048746244053697,3.04121963699297e-06,FALSE,NA
4606,3.53726465063396e-07,4.45786600610929e-06,TRUE,NA
4607,1.2737929101204e-07,0.394997432772738,TRUE,NA
4608,0.000187352411394194,0.00023427291779502,TRUE,NA
4609,0.00283092930076833,2.04109952532093,TRUE,NA
4610,0.0035126713473838,5.66374064658953e-06,FALSE,NA
4611,0.00125600622941811,1.68737374064696e-05,FALSE,NA
4612,0.0218599355625669,0.000918566460371972,FALSE,NA
4613,0.00204677816093386,0.0849571019205573,TRUE,NA
4614,1.93126934172847e-06,0.000174414454950576,TRUE,NA
4615,0.0716967482786649,0.000577421919915934,FALSE,NA
4616,0.0356343808147632,3.90903890992291e-05,FALSE,NA
4617,2.75335271099769e-06,0.00265487548138571,TRUE,NA
4618,0.0133920988440489,0.000121182737452469,FALSE,NA
4619,0.0110043924565911,2.19234026020825e-06,FALSE,NA
4620,0.000194113888727382,0.000219398198011848,TRUE,NA
4621,0.00101749085191373,0.01430926911189,TRUE,NA
4622,9.32417912859581e-06,8.46280554875256e-06,FALSE,NA
4623,7.36869749055636e-08,2.95145183705478e-06,TRUE,NA
4624,0.00375006341779298,0.00724162851847406,TRUE,NA
4625,0.000253152599001602,3.99872984987929e-06,FALSE,NA
4626,0.000292052653142612,5.33199498757836e-05,FALSE,NA
4627,0.0170545741403389,0.0138919727198072,FALSE,NA
4628,3.75935856281468e-06,2.11226005237836e-05,TRUE,NA
4629,0.0212082828564801,3.58697802507474e-05,FALSE,NA
4630,2.56182781328515e-05,0.000232688787209946,TRUE,NA
4631,0.000511737426995162,0.03035456947667,TRUE,NA
4632,0.000218330282742135,3.09001692344745e-08,FALSE,NA
4633,0.021254980007209,0.0019020185520083,FALSE,NA
4634,0.00052828295053551,0.00382628429771577,TRUE,NA
4635,0.0188131662059381,0.00167414581058732,FALSE,NA
4636,0.135615876256547,1.2783759442304,TRUE,NA
4637,0.0176577069545115,0.0393295287718017,TRUE,NA
4638,3.87835484715547e-05,0.552351274925538,TRUE,NA
4639,4.98623145623636e-06,2.23955239641241,TRUE,NA
4640,5.46174904884032e-06,0.000203190757885373,TRUE,NA
4641,0.0015345892507576,2.1884198425126e-06,FALSE,NA
4642,0.00166515427169774,1.34613013567293e-06,FALSE,NA
4643,0.000259041774603142,0.000227901381939403,FALSE,NA
4644,0.0151627193130486,3.5109642174913,TRUE,NA
4645,2.05789154020111e-07,0.00523104166181991,TRUE,NA
4646,0.000292761051140025,0.721893699982929,TRUE,NA
4647,8.97052296964795e-06,0.00508925636097043,TRUE,NA
4648,0.00089043527719728,0.175689278659221,TRUE,NA
4649,0.00903691763109847,0.0158423664503046,TRUE,NA
4650,0.00539286137796169,0.000297608164035388,FALSE,NA
4651,4.33164991584278e-06,5.06565678421518e-10,FALSE,NA
4652,0.000152990300493845,0.0436217884302511,TRUE,NA
4653,5.77280883978717e-05,0.131370611224587,TRUE,NA
4654,0.00110639995155746,5.06572294469123e-06,FALSE,NA
4655,4.80682173981408e-05,1.90377581058194e-07,FALSE,NA
4656,2.16927052928744e-06,0.000469927104374124,TRUE,NA
4657,0.000125825247345479,0.00876797571800443,TRUE,NA
4658,0.00637875766695917,7.56853192528138e-05,FALSE,NA
4659,5.50674950813119e-08,1.53496079847464e-05,TRUE,NA
4660,3.95079363552812e-07,2.93787012369921e-08,FALSE,NA
4661,0.000595847618496345,0.0352935633356024,TRUE,NA
4662,0.000714172977695196,0.00651953916093461,TRUE,NA
4663,0.0017332661253257,2.98221303992734e-05,FALSE,NA
4664,5.46420556637142e-06,6.88229716894286e-05,TRUE,NA
4665,6.25617179851047e-05,0.00304106391991689,TRUE,NA
4666,4.42022636778463e-05,0.00138997978555437,TRUE,NA
4667,0.000331527757677314,0.0035135093553821,TRUE,NA
4668,6.08761938292112e-08,1.38994866284172e-07,TRUE,NA
4669,2.89575487570152e-05,2.70149399482609e-05,FALSE,NA
4670,9.57189882915406e-12,0.000168851819146701,TRUE,NA
4671,0.00517350768021389,5.27723577661479e-08,FALSE,NA
4672,3.07400031297389e-05,0.000269512353794054,TRUE,NA
4673,2.64781021635273e-07,0.0232639703827385,TRUE,NA
4674,0.001774586220275,4.72722553119736e-05,FALSE,NA
4675,1.31582300619601e-10,1.42962197645873e-10,TRUE,NA
4676,0.000170401964699454,0.00937409626351911,TRUE,NA
4677,0.00200497879620135,0.390342966163888,TRUE,NA
4678,0.00104567426262571,6.04993429465038e-05,FALSE,NA
4679,1.51663364129537e-08,1.76353541104396e-08,TRUE,NA
4680,0.00145084107152049,0.0377242622645177,TRUE,NA
4681,0.000101590231596227,1.46406906003683e-06,FALSE,NA
4682,0.00196313070800017,1.13803494940589e-05,FALSE,NA
4683,0.0203345809387013,0.000841120714936412,FALSE,NA
4684,0.0119945573167286,0.00015887195056243,FALSE,NA
4685,4.12703031383523e-08,1.74584942483648e-05,TRUE,NA
4686,2.12220418628064e-06,6.32141173501868e-06,TRUE,NA
4687,5.36766288479222e-06,0.000333153742986956,TRUE,NA
4688,1.48890445391055e-05,3.60248992408753e-05,TRUE,NA
4689,0.00165366434047104,0.00370818787541128,TRUE,NA
4690,0.000758136915758208,0.000270004831958857,FALSE,NA
4691,0.0108935188747488,6.07703511867345e-07,FALSE,NA
4692,2.19234584740092e-05,0.0010726143173125,TRUE,NA
4693,0.000325849727725397,0.0670625303629132,TRUE,NA
4694,6.79913226149655e-05,1.61005066584024e-07,FALSE,NA
4695,7.57795920598818e-05,0.000281455976078175,TRUE,NA
4696,1.12480120695613e-05,0.00353176214467962,TRUE,NA
4697,8.05743462073934e-06,0.000235220738935779,TRUE,NA
4698,0.00304003679354483,0.00408399717725371,TRUE,NA
4699,0.000107393625203829,1.47198381790801e-05,FALSE,NA
4700,4.28420167906854e-05,3.75777346455995e-07,FALSE,NA
4701,0.000607119057176008,0.00561125398227126,TRUE,NA
4702,0.0028269579191596,0.000211336455409689,FALSE,NA
4703,9.54503445287511e-05,0.000227487042397849,TRUE,NA
4704,1.30925229506046e-05,0.000161888209299826,TRUE,NA
4705,0.0476460186510456,0.00547066129347814,FALSE,NA
4706,1.66270203580256e-05,0.00283849927984592,TRUE,NA
4707,0.000364346005312409,2.57492485899034e-06,FALSE,NA
4708,3.80018728941039e-05,3.36215813045199e-05,FALSE,NA
4709,0.0185624323909362,0.0137389069709614,FALSE,NA
4710,1.46880775937642e-05,7.83963508077093e-06,FALSE,NA
4711,0.00395755505349963,0.00353404492276828,FALSE,NA
4712,0.000212722819760622,2.05948316957955e-07,FALSE,NA
4713,0.000312756869597913,1.26010813455015,TRUE,NA
4714,1.51720878490621e-07,0.304971708156503,TRUE,NA
4715,4.66171248033638e-08,0.00747522110143645,TRUE,NA
4716,0.00796319147129263,0.00711591830910525,FALSE,NA
4717,1.70290884165844e-05,4.43120565497626e-05,TRUE,NA
4718,0.0140493162897278,2.83228872163521e-07,FALSE,NA
4719,3.75394578734781e-06,0.000438515905216377,TRUE,NA
4720,0.000206708395184738,3.54951142527326e-05,FALSE,NA
4721,0.000231688479472301,1.53699706450098e-07,FALSE,NA
4722,0.000186899019651201,1.34023817661956e-05,FALSE,NA
4723,0.0220144902897908,0.742517636461377,TRUE,NA
4724,0.000713542208223142,3.78779763144771e-05,FALSE,NA
4725,0.000220403318086502,8.78660567924622e-05,FALSE,NA
4726,0.00169715681334281,0.00109546540288499,FALSE,NA
4727,6.6582131611017e-05,0.0211027819276554,TRUE,NA
4728,0.0039539763842783,0.318187308975556,TRUE,NA
4729,0.000428350478270236,0.0122236759473838,TRUE,NA
4730,0.00854376436371286,4.19729806475571e-11,FALSE,NA
4731,5.21177076417133e-07,3.94941868809592e-05,TRUE,NA
4732,3.20319801695381e-05,2.91617000324009e-07,FALSE,NA
4733,0.0189018469847218,0.000814670163431718,FALSE,NA
4734,0.026102583762964,3.93753115306424e-06,FALSE,NA
4735,8.34332603040611e-11,5.66939728147832,TRUE,NA
4736,0.000379889028114404,0.00171112571938216,TRUE,NA
4737,0.000504487859177802,0.000165407875716794,FALSE,NA
4738,0.0365875405292607,0.0252066175556573,FALSE,NA
4739,0.000290815409656352,4.91129447805838e-05,FALSE,NA
4740,7.34276841747482e-05,0.000101326908147746,TRUE,NA
4741,0.00108164842369127,5.48361724199958e-09,FALSE,NA
4742,1.87530421567166e-07,2.2110146105332e-06,TRUE,NA
4743,0.000775122413428867,1.91496191587265e-07,FALSE,NA
4744,1.19873116091233e-05,7.45475860240295e-06,FALSE,NA
4745,5.20328423218334e-05,7.39753564641155e-06,FALSE,NA
4746,0.000185470801531944,0.0263122728124148,TRUE,NA
4747,0.0561425610291993,9.31292793064106e-05,FALSE,NA
4748,0.00010829357087892,0.000265569634504056,TRUE,NA
4749,1.06408816131107e-05,7.230806930458e-06,FALSE,NA
4750,0.000559095696590087,3.45153753080359e-05,FALSE,NA
4751,0.00587992917774171,5.75015584003952e-06,FALSE,NA
4752,3.76327939286755e-05,0.0222730668328096,TRUE,NA
4753,0.00022574560168151,0.000983851163257215,TRUE,NA
4754,0.000444803077052567,0.00127532113088117,TRUE,NA
4755,0.0210667660880634,2.32186074175974e-08,FALSE,NA
4756,4.39429235404904e-06,4.20218753446332e-05,TRUE,NA
4757,3.45651313062872e-05,0.0163433777783836,TRUE,NA
4758,2.08037782991001e-07,3.42685252646638e-05,TRUE,NA
4759,0.0202168835108508,2.32986697360543e-05,FALSE,NA
4760,2.58862255427912e-05,3.80253557739996e-05,TRUE,NA
4761,0.0116587013254651,0.056134488992377,TRUE,NA
4762,0.0409566656783719,7.73490800063661e-05,FALSE,NA
4763,4.02730242707223e-05,5.62631395091638e-08,FALSE,NA
4764,8.87776657182429e-08,0.000176114136880722,TRUE,NA
4765,0.00110665655391433,7.92144319945427e-09,FALSE,NA
4766,0.0221371656269586,6.31965981377315e-06,FALSE,NA
4767,2.82384708773794e-06,0.00736292883979433,TRUE,NA
4768,0.00339448972937434,8.06126467530861e-05,FALSE,NA
4769,3.53475991001433e-05,0.015751635668058,TRUE,NA
4770,0.000506271833464198,0.000196763698937294,FALSE,NA
4771,0.0360207272992972,0.000813004772206986,FALSE,NA
4772,0.000304742828967411,5.27298710830665e-08,FALSE,NA
4773,2.27530283742001e-05,4.54701308741461e-06,FALSE,NA
4774,0.000932424429686421,0.00109432658631518,TRUE,NA
4775,2.94254176255082e-05,0.000114055800339233,TRUE,NA
4776,0.0275473446807603,0.0010435435535666,FALSE,NA
4777,0.00904727123612754,0.000463094239365411,FALSE,NA
4778,1.85927143875698e-05,0.00927706849177565,TRUE,NA
4779,2.16949247325652e-05,0.000132688957281648,TRUE,NA
4780,2.67477362838837e-09,0.0036750328708087,TRUE,NA
4781,0.000486487075560148,0.189035313348985,TRUE,NA
4782,9.75829943208468e-06,2.38121337135508e-05,TRUE,NA
4783,0.0189907177616497,0.0510400903419791,TRUE,NA
4784,0.0220697746393902,1.94160308917024e-07,FALSE,NA
4785,0.00130916839539132,0.0532261976660186,TRUE,NA
4786,0.000122437081543623,0.00016168164443828,TRUE,NA
4787,9.53736460026459e-05,2.8773064536427,TRUE,NA
4788,0.000836160921740288,8.90853015660727e-05,FALSE,NA
4789,0.000828826524005223,0.00127811288672984,TRUE,NA
4790,0.000802075522368779,2.39034824084251e-06,FALSE,NA
4791,0.0055225018306849,0.00343797227173166,FALSE,NA
4792,4.04627442670972e-11,0.204789391452349,TRUE,NA
4793,8.19199787943349e-06,1.27342073446869e-05,TRUE,NA
4794,6.84911519249968e-05,0.528585894444816,TRUE,NA
4795,0.000139216777925582,2.01822749542474e-05,FALSE,NA
4796,0.00147748553812775,0.00354960349582016,TRUE,NA
4797,0.00636925532254888,3.43078001248559e-05,FALSE,NA
4798,1.70898052657439e-07,0.00136692879923466,TRUE,NA
4799,5.42862615331202e-05,8.98720690797941e-09,FALSE,NA
4800,0.00250139229225061,6.68952479781911e-07,FALSE,NA
4801,0.00680622013302426,0.100302488249525,TRUE,NA
4802,6.65319648054598e-05,1.16395652787771e-06,FALSE,NA
4803,0.0155974296947808,1.15480939922411e-08,FALSE,NA
4804,4.3224618422742e-07,0.00500035455379866,TRUE,NA
4805,1.56638821598825e-05,0.00174973086766237,TRUE,NA
4806,2.01761772787393e-05,0.779420544742818,TRUE,NA
4807,0.00737687800162495,0.010508821193952,TRUE,NA
4808,8.21052375177598e-05,0.000471550196986203,TRUE,NA
4809,0.000850723109780929,0.00335886392740586,TRUE,NA
4810,8.94574393457929e-07,3.1293307012619e-07,FALSE,NA
4811,7.67349945344842e-07,0.00653978558598087,TRUE,NA
4812,6.03089544578675e-05,5.78181365842829e-07,FALSE,NA
4813,1.02218073417326e-08,0.00212453309990962,TRUE,NA
4814,0.000391305625496775,8.27077732936731e-07,FALSE,NA
4815,0.000208252891769577,7.12185788705345e-07,FALSE,NA
4816,2.04857805053004e-07,0.0319279923961484,TRUE,NA
4817,4.31076540117293e-05,0.0514316595639623,TRUE,NA
4818,2.96303638240817e-08,1.41455026519793e-06,TRUE,NA
4819,0.00409152973269749,0.294067702398547,TRUE,NA
4820,0.198075969651313,0.00269632657135993,FALSE,NA
4821,5.67649258167162e-08,1.22623984601834e-07,TRUE,NA
4822,6.5043854194948e-05,0.00251265146655712,TRUE,NA
4823,7.86066494776773e-05,1.32575856322917e-06,FALSE,NA
4824,0.0731255408209215,2.69749409420893e-05,FALSE,NA
4825,0.000631619162410979,0.0208357065434989,TRUE,NA
4826,5.8593938280798e-06,9.49268959909365e-07,FALSE,NA
4827,0.00395266100913208,0.0943925904010025,TRUE,NA
4828,3.5622112299548e-06,0.00286287827739049,TRUE,NA
4829,0.00366157489876264,5.6067952389307e-07,FALSE,NA
4830,0.0228416532262234,0.00132432955811844,FALSE,NA
4831,0.00334295735478558,0.000919353933674132,FALSE,NA
4832,1.6816529484041e-07,0.0138948662859488,TRUE,NA
4833,2.72724032618322e-09,0.000134328414682864,TRUE,NA
4834,0.000531245635799761,0.0219839706611538,TRUE,NA
4835,0.000286842868611297,3.96723250828284e-05,FALSE,NA
4836,0.00021986174803872,4.18930573315115e-05,FALSE,NA
4837,0.00168527815101998,0.0399766968148101,TRUE,NA
4838,0.000512866848630139,7.89768476274432e-05,FALSE,NA
4839,9.01259744427949e-06,0.00115808870388757,TRUE,NA
4840,0.00211859766359603,0.00115311894966818,FALSE,NA
4841,1.17345858163973e-08,2.06989323410247,TRUE,NA
4842,0.000783188215544989,3.9874006473514e-05,FALSE,NA
4843,0.0335768954534259,0.931346775272285,TRUE,NA
4844,0.000150949178390067,9.04889074399457e-06,FALSE,NA
4845,4.36411657772616e-05,0.00182389315647699,TRUE,NA
4846,2.30467073638707e-08,1.00496063675976e-05,TRUE,NA
4847,0.000112552588892722,1.35370509334557e-06,FALSE,NA
4848,0.033491959559801,0.00181600849320946,FALSE,NA
4849,4.31290788173407e-06,2.28731108623729,TRUE,NA
4850,0.0112986333816265,0.03820888561022,TRUE,NA
4851,9.86782722460144e-07,1.02699251388796e-05,TRUE,NA
4852,3.1927204402607e-05,2.0417447940392e-06,FALSE,NA
4853,0.000257908190981347,9.71735750489511e-07,FALSE,NA
4854,7.51289582505332e-05,0.00046268837522114,TRUE,NA
4855,0.0133078805168877,0.0474481002725896,TRUE,NA
4856,1.23212055536189e-06,2.89315198634664,TRUE,NA
4857,0.00172599868703309,0.0202143106926032,TRUE,NA
4858,0.0024600506698002,8.99280649946417e-14,FALSE,NA
4859,1.21441969926953e-05,1.7483077223452e-09,FALSE,NA
4860,0.0290721268701865,0.00157563806057042,FALSE,NA
4861,1.66602297160064e-05,0.00982579006324793,TRUE,NA
4862,0.0200673381043823,0.000303366231517774,FALSE,NA
4863,0.000556579005085513,0.0753145818446073,TRUE,NA
4864,0.00269845852966817,7.83550482162985e-07,FALSE,NA
4865,3.03538507358759e-05,5.0030179069119e-07,FALSE,NA
4866,2.21227620893645e-08,0.000352567926476625,TRUE,NA
4867,0.00028009433763804,3.07741568805268e-05,FALSE,NA
4868,2.8455861463524e-07,0.00054042161565493,TRUE,NA
4869,9.84696107520807e-07,0.000206065333607273,TRUE,NA
4870,1.35450966514224e-05,0.000258877220579121,TRUE,NA
4871,0.000188944718802806,0.161334026604202,TRUE,NA
4872,9.44646143551182e-09,0.0220803456629623,TRUE,NA
4873,0.000540505355992599,5.90932240427392e-06,FALSE,NA
4874,0.0253492579036117,0.000115395162954719,FALSE,NA
4875,0.0683401318720448,2.47520113027183e-08,FALSE,NA
4876,6.63255663672584e-05,4.05549821559159e-05,FALSE,NA
4877,9.47227776527729e-07,2.58516687075232e-05,TRUE,NA
4878,0.0133226327007221,0.0558395271297214,TRUE,NA
4879,0.0111042204459576,2.28127363473637e-06,FALSE,NA
4880,0.0135223449302439,3.8304519182474e-06,FALSE,NA
4881,1.44718078568754e-08,0.00011497773707847,TRUE,NA
4882,6.44014606841931e-08,0.0162425027400935,TRUE,NA
4883,0.000378100221007385,0.00100107049722018,TRUE,NA
4884,6.91196996798842e-06,1.43147924323543e-07,FALSE,NA
4885,0.000445250194487785,6.71520864693262e-05,FALSE,NA
4886,5.79475624782493e-05,0.51769855379302,TRUE,NA
4887,0.00137455564021195,8.81315701088691e-06,FALSE,NA
4888,4.22570789048128e-06,2.10390601183128e-06,FALSE,NA
4889,0.00803618341174373,0.102379513591547,TRUE,NA
4890,0.000751931711694166,4.40591186731062e-05,FALSE,NA
4891,0.0165480172271735,4.427440805696e-06,FALSE,NA
4892,0.00292441072455264,7.56496081038872e-07,FALSE,NA
4893,2.46352901327463e-05,5.72993652470866,TRUE,NA
4894,0.000145918166231697,0.01771047025693,TRUE,NA
4895,2.40892067525777e-06,0.741988180781639,TRUE,NA
4896,2.80240429560439e-06,0.0502517062365517,TRUE,NA
4897,0.000228453125170871,0.000793180115591763,TRUE,NA
4898,0.00485191560811429,0.00145612979144925,FALSE,NA
4899,0.000243046579090741,0.00044767239506774,TRUE,NA
4900,0.00272065822353899,0.000184354244345554,FALSE,NA
4901,2.34766095728274e-09,4.27559186681633e-05,TRUE,NA
4902,5.64550318515114e-05,3.15862126286238e-06,FALSE,NA
4903,0.00447463899207416,0.0220106538240088,TRUE,NA
4904,2.87115806033259e-05,5.11987235550891e-05,TRUE,NA
4905,2.06565569623463e-05,8.39214874242532e-05,TRUE,NA
4906,0.0139286332851207,0.0464821361981296,TRUE,NA
4907,6.39753279936597e-05,8.84784847894525e-08,FALSE,NA
4908,0.00576227964350617,3.56437389847741e-05,FALSE,NA
4909,2.97202542264196e-05,0.0406912957504655,TRUE,NA
4910,1.40870031696312e-06,0.000155285294304589,TRUE,NA
4911,5.26424137576891e-06,4.13335649754153e-07,FALSE,NA
4912,3.4220256599306e-07,0.0218810610737774,TRUE,NA
4913,0.000490241853606232,3.08184189754247e-09,FALSE,NA
4914,0.0695804920957504,4.52773160449882e-05,FALSE,NA
4915,0.0141308602311639,0.000194532425212555,FALSE,NA
4916,0.00092030325588483,7.55907393039817e-05,FALSE,NA
4917,0.000925101948936622,0.00112804775810968,TRUE,NA
4918,0.000596279726202111,0.00274371538436064,TRUE,NA
4919,3.91413667165024e-05,0.25462016025539,TRUE,NA
4920,0.0507664592047542,0.00534459613320966,FALSE,NA
4921,2.0742410161273e-06,0.00095900240521329,TRUE,NA
4922,1.49557684213281e-05,3.19226231560766e-05,TRUE,NA
4923,0.00457178656844706,1.01574507856456e-07,FALSE,NA
4924,0.0782603086282074,7.2689500736783e-05,FALSE,NA
4925,0.000415487104251121,9.29380693243387e-06,FALSE,NA
4926,0.00364771655297997,0.00012400788115606,FALSE,NA
4927,0.00505875322136356,0.195310493466084,TRUE,NA
4928,0.000113598203601834,0.641601238950959,TRUE,NA
4929,0.00268075885235461,4.25307368105784e-05,FALSE,NA
4930,4.21663932667539e-08,1.07337213930807e-05,TRUE,NA
4931,0.00018567967255434,0.000348026902578822,TRUE,NA
4932,0.0800213658541723,0.000115828019181802,FALSE,NA
4933,0.000197684738332811,0.316531384837338,TRUE,NA
4934,0.0852642767586025,2.26547390093541e-05,FALSE,NA
4935,0.00154101461020065,0.907584890900086,TRUE,NA
4936,8.75474516971262e-07,0.0361815968927404,TRUE,NA
4937,0.0121498994967551,2.27115173669198e-06,FALSE,NA
4938,9.76147162590179e-05,2.32266704534136e-05,FALSE,NA
4939,0.000887696642876099,0.020826062694176,TRUE,NA
4940,6.43245364243505e-07,0.00382011064465998,TRUE,NA
4941,0.124921892020047,1.26524624161913e-06,FALSE,NA
4942,0.0129115570920274,0.000350646280740855,FALSE,NA
4943,0.000128443700308684,5.63778706291241e-08,FALSE,NA
4944,0.000926149151080001,6.3229514269443e-05,FALSE,NA
4945,2.87012765454064e-08,2.70216186668729e-05,TRUE,NA
4946,0.00151723045313745,0.0198588586123752,TRUE,NA
4947,0.000403759409283451,2.79867343322827e-05,FALSE,NA
4948,0.00120485349996077,1.23555764192831,TRUE,NA
4949,5.4688798078633e-07,0.00370612044466844,TRUE,NA
4950,1.22681081551406e-06,1.88214907249032e-05,TRUE,NA
4951,1.23012232332002e-06,5.61713433027905e-05,TRUE,NA
4952,0.000230509240189965,0.00531138913799459,TRUE,NA
4953,0.00818603561254459,0.00342658739702608,FALSE,NA
4954,0.00160974577198116,8.39337675266092e-05,FALSE,NA
4955,9.62079980802935e-06,0.0750576198978049,TRUE,NA
4956,0.000747602303306906,0.0387423947230302,TRUE,NA
4957,0.0310957572762027,0.00104135370603195,FALSE,NA
4958,0.00418483323275062,5.34099377263682e-09,FALSE,NA
4959,0.0181641160422948,0.00790345882363393,FALSE,NA
4960,0.046366088674151,3.54182108376698e-05,FALSE,NA
4961,2.38165948138262e-06,0.000125597266798972,TRUE,NA
4962,0.013550473797149,3.82703203194007e-09,FALSE,NA
4963,0.00107576342221459,0.00270334677022854,TRUE,NA
4964,1.63527008798217e-05,0.00383584012711293,TRUE,NA
4965,2.58292951358941e-06,0.000231374419265126,TRUE,NA
4966,3.08783638803881e-05,0.000276997672131788,TRUE,NA
4967,5.65999686483227e-08,0.0900214038836849,TRUE,NA
4968,5.58035580049847e-05,0.00732591224206275,TRUE,NA
4969,5.53369833157794e-06,6.37810561406792e-05,TRUE,NA
4970,1.66551661365247e-10,0.000205819522213205,TRUE,NA
4971,0.000771558490153065,2.5655584797901e-05,FALSE,NA
4972,1.68772799075908e-05,0.000157411304785595,TRUE,NA
4973,5.24445499679825e-08,0.000301013287349266,TRUE,NA
4974,5.3705398460568e-08,0.901783748885215,TRUE,NA
4975,0.0168987231553306,0.00104316284008091,FALSE,NA
4976,0.18325410699249,0.0112368667779499,FALSE,NA
4977,1.19597923787976e-05,1.85581210188712e-07,FALSE,NA
4978,1.51668019085057e-06,0.00581082277312876,TRUE,NA
4979,0.00165718978669255,4.64575654563836e-05,FALSE,NA
4980,9.21343113894343e-06,2.424202491369e-05,TRUE,NA
4981,0.00178003603809213,0.0629100326475329,TRUE,NA
4982,0.0703391960473419,0.000115502336586488,FALSE,NA
4983,0.000667440783905154,0.00888046667011053,TRUE,NA
4984,0.00632985300798255,3.10519624838169e-08,FALSE,NA
4985,7.2515823609036e-09,0.00686835087793281,TRUE,NA
4986,3.80321067960077e-05,0.00143144528043971,TRUE,NA
4987,1.12324795022671e-05,0.00141869286294379,TRUE,NA
4988,3.68384189957004e-05,0.00187746396974986,TRUE,NA
4989,0.00199206614814909,0.063063017623158,TRUE,NA
4990,1.26517791613173e-05,6.11732920897962e-05,TRUE,NA
4991,0.00929436353280554,0.000115093027871415,FALSE,NA
4992,0.00177176995047304,3.45892056836617e-06,FALSE,NA
4993,1.35574157164819e-06,6.31897384002633e-07,FALSE,NA
4994,0.000273031653036969,0.000412430740367026,TRUE,NA
4995,2.90322261614189e-06,0.0101343699490108,TRUE,NA
4996,2.71792892999468e-08,0.0119384437858542,TRUE,NA
4997,3.94277016592162e-08,0.301035138687425,TRUE,NA
4998,0.000601010152934,1.40192124674102e-09,FALSE,NA
4999,0.0229267870372118,0.00103028887674545,FALSE,NA
5000,3.88156993196196e-05,0.0152597338627065,TRUE,NA
5001,2.42202049925714e-05,0.00129888002337793,TRUE,NA
5002,0.000639158859129623,2.23706495084581e-06,FALSE,NA
5003,0.00555510109337344,0.0153113109374087,TRUE,NA
5004,0.0189773456838019,7.7170003811564e-08,FALSE,NA
5005,0.0085967982029552,0.00490036214231291,FALSE,NA
5006,1.67966943219384e-05,5.0408461621365e-06,FALSE,NA
5007,6.68985542094803e-05,0.000113357426450781,TRUE,NA
5008,0.00562606212357916,1.26841465006067e-06,FALSE,NA
5009,0.00265090559115565,0.00585270397874046,TRUE,NA
5010,9.92309178436602e-05,0.00211529604975728,TRUE,NA
5011,5.0529645121946e-05,0.000176345715507461,TRUE,NA
5012,1.80364366999438e-05,0.000320764961552399,TRUE,NA
5013,0.00787948717273903,0.0010887214719118,FALSE,NA
5014,4.79157811790981e-05,1.86585368687626e-07,FALSE,NA
5015,0.000610272747324269,0.0176400418022216,TRUE,NA
5016,0.00284958146943502,0.00179668604596935,FALSE,NA
5017,1.10426376968264e-05,1.05211799740478e-05,FALSE,NA
5018,0.0052627351991748,0.000103236394525192,FALSE,NA
5019,1.6626653503993e-07,0.0013440057386597,TRUE,NA
5020,0.000106505480009366,0.011507991989931,TRUE,NA
5021,1.32753196867289e-06,1.05353598071472,TRUE,NA
5022,0.003892893607798,3.24912726679307e-05,FALSE,NA
5023,0.00174618341333949,7.43012995273909e-07,FALSE,NA
5024,2.87089953127282e-05,0.00362974057241716,TRUE,NA
5025,0.0416498324595404,0.111924929449008,TRUE,NA
5026,0.00142203657166956,0.0207952810499817,TRUE,NA
5027,8.62943939125066e-08,1.03006293133435e-06,TRUE,NA
5028,3.2772673005479e-07,1.9410188178695e-05,TRUE,NA
5029,0.00282460491515968,3.11763389197211e-06,FALSE,NA
5030,0.000353783667703724,0.000556525211240222,TRUE,NA
5031,0.0346250378218753,0.00148348744387119,FALSE,NA
5032,0.00951678299882155,0.136438001659586,TRUE,NA
5033,2.42575721343177e-08,0.000923763536171875,TRUE,NA
5034,5.67149711927166e-06,0.0683621541658032,TRUE,NA
5035,0.0395996594471338,0.00101266280037763,FALSE,NA
5036,2.68575178975081e-05,1.65689155980681e-06,FALSE,NA
5037,0.000381713891904526,0.000154757310088651,FALSE,NA
5038,0.00128406902095746,0.000354648538089811,FALSE,NA
5039,0.00223789024456419,0.216336978357501,TRUE,NA
5040,0.000461504230411908,7.49705942720271e-05,FALSE,NA
5041,0.000334694056468592,7.39198606334673e-08,FALSE,NA
5042,0.0174416852956122,0.0202703058924518,TRUE,NA
5043,7.68556654969115e-06,0.289362039401884,TRUE,NA
5044,0.0768687425763784,0.191426481552781,TRUE,NA
5045,0.000267556366669452,0.00204930410787809,TRUE,NA
5046,1.48496798183631e-08,1.79315986343698e-05,TRUE,NA
5047,0.0014351179450276,0.00843748049245444,TRUE,NA
5048,0.0347206235265281,0.00270441983869315,FALSE,NA
5049,0.00085001094149224,9.51894664873693e-06,FALSE,NA
5050,0.0624936172585156,2.6747538266603e-06,FALSE,NA
5051,0.00127794118233046,2.41901786340381e-06,FALSE,NA
5052,1.19586754099947e-07,7.82889902831735e-07,TRUE,NA
5053,0.0022790873184166,1.18418718865798e-08,FALSE,NA
5054,0.00392335627688909,3.08459239734547e-05,FALSE,NA
5055,0.00966520547286549,0.015888781717426,TRUE,NA
5056,0.00321420803506913,0.00103578970457583,FALSE,NA
5057,0.0128533774691189,2.43164534230522,TRUE,NA
5058,0.0252664976147721,0.0119383056083195,FALSE,NA
5059,0.0020982050055159,0.0621494849042588,TRUE,NA
5060,0.00319106440690491,1.26979703202536e-06,FALSE,NA
5061,0.00174950799418799,0.000199560663757871,FALSE,NA
5062,0.00119449131288214,4.7106313737889e-08,FALSE,NA
5063,0.00436561744503534,8.90483688005909e-05,FALSE,NA
5064,0.000720232566329216,2.84968717591056e-05,FALSE,NA
5065,0.000449993026182107,0.530079031006268,TRUE,NA
5066,0.0152408562675926,8.87785386841334e-05,FALSE,NA
5067,0.000153493184491733,0.000530175556935344,TRUE,NA
5068,0.00765901507241651,3.97267248757182e-05,FALSE,NA
5069,0.103707189906955,2.31845702941759,TRUE,NA
5070,0.000583751321719925,0.00215890175256507,TRUE,NA
5071,0.00101986335174351,8.02537877121552e-05,FALSE,NA
5072,0.0475502321040698,1.36696005714414e-05,FALSE,NA
5073,0.0229131742316403,4.41003469708502e-05,FALSE,NA
5074,0.00662202745930828,2.58007951530257e-05,FALSE,NA
5075,0.000104258882764803,6.97453508492193e-09,FALSE,NA
5076,0.000726833927685725,0.000184256879234061,FALSE,NA
5077,0.000291926587629362,0.0248995738957712,TRUE,NA
5078,2.03566721741916e-06,0.000280865380398064,TRUE,NA
5079,4.68790135963078e-05,0.00343869794583596,TRUE,NA
5080,1.74066619302118e-06,0.00126442827516165,TRUE,NA
5081,5.84591680328424e-05,7.7279310913187e-06,FALSE,NA
5082,4.15573270224596e-06,8.53234974658891e-08,FALSE,NA
5083,6.09108460584259e-05,5.95352080080708e-06,FALSE,NA
5084,0.0243813533485426,0.0481055730040868,TRUE,NA
5085,9.91200585854501e-05,1.43445837285329e-06,FALSE,NA
5086,0.00099669684348602,0.00058950372208872,FALSE,NA
5087,2.0115452340449e-06,1.7585932710064e-13,FALSE,NA
5088,9.97280622296191e-08,5.34985185037938e-07,TRUE,NA
5089,1.46973867245598e-05,0.00120483117064621,TRUE,NA
5090,6.77345046773975e-05,2.83858970064074e-05,FALSE,NA
5091,9.10454313670575e-05,8.07816748321768e-05,FALSE,NA
5092,0.00190301044836577,0.0131137043069524,TRUE,NA
5093,0.0142166352819983,4.66070183921878e-07,FALSE,NA
5094,4.29223646436174e-09,0.000375567273473446,TRUE,NA
5095,0.00253855325971264,4.20822807189584e-06,FALSE,NA
5096,1.01666391138442e-06,0.000240716382408731,TRUE,NA
5097,0.00192506026478125,2.80934415494429e-05,FALSE,NA
5098,3.70781921799801e-06,0.155924202852421,TRUE,NA
5099,8.11513156311047e-06,0.00323917447189371,TRUE,NA
5100,0.000453673216716398,0.00380994543702232,TRUE,NA
5101,0.0011505087184158,3.6180673797977e-05,FALSE,NA
5102,0.0293982673341068,0.00132599907140013,FALSE,NA
5103,0.0165330545323759,5.72093199845947e-05,FALSE,NA
5104,0.00402813600062096,7.7499771533128e-07,FALSE,NA
5105,0.00249419900671768,1.56632572844911e-05,FALSE,NA
5106,0.0247097920401658,6.64986531792372e-05,FALSE,NA
5107,0.000219711246670695,0.000406476445771926,TRUE,NA
5108,0.000290188961232349,0.00172015394755995,TRUE,NA
5109,1.97105286352754e-05,0.0192803799193621,TRUE,NA
5110,0.00463356854452478,0.000471196942712381,FALSE,NA
5111,0.0116886231936988,3.2440526671609e-05,FALSE,NA
5112,0.00269206369992857,0.00180518591761259,FALSE,NA
5113,3.04189558390469e-05,0.00055615702683363,TRUE,NA
5114,0.00026707733698119,4.4680522131507e-06,FALSE,NA
5115,8.82989423759016e-06,1.11838043725796e-06,FALSE,NA
5116,3.66099071158588e-06,0.0213464514632647,TRUE,NA
5117,0.000190933709740094,0.000436550075088206,TRUE,NA
5118,0.133677897721001,2.69002414562412e-05,FALSE,NA
5119,0.00522127595780738,0.000953617712784441,FALSE,NA
5120,6.50085711926892e-06,0.00605687367792645,TRUE,NA
5121,0.0812804118319086,0.000287863910853957,FALSE,NA
5122,3.89922799743269e-05,5.48111296101348e-06,FALSE,NA
5123,1.02554282839292e-06,2.47059691659974e-05,TRUE,NA
5124,0.0816240683545491,2.41787310056653e-05,FALSE,NA
5125,0.00954310758564459,0.0177410145686941,TRUE,NA
5126,2.29632089852788e-06,0.000209945964959007,TRUE,NA
5127,1.47734377311387e-05,0.00414838720065322,TRUE,NA
5128,5.06357320041734e-07,0.000142406686800321,TRUE,NA
5129,3.07132429691714e-07,1.04615549963813e-05,TRUE,NA
5130,5.95414438826588e-08,7.11220240787819e-09,FALSE,NA
5131,0.000398427353983407,0.00159001318193201,TRUE,NA
5132,0.00582214053411872,0.0438438244163839,TRUE,NA
5133,0.000817236823150155,6.32361386221113e-06,FALSE,NA
5134,2.0859672319813e-06,0.000319949647052909,TRUE,NA
5135,0.000355027245296484,0.00095692875433004,TRUE,NA
5136,1.3049329178284e-06,0.000570906236842685,TRUE,NA
5137,0.00364643091220144,0.000355319175895732,FALSE,NA
5138,0.00274503005245213,0.000426807039508757,FALSE,NA
5139,0.00138980061213081,0.000132937727512525,FALSE,NA
5140,0.00188831347519916,0.00283683856344525,TRUE,NA
5141,0.00208418415461187,0.037417737463526,TRUE,NA
5142,6.24850958290453e-08,0.65478557096079,TRUE,NA
5143,0.00969150677733913,5.99387640748886e-05,FALSE,NA
5144,0.00424319215325865,0.00353853557145484,FALSE,NA
5145,0.000295289765429822,0.00105770462278511,TRUE,NA
5146,1.18967364445727e-08,1.72229191164023e-06,TRUE,NA
5147,5.7684771332803e-07,0.706700449127943,TRUE,NA
5148,4.17516041978147e-06,0.000304639384571034,TRUE,NA
5149,3.60239496780166e-06,0.0669663733257209,TRUE,NA
5150,3.46543359852527e-05,9.52095601999508e-06,FALSE,NA
5151,0.00393359804263901,0.000878897691017216,FALSE,NA
5152,1.84507157922237e-08,0.00313543260553892,TRUE,NA
5153,1.74388858423875e-05,0.00242960883327067,TRUE,NA
5154,0.0031080223637953,1.59857598199762e-06,FALSE,NA
5155,0.000130714447020226,5.18334980026316e-05,FALSE,NA
5156,0.0104695031502948,0.000864807987064125,FALSE,NA
5157,4.64391025665967e-05,0.0281059426334395,TRUE,NA
5158,1.54884972534567e-06,6.99762820592366e-06,TRUE,NA
5159,0.000307647571761095,0.0562210351450591,TRUE,NA
5160,4.65083899186215e-07,1.5733999435606e-06,TRUE,NA
5161,0.000293536294590616,1.15888398618025e-05,FALSE,NA
5162,1.4512441353401e-05,1.58402117801158e-06,FALSE,NA
5163,1.92180892502178e-05,0.0161216193302782,TRUE,NA
5164,0.00300648492407134,1.08121226105468e-05,FALSE,NA
5165,0.0309801640670752,0.0080113149085027,FALSE,NA
5166,0.000122466210892683,0.0113661052518291,TRUE,NA
5167,6.7039269878839e-05,0.000110721523253958,TRUE,NA
5168,1.13110920693792e-09,2.68772908633136e-07,TRUE,NA
5169,0.000120418283182718,0.000147484892764034,TRUE,NA
5170,6.63020571245231e-05,0.0984614808737011,TRUE,NA
5171,0.000356563143330669,6.10664174657919e-05,FALSE,NA
5172,0.07835722940203,0.507230389846304,TRUE,NA
5173,0.0503235788000352,0.000474753829250079,FALSE,NA
5174,0.00415584104203059,2.48709730839919e-06,FALSE,NA
5175,0.0148544032911144,7.60756288158137e-05,FALSE,NA
5176,0.0225070616870848,2.37261004678595e-07,FALSE,NA
5177,7.15321807043452e-06,0.00811962023835374,TRUE,NA
5178,7.02160551926645e-12,0.000127274001285828,TRUE,NA
5179,4.80585207162484e-06,0.00837328848736381,TRUE,NA
5180,0.00314757280922386,0.00768319184113961,TRUE,NA
5181,0.001792010063661,0.062805491777418,TRUE,NA
5182,0.00964330578026749,1.02247654839664e-09,FALSE,NA
5183,0.00265242948063626,0.0153342708910747,TRUE,NA
5184,0.000442283256922456,7.32945884804512e-07,FALSE,NA
5185,0.0327477293410749,0.000416532939754617,FALSE,NA
5186,0.000868053739266082,5.25382479783533,TRUE,NA
5187,0.000765737044518974,0.000205068668168421,FALSE,NA
5188,0.0506441742336087,3.85306499329692e-07,FALSE,NA
5189,0.00840560226400231,0.831441837232311,TRUE,NA
5190,0.0279971510994374,0.127170627357315,TRUE,NA
5191,1.6037845121699e-05,3.30856292769394e-05,TRUE,NA
5192,0.00210617596683009,0.000330285336345905,FALSE,NA
5193,3.28881239666457e-05,0.00194304777417972,TRUE,NA
5194,2.29747395360764e-06,2.85208127758971e-05,TRUE,NA
5195,0.00228959797756309,1.37803152280518e-07,FALSE,NA
5196,0.021403768187213,0.00158504322227255,FALSE,NA
5197,0.000149505227950113,9.9478647994215e-07,FALSE,NA
5198,0.0286571648164841,9.45452108798955e-05,FALSE,NA
5199,7.82686638377525e-08,0.0625113397229381,TRUE,NA
5200,0.0287159317258611,1.0270140763175,TRUE,NA
5201,3.43569171241719e-08,3.55978281565318e-05,TRUE,NA
5202,0.0129548127788288,0.0152936968267089,TRUE,NA
5203,6.94185820683393e-05,5.56836476322441e-06,FALSE,NA
5204,7.47605397346431e-05,0.0151453588157927,TRUE,NA
5205,2.40034143029693e-06,0.116564797932765,TRUE,NA
5206,0.00132748228518767,0.00518003569646489,TRUE,NA
5207,0.000142955861349833,0.000201861230471358,TRUE,NA
5208,3.94204686432174e-07,4.05642694287375e-05,TRUE,NA
5209,1.50593144208606e-05,0.000107577851388154,TRUE,NA
5210,1.49277290124658e-05,1.26418274092705e-05,FALSE,NA
5211,5.49618049266879e-06,0.154771766711449,TRUE,NA
5212,0.00189733391153153,0.00257507409628791,TRUE,NA
5213,0.000115185431350669,0.000530541344811841,TRUE,NA
5214,0.000788432214905004,9.27560652465524e-05,FALSE,NA
5215,0.000106557308261514,0.00318801238298929,TRUE,NA
5216,6.39982225637519e-05,1.26224787558708e-05,FALSE,NA
5217,7.26668585061688e-08,0.0160364241671519,TRUE,NA
5218,0.000127835547379396,1.12726868032178e-05,FALSE,NA
5219,0.00791417060178473,0.00148263427573797,FALSE,NA
5220,0.000364335275187674,0.0992161886965321,TRUE,NA
5221,4.31735775641992e-06,0.000197084137225642,TRUE,NA
5222,6.33112442492268e-07,0.0921773823921736,TRUE,NA
5223,0.00153547700975379,0.000473446399548871,FALSE,NA
5224,0.014643281250914,0.445028860916994,TRUE,NA
5225,9.13222793904529e-05,0.000409031938896124,TRUE,NA
5226,0.00305580780748187,1.42984691802779e-05,FALSE,NA
5227,0.000461707456269669,0.0164500753071505,TRUE,NA
5228,7.11988639315555e-05,0.00303538060331831,TRUE,NA
5229,0.00182543359081395,0.00953375083112055,TRUE,NA
5230,5.34558084121387e-07,0.167008672868574,TRUE,NA
5231,0.00324861455086504,0.0311149619351907,TRUE,NA
5232,0.000341691889513651,4.10818846452534e-09,FALSE,NA
5233,0.042475410749849,0.000239936266908038,FALSE,NA
5234,0.00191133913569032,2.59428839943779e-05,FALSE,NA
5235,0.000544350298150192,0.000611032128352248,TRUE,NA
5236,0.0516268531719833,5.60555279392399e-06,FALSE,NA
5237,3.15509080785502e-07,4.27031968873289e-06,TRUE,NA
5238,0.0332327378231259,0.000180102847775545,FALSE,NA
5239,8.33780363482081e-06,0.00111189595341063,TRUE,NA
5240,0.00835279563091003,0.000257758387802659,FALSE,NA
5241,0.00108150156206276,0.000179787166946443,FALSE,NA
5242,1.78495499056347e-06,2.5196407315187e-07,FALSE,NA
5243,3.98561556192052e-05,0.000691107274313547,TRUE,NA
5244,3.49946208078871e-06,0.000839661647800693,TRUE,NA
5245,6.4083927359296e-07,0.00313233368668217,TRUE,NA
5246,0.0110369628017569,0.000492593132771055,FALSE,NA
5247,3.94117731248014e-05,7.76524947220513e-05,TRUE,NA
5248,0.00760999100638905,0.0205498648006025,TRUE,NA
5249,0.0132040223767921,1.80427553521171e-07,FALSE,NA
5250,0.00267724935805946,0.00534674748181501,TRUE,NA
5251,0.000714602623189258,5.27157721149422e-06,FALSE,NA
5252,0.00603490188214322,0.000289792580910213,FALSE,NA
5253,4.53380512991628e-07,0.000166152878279125,TRUE,NA
5254,0.00400849536274155,1.20106675998466e-05,FALSE,NA
5255,2.81971028315659e-06,7.7664212969914e-06,TRUE,NA
5256,0.000137126551137758,0.00324241009302051,TRUE,NA
5257,1.15152144903608e-05,1.75117169629413e-05,TRUE,NA
5258,6.58653205524313e-05,0.00566914963665043,TRUE,NA
5259,0.00171786042758628,0.00565725265503419,TRUE,NA
5260,0.011697307054821,0.00179311412355446,FALSE,NA
5261,1.41854884356175e-05,0.269885272092358,TRUE,NA
5262,0.0345986761102588,4.89825479147584e-05,FALSE,NA
5263,0.121127282353693,5.10236457615748e-05,FALSE,NA
5264,6.87257897399491e-09,5.53663089757772e-05,TRUE,NA
5265,0.000517888544125773,0.36845235680455,TRUE,NA
5266,0.004155147642438,2.32665469638983e-05,FALSE,NA
5267,0.0036078191532739,0.0019854954409489,FALSE,NA
5268,0.000444171396678762,0.111692447262294,TRUE,NA
5269,1.52438019753361e-06,0.229132243511294,TRUE,NA
5270,0.00513324473644751,0.000650080831210765,FALSE,NA
5271,0.00702498751914651,0.00602492803323169,FALSE,NA
5272,3.16929142969422e-07,8.72477979133393e-10,FALSE,NA
5273,0.00179714238780374,0.000499541808291382,FALSE,NA
5274,3.46007338253497e-06,3.31062112097814e-08,FALSE,NA
5275,7.82039618249222e-05,0.00446939516473614,TRUE,NA
5276,0.00123792247383486,1.22721803366931e-07,FALSE,NA
5277,1.48876238413129e-06,0.00276012534680981,TRUE,NA
5278,0.075516507118075,0.326682617216692,TRUE,NA
5279,0.0159751243555963,0.000155866722882415,FALSE,NA
5280,0.0168582688215803,0.00233559671567172,FALSE,NA
5281,1.25821118889954e-07,2.08196736819887e-06,TRUE,NA
5282,8.92759184527155e-06,1.64875967175296e-05,TRUE,NA
5283,0.0544282264416494,0.00598138934036166,FALSE,NA
5284,0.000484257666343022,0.0306628297924801,TRUE,NA
5285,0.0292283775054726,0.0117438488762744,FALSE,NA
5286,0.0508117276175157,0.80986081382301,TRUE,NA
5287,0.0333278368392658,0.558205274042974,TRUE,NA
5288,0.000988871948821166,0.0341351019431426,TRUE,NA
5289,0.00869365930407272,0.0176833986663695,TRUE,NA
5290,0.000277709462767969,1.33362478404897e-07,FALSE,NA
5291,5.32785881678948e-07,4.16150375825735e-05,TRUE,NA
5292,3.35987745434562e-05,0.11169071133353,TRUE,NA
5293,0.00349026135279433,7.17191681469183e-06,FALSE,NA
5294,6.18748843961665e-07,4.6768011696508e-10,FALSE,NA
5295,3.07572217302588e-05,0.0181362108144221,TRUE,NA
5296,2.00924549558639e-05,0.000156120460620603,TRUE,NA
5297,8.04469960253172e-06,4.86014456003335e-05,TRUE,NA
5298,0.00579664392013493,0.000233937139602846,FALSE,NA
5299,0.00236824478736122,0.00026997634549348,FALSE,NA
5300,0.000827372036716235,0.00101870499075213,TRUE,NA
5301,4.32908696337872e-05,1.58652670185993e-05,FALSE,NA
5302,1.88443478318056e-05,0.000103381181519657,TRUE,NA
5303,0.0158695921520523,1.04072123471847e-05,FALSE,NA
5304,0.00011657081875078,0.016278640507118,TRUE,NA
5305,1.59674987841021e-08,3.16432029514018e-06,TRUE,NA
5306,0.000589768611444266,4.90590043736724e-05,FALSE,NA
5307,1.44764446416238e-05,3.84984131369242e-05,TRUE,NA
5308,0.00740112494705837,6.59742068426789e-05,FALSE,NA
5309,0.0627759251125228,0.00732473965560692,FALSE,NA
5310,5.15385388514844e-06,0.00869078711803088,TRUE,NA
5311,0.000354325336980038,0.000458487022694654,TRUE,NA
5312,0.000517322431394513,0.00969241252036379,TRUE,NA
5313,5.03202035722113e-10,0.0408137514304515,TRUE,NA
5314,0.00328902369641893,0.457823851726238,TRUE,NA
5315,1.33503582663128e-07,0.00235804619504602,TRUE,NA
5316,0.0027686219662292,4.72791629576261e-06,FALSE,NA
5317,7.27006161719538e-08,0.00998268884510691,TRUE,NA
5318,0.000337739145424438,9.30013970926692e-05,FALSE,NA
5319,3.76442284128592e-05,4.13439323382519e-05,TRUE,NA
5320,5.76254133249965e-08,0.123084997778189,TRUE,NA
5321,0.0164404226295198,0.0206999186706515,TRUE,NA
5322,0.0195331619309641,7.82284137194936e-06,FALSE,NA
5323,0.0019903577411287,3.48327656529805e-05,FALSE,NA
5324,0.0028256522525339,1.63116160819454e-05,FALSE,NA
5325,0.00296694587212663,1.63430218745367e-06,FALSE,NA
5326,0.000800194602064508,0.000113316212676545,FALSE,NA
5327,6.0736917683319e-06,2.49141849071184e-05,TRUE,NA
5328,0.00213991805577472,5.59496311923658e-07,FALSE,NA
5329,0.0084154729725942,0.0147149103645531,TRUE,NA
5330,6.58821504026623e-05,0.42436274350371,TRUE,NA
5331,8.62172896711118e-07,0.0188807481573181,TRUE,NA
5332,7.98917028278075e-05,0.000779854492008176,TRUE,NA
5333,2.59681738421725e-06,2.95110946580108e-06,TRUE,NA
5334,1.77626279235884e-05,0.000227616851384294,TRUE,NA
5335,3.40833760053565e-05,8.93273017730932e-07,FALSE,NA
5336,0.00882427372503056,4.32310317376014e-05,FALSE,NA
5337,7.58449434400477e-06,0.724475223826567,TRUE,NA
5338,0.000540204144917932,5.506642187394e-05,FALSE,NA
5339,9.59271422456243e-09,0.00550731896135106,TRUE,NA
5340,0.000129499808380954,0.817941014035386,TRUE,NA
5341,0.00150366169838255,3.0043724551734,TRUE,NA
5342,0.000124738976378984,0.00802535035657266,TRUE,NA
5343,3.05202677868165e-06,0.00133485974225613,TRUE,NA
5344,0.00278526272720276,1.82385911560421e-05,FALSE,NA
5345,1.09815484402514e-05,0.226073647417855,TRUE,NA
5346,0.0457778590246666,6.45973165543672e-07,FALSE,NA
5347,7.05764032141241e-08,2.68968348595319e-05,TRUE,NA
5348,0.00209886442506759,0.000101456163373362,FALSE,NA
5349,0.00189918848751509,0.00323236176176764,TRUE,NA
5350,8.63134830629672e-07,0.00557293797490621,TRUE,NA
5351,6.91379658554446e-08,3.26396944560023e-07,TRUE,NA
5352,0.00831683425995723,0.0168619590292925,TRUE,NA
5353,0.00573674590751357,0.00336781050542042,FALSE,NA
5354,0.00058687813927378,0.00855085111777761,TRUE,NA
5355,0.00113714971264145,1.22798400971919e-06,FALSE,NA
5356,0.000340374766087677,7.29080548878663e-06,FALSE,NA
5357,2.2573903418698e-07,1.52439727623859e-09,FALSE,NA
5358,0.0646468546579065,0.000401486197609503,FALSE,NA
5359,0.00337315544017459,3.18453277938913e-07,FALSE,NA
5360,0.00286936421790339,4.7592438058111e-07,FALSE,NA
5361,6.54476027038737e-05,1.50561700730538e-06,FALSE,NA
5362,7.25885442778344e-05,0.000803085300740369,TRUE,NA
5363,0.106395323996425,8.00148426178475e-06,FALSE,NA
5364,4.15186707606364e-07,0.00107233293924849,TRUE,NA
5365,0.126978619518928,3.41050596483915e-06,FALSE,NA
5366,0.00494831304292708,0.00416841146672084,FALSE,NA
5367,0.00351495190780737,0.000330265940507042,FALSE,NA
5368,6.05727926003048e-05,0.0300321578402701,TRUE,NA
5369,2.79466037494473e-05,0.835394109421916,TRUE,NA
5370,1.1781782655203e-07,0.000732070862343092,TRUE,NA
5371,0.000210289809239418,9.25095221241135e-05,FALSE,NA
5372,8.04125789423236e-08,0.000270230999915182,TRUE,NA
5373,5.47697887193328e-10,2.49287322782981e-08,TRUE,NA
5374,4.3640640842312e-07,6.49304601616406e-05,TRUE,NA
5375,2.15529705426494e-09,1.00707548850763e-06,TRUE,NA
5376,0.000638971631113713,0.00214347758976456,TRUE,NA
5377,0.00181134704953675,0.00142515462353028,FALSE,NA
5378,2.41715149412215e-05,4.2095183400778e-05,TRUE,NA
5379,0.0158487385407769,3.05877767605862e-10,FALSE,NA
5380,0.00316009668925714,5.3726260463481e-06,FALSE,NA
5381,0.00657764717980006,0.000209538345802908,FALSE,NA
5382,0.00287004557586902,2.84252059400958e-05,FALSE,NA
5383,0.000935514481655844,0.00403646071554164,TRUE,NA
5384,2.89349378274266e-05,0.606824021111536,TRUE,NA
5385,3.46329069176685e-06,0.000137206605735665,TRUE,NA
5386,0.000188626431866183,0.109789927600915,TRUE,NA
5387,0.000569541099319107,1.25721893225709e-05,FALSE,NA
5388,0.000544024926734081,0.418338587240304,TRUE,NA
5389,1.61083310999498e-06,0.113957281520914,TRUE,NA
5390,0.00283644691357486,0.0302633595778377,TRUE,NA
5391,0.0913827741812697,6.58126504618008e-06,FALSE,NA
5392,1.27621446560775e-07,0.0320544120462997,TRUE,NA
5393,0.00556795430303998,0.22460470549307,TRUE,NA
5394,7.34999029744509e-07,2.58396600416592e-07,FALSE,NA
5395,0.000355788051137015,2.32441547248912e-06,FALSE,NA
5396,0.000129441133048276,4.2228951145776e-06,FALSE,NA
5397,0.00639111504571804,0.0148681834612994,TRUE,NA
5398,8.54469667285831e-05,0.000125125153919353,TRUE,NA
5399,0.000248357671889832,3.76951449933208e-05,FALSE,NA
5400,3.27823686862511e-07,0.00328453417240771,TRUE,NA
5401,8.33319662325122e-05,0.0124192202484769,TRUE,NA
5402,8.48672245439327e-06,8.5853824071723e-08,FALSE,NA
5403,0.00050567046502648,0.000295875247396684,FALSE,NA
5404,5.8694412292165e-05,0.123836588937852,TRUE,NA
5405,6.45014144177938e-09,0.000608656194712645,TRUE,NA
5406,0.000896488983608496,0.00443161915490232,TRUE,NA
5407,0.00872315316289474,0.0048879269013851,FALSE,NA
5408,3.42440035111311e-06,1.35978914825058e-07,FALSE,NA
5409,7.80631448676286e-10,0.000522059442310032,TRUE,NA
5410,0.084029915009691,0.000559374071280862,FALSE,NA
5411,0.0125820181682441,0.161780464206804,TRUE,NA
5412,1.1568350139231e-05,0.0102106786823707,TRUE,NA
5413,0.000803631491287903,0.00016260478228024,FALSE,NA
5414,0.00011357927687752,0.00381027517558923,TRUE,NA
5415,2.19518956015243e-07,1.32357859400921,TRUE,NA
5416,0.0466112584199713,3.93551438614317e-06,FALSE,NA
5417,0.00142683242685842,0.00150563302862117,TRUE,NA
5418,3.09402314600207e-06,0.00578067311687089,TRUE,NA
5419,4.69155127835769e-05,9.87571356751514e-06,FALSE,NA
5420,1.08679311930775e-06,2.9133806478823e-11,FALSE,NA
5421,0.000227699788861207,0.166079632686608,TRUE,NA
5422,0.00100588430214198,5.01610069470798e-06,FALSE,NA
5423,0.000126505783823257,0.0015344975544861,TRUE,NA
5424,2.78832293158006e-06,0.000201417682251643,TRUE,NA
5425,1.32815158959069e-09,0.00291202516375354,TRUE,NA
5426,1.25535749599068e-06,0.257373786198387,TRUE,NA
5427,5.06091427516862e-05,3.62973425281404e-05,FALSE,NA
5428,0.0487238335137273,3.97715657650527e-05,FALSE,NA
5429,0.00073309228140019,0.0075813908885877,TRUE,NA
5430,0.0179460683944236,0.00163665029198014,FALSE,NA
5431,0.0459388780098662,0.00373252196287672,FALSE,NA
5432,1.77123770799616e-05,0.00114878431367503,TRUE,NA
5433,0.0220871592666063,0.000349002088563838,FALSE,NA
5434,2.01080421718252e-05,6.28115072458572e-05,TRUE,NA
5435,0.00087682616939129,0.0766829359560922,TRUE,NA
5436,2.64273052944795e-07,0.012189297754211,TRUE,NA
5437,1.6755562337376e-06,0.0335170269868207,TRUE,NA
5438,0.00110496412628681,0.000362073694103194,FALSE,NA
5439,2.73763123534538e-06,0.0324541830514166,TRUE,NA
5440,3.63447451234693e-07,1.46582068812646e-09,FALSE,NA
5441,0.00348495182639616,0.0146398964091654,TRUE,NA
5442,3.33032328743239e-06,0.000245410552415149,TRUE,NA
5443,0.000249326261838585,3.21830373249822e-06,FALSE,NA
5444,0.000101696021249333,0.000104307714192148,TRUE,NA
5445,2.12935166076566e-06,0.104403002602927,TRUE,NA
5446,0.000644384208818481,4.7420068155071e-06,FALSE,NA
5447,4.97780208778215e-06,0.000208723038247724,TRUE,NA
5448,1.14963525757164e-07,2.29086886531255e-08,FALSE,NA
5449,1.61070122447365e-05,0.004520376124986,TRUE,NA
5450,0.044465168518743,0.000775615176454302,FALSE,NA
5451,0.058497593475008,0.00409782907434659,FALSE,NA
5452,2.8373229627541e-07,0.000172674970623315,TRUE,NA
5453,4.17265079387493e-05,0.00310118571166613,TRUE,NA
5454,2.83603405013632e-05,0.00210860852348096,TRUE,NA
5455,0.043902423095541,8.70970874441959e-05,FALSE,NA
5456,1.08674464863138e-05,0.0573101592433042,TRUE,NA
5457,0.00575943854003733,0.00206791373828608,FALSE,NA
5458,0.00157892059509807,0.247318221570252,TRUE,NA
5459,8.18839832627713e-09,1.23420195494365,TRUE,NA
5460,0.0512356820823145,0.000924377921536911,FALSE,NA
5461,3.65334246566717e-06,0.000129069152939646,TRUE,NA
5462,0.0001145477862893,0.00382734461474192,TRUE,NA
5463,0.00102215948573664,7.35643034301763e-05,FALSE,NA
5464,3.42864820408362e-05,8.48105543188939e-05,TRUE,NA
5465,0.00343616162056086,0.0127283040002579,TRUE,NA
5466,4.5225520292315e-05,2.83047442659941e-05,FALSE,NA
5467,0.00229081182730617,0.000410212124770359,FALSE,NA
5468,0.000296641231581333,6.53774323864665e-06,FALSE,NA
5469,4.45760193965006e-07,2.12665440815259e-11,FALSE,NA
5470,1.50928871688311e-07,3.69055188391964e-05,TRUE,NA
5471,0.000416399337301372,0.00014495394897651,FALSE,NA
5472,0.00270036073485427,0.0333154909206569,TRUE,NA
5473,5.29961508731495e-08,0.0359592934786839,TRUE,NA
5474,0.000524428545867316,0.000161474625887921,FALSE,NA
5475,0.00442551565377154,5.15967974787505e-05,FALSE,NA
5476,0.00090828671265627,0.0239107083830694,TRUE,NA
5477,7.43831056945408e-07,3.09894820422991e-05,TRUE,NA
5478,0.0189808685012061,0.00148436891060841,FALSE,NA
5479,0.0102038747436648,0.00514819092411479,FALSE,NA
5480,1.09835851017992e-08,0.383408573632564,TRUE,NA
5481,2.58665422672824e-07,3.15532130991452e-05,TRUE,NA
5482,1.17034489550808e-06,0.00146445039354245,TRUE,NA
5483,6.02553157758056e-06,0.00331897832458895,TRUE,NA
5484,0.0995095581652732,0.00192464428700872,FALSE,NA
5485,0.00143270652665535,0.000161142274962237,FALSE,NA
5486,1.31917434179118e-06,0.0131892779881875,TRUE,NA
5487,0.000121881807842452,0.0301797973065592,TRUE,NA
5488,0.0209960844287171,6.70586285312938e-06,FALSE,NA
5489,0.000224212245050803,3.05158937401101e-06,FALSE,NA
5490,8.95614164939508e-06,0.00363581106115904,TRUE,NA
5491,2.87806636916943e-06,1.44774143716989e-07,FALSE,NA
5492,1.90407068071693e-09,0.000225917962266217,TRUE,NA
5493,0.00113794746216061,0.00399906052819374,TRUE,NA
5494,0.00152082127609633,0.0202794569318597,TRUE,NA
5495,0.00566511503500634,4.40426701618776e-07,FALSE,NA
5496,6.55888902957385e-05,0.000994847753430489,TRUE,NA
5497,0.000947825725007553,3.91505668917075e-07,FALSE,NA
5498,0.0170814406781656,9.02999392845508e-07,FALSE,NA
5499,0.000658454905588299,0.05250315917862,TRUE,NA
5500,0.00160510288409753,0.000394470659100962,FALSE,NA
5501,9.78111250967704e-06,0.0632320650415458,TRUE,NA
5502,0.000222469684051895,8.15572904214091e-06,FALSE,NA
5503,0.0257604581159648,1.98513220465966,TRUE,NA
5504,0.00195765110990128,0.00215429509077724,TRUE,NA
5505,0.00210472041067537,2.66602107734759e-07,FALSE,NA
5506,0.00943453547242721,0.00844024398374517,FALSE,NA
5507,2.94653997740929e-05,6.95863878463435e-05,TRUE,NA
5508,5.06669484274373e-10,3.71420208159334e-08,TRUE,NA
5509,0.00270462844243741,6.51196214837898e-08,FALSE,NA
5510,3.51686905266847e-07,3.71278496166972e-05,TRUE,NA
5511,0.00323169558426832,5.22143270712799e-07,FALSE,NA
5512,1.63765650460821e-07,0.00610736135146886,TRUE,NA
5513,0.115232456802132,0.0023175448129464,FALSE,NA
5514,0.000722379618869576,5.73071369779388e-09,FALSE,NA
5515,5.15359687317866e-05,8.01097090975302e-05,TRUE,NA
5516,0.150452688238776,7.10818645333331e-07,FALSE,NA
5517,1.48026849076403e-07,0.000187671488779332,TRUE,NA
5518,0.0109404429253662,0.0737514986247605,TRUE,NA
5519,0.000563721642907652,9.31093893023005e-07,FALSE,NA
5520,0.000921885108138733,5.03589662886565e-05,FALSE,NA
5521,5.40479466910412e-08,5.920001638223e-05,TRUE,NA
5522,0.000125812079115387,0.0363342307747586,TRUE,NA
5523,0.00350326069864199,0.177628800467197,TRUE,NA
5524,0.0429971280627668,0.000108285449511671,FALSE,NA
5525,2.84233261592576e-06,0.000117561238488685,TRUE,NA
5526,0.00776649982757764,1.10588174126848e-06,FALSE,NA
5527,0.00805993558647977,0.0787170046426877,TRUE,NA
5528,0.00112263245996279,0.00489230780124568,TRUE,NA
5529,0.0012308111473132,2.85619211437118e-07,FALSE,NA
5530,0.0761219341537653,1.24516798318476e-05,FALSE,NA
5531,1.43197644673979e-06,1.23093782591775e-08,FALSE,NA
5532,0.00286079214071991,1.14299316229573e-05,FALSE,NA
5533,0.0600240484435255,0.000219653527453977,FALSE,NA
5534,0.000403851591811907,0.575971087780748,TRUE,NA
5535,1.71429905540718e-06,4.1799128742554e-05,TRUE,NA
5536,0.0111901019675479,0.00714037330089243,FALSE,NA
5537,5.59820254451101e-05,3.59981716098774e-06,FALSE,NA
5538,0.00311054151519616,0.00662980302975435,TRUE,NA
5539,1.57715709827992e-07,0.000155316969070745,TRUE,NA
5540,0.000105967216912242,0.000133299489797926,TRUE,NA
5541,0.000592342254463976,6.57868688316067e-07,FALSE,NA
5542,0.000441404782005411,1.05473204856376,TRUE,NA
5543,0.0257452957417924,0.00567871395474819,FALSE,NA
5544,0.0120594734402466,7.30232636192157e-07,FALSE,NA
5545,0.011318778133871,9.9543813338754e-06,FALSE,NA
5546,4.75586693381032e-09,0.0196261724105969,TRUE,NA
5547,0.000168745312274864,0.00161967464366333,TRUE,NA
5548,0.000129513668834525,0.000472767944362933,TRUE,NA
5549,0.00156779894452577,0.00184592648608188,TRUE,NA
5550,7.96732423348807e-05,0.00134198014703841,TRUE,NA
5551,0.00253291916946677,0.0149878558880709,TRUE,NA
5552,4.32463543738076e-05,0.000107525614931125,TRUE,NA
5553,0.0477125271738054,0.0011027009069118,FALSE,NA
5554,0.00267552393645031,2.20324442707987,TRUE,NA
5555,1.5356823892635e-07,0.0444693215846591,TRUE,NA
5556,0.0525118522284385,1.5493921713196e-09,FALSE,NA
5557,0.000339485766567722,0.00025710652950355,FALSE,NA
5558,0.00275199990868701,0.0387223851252141,TRUE,NA
5559,0.00708850196241011,0.000204178283292081,FALSE,NA
5560,0.000279260621642989,1.91971560922835e-05,FALSE,NA
5561,0.00391389158459435,1.02030089447295e-06,FALSE,NA
5562,0.000219208328201277,1.30772247810303e-07,FALSE,NA
5563,0.0120264372583993,0.00762401596369961,FALSE,NA
5564,5.7328170345498e-07,0.00141882504151779,TRUE,NA
5565,0.0331230707103935,0.00583809844020377,FALSE,NA
5566,4.65559146897846e-10,0.000225368668997508,TRUE,NA
5567,5.72234229720278e-05,0.0139488010638359,TRUE,NA
5568,2.04500922245967e-05,0.000415863132266749,TRUE,NA
5569,0.00207213030212373,0.00296537784668186,TRUE,NA
5570,0.000350499482980787,0.000661244846175457,TRUE,NA
5571,0.00153523685901759,2.67037977085201e-05,FALSE,NA
5572,0.013954821173173,2.57090382357611e-06,FALSE,NA
5573,1.75320600650979e-05,0.000153908549144693,TRUE,NA
5574,0.0207917246480101,0.000125379398944299,FALSE,NA
5575,7.87027291000257e-08,4.62672206096455e-06,TRUE,NA
5576,0.001318397339204,3.85254968157501e-05,FALSE,NA
5577,1.9766743797529e-11,0.0183708343819557,TRUE,NA
5578,8.66853717520088e-08,0.789995001233013,TRUE,NA
5579,2.0092414878228e-05,3.03110477667025e-05,TRUE,NA
5580,2.20846337022766e-06,0.000976863507702312,TRUE,NA
5581,0.00989405159278103,0.000923680421830874,FALSE,NA
5582,0.0298181262248237,0.000130661031895851,FALSE,NA
5583,3.15547213375299e-05,9.02593803028429e-07,FALSE,NA
5584,4.18205067573967e-06,8.09729675009138e-08,FALSE,NA
5585,2.83211971788742e-07,0.280911560884747,TRUE,NA
5586,0.000422650704743721,0.000410117962896628,FALSE,NA
5587,0.090207557924904,1.62938139930701e-06,FALSE,NA
5588,4.19224912234161e-05,0.0968835048893071,TRUE,NA
5589,6.76379817116068e-05,3.46671528071114e-05,FALSE,NA
5590,0.0330870475158186,1.0803612607148,TRUE,NA
5591,6.93644173942604e-05,0.000381135152311909,TRUE,NA
5592,0.054770026707105,4.03718383805933e-05,FALSE,NA
5593,3.33354321711166e-05,0.00821445185120701,TRUE,NA
5594,0.000880444697771466,8.36116121829694e-07,FALSE,NA
5595,0.0144413697941577,9.5494458515273e-05,FALSE,NA
5596,6.58820352269784e-06,2.02154214706325e-07,FALSE,NA
5597,0.00100970747154754,0.015702586415344,TRUE,NA
5598,0.0360030059141759,6.73077490856773e-08,FALSE,NA
5599,0.000329136286154863,0.0519691194193849,TRUE,NA
5600,1.37332587678484e-06,0.0123554560145139,TRUE,NA
5601,4.82465724847315e-05,8.30831677836133e-05,TRUE,NA
5602,1.93008649462141e-05,0.0995590858063971,TRUE,NA
5603,3.06532577099476e-12,0.00146497932418692,TRUE,NA
5604,6.48892127618175e-07,0.0455618158875542,TRUE,NA
5605,0.00493795918805059,0.000336091472252858,FALSE,NA
5606,4.03138949954117e-05,0.0289625674357653,TRUE,NA
5607,2.82250184644448e-07,0.000546652212546231,TRUE,NA
5608,0.00311241771845362,0.000279162140313081,FALSE,NA
5609,0.00234268997502804,4.45873968956068e-05,FALSE,NA
5610,9.77954044753222e-09,4.11759705926905e-05,TRUE,NA
5611,0.00162853295901981,7.10934212737116e-05,FALSE,NA
5612,1.81288428877672e-09,2.429652593402e-07,TRUE,NA
5613,0.000444015574593643,0.000153608029974757,FALSE,NA
5614,6.37612559651968e-05,0.00828082111020313,TRUE,NA
5615,0.00386703973052479,0.00123012109198401,FALSE,NA
5616,0.000919069324792572,4.89881596281591,TRUE,NA
5617,2.63749977938757e-05,0.834510998787089,TRUE,NA
5618,3.46954796296238e-05,0.000249527617030532,TRUE,NA
5619,6.05663859727724e-06,0.0180440087026561,TRUE,NA
5620,7.40332101776776e-07,0.00329248122849524,TRUE,NA
5621,0.000429878071826594,0.000883902820361965,TRUE,NA
5622,0.0048480387233378,0.00149258815730254,FALSE,NA
5623,0.00545248745583355,8.31895207688407e-07,FALSE,NA
5624,0.000215390457156043,0.0147948775526681,TRUE,NA
5625,0.000228305479381581,0.010104805046034,TRUE,NA
5626,2.60081348066103e-05,1.1383464763249,TRUE,NA
5627,0.0649301566442376,0.00813535552789179,FALSE,NA
5628,0.00123769321628838,0.120941160127852,TRUE,NA
5629,7.62372083435353e-08,0.0379233299647764,TRUE,NA
5630,0.0221356339500963,7.08763936681219e-10,FALSE,NA
5631,0.00577010764567643,4.13504341963972e-10,FALSE,NA
5632,0.000452848521637367,0.0112487623559922,TRUE,NA
5633,0.0249623518080356,2.04273463538231e-06,FALSE,NA
5634,0.00899282133626342,0.00425609664668752,FALSE,NA
5635,7.77482309891943e-08,6.68413415127133e-05,TRUE,NA
5636,0.0233681310976035,0.000285604534356448,FALSE,NA
5637,0.00532989820294468,0.000744496714790502,FALSE,NA
5638,0.00014241850782728,6.34723934747515e-05,FALSE,NA
5639,0.00023797857763958,0.000312547045861179,TRUE,NA
5640,0.0205760957086064,0.000514914341598495,FALSE,NA
5641,6.88667961465577e-05,5.43885562325395e-06,FALSE,NA
5642,0.060776680599307,5.60663246571113e-07,FALSE,NA
5643,5.19374417012311e-07,1.01973122688456e-08,FALSE,NA
5644,3.89571905902617e-05,0.030449249788255,TRUE,NA
5645,0.000470411802093831,0.000138769433526303,FALSE,NA
5646,0.000119328551098249,0.000178484333666176,TRUE,NA
5647,8.73782678624312e-06,0.0103407678606872,TRUE,NA
5648,0.000872013185842743,3.38817593227037e-06,FALSE,NA
5649,1.57081904386688e-07,1.14706030151685e-05,TRUE,NA
5650,4.98342350300357e-05,1.98002401202012e-05,FALSE,NA
5651,4.90185567360761e-06,2.36148907949341e-06,FALSE,NA
5652,2.28993357586512e-06,0.065520072979489,TRUE,NA
5653,0.000332012717648552,0.0515599104176318,TRUE,NA
5654,3.21334864941576e-07,0.000295298229467302,TRUE,NA
5655,0.0536404795309215,2.31368765184794e-06,FALSE,NA
5656,4.06857935841383e-07,9.92356656765058e-05,TRUE,NA
5657,0.00681634977153627,3.57858743279253e-09,FALSE,NA
5658,0.0378279581294736,0.00143114910709727,FALSE,NA
5659,5.21218203263429e-05,0.000422310987366271,TRUE,NA
5660,0.0102851245140063,0.00426284423111255,FALSE,NA
5661,7.71291494416545e-05,0.00152473846770087,TRUE,NA
5662,0.00484993878120615,1.09200634903692,TRUE,NA
5663,0.00480403130035438,2.73307193996612e-05,FALSE,NA
5664,7.78232377735948e-08,0.0371485164706148,TRUE,NA
5665,3.86829032620239e-06,0.0721333441323845,TRUE,NA
5666,0.000121430078359108,3.99644577649775e-05,FALSE,NA
5667,1.79132335244388e-07,7.9157549925021e-07,TRUE,NA
5668,2.49405951556375e-06,9.27946120472087e-06,TRUE,NA
5669,0.0880515612840007,0.00420214233118981,FALSE,NA
5670,0.0234605005216627,0.545347710081677,TRUE,NA
5671,1.3834853802797e-08,7.11902711295239e-05,TRUE,NA
5672,0.00686229615847884,0.0556083312859628,TRUE,NA
5673,1.50072785717852e-05,0.0036123878922288,TRUE,NA
5674,0.0004550238743674,0.209341903840189,TRUE,NA
5675,0.00137463074810126,0.000366691405237424,FALSE,NA
5676,2.07700523449031e-11,0.000433896800668335,TRUE,NA
5677,6.10507523044342e-07,1.12079124916874,TRUE,NA
5678,0.000138629432804304,0.00289032556480095,TRUE,NA
5679,3.46690147242204e-05,0.00762655826474106,TRUE,NA
5680,0.000904029653876163,0.000113684294629791,FALSE,NA
5681,0.00304293709381659,7.30602003788859e-09,FALSE,NA
5682,0.00564689707638857,1.54544262113807e-06,FALSE,NA
5683,6.81227289249268e-06,1.61425416406795e-07,FALSE,NA
5684,0.000239924478692028,0.000404395846916422,TRUE,NA
5685,1.81954706349632e-06,1.94257397468356e-05,TRUE,NA
5686,0.00123836211862978,0.00770511811935447,TRUE,NA
5687,0.00284653057270053,6.1219870576945e-05,FALSE,NA
5688,6.20574333717885e-05,0.0340720008995808,TRUE,NA
5689,0.000338496654422313,1.40095925459555e-07,FALSE,NA
5690,2.36072128156417e-05,3.72376721290309e-07,FALSE,NA
5691,1.05500374326319e-05,2.41975814200995e-05,TRUE,NA
5692,0.0196583786233497,0.00143081046645392,FALSE,NA
5693,5.60065370651915e-05,0.000798486376505421,TRUE,NA
5694,0.0115363978189284,9.32932235819544e-09,FALSE,NA
5695,7.52069007128128e-05,0.000166039911629509,TRUE,NA
5696,8.60007974492827e-07,0.000164270875186924,TRUE,NA
5697,0.000578649281680399,5.41775308078704e-06,FALSE,NA
5698,1.17669585034529e-05,0.255112895417644,TRUE,NA
5699,0.00541729141774442,0.000824200297389367,FALSE,NA
5700,1.70540620522263e-05,1.66937625905982e-05,FALSE,NA
5701,3.5572988109659e-07,0.0200481411569679,TRUE,NA
5702,0.0253405270987259,4.40530503218401e-05,FALSE,NA
5703,1.90886981658005e-05,0.00102093463034994,TRUE,NA
5704,9.61878641528448e-05,3.71465948301012e-05,FALSE,NA
5705,9.58818225399257e-05,1.417076155793e-07,FALSE,NA
5706,5.63143420942794e-10,0.04651105695657,TRUE,NA
5707,1.12196926833368e-05,1.63639759681613e-05,TRUE,NA
5708,8.66673199105732e-05,0.000524806601231744,TRUE,NA
5709,0.00157492708006002,0.000106030205551137,FALSE,NA
5710,1.88781028181087e-05,5.91640682641652e-09,FALSE,NA
5711,0.000601618573075516,7.22124954267403e-05,FALSE,NA
5712,0.000389578659026812,0.00364061263146101,TRUE,NA
5713,0.0158983591643818,5.07620645573218e-06,FALSE,NA
5714,5.0602645109743e-07,0.0335473679017602,TRUE,NA
5715,5.37713475430961e-05,3.22925390337515e-06,FALSE,NA
5716,0.000932229192362523,8.21691379906931e-07,FALSE,NA
5717,5.11696463110133e-10,0.00382143620442611,TRUE,NA
5718,8.97001330285192e-07,0.000598150078823003,TRUE,NA
5719,0.00398106312411652,2.13219665082902e-05,FALSE,NA
5720,1.54827609710289e-08,0.471180764974089,TRUE,NA
5721,1.8344212928868e-05,7.30265292744425e-06,FALSE,NA
5722,0.000644112657303569,0.0896342819166943,TRUE,NA
5723,0.00219133044201825,4.51226643822516e-07,FALSE,NA
5724,0.000156371583492368,3.46477011368312e-05,FALSE,NA
5725,0.0311457138085378,0.00131978576186176,FALSE,NA
5726,0.000874809344617883,0.0120781375111645,TRUE,NA
5727,0.0204113155070701,0.177571905148563,TRUE,NA
5728,0.00250236122730755,3.97932800576044e-05,FALSE,NA
5729,0.00619134149656121,0.609870662611803,TRUE,NA
5730,0.0012731831154925,0.00160502600957523,TRUE,NA
5731,0.0102050744096142,0.000392641574851422,FALSE,NA
5732,0.000357515799772895,3.79649811555932e-06,FALSE,NA
5733,0.0314229658719511,0.241128948433988,TRUE,NA
5734,0.0771402139552695,1.78701689147164,TRUE,NA
5735,0.0107339428540559,2.82921705684228e-06,FALSE,NA
5736,0.103679252901861,0.0285371103253967,FALSE,NA
5737,0.00353483867386276,2.97719721248713e-06,FALSE,NA
5738,0.00612529666325282,0.00163485928245838,FALSE,NA
5739,0.033703183326888,4.19342389612045e-08,FALSE,NA
5740,0.00136199113688931,0.055632756716356,TRUE,NA
5741,0.000551075026328791,0.644912803689445,TRUE,NA
5742,0.00780600320953213,0.00961355006672876,TRUE,NA
5743,0.00274980849516381,0.00327905469767947,TRUE,NA
5744,0.00094406369127011,0.00243968437858467,TRUE,NA
5745,0.000448551110941632,0.0815944710021986,TRUE,NA
5746,0.00175505873870673,0.00138848771364991,FALSE,NA
5747,0.000316104713037991,1.31527592273108e-06,FALSE,NA
5748,0.00524664433106101,0.00552925716558937,TRUE,NA
5749,0.000780455688047627,0.000138856108918496,FALSE,NA
5750,1.35013252810425e-07,0.00982295123477547,TRUE,NA
5751,3.67749136372293e-07,5.69472567324542e-06,TRUE,NA
5752,8.19763920833875e-05,4.55785143795971e-05,FALSE,NA
5753,0.000387567654641766,9.52510897778283e-08,FALSE,NA
5754,6.31570622426939e-08,0.0292975225219416,TRUE,NA
5755,0.000107040903370551,1.01809202851066,TRUE,NA
5756,0.00140346475225467,0.0211161422847936,TRUE,NA
5757,0.00028741282011552,2.74856418090834e-06,FALSE,NA
5758,0.000325168137537852,2.05377936881467e-11,FALSE,NA
5759,0.00170270505155407,1.61838305075638e-06,FALSE,NA
5760,3.71093146066396e-05,8.92461734370439e-08,FALSE,NA
5761,7.13165819016807e-07,1.53171647634273,TRUE,NA
5762,6.22108887080425e-05,3.92326241963179e-06,FALSE,NA
5763,3.72309099329592e-06,1.85728589724415e-05,TRUE,NA
5764,1.20104430456233e-08,0.00713727772185303,TRUE,NA
5765,2.35575750343769e-07,0.000215221939835895,TRUE,NA
5766,2.23410927105792e-05,0.000200563891445269,TRUE,NA
5767,5.46431917911551e-05,0.13574236957444,TRUE,NA
5768,6.02515021134228e-06,3.09539672151428e-09,FALSE,NA
5769,0.00616398224495244,0.015830661765288,TRUE,NA
5770,2.13952695082911e-05,0.00340219930201537,TRUE,NA
5771,1.43243984899126e-05,0.000528233607216434,TRUE,NA
5772,0.00115777669712301,0.0221948042693275,TRUE,NA
5773,2.38616586493763e-05,0.000199919311262957,TRUE,NA
5774,0.00606519816387989,0.107832107769539,TRUE,NA
5775,0.0694646551666175,0.00399018600889293,FALSE,NA
5776,7.04912738982729e-06,6.87394275453828e-05,TRUE,NA
5777,7.94820235619963e-06,4.99290249238309e-06,FALSE,NA
5778,0.0575368246736397,6.41784687116251e-08,FALSE,NA
5779,0.00743959382074023,0.00133902455186263,FALSE,NA
5780,0.00207738226664101,4.37544677678419e-05,FALSE,NA
5781,2.94095607329377e-06,7.35706803759037e-06,TRUE,NA
5782,5.14228136258458e-06,3.97390175045613,TRUE,NA
5783,0.000111431220461227,0.0321071670849732,TRUE,NA
5784,0.000227635227994726,6.38517120612675e-06,FALSE,NA
5785,3.30176486696939e-09,1.84648856150811e-06,TRUE,NA
5786,8.11590346625459e-06,0.00174988903542064,TRUE,NA
5787,5.28026443309078e-07,2.43138362401707e-08,FALSE,NA
5788,0.00136912401948499,8.15357356634575e-07,FALSE,NA
5789,3.89364752309849e-09,3.15066457037874e-05,TRUE,NA
5790,7.79736097421693e-06,4.87165897698862e-09,FALSE,NA
5791,1.57208243349691e-06,1.03885915751563e-05,TRUE,NA
5792,0.024667181206767,0.0158988193553691,FALSE,NA
5793,0.0012116640194511,2.95487617299029e-06,FALSE,NA
5794,4.3322346890523e-06,0.0469362506671269,TRUE,NA
5795,0.00290754783217527,0.000167366922208188,FALSE,NA
5796,2.89431967250737e-05,0.000115927397026754,TRUE,NA
5797,3.76076246209447e-06,0.000727527673537059,TRUE,NA
5798,0.0193124950949042,1.33532620212877e-05,FALSE,NA
5799,0.0508778023233729,5.3912647668632e-06,FALSE,NA
5800,0.000509484833248186,0.000341269770287778,FALSE,NA
5801,0.000191437142930435,0.00269478438597297,TRUE,NA
5802,2.44548654252769e-07,0.000744091815947308,TRUE,NA
5803,0.0304865632903578,0.000234169712784166,FALSE,NA
5804,0.000985717117085404,0.0178010179838011,TRUE,NA
5805,0.000345915624189747,1.17555920600986e-05,FALSE,NA
5806,8.47327544509043e-05,0.000334635250152599,TRUE,NA
5807,0.00160782298255216,0.00906959427959517,TRUE,NA
5808,2.39422721786794e-05,0.000145453058803514,TRUE,NA
5809,0.000142984844580632,0.00324940325085817,TRUE,NA
5810,9.40374354938938e-06,5.45913486610928e-05,TRUE,NA
5811,0.000224002198207383,0.0346454078074635,TRUE,NA
5812,9.51401675406966e-06,0.135090914624243,TRUE,NA
5813,0.00605836734649504,0.0216164566254914,TRUE,NA
5814,0.000124096805082865,0.000269654885918925,TRUE,NA
5815,0.00161969598101355,0.000104093764241755,FALSE,NA
5816,1.19987214362005e-06,0.00363345524494745,TRUE,NA
5817,1.92775638175941e-05,0.206338672349202,TRUE,NA
5818,1.55473461718557e-05,0.000628737518617139,TRUE,NA
5819,3.16209614548489e-09,0.00335560943984631,TRUE,NA
5820,0.0210975560321012,3.30688705695434e-07,FALSE,NA
5821,0.0296066152159834,0.000792384001790704,FALSE,NA
5822,7.33844303246177e-05,0.00074109206453526,TRUE,NA
5823,0.00145329465178824,0.00499087851172458,TRUE,NA
5824,0.000620184253356113,0.000261363527432196,FALSE,NA
5825,5.78599683576537e-07,0.0423787114261402,TRUE,NA
5826,3.81320519713468e-05,0.0001439816004287,TRUE,NA
5827,0.000324984654492188,0.0122665307830246,TRUE,NA
5828,0.015073416782464,0.000113017258664425,FALSE,NA
5829,0.000299282626760233,7.64901311244728e-05,FALSE,NA
5830,0.00379533341266185,0.168832105449098,TRUE,NA
5831,0.00874408280888936,0.000257319052445772,FALSE,NA
5832,0.00216863996858745,0.0560013281699434,TRUE,NA
5833,4.88167115322734e-08,0.00169171185668565,TRUE,NA
5834,0.00123133690144253,1.1807489043832e-05,FALSE,NA
5835,0.00088695167148762,0.0194851163117324,TRUE,NA
5836,0.000397323918389248,0.000151664338260833,FALSE,NA
5837,2.09454006759358e-05,3.37063153437988e-05,TRUE,NA
5838,2.02080563006929e-06,0.000744870550177551,TRUE,NA
5839,0.0793773138081523,2.72041406406622e-05,FALSE,NA
5840,0.00848201142513927,0.192732660962741,TRUE,NA
5841,1.37526257994777e-08,0.00255922269179809,TRUE,NA
5842,4.27295361429292e-06,0.00267858413723305,TRUE,NA
5843,0.0484544992403759,1.15368502265232e-06,FALSE,NA
5844,0.00169486602653181,0.00179966346996847,TRUE,NA
5845,1.44209266681706e-06,0.000706758023071105,TRUE,NA
5846,0.00113387379419288,3.48212497377292,TRUE,NA
5847,0.00740025857346072,4.60335446134319e-07,FALSE,NA
5848,5.93339450966798e-05,0.0633950336409531,TRUE,NA
5849,0.000319306561065654,0.00484953743399092,TRUE,NA
5850,4.9854800642646e-08,3.29109331437474e-05,TRUE,NA
5851,0.000752248253590489,0.0325832156280002,TRUE,NA
5852,0.0179776884798299,0.0267254748306777,TRUE,NA
5853,0.0374317982778764,0.000481063144548162,FALSE,NA
5854,9.99812451025196e-06,0.0135196959163307,TRUE,NA
5855,0.0114658123614502,0.0177519028941574,TRUE,NA
5856,4.93180709220927e-05,0.00512392331685524,TRUE,NA
5857,0.00149652396564063,0.0830776241412726,TRUE,NA
5858,0.0256450086037272,5.90759398701725e-09,FALSE,NA
5859,0.00496815663700977,0.0301827516445552,TRUE,NA
5860,0.00550874405539403,0.00184214621902664,FALSE,NA
5861,0.000627675401205185,1.98976851251758e-07,FALSE,NA
5862,0.000235120365888128,0.00147123325298746,TRUE,NA
5863,8.80163130691421e-05,3.09984692797998e-05,FALSE,NA
5864,0.000241744430528606,0.0183713157738453,TRUE,NA
5865,0.00071471383525726,0.0127709391220349,TRUE,NA
5866,4.66530907607769e-06,0.0240496677243029,TRUE,NA
5867,0.0518004767104626,0.00433057548842413,FALSE,NA
5868,1.90630669061383e-05,0.0100764747251724,TRUE,NA
5869,5.17531829012278e-06,5.07869260392444e-05,TRUE,NA
5870,0.00107927028890055,1.38938352899763e-08,FALSE,NA
5871,0.0136140340286471,4.98734857879905e-07,FALSE,NA
5872,0.00539886241616979,0.000953252675785841,FALSE,NA
5873,2.42922613200015e-05,0.00635219299440359,TRUE,NA
5874,0.00150790249555251,1.67657149972177e-05,FALSE,NA
5875,3.65376086045653e-05,0.100346566965344,TRUE,NA
5876,0.00148301179226673,0.00389909779504031,TRUE,NA
5877,0.00132562880666908,4.8077121707589e-06,FALSE,NA
5878,5.39763593669274e-05,0.00139756997995148,TRUE,NA
5879,4.77892216050524e-05,0.00742657554106827,TRUE,NA
5880,0.0323843442959725,0.0013752997194131,FALSE,NA
5881,0.000492368294110037,0.164186617657098,TRUE,NA
5882,0.00222434035473532,1.8182805896605e-05,FALSE,NA
5883,0.0193599675377233,3.48949392351667e-06,FALSE,NA
5884,0.00142686904368269,0.019761226265378,TRUE,NA
5885,2.99977456266898e-08,8.72244710613135e-07,TRUE,NA
5886,0.000216648212004427,0.0444757266106622,TRUE,NA
5887,1.76942753328124e-05,0.0215577497089993,TRUE,NA
5888,0.0102290050625933,8.50386210115651e-05,FALSE,NA
5889,0.000473095305268851,0.0386213047301309,TRUE,NA
5890,6.28510798333287e-06,1.2426017528991e-05,TRUE,NA
5891,1.3910323485667e-06,0.00166859080166302,TRUE,NA
5892,0.000531597048702586,0.000383770692179702,FALSE,NA
5893,0.0126206712380007,4.12416304604397e-05,FALSE,NA
5894,2.08963132655395e-06,2.13157446844297e-06,TRUE,NA
5895,0.00343318490811769,0.000562759046802285,FALSE,NA
5896,0.00268536866550116,0.00163376624177803,FALSE,NA
5897,0.00138569519210513,0.000248098483061902,FALSE,NA
5898,3.40218745515528e-06,0.000423691438487808,TRUE,NA
5899,9.61904518735452e-06,9.95312067891533e-08,FALSE,NA
5900,0.000163201700979447,1.37563542995497e-06,FALSE,NA
5901,0.00605810339759581,1.11033242591484,TRUE,NA
5902,8.08786671466958e-06,0.000520343681195778,TRUE,NA
5903,9.19728370769339e-05,0.000125348156768483,TRUE,NA
5904,0.00292907339900812,2.73197194215348e-07,FALSE,NA
5905,0.000105659617988393,0.000689433611639492,TRUE,NA
5906,0.00202424035256056,6.0596049904125e-08,FALSE,NA
5907,8.22054716924095e-05,0.000619841465426509,TRUE,NA
5908,3.80138201338289e-07,0.000358297383474505,TRUE,NA
5909,0.00103107801135524,2.150882621039e-05,FALSE,NA
5910,0.00374004835406245,0.000331001055086303,FALSE,NA
5911,0.00829157241020357,2.10945671832568e-05,FALSE,NA
5912,0.00850042782885574,0.0608517684123097,TRUE,NA
5913,5.8413835007697e-05,0.00634071341507128,TRUE,NA
5914,5.76907719281293e-06,0.00101434059969069,TRUE,NA
5915,2.94785373417307e-06,0.00403112707384818,TRUE,NA
5916,3.08521555574261e-05,0.171726836365644,TRUE,NA
5917,0.0105173320131242,0.0548623506846627,TRUE,NA
5918,0.0180989701725357,0.668351071200482,TRUE,NA
5919,0.00324516753590689,6.35769024039116e-06,FALSE,NA
5920,6.14964811868691e-06,0.176173059156295,TRUE,NA
5921,0.000898145551327893,6.01491903880845e-07,FALSE,NA
5922,4.85978026181562e-06,4.72826692144131,TRUE,NA
5923,0.00109187743973925,0.142312934929413,TRUE,NA
5924,2.58717138508435e-06,0.000469035886105709,TRUE,NA
5925,0.000399526141420357,1.21390263700059e-06,FALSE,NA
5926,8.60717756306817e-06,0.000121633611854471,TRUE,NA
5927,0.00053045079062071,4.35990993090245e-05,FALSE,NA
5928,0.00043098468302389,0.109028744175304,TRUE,NA
5929,0.000134635229448029,0.000134773098072517,TRUE,NA
5930,2.82011961898814e-06,5.50666658121561e-07,FALSE,NA
5931,0.000624931040953358,0.0202003254064126,TRUE,NA
5932,0.00017061184261493,0.0465087466162774,TRUE,NA
5933,1.61489152570492e-06,1.64732627674595e-09,FALSE,NA
5934,0.000122565223812367,3.88429032548689e-06,FALSE,NA
5935,0.0624270979926087,0.000221985286745651,FALSE,NA
5936,0.000957521348360754,5.85553863250958e-05,FALSE,NA
5937,8.22012278081962e-06,0.00027359258497048,TRUE,NA
5938,0.0056475315262186,0.00082121695092891,FALSE,NA
5939,1.15628085241289e-07,0.0136115260934173,TRUE,NA
5940,0.0375788555973684,6.03986262039804e-05,FALSE,NA
5941,3.29125563664772e-06,0.00315441230069814,TRUE,NA
5942,2.54892999829844e-06,0.00344232806419676,TRUE,NA
5943,7.77643019110576e-06,1.18416959419499e-05,TRUE,NA
5944,0.000108055416164714,9.01855931684538e-06,FALSE,NA
5945,0.00810475179505799,0.0383569472590964,TRUE,NA
5946,7.0705191484442e-07,3.68817242476064e-06,TRUE,NA
5947,8.50004076076671e-05,7.19434434914749e-07,FALSE,NA
5948,3.98154255066962e-05,3.59037805797139e-06,FALSE,NA
5949,2.5614387874781e-05,3.51147895109601e-05,TRUE,NA
5950,2.61693035621523e-07,0.00358007298097516,TRUE,NA
5951,0.00161188145925115,9.43738167736781e-08,FALSE,NA
5952,0.00139709879679005,0.00190989651951557,TRUE,NA
5953,0.00227177191165806,0.297502657609316,TRUE,NA
5954,0.0404112165142698,2.71057785449113e-08,FALSE,NA
5955,0.0502135517053953,1.88030647576872e-05,FALSE,NA
5956,7.41966049663031e-06,0.000320293099705988,TRUE,NA
5957,9.90177520492058e-05,0.0143389770611154,TRUE,NA
5958,0.00094314617715415,1.5635947947203e-05,FALSE,NA
5959,4.13417256838996e-09,2.7860863625319e-05,TRUE,NA
5960,0.0043653990746252,0.0190998071505761,TRUE,NA
5961,1.07443024188248e-06,1.37962878756827e-07,FALSE,NA
5962,0.00194610546191736,0.0337474105196699,TRUE,NA
5963,1.80553004219264e-06,0.0114931676319343,TRUE,NA
5964,0.00225803360319518,0.00780198944804814,TRUE,NA
5965,0.0398470553050237,0.0037541415325205,FALSE,NA
5966,0.000125024246536193,0.00123982855886593,TRUE,NA
5967,0.000121473174280434,0.0050699259975081,TRUE,NA
5968,1.6297338412702e-05,2.61333177354614e-10,FALSE,NA
5969,1.07181997137358e-07,0.000462210494838938,TRUE,NA
5970,1.03129331507773e-07,0.00236130457366999,TRUE,NA
5971,0.000118563367515426,2.07482872138343e-05,FALSE,NA
5972,0.004169495672102,0.743197663097432,TRUE,NA
5973,2.54520182739942e-10,0.0051227097592593,TRUE,NA
5974,1.52964277665459e-05,0.00290450824912626,TRUE,NA
5975,0.00288361943129302,0.05179787640005,TRUE,NA
5976,0.00104003745462565,6.93391058155115e-06,FALSE,NA
5977,0.000321876326786186,4.22821944609783e-05,FALSE,NA
5978,1.33027792162041e-05,6.2181100738541e-07,FALSE,NA
5979,0.00300889245163407,0.0178830285477678,TRUE,NA
5980,1.06052450968306e-06,8.1626177455451e-05,TRUE,NA
5981,1.30065961833737e-05,0.326987192717803,TRUE,NA
5982,0.0440101969425744,0.000373133928876124,FALSE,NA
5983,3.922865223549e-05,0.00884702589045908,TRUE,NA
5984,3.70825511238064e-06,0.00178625109269693,TRUE,NA
5985,1.10913123191783e-09,2.81237051299746e-05,TRUE,NA
5986,0.000207529519507216,4.65211762164829e-08,FALSE,NA
5987,6.07534846542955e-05,0.0684207975384713,TRUE,NA
5988,0.00633912950223838,0.0069849111579981,TRUE,NA
5989,0.0831566194380988,0.626492476531724,TRUE,NA
5990,0.000273112182149172,2.19611777602598e-06,FALSE,NA
5991,0.000230579351126874,0.00536045722624595,TRUE,NA
5992,0.00595532580154892,8.61540045005744e-05,FALSE,NA
5993,8.53790870995783e-07,0.00110265215255595,TRUE,NA
5994,0.00155104878916967,4.60967439489345e-06,FALSE,NA
5995,0.00130913736836925,0.00454446966882646,TRUE,NA
5996,0.0892866347632014,0.0819219696825709,FALSE,NA
5997,8.50211759187936e-06,0.0565320406177615,TRUE,NA
5998,4.64722924283019e-08,0.000127706441398794,TRUE,NA
5999,1.07024350335958e-07,0.521078497892484,TRUE,NA
6000,4.90201279934871e-05,0.000272640046733353,TRUE,NA
6001,0.0110812385389699,2.50634251260171e-05,FALSE,NA
6002,0.00247196330393702,0.00354579421691571,TRUE,NA
6003,7.76388859270474e-05,0.010173220159379,TRUE,NA
6004,0.00429711413945073,8.49644255891475e-05,FALSE,NA
6005,4.35558897331321e-08,0.835553777938947,TRUE,NA
6006,0.0402027088614691,0.00101842927066662,FALSE,NA
6007,4.65413175555049e-06,0.00319535880043213,TRUE,NA
6008,2.6319457796354e-05,0.000179480912721162,TRUE,NA
6009,0.0180279497733394,1.85897020617377e-08,FALSE,NA
6010,0.00189754804897383,3.66258579088023e-10,FALSE,NA
6011,0.000144355137998848,0.000313302297852043,TRUE,NA
6012,0.000264766573755308,0.0197821916497043,TRUE,NA
6013,0.000127906633914435,0.0002828611302332,TRUE,NA
6014,0.0543045561949533,0.00113020876156484,FALSE,NA
6015,0.0133093077643708,0.00244085006072277,FALSE,NA
6016,0.0228549310965892,7.44533416195523e-05,FALSE,NA
6017,7.34600599709662e-05,8.90617011504824e-06,FALSE,NA
6018,2.64624322489678e-10,0.00106979715090906,TRUE,NA
6019,0.00109845346314703,2.0817717396803,TRUE,NA
6020,3.0839322044074e-07,0.0319704185500153,TRUE,NA
6021,7.14819314876505e-11,8.17168555048439e-12,FALSE,NA
6022,0.00194395249965739,0.00010172049298559,FALSE,NA
6023,0.00868713500399862,0.0073678602416753,FALSE,NA
6024,0.0679309049232406,0.0321671086406888,FALSE,NA
6025,0.00275854777270052,6.52567284851536e-08,FALSE,NA
6026,3.03202635791616e-06,0.0019745747999412,TRUE,NA
6027,4.87816858606036e-06,5.73866458610102e-08,FALSE,NA
6028,0.00011337837723802,0.0716426613628786,TRUE,NA
6029,4.52488442226977e-05,0.000106799800384695,TRUE,NA
6030,0.0294685976942362,7.85012386241572e-07,FALSE,NA
6031,0.0159384839375167,1.83613903946074,TRUE,NA
6032,0.00174660410969954,0.00120881731329701,FALSE,NA
6033,0.000112443860542557,0.000187676683403203,TRUE,NA
6034,0.000935023128101754,0.016890882094669,TRUE,NA
6035,0.0419505896526301,2.46541789141089e-06,FALSE,NA
6036,6.09264907628568e-05,4.85200451596891e-08,FALSE,NA
6037,0.000598593838085351,0.0224066019027723,TRUE,NA
6038,1.48919772276738e-06,2.20783130702257e-05,TRUE,NA
6039,0.00223908623596829,3.93466555917863e-07,FALSE,NA
6040,1.05572466124201e-07,0.000101405263461616,TRUE,NA
6041,5.10411655059204e-06,0.000786508147577456,TRUE,NA
6042,0.000300109460878159,0.050266483412243,TRUE,NA
6043,0.00308075665626715,0.000142705602755218,FALSE,NA
6044,0.108016117750859,0.0176026070287879,FALSE,NA
6045,0.00781817275134043,2.79043096232592e-06,FALSE,NA
6046,8.28075544591545e-05,0.553712248097654,TRUE,NA
6047,6.68473403349432e-07,0.0604307459132584,TRUE,NA
6048,0.000425308030429378,0.00134449816030957,TRUE,NA
6049,1.31431828061021e-05,1.01754395090978e-07,FALSE,NA
6050,0.00258563064765092,0.00365837076043944,TRUE,NA
6051,1.00249362647419e-08,0.00175054210013237,TRUE,NA
6052,3.87915688087498e-06,0.00239858060764496,TRUE,NA
6053,0.0138506332096851,0.446947314562271,TRUE,NA
6054,4.25325599221737e-05,0.0601251012862626,TRUE,NA
6055,0.000236015437651711,0.00703552069530056,TRUE,NA
6056,0.0128381650316972,1.27062812017623e-07,FALSE,NA
6057,0.0212923045440697,0.00011108123309211,FALSE,NA
6058,1.45581990917459e-10,0.00122478401098267,TRUE,NA
6059,0.0768415831316445,0.00618595763174457,FALSE,NA
6060,0.000631032121112668,2.15313470275845,TRUE,NA
6061,2.45658173488056e-05,0.00791300674426837,TRUE,NA
6062,6.88099655238939e-05,0.00208361253401679,TRUE,NA
6063,7.09522219007576e-10,0.000231724252553874,TRUE,NA
6064,1.25252101697591e-08,9.09561095617063e-08,TRUE,NA
6065,0.00191192000411988,0.000929057134976284,FALSE,NA
6066,1.97982197250575e-07,4.99434089707813e-06,TRUE,NA
6067,3.83128318795236e-05,5.96896743194277e-08,FALSE,NA
6068,2.51090510368835e-05,1.47253768041973e-08,FALSE,NA
6069,0.0417922114680023,0.0128548246487458,FALSE,NA
6070,0.000584065043051753,0.000231238738591236,FALSE,NA
6071,0.00156871945140657,2.65236996842835e-05,FALSE,NA
6072,9.66954193637339e-05,0.50792594089402,TRUE,NA
6073,0.0019675315248648,0.00189851597044687,FALSE,NA
6074,0.0252375524469308,0.000129500590003238,FALSE,NA
6075,0.000217147696578769,0.000116470777538162,FALSE,NA
6076,1.20817481975192e-05,0.000831548369492581,TRUE,NA
6077,0.000177208153867534,2.38426851819378e-07,FALSE,NA
6078,0.00263503649729883,0.00535703694141557,TRUE,NA
6079,0.000169724672441162,0.00266065433660135,TRUE,NA
6080,1.08964580483572e-06,6.13097408056319e-09,FALSE,NA
6081,1.16135794833913e-05,0.421380661717647,TRUE,NA
6082,3.79981893657833e-06,0.00192576762276488,TRUE,NA
6083,0.00149398118200102,3.43442790109592e-08,FALSE,NA
6084,0.000229491993864724,9.24937786198481e-09,FALSE,NA
6085,0.0346030295940328,1.84164861332904e-07,FALSE,NA
6086,5.67727640740753e-07,0.00190654303365235,TRUE,NA
6087,0.0181520833038469,0.00563748366175871,FALSE,NA
6088,2.81489224445132e-05,1.14366181120511e-05,FALSE,NA
6089,2.03917810889331e-07,0.703895251033879,TRUE,NA
6090,0.00260215677599435,2.44557729315578e-06,FALSE,NA
6091,0.00172657007146977,3.07452570970869e-06,FALSE,NA
6092,0.000169458928799678,0.00315833192563194,TRUE,NA
6093,0.00216231750624645,1.25182055082659e-05,FALSE,NA
6094,0.00801345800174239,0.0189078860385896,TRUE,NA
6095,0.00101165584932685,0.0442700082377176,TRUE,NA
6096,1.31709256515113e-07,1.81575841567779e-08,FALSE,NA
6097,0.000144170487904106,3.7120605404161,TRUE,NA
6098,6.68324550698453e-05,7.12470077225285e-08,FALSE,NA
6099,0.000735121213897331,4.66758222323144e-05,FALSE,NA
6100,0.000278586580477189,0.00102710441811459,TRUE,NA
6101,0.0937499311378371,0.0886337950514324,FALSE,NA
6102,1.01665943185201e-06,0.00500850839961896,TRUE,NA
6103,7.28486561367432e-05,0.0330189306850523,TRUE,NA
6104,7.11382286664354e-10,9.34712148067789e-08,TRUE,NA
6105,0.000870836541475877,4.97961845867242e-05,FALSE,NA
6106,0.0185052550093597,0.000143996389685781,FALSE,NA
6107,7.140889471955e-05,0.00447140524906743,TRUE,NA
6108,0.00878875247593932,0.0352430000811621,TRUE,NA
6109,0.000668807321792214,2.32656560954254e-09,FALSE,NA
6110,0.00610106321402275,0.00466731118326262,FALSE,NA
6111,0.000789193352850134,0.000692766183465166,FALSE,NA
6112,5.16669758795336e-05,0.008585434363916,TRUE,NA
6113,3.12506550475075e-05,0.0309362131368598,TRUE,NA
6114,0.000793081022303477,0.0124896058483073,TRUE,NA
6115,1.49993684151064e-10,1.33425628211485,TRUE,NA
6116,0.00139641619045338,0.0589577476692304,TRUE,NA
6117,5.44809423568149e-06,0.0822894410200286,TRUE,NA
6118,0.000366979587897838,0.000750180927561902,TRUE,NA
6119,0.00786915741955528,6.59410430755323e-05,FALSE,NA
6120,6.78388727406628e-05,0.000429518110995607,TRUE,NA
6121,3.95482796247089e-06,8.60500346322041e-06,TRUE,NA
6122,1.15883143153232e-05,0.0423969806197799,TRUE,NA
6123,1.40989939603953e-05,1.57789317848181e-07,FALSE,NA
6124,0.00040229175114178,0.000312682819939921,FALSE,NA
6125,0.000255979790735244,0.00126641153571918,TRUE,NA
6126,6.58046788728204e-08,1.10783780656671e-05,TRUE,NA
6127,8.00796101519319e-08,0.0113709409438816,TRUE,NA
6128,5.98976079839464e-06,0.0165813770826388,TRUE,NA
6129,0.0194987955438378,0.00127110442547708,FALSE,NA
6130,1.67179547159958e-08,0.000148748296904723,TRUE,NA
6131,3.37350291666813e-05,0.0650880718344619,TRUE,NA
6132,0.0651394211962883,0.000274854173092787,FALSE,NA
6133,1.43619078586195e-05,0.00734888427757018,TRUE,NA
6134,5.54205489092267e-08,4.73804196545169e-07,TRUE,NA
6135,8.92156930494844e-05,0.000145857985689586,TRUE,NA
6136,0.000637694973959317,1.41167229044683e-05,FALSE,NA
6137,6.60622032853005e-05,6.38863342246021e-05,FALSE,NA
6138,0.00053023736000269,0.0031537298265398,TRUE,NA
6139,0.00765613241291216,0.773021833153141,TRUE,NA
6140,0.000341814305930823,0.162909837905807,TRUE,NA
6141,0.0343539838314762,0.000105691974452528,FALSE,NA
6142,8.92518403130239e-07,0.000681286033021016,TRUE,NA
6143,0.00118438961807266,0.0103336425155696,TRUE,NA
6144,5.34049190900072e-05,0.0117798517383867,TRUE,NA
6145,7.17458359929639e-06,0.020210531179004,TRUE,NA
6146,2.00172566905962e-07,1.25575017036446e-05,TRUE,NA
6147,0.00316592514884465,0.0221336747873323,TRUE,NA
6148,0.0503710224702925,1.48025826708619e-06,FALSE,NA
6149,0.00147734543793982,4.0549716189095e-05,FALSE,NA
6150,1.79785860098883e-06,0.000366940460914852,TRUE,NA
6151,0.0512754011581962,0.439429440497122,TRUE,NA
6152,0.0103484586800727,5.3049398937933e-06,FALSE,NA
6153,0.000264940189092379,0.0446805294479539,TRUE,NA
6154,2.49777754934563e-08,1.13972946370591e-06,TRUE,NA
6155,0.00610465757635785,0.161867577348349,TRUE,NA
6156,7.14248182940283e-06,8.37694196386995e-05,TRUE,NA
6157,1.79525717685319e-05,0.000516659119104471,TRUE,NA
6158,1.84508444919903e-06,5.00876144724554e-05,TRUE,NA
6159,2.97851500962186e-05,0.000489428919958337,TRUE,NA
6160,0.00954145656116248,0.00324550292588345,FALSE,NA
6161,0.000187067674530415,0.00247554083094025,TRUE,NA
6162,0.000333913872805864,1.20658228245111e-05,FALSE,NA
6163,2.61212764729269e-06,1.10751744431983e-06,FALSE,NA
6164,4.12129433257132e-05,2.71608160155141,TRUE,NA
6165,0.00237378936420121,0.0198099156944416,TRUE,NA
6166,2.25378077170768e-05,9.35095596170307e-05,TRUE,NA
6167,9.02518505421443e-05,0.000116446980420333,TRUE,NA
6168,4.84620118424727e-05,0.0389919338202651,TRUE,NA
6169,0.000491600887513471,0.00220371700780982,TRUE,NA
6170,0.009224795685544,0.000695186347226149,FALSE,NA
6171,1.90550715930968e-07,0.000209065571891481,TRUE,NA
6172,0.0368251015662997,1.15382087324149e-07,FALSE,NA
6173,0.000312310748684328,0.0260946764165614,TRUE,NA
6174,0.0286940294923099,0.0558291802425863,TRUE,NA
6175,1.17579453424936e-07,0.0115152488065673,TRUE,NA
6176,3.40677166578569e-06,0.000330984249157265,TRUE,NA
6177,0.00167637515523104,1.63097447087859e-05,FALSE,NA
6178,0.000813069979377584,5.67234005216832e-07,FALSE,NA
6179,8.71438217582087e-05,3.8813608654492e-07,FALSE,NA
6180,0.100550782069988,3.27065713152543e-07,FALSE,NA
6181,0.000253897717575227,0.0265498931769847,TRUE,NA
6182,0.000950148673089755,0.00190012041851288,TRUE,NA
6183,5.0275614480026e-05,0.0011177808646582,TRUE,NA
6184,9.08995105771503e-05,0.168057315399853,TRUE,NA
6185,0.000110853693913037,0.0089354791488518,TRUE,NA
6186,0.00443643028378998,3.03529424614961e-05,FALSE,NA
6187,0.000131501913976708,4.89933602689903e-07,FALSE,NA
6188,0.00969050422267967,0.122488518015111,TRUE,NA
6189,0.000744725087714389,0.00605337480857727,TRUE,NA
6190,2.200408970089e-06,6.75165415459971e-07,FALSE,NA
6191,0.000411707665847004,0.00231034721671776,TRUE,NA
6192,0.000275124974313957,0.00284367680330197,TRUE,NA
6193,0.00524445669292859,9.17735556254989e-05,FALSE,NA
6194,0.000364013803707527,3.98785784713148e-06,FALSE,NA
6195,4.50124723188999e-08,1.11029310985772e-05,TRUE,NA
6196,0.00218826145005067,0.000411315713413008,FALSE,NA
6197,0.00235531800456021,0.000362931887250467,FALSE,NA
6198,0.000204805697163551,1.65297553436422e-10,FALSE,NA
6199,0.0108032767719482,2.38947016458992e-05,FALSE,NA
6200,0.0225782094256799,0.000159193680444631,FALSE,NA
6201,0.00438319354583778,0.000173652861467916,FALSE,NA
6202,0.0130420320776987,4.21139546345763e-09,FALSE,NA
6203,0.0015817017284684,0.0016127912240657,TRUE,NA
6204,0.0107230471168829,0.000301394714924111,FALSE,NA
6205,0.0283640993277698,4.9003179452605e-07,FALSE,NA
6206,0.000172972256636042,3.97675962296196e-08,FALSE,NA
6207,1.01498712823117e-05,0.000519862016696321,TRUE,NA
6208,1.8247774628149e-06,0.000897649506939966,TRUE,NA
6209,0.00760805178023574,7.15122419121188e-06,FALSE,NA
6210,0.000822745465851355,3.55521403731973e-06,FALSE,NA
6211,0.0215494220189895,1.98206206883606e-07,FALSE,NA
6212,7.6336546000331e-08,0.490663603395584,TRUE,NA
6213,0.0173309580326858,0.115162935666049,TRUE,NA
6214,3.35952953326402e-08,1.31367736967155e-06,TRUE,NA
6215,5.57003591722953e-07,4.12255061133596e-07,FALSE,NA
6216,0.00115704536666873,0.0100716983417208,TRUE,NA
6217,0.000347881995140032,0.00131186252273809,TRUE,NA
6218,1.90784810354312e-09,1.14225304312491e-08,TRUE,NA
6219,9.37730848326115e-06,5.58442181386469e-14,FALSE,NA
6220,0.0890009389626231,0.0103852253458987,FALSE,NA
6221,1.31377333324532e-05,2.61224812413071e-05,TRUE,NA
6222,0.0110976973250926,9.1994905897768e-07,FALSE,NA
6223,0.0367544605345605,0.00146014392862719,FALSE,NA
6224,0.00513674086916862,1.65040522166154,TRUE,NA
6225,1.47964610141689e-06,0.0175161337684202,TRUE,NA
6226,0.253387047520218,0.00125562364090868,FALSE,NA
6227,1.30601870459638e-06,0.0110582980100457,TRUE,NA
6228,0.000362076777108682,0.00119669043938464,TRUE,NA
6229,0.00149296262474828,1.02469673919226e-05,FALSE,NA
6230,3.20738149174023e-05,5.8841820305135e-14,FALSE,NA
6231,0.000109774015492626,5.50927638361885e-09,FALSE,NA
6232,1.78983510297104e-05,0.000167248267509182,TRUE,NA
6233,0.00350840407643656,0.408072134539619,TRUE,NA
6234,0.000734153340880108,1.21114154045891e-05,FALSE,NA
6235,1.77168858447019e-05,0.000158442561736528,TRUE,NA
6236,9.17895137722371e-07,0.010834165457528,TRUE,NA
6237,0.000352828847771978,0.0306720163318689,TRUE,NA
6238,0.0234483220248809,0.000164249455563045,FALSE,NA
6239,3.66818141776615e-06,0.000200244883412941,TRUE,NA
6240,0.000716759478942694,0.00299086398178454,TRUE,NA
6241,0.000102530858267208,0.000204782674429177,TRUE,NA
6242,0.00174909127227603,0.0098573148030992,TRUE,NA
6243,1.18711860214754e-05,1.55990967828204e-06,FALSE,NA
6244,0.000141917795778716,0.0335541800484212,TRUE,NA
6245,0.0780905603281398,0.247830615272323,TRUE,NA
6246,2.41725143745676e-06,0.0159945006934529,TRUE,NA
6247,1.70197388743092e-08,0.0317363874315461,TRUE,NA
6248,9.81265390975523e-06,1.32514341392035e-05,TRUE,NA
6249,6.50458134966536e-05,0.0649126149307683,TRUE,NA
6250,2.25744898464709e-05,0.000694150307859312,TRUE,NA
6251,0.00362121676963752,0.00582505535952085,TRUE,NA
6252,0.000326736660418925,3.74605414057412e-09,FALSE,NA
6253,4.57816525683362e-05,0.0589996239084948,TRUE,NA
6254,5.30066595491178e-05,0.010525284179769,TRUE,NA
6255,0.000326889079069703,8.39667934171545e-05,FALSE,NA
6256,9.86295354066301e-08,0.00121573825080389,TRUE,NA
6257,0.0468289090567752,1.25972599271966e-06,FALSE,NA
6258,0.00113419113944273,2.14812472283106e-06,FALSE,NA
6259,0.000453335017608883,9.91111098107446e-09,FALSE,NA
6260,8.08464630980422e-05,0.000147118796887327,TRUE,NA
6261,4.44964105828092e-06,0.000109858493707264,TRUE,NA
6262,1.88781475852983e-06,0.000512536530190132,TRUE,NA
6263,0.000779394852845085,2.42379515981902e-05,FALSE,NA
6264,0.00613785958149142,0.000824332766883341,FALSE,NA
6265,2.19374381464734e-05,4.06009722264564e-06,FALSE,NA
6266,7.16466405224006e-08,0.00220376166002543,TRUE,NA
6267,9.1653783453992e-07,1.81059367131576e-06,TRUE,NA
6268,3.86399980865482e-05,0.00107141139179689,TRUE,NA
6269,0.00010143474049079,3.09379241461155e-05,FALSE,NA
6270,0.0105071318297373,0.000879811051851066,FALSE,NA
6271,3.39689672487261e-05,2.39895615298955e-05,FALSE,NA
6272,2.95903514413215e-06,4.1704230408334e-05,TRUE,NA
6273,0.083984662630551,0.0426680395843359,FALSE,NA
6274,0.00203285186175676,0.00010455722392098,FALSE,NA
6275,0.0101800267386499,2.14520274957618e-08,FALSE,NA
6276,4.31901035537417e-05,1.24685101681863e-06,FALSE,NA
6277,9.83339314019435e-06,0.00731516189722727,TRUE,NA
6278,0.038347842763175,0.000907686975099924,FALSE,NA
6279,0.00298214453902174,0.000360749795712746,FALSE,NA
6280,1.3217124482997e-05,0.0259297906736849,TRUE,NA
6281,1.32328165705406e-05,0.000423243640527797,TRUE,NA
6282,1.50787687822577e-06,0.000105641383817776,TRUE,NA
6283,0.00436097844448039,7.79613609699952e-07,FALSE,NA
6284,0.00654207691021767,6.51270011297576e-06,FALSE,NA
6285,0.019276734292261,0.0162900880168134,FALSE,NA
6286,0.0171396700061946,0.00513862098606913,FALSE,NA
6287,2.18893812162303e-06,0.00766791732806805,TRUE,NA
6288,9.78269977100068e-05,4.91794145323865e-07,FALSE,NA
6289,0.00530756174107063,7.39691192343108e-08,FALSE,NA
6290,0.00420414947619467,1.89680167242915e-06,FALSE,NA
6291,3.37800326810796e-07,1.43992710943006e-05,TRUE,NA
6292,4.46043815440102e-07,0.00113479664002689,TRUE,NA
6293,0.125014917293597,0.415749161157775,TRUE,NA
6294,7.25318396496454e-05,4.94504447404577e-08,FALSE,NA
6295,0.000338331124309571,0.116761627039723,TRUE,NA
6296,0.00549999659659525,6.12795517419362e-06,FALSE,NA
6297,0.00195120393896748,0.000783869089022985,FALSE,NA
6298,4.81675540311928e-05,2.55930471842907e-05,FALSE,NA
6299,0.00448922437876956,5.64310829473037e-05,FALSE,NA
6300,5.04432541558027e-06,8.80266076360316e-06,TRUE,NA
6301,8.35888929476491e-06,0.0258250853433271,TRUE,NA
6302,0.00021253381178692,0.00279658741392402,TRUE,NA
6303,1.11167813161018e-05,0.0515507016739955,TRUE,NA
6304,1.44037553257216e-06,0.258261745053333,TRUE,NA
6305,7.2751208639773e-06,7.00706826141231e-10,FALSE,NA
6306,6.79312162308127e-10,2.89566370715348e-06,TRUE,NA
6307,2.1050318860923e-07,3.52021566569098e-05,TRUE,NA
6308,0.0104718156008829,0.00850033570934111,FALSE,NA
6309,0.000225958688807697,0.0102132642182376,TRUE,NA
6310,0.000624501012354828,0.00310469422992182,TRUE,NA
6311,3.19371208112019e-05,0.0295021001023851,TRUE,NA
6312,0.00263342571675857,4.82239146895615e-05,FALSE,NA
6313,0.00870557660096888,0.000738404489518608,FALSE,NA
6314,1.35994397551391e-05,3.35738738138879e-05,TRUE,NA
6315,0.000146682379427826,2.00813551778821e-06,FALSE,NA
6316,1.27218446864393e-06,0.000113854213690985,TRUE,NA
6317,6.88610801084784e-06,5.28857488946884e-06,FALSE,NA
6318,8.75275112946957e-05,2.42073848518424e-05,FALSE,NA
6319,8.8466623356717e-05,1.50290494907318e-07,FALSE,NA
6320,0.000267998053892228,1.23698182464899e-07,FALSE,NA
6321,4.36394780307754e-06,8.58664192175278e-06,TRUE,NA
6322,4.75838200699057e-07,0.000482492928824438,TRUE,NA
6323,9.2241175711656e-06,0.352535616419158,TRUE,NA
6324,0.0173147045898576,0.000674894678686087,FALSE,NA
6325,1.30201627407079e-07,0.000611426040908825,TRUE,NA
6326,0.000396713495909712,0.0168314276032831,TRUE,NA
6327,0.00632444949994347,8.14616432585707e-05,FALSE,NA
6328,0.000640668235414089,0.000254960891262244,FALSE,NA
6329,4.48210869424527e-09,0.207600142457036,TRUE,NA
6330,0.000797298167377841,7.73242647593882e-06,FALSE,NA
6331,6.03828626784584e-05,0.023358091969255,TRUE,NA
6332,0.000810312075327472,0.00124008681027277,TRUE,NA
6333,3.35878408474765e-05,0.0162353763286109,TRUE,NA
6334,0.0199734815939011,1.88246781218492e-05,FALSE,NA
6335,9.13553822991595e-07,3.33010022426105e-05,TRUE,NA
6336,2.58985902272487e-05,0.0318735312446822,TRUE,NA
6337,0.000324784327081,0.000155804406688231,FALSE,NA
6338,0.0047613510257542,0.000431350218606589,FALSE,NA
6339,0.00519169166716351,0.00237664657408881,FALSE,NA
6340,0.000166968284220479,0.00288482125107921,TRUE,NA
6341,0.000262699810135366,0.0515147795790447,TRUE,NA
6342,8.50653673344201e-09,3.04641893856826e-05,TRUE,NA
6343,0.000891530741519236,0.000136829289062126,FALSE,NA
6344,0.000119124399146459,0.00128761938162956,TRUE,NA
6345,0.018519403857807,2.37603885903378e-06,FALSE,NA
6346,9.57691355447417e-08,0.164390683968825,TRUE,NA
6347,3.07358475542434e-05,0.00031777209731223,TRUE,NA
6348,0.00860314783429283,1.25039404987106e-07,FALSE,NA
6349,0.00136990787485885,0.030690237967973,TRUE,NA
6350,0.000617437459677311,0.00746108023204243,TRUE,NA
6351,1.00572843337137e-07,0.0453944384919119,TRUE,NA
6352,4.87650586696972e-10,5.31777498292017e-05,TRUE,NA
6353,4.45483098521802e-05,1.10455385778692e-05,FALSE,NA
6354,0.00065408040517473,0.0005126917006042,FALSE,NA
6355,0.000422094300116787,1.50002743597353e-05,FALSE,NA
6356,0.00234508353283883,1.8858667582014e-06,FALSE,NA
6357,0.00418740971311062,3.25726484141902e-06,FALSE,NA
6358,0.00178095187717472,1.7162310063729e-05,FALSE,NA
6359,0.0121140621644198,2.78972719886884e-06,FALSE,NA
6360,1.56244929449591e-05,3.84748233347073e-10,FALSE,NA
6361,0.00986097149165971,0.00162034853150105,FALSE,NA
6362,0.00431171733823695,9.53933595251998e-07,FALSE,NA
6363,0.00255961915017252,0.0115178975695068,TRUE,NA
6364,0.00195034063253908,0.0147246727773608,TRUE,NA
6365,1.06929670284245e-07,0.00050828276606197,TRUE,NA
6366,9.58151969103652e-05,7.52075655152326e-06,FALSE,NA
6367,0.00322647936916735,0.00127832513311712,FALSE,NA
6368,0.0297367880748579,0.991531313505306,TRUE,NA
6369,4.17026697432673e-08,3.07023471595428e-06,TRUE,NA
6370,0.0044670643229031,8.60621078108886e-09,FALSE,NA
6371,0.0177483306694559,8.18935498010638e-07,FALSE,NA
6372,0.0494077225172409,0.0175083541799719,FALSE,NA
6373,0.00634837163831844,0.00223999612617148,FALSE,NA
6374,3.55655124757748e-07,0.000483726153062577,TRUE,NA
6375,8.09824910412187e-09,0.000869773194874355,TRUE,NA
6376,0.00067194038419952,0.00129173386522755,TRUE,NA
6377,0.000219315925195376,0.00134683321665264,TRUE,NA
6378,1.69802588663046e-05,2.09914161547075e-07,FALSE,NA
6379,0.000144803784520381,0.00052987399045849,TRUE,NA
6380,0.108765008664774,1.68686417312646e-06,FALSE,NA
6381,0.000216136834198457,3.17109377964645e-07,FALSE,NA
6382,0.00353275172662557,4.28347607147397e-06,FALSE,NA
6383,0.059043239172394,0.000594342431291115,FALSE,NA
6384,0.000320735649241321,0.00533410678110766,TRUE,NA
6385,5.35104060566568e-07,0.0119291719536767,TRUE,NA
6386,0.00322001189435386,0.00643562641354491,TRUE,NA
6387,0.000355904020808337,2.79806904896989e-08,FALSE,NA
6388,0.0299345276231681,0.601243524897595,TRUE,NA
6389,3.91809519647418e-07,8.09597482640389e-05,TRUE,NA
6390,0.000587975722508735,0.000921246222779432,TRUE,NA
6391,6.96866967996372e-06,0.0152203323755549,TRUE,NA
6392,0.000913360627658812,0.000103879811452701,FALSE,NA
6393,0.00416639451091832,0.00769594435725852,TRUE,NA
6394,0.0640651072991131,0.00030740144341155,FALSE,NA
6395,2.19342668657792e-08,3.04289548821953e-06,TRUE,NA
6396,2.79059385910213e-05,0.700279385969478,TRUE,NA
6397,4.28876445566704e-06,0.008948207177319,TRUE,NA
6398,3.50908925936758e-05,0.000123039643503259,TRUE,NA
6399,0.0532667573824868,5.33394303135133e-05,FALSE,NA
6400,5.43704479656345e-05,0.0149123229364034,TRUE,NA
6401,1.70626049494184e-06,0.00218230316910343,TRUE,NA
6402,6.31316042441483e-05,0.000249484340145215,TRUE,NA
6403,7.71066039735335e-06,0.00862109811673926,TRUE,NA
6404,9.84750180038039e-06,1.39678982365577e-07,FALSE,NA
6405,2.53479641983405e-07,0.000323636947569514,TRUE,NA
6406,0.000652754398383387,3.03580128930362e-07,FALSE,NA
6407,9.47815282471147e-05,1.43978664472566e-08,FALSE,NA
6408,5.68106020087505e-05,7.86366075512333e-06,FALSE,NA
6409,4.5024314124785e-05,9.34643460532409e-07,FALSE,NA
6410,0.00315504882306338,0.0230537677329808,TRUE,NA
6411,0.000437971761129664,0.00808621026297796,TRUE,NA
6412,5.60252959971785e-06,0.00359236765601711,TRUE,NA
6413,4.83622435151295e-05,0.00090347021159444,TRUE,NA
6414,9.90940644357804e-06,0.0241707790402592,TRUE,NA
6415,5.92682380170664e-05,4.61566185791655e-05,FALSE,NA
6416,0.000227789445805524,0.000105993527602257,FALSE,NA
6417,0.000247806718124145,0.000109087983018304,FALSE,NA
6418,0.000143912629644022,0.000239078855103103,TRUE,NA
6419,6.16938172497452e-05,0.0209195817598234,TRUE,NA
6420,1.8803957714755e-05,1.02436568148518,TRUE,NA
6421,4.0420237752188e-08,0.0659752679552726,TRUE,NA
6422,0.003915297478132,1.20126721150527e-05,FALSE,NA
6423,0.00351319811828593,1.78654987956152e-08,FALSE,NA
6424,0.000100062775506247,4.47641589077977e-06,FALSE,NA
6425,0.00248120622609855,0.00279946009230272,TRUE,NA
6426,0.00089643012537475,3.75996711240258e-05,FALSE,NA
6427,0.112854162688903,1.39748494622811e-05,FALSE,NA
6428,6.36547326052161e-07,0.00536585757446553,TRUE,NA
6429,0.00141668284065914,5.78347136336097e-07,FALSE,NA
6430,0.00448532827575445,0.00311133552508077,FALSE,NA
6431,0.0162557175885701,0.000490283985429612,FALSE,NA
6432,0.00719283018961692,1.1204801537328e-09,FALSE,NA
6433,8.94148379285846e-06,1.70983476714491e-05,TRUE,NA
6434,3.55864583615916e-07,0.00230030202419209,TRUE,NA
6435,0.00013511855862373,0.256390099432569,TRUE,NA
6436,3.70141676310772e-07,0.000602190697329048,TRUE,NA
6437,0.00279279586548249,0.0299508434103268,TRUE,NA
6438,0.00134291407888155,0.00131118973522311,FALSE,NA
6439,0.000100956967783105,2.32392314829122e-05,FALSE,NA
6440,5.46924919847752e-06,0.552898530028018,TRUE,NA
6441,0.0563039745686671,5.08958517481051e-06,FALSE,NA
6442,2.8814047099376e-05,0.00010670547140757,TRUE,NA
6443,0.00164812304269631,1.38936945136948e-08,FALSE,NA
6444,3.55097558754584e-06,0.00743119110656927,TRUE,NA
6445,5.58821433727806e-10,0.0328742341155342,TRUE,NA
6446,0.00294007941746526,1.01837928358045e-05,FALSE,NA
6447,1.43044829694423e-06,0.000533592107697912,TRUE,NA
6448,0.00228010250020748,0.000582593023849747,FALSE,NA
6449,2.66157022980384e-07,5.83891344861877e-05,TRUE,NA
6450,0.0370457276615772,0.014458131633976,FALSE,NA
6451,9.67414225562837e-06,0.00376506980033445,TRUE,NA
6452,5.84840690867128e-06,0.00660994001567454,TRUE,NA
6453,8.96077716046261e-09,5.79115733969581e-06,TRUE,NA
6454,4.5762090027528e-05,0.000914823681857988,TRUE,NA
6455,0.000211979553716445,0.00422084023661814,TRUE,NA
6456,0.0102435146643193,0.00444339335305667,FALSE,NA
6457,4.16813716640934e-05,0.0249600981886164,TRUE,NA
6458,0.0292021670648345,0.000942350864471087,FALSE,NA
6459,0.112119283749365,0.000230282067543402,FALSE,NA
6460,3.17386251118174e-09,0.00680500693499745,TRUE,NA
6461,2.09526819785977e-05,0.0549932497566067,TRUE,NA
6462,0.00019391516329522,1.42149211114755e-06,FALSE,NA
6463,0.000883335413987082,0.00850527631591829,TRUE,NA
6464,5.53372792723824e-05,0.394758777153221,TRUE,NA
6465,1.02520041382275e-07,0.246536176522895,TRUE,NA
6466,2.84195661672476e-05,0.00878476107627467,TRUE,NA
6467,0.000220505794566456,0.00482695833876792,TRUE,NA
6468,4.23588053611653e-10,0.000370346392593636,TRUE,NA
6469,0.000371027726091731,1.48231743664039e-06,FALSE,NA
6470,0.0173617594066367,1.75453779947943e-06,FALSE,NA
6471,0.0012006418081834,9.92272970373699e-06,FALSE,NA
6472,4.48350402068412e-05,5.62284071837338e-06,FALSE,NA
6473,0.00977201157030123,0.00135689856333208,FALSE,NA
6474,0.00283607120280807,3.14476611912735e-09,FALSE,NA
6475,0.00842933063090469,4.40940145132928e-07,FALSE,NA
6476,4.38483620267776e-05,0.000119804951153084,TRUE,NA
6477,0.000205827564584659,5.79588678731716e-09,FALSE,NA
6478,0.000130699336309463,0.000120731786438696,FALSE,NA
6479,0.0576535402993968,0.000448377269159867,FALSE,NA
6480,0.0105218868317386,0.00250876122648951,FALSE,NA
6481,0.00228023498829195,0.00266029709991995,TRUE,NA
6482,0.000606336137692343,0.0817518400203904,TRUE,NA
6483,0.00259497142781885,0.0035705711861044,TRUE,NA
6484,2.19507893084464e-07,0.000840007349351319,TRUE,NA
6485,2.0966103815664e-05,2.17549066526819e-05,TRUE,NA
6486,0.000408999016502529,7.31435295654575e-05,FALSE,NA
6487,4.72958161124852e-07,0.0136610954581924,TRUE,NA
6488,1.87216797477741e-06,3.26800892456865e-06,TRUE,NA
6489,4.79009224201305e-05,4.99105664345689e-05,TRUE,NA
6490,6.54343246274983e-11,0.272250839540332,TRUE,NA
6491,0.000645407242958002,1.24495160693199e-06,FALSE,NA
6492,1.2285044492459e-07,0.388538188510431,TRUE,NA
6493,1.54727191170461e-05,0.249901940864377,TRUE,NA
6494,2.5569990602043e-09,7.77335850840945e-05,TRUE,NA
6495,1.87951193618983e-07,6.0482809471917e-06,TRUE,NA
6496,0.000936489653428613,0.0215523929134931,TRUE,NA
6497,5.88713711115954e-05,1.21476492037265,TRUE,NA
6498,1.61028649302889e-06,0.000648026312379461,TRUE,NA
6499,5.8485707175965e-06,6.09550998268685e-08,FALSE,NA
6500,0.000110089947185746,5.64356865855514e-05,FALSE,NA
6501,9.07065201664985e-05,0.00214461361488332,TRUE,NA
6502,0.0557378898972356,2.38846207966043e-06,FALSE,NA
6503,0.0370121301312468,0.000295680947354355,FALSE,NA
6504,3.21502824140862e-06,0.00367493872205441,TRUE,NA
6505,0.00167496223491742,0.00106924275737607,FALSE,NA
6506,0.00798992444409875,9.93555008774019e-08,FALSE,NA
6507,1.61025273360065e-05,0.0107371220836369,TRUE,NA
6508,0.0194745831148105,0.01571793403811,FALSE,NA
6509,2.25108039279285e-05,0.00599410956120334,TRUE,NA
6510,0.000893460204240887,8.6852387834708e-06,FALSE,NA
6511,1.93089100283029e-10,0.188725502723298,TRUE,NA
6512,0.00341887665951729,0.000564701600694012,FALSE,NA
6513,1.48472760360474e-05,5.39531720407137e-05,TRUE,NA
6514,0.000348973810367355,0.00914519029310323,TRUE,NA
6515,4.78778173809539e-09,5.22896530647615e-06,TRUE,NA
6516,7.8868644319045e-05,8.6175969997448e-06,FALSE,NA
6517,0.00453552022471123,0.150327891643821,TRUE,NA
6518,0.00105155079795478,0.00151304158508836,TRUE,NA
6519,0.000753671117887649,6.70675045615573e-05,FALSE,NA
6520,5.76929813590908e-07,0.0282609857001943,TRUE,NA
6521,4.58189972769013e-06,0.0300182254683272,TRUE,NA
6522,0.00675715119579258,7.14780514856611e-05,FALSE,NA
6523,0.0542679265923359,0.0718899691757963,TRUE,NA
6524,1.98254320807928e-05,0.000542139173682567,TRUE,NA
6525,4.92474484628261e-09,0.0171345290961177,TRUE,NA
6526,0.101994529097159,3.36260119107685e-07,FALSE,NA
6527,0.0448903870369312,4.75832422667987e-05,FALSE,NA
6528,0.0043095766621732,0.158675621172163,TRUE,NA
6529,0.000415882354093444,0.151728696766428,TRUE,NA
6530,1.02745857859946e-05,0.0157208649179147,TRUE,NA
6531,2.19870154913907e-05,0.000160795884854432,TRUE,NA
6532,0.000388595888114294,0.0328483032635712,TRUE,NA
6533,1.53239645212215e-06,3.6085619867856e-05,TRUE,NA
6534,2.59712194277939e-05,2.28476166990001e-06,FALSE,NA
6535,0.0546769028877346,6.35551902846051e-05,FALSE,NA
6536,0.00232310550372666,7.49700472302388e-05,FALSE,NA
6537,1.29549496414685e-08,9.44579736566963e-07,TRUE,NA
6538,0.0174459817918767,6.15533139779787e-05,FALSE,NA
6539,0.010315347905501,0.00400452796093296,FALSE,NA
6540,0.0114321956834715,0.306134727993495,TRUE,NA
6541,0.0181936270124631,0.00231116676096637,FALSE,NA
6542,0.000125683619674676,5.70790483175632e-09,FALSE,NA
6543,0.000248787467587678,9.09969670425317e-09,FALSE,NA
6544,7.62172618824893e-06,0.00820556243845825,TRUE,NA
6545,0.00612388984234606,1.69029272841208e-05,FALSE,NA
6546,0.000702174427990106,4.09448428382874e-06,FALSE,NA
6547,8.61105472197424e-07,8.42694618100292e-05,TRUE,NA
6548,4.43365943577935e-05,6.99129019188822e-06,FALSE,NA
6549,0.00966515863566053,5.03986478021032e-06,FALSE,NA
6550,0.000128484763400296,0.000645414238874797,TRUE,NA
6551,0.00182388522084275,0.0476074689269952,TRUE,NA
6552,0.00241799513529868,2.86961311946564e-05,FALSE,NA
6553,0.00110313876895525,1.91396911428593e-07,FALSE,NA
6554,1.51229606858478e-06,0.000764007693495837,TRUE,NA
6555,0.0188971130138699,0.00142857524155245,FALSE,NA
6556,0.00373790806053387,0.00777465117044425,TRUE,NA
6557,0.000107191255548303,0.00172540281202283,TRUE,NA
6558,1.03009427074723e-08,0.000646469621951146,TRUE,NA
6559,0.166181162652246,1.03860076653201e-05,FALSE,NA
6560,0.00812740210279372,0.000654736009142634,FALSE,NA
6561,0.00212013499339493,0.0234941324731285,TRUE,NA
6562,2.00164161600861e-06,7.26256439432514e-06,TRUE,NA
6563,0.000491282630968032,8.02411070777471e-07,FALSE,NA
6564,4.80073149893265e-06,0.00539251842002235,TRUE,NA
6565,0.0338623402654354,0.00145207007592896,FALSE,NA
6566,8.49170995199046e-05,3.98524023107279e-05,FALSE,NA
6567,0.0111841469764357,4.6308585160419e-05,FALSE,NA
6568,1.1148291154681e-05,0.000666595441416403,TRUE,NA
6569,4.46696978627407e-06,5.18258936355271e-06,TRUE,NA
6570,0.00144630958184847,2.3376897252649e-06,FALSE,NA
6571,9.80302137932459e-05,7.91291921189418e-10,FALSE,NA
6572,2.05160074217373e-06,0.114281341730964,TRUE,NA
6573,0.0486741771678717,0.0156661750695256,FALSE,NA
6574,3.394133424526e-09,0.0333032693063624,TRUE,NA
6575,6.702775572732e-07,0.0318770630551989,TRUE,NA
6576,2.58436070409629e-07,0.00375029670630986,TRUE,NA
6577,0.00152129159512041,1.44425863835756e-05,FALSE,NA
6578,7.04117918060387e-07,0.0598017929807118,TRUE,NA
6579,0.087950972776379,0.0263533361129853,FALSE,NA
6580,0.00067787537158923,7.47575116690723e-07,FALSE,NA
6581,0.0310186752965981,0.026590830115301,FALSE,NA
6582,1.7751723431493e-05,5.30135273076959e-08,FALSE,NA
6583,0.000139092578045919,0.0511116924083738,TRUE,NA
6584,0.000120030210116175,3.7128464402652e-05,FALSE,NA
6585,1.50990937059307e-05,0.000143797165527473,TRUE,NA
6586,2.97414450286648e-06,1.54464372125009,TRUE,NA
6587,0.0291495018810148,2.41525000122337e-05,FALSE,NA
6588,0.00276135092092682,2.49515402489361e-05,FALSE,NA
6589,0.00162385303435987,2.99887682505271e-05,FALSE,NA
6590,0.0490235844201405,0.0228344261267974,FALSE,NA
6591,0.0324608952253716,0.0670330035608339,TRUE,NA
6592,3.22767032664033e-05,0.00144825499484139,TRUE,NA
6593,0.0146742708176666,1.4338460103913e-05,FALSE,NA
6594,2.08266849553338e-05,0.000113148356275764,TRUE,NA
6595,8.66698804347842e-05,7.777018705814e-05,FALSE,NA
6596,8.586404933768e-08,0.00115757238583558,TRUE,NA
6597,2.32409193875896e-06,7.52785473859383e-07,FALSE,NA
6598,0.00193831787116833,0.00434808545846891,TRUE,NA
6599,4.36415615165923e-06,1.58059543356473e-09,FALSE,NA
6600,0.000111565385471187,4.92595996135515e-08,FALSE,NA
6601,0.00361334230873347,0.0213346596214384,TRUE,NA
6602,2.39201011407508e-07,8.14026024190205e-08,FALSE,NA
6603,0.00411854108639679,0.00474652116435441,TRUE,NA
6604,0.00136762953305823,0.000493434628160304,FALSE,NA
6605,4.06535699250593e-07,6.68235553937569e-05,TRUE,NA
6606,1.83665456459044e-05,0.000100523750059857,TRUE,NA
6607,0.102856547718715,0.0855590693449349,FALSE,NA
6608,0.0091359734946352,0.00396034518191726,FALSE,NA
6609,0.000904139832549169,1.88837494174385e-05,FALSE,NA
6610,3.13851412569159e-05,0.00268227019827081,TRUE,NA
6611,1.09684190009543e-06,0.00269933849708284,TRUE,NA
6612,0.00388563155115337,3.00487430517631e-06,FALSE,NA
6613,3.70175885690317e-08,0.000269334013345303,TRUE,NA
6614,0.00251831530002269,0.00113677933221636,FALSE,NA
6615,0.00117711510325206,1.77338657301902e-05,FALSE,NA
6616,0.000811679624225724,0.00400585408710751,TRUE,NA
6617,0.000240420193800751,1.51128832433164e-07,FALSE,NA
6618,7.60286360592832e-05,0.00919919352566366,TRUE,NA
6619,0.00257545415459977,2.10688400696845e-05,FALSE,NA
6620,3.3624289470866e-06,2.28338317673044e-05,TRUE,NA
6621,1.0491884903089e-05,0.000807225031334609,TRUE,NA
6622,0.000287898727243179,0.0141622569798056,TRUE,NA
6623,0.0287215205921385,0.00153955050948498,FALSE,NA
6624,0.0382215472499861,1.04168171091705,TRUE,NA
6625,0.000309701185185308,0.000177745882370464,FALSE,NA
6626,0.00161677602674763,0.0380470497305532,TRUE,NA
6627,4.67956528898786e-05,0.0135458057750789,TRUE,NA
6628,0.0205041664284275,0.0682587938006097,TRUE,NA
6629,0.00249467226983643,0.000151881136509738,FALSE,NA
6630,0.00616418318701446,0.00160856565673636,FALSE,NA
6631,0.00137106376369882,0.013869510950132,TRUE,NA
6632,7.21597651021517e-08,0.00270817594461771,TRUE,NA
6633,0.000269438531279145,0.00168696351228588,TRUE,NA
6634,0.00878225089734774,0.000109124251522791,FALSE,NA
6635,0.00112728675784084,0.00155005478313561,TRUE,NA
6636,3.59774210488044e-10,0.020899638190106,TRUE,NA
6637,5.38426840741513e-05,0.000123867080551869,TRUE,NA
6638,6.27947516856953e-07,0.000183068336289214,TRUE,NA
6639,5.69238591218505e-09,6.9937001478769e-06,TRUE,NA
6640,0.00861515765663282,0.227148210733255,TRUE,NA
6641,0.0169260871480353,5.68299664249854e-06,FALSE,NA
6642,8.54605677556585e-06,0.00146798848078509,TRUE,NA
6643,0.0219288463849625,0.000143516707800401,FALSE,NA
6644,1.42382628011473e-09,0.000243045749793638,TRUE,NA
6645,3.06533142445218e-05,1.12818080156137e-05,FALSE,NA
6646,3.55496270966805e-08,2.05753084044634e-06,TRUE,NA
6647,1.38264447486251e-06,0.00514160848343367,TRUE,NA
6648,2.67415352609554e-05,8.04879320055131e-08,FALSE,NA
6649,0.00365187173484702,2.03094257240246e-05,FALSE,NA
6650,0.00362904892542724,1.39673025456673e-05,FALSE,NA
6651,5.45117064086061e-09,0.00970164019182277,TRUE,NA
6652,0.000129939297529489,0.00360571107090058,TRUE,NA
6653,7.20450995629517e-05,0.0135338521020803,TRUE,NA
6654,0.00827556918109434,0.00590454415020854,FALSE,NA
6655,4.74885742855012e-05,4.26045426434322e-05,FALSE,NA
6656,1.10618955549443e-06,0.000109997734905538,TRUE,NA
6657,1.84839064618133e-06,0.565309884997604,TRUE,NA
6658,4.76860033425647e-05,0.0363490923570443,TRUE,NA
6659,0.000304519647088905,3.0344718683563e-06,FALSE,NA
6660,0.00145402674477704,3.28794278645114e-05,FALSE,NA
6661,0.000164328390607673,0.0137992334002748,TRUE,NA
6662,2.2242561176356e-05,0.00113158830948256,TRUE,NA
6663,0.023860083629519,4.73083379560852e-05,FALSE,NA
6664,1.55401385981726e-06,0.000135420325290972,TRUE,NA
6665,0.000589468667937209,0.000679943636957953,TRUE,NA
6666,1.41264714195764e-06,7.52069800147332e-06,TRUE,NA
6667,0.000121140510641592,0.00401297579288708,TRUE,NA
6668,5.6046141395383e-05,7.73898921867869e-07,FALSE,NA
6669,0.000208060440186289,1.38241640358206e-11,FALSE,NA
6670,6.11839125575962e-07,1.18515973333814e-05,TRUE,NA
6671,3.73489240296567e-06,0.0264579578332557,TRUE,NA
6672,0.0036831873767423,0.0197344036354746,TRUE,NA
6673,0.00855302379031277,0.00502706892552718,FALSE,NA
6674,6.85542676288953e-06,2.22038292772425e-05,TRUE,NA
6675,5.46549186763097e-05,0.0007497421975143,TRUE,NA
6676,0.000366837825545304,0.00885534500486781,TRUE,NA
6677,6.18431260780053e-06,6.27341239191185,TRUE,NA
6678,0.000526874226205194,0.00217311592928509,TRUE,NA
6679,0.00171391794527321,8.63133866104503e-08,FALSE,NA
6680,8.4092347346202e-05,0.180643613576316,TRUE,NA
6681,7.85094547963685e-06,0.0236735827502825,TRUE,NA
6682,0.00260009252520177,0.219370243148205,TRUE,NA
6683,0.000202584412365795,0.000478106740359151,TRUE,NA
6684,3.19193500400687e-05,0.000647659548588629,TRUE,NA
6685,2.05238997729588e-05,0.00920608140532975,TRUE,NA
6686,3.2143393439275e-07,2.5928988625948e-08,FALSE,NA
6687,4.12766824738085e-06,0.000362436787923774,TRUE,NA
6688,0.00019719712858261,3.13741055418131e-06,FALSE,NA
6689,2.29627299692908e-05,0.00195233050141423,TRUE,NA
6690,0.00138334752622004,6.67860265070609e-05,FALSE,NA
6691,1.08058058086402e-06,8.20799192326204e-08,FALSE,NA
6692,1.89856013982354e-05,7.70601737904835e-07,FALSE,NA
6693,1.30704768117912e-06,0.083378899191519,TRUE,NA
6694,0.000364448770172848,0.0898981240526658,TRUE,NA
6695,0.000220836968535378,7.89012497831877e-05,FALSE,NA
6696,0.00245084362612359,2.4999272030074e-06,FALSE,NA
6697,3.6707253244589e-08,0.00105496235168705,TRUE,NA
6698,9.63730105811037e-07,1.88148120667196e-05,TRUE,NA
6699,1.60506089708331e-08,0.0145548777909427,TRUE,NA
6700,0.000852351958754984,8.96767719737469e-06,FALSE,NA
6701,2.67603957871888e-06,0.01296410268749,TRUE,NA
6702,0.0127089360809949,0.000436600400657702,FALSE,NA
6703,3.20537301699091e-06,0.0575542988219612,TRUE,NA
6704,0.00309278180521557,0.000708758357285717,FALSE,NA
6705,6.86604045075865e-07,7.95692398896878e-07,TRUE,NA
6706,1.8893108469223e-05,0.309039261886959,TRUE,NA
6707,0.0168890422660151,0.000248407146848196,FALSE,NA
6708,0.000249467121016215,0.00861321594590188,TRUE,NA
6709,3.22648947853356e-06,1.60386362382362e-05,TRUE,NA
6710,2.24876885451944e-06,9.77934368007668e-08,FALSE,NA
6711,1.95423181336577e-05,0.0101137117463243,TRUE,NA
6712,0.000282957942051114,0.000710017868342071,TRUE,NA
6713,0.0216557315175705,0.01581468768301,FALSE,NA
6714,1.13830766240892e-05,0.0452325352590917,TRUE,NA
6715,2.72184086751054e-09,5.03160856370044e-05,TRUE,NA
6716,2.67816777392977e-06,2.95743698901123e-05,TRUE,NA
6717,7.46096916579107e-07,7.23482035365668e-05,TRUE,NA
6718,4.17065054147635e-06,0.001274880839159,TRUE,NA
6719,0.0145763103473365,0.0072154507389308,FALSE,NA
6720,0.111640664311087,0.136098125931004,TRUE,NA
6721,0.000144029741648254,0.000184708846061381,TRUE,NA
6722,6.22382753606883e-08,2.03949372664813e-05,TRUE,NA
6723,0.000543093076884555,0.000237189845746694,FALSE,NA
6724,0.00217270619924277,1.56810690800783e-06,FALSE,NA
6725,1.24085028145437e-05,1.15581780403517e-05,FALSE,NA
6726,0.000797162831471727,0.0111381771996531,TRUE,NA
6727,0.0140838508980859,0.0022704134556929,FALSE,NA
6728,0.000434416229546859,3.09067358134347e-06,FALSE,NA
6729,0.0416821708492654,6.48001654123125e-07,FALSE,NA
6730,0.0118049946111088,7.93676680248203e-10,FALSE,NA
6731,5.03833748525426e-07,5.83217039461113e-08,FALSE,NA
6732,0.000441313930286786,0.00368629369613524,TRUE,NA
6733,0.000573691754826735,1.44981357811144e-05,FALSE,NA
6734,0.000197936328855366,0.000308834510566491,TRUE,NA
6735,3.76380850920049e-06,9.21544129041474e-06,TRUE,NA
6736,6.08995049132794e-06,1.36682617285058,TRUE,NA
6737,4.76661310842261e-05,0.0046389949395411,TRUE,NA
6738,0.0137322719502744,5.27753958800516e-06,FALSE,NA
6739,1.60174066455035e-05,0.00203239223191222,TRUE,NA
6740,1.51358151039524e-06,0.209201932818853,TRUE,NA
6741,0.000216437451172109,0.0584019945648058,TRUE,NA
6742,1.37734663500872e-07,9.76132046627478e-09,FALSE,NA
6743,2.1145278398984e-07,0.000255450754023023,TRUE,NA
6744,2.8452810081286e-07,0.211124760881992,TRUE,NA
6745,3.10589138277138e-06,1.3864932940246,TRUE,NA
6746,1.03356470583349e-08,1.80054438101709e-05,TRUE,NA
6747,7.46503184653477e-05,0.0450633893561476,TRUE,NA
6748,0.00749832154648571,0.000323605722911576,FALSE,NA
6749,9.86339788109514e-10,5.05041237243572e-05,TRUE,NA
6750,0.000215486258525899,0.000325291722665066,TRUE,NA
6751,1.17157102257415e-05,0.0319415579900228,TRUE,NA
6752,0.00222924318740804,0.321913065702759,TRUE,NA
6753,0.0378443105092802,0.00430047853946675,FALSE,NA
6754,0.00245367954351888,0.000101459787921039,FALSE,NA
6755,0.0303344951477206,3.70629194386378e-05,FALSE,NA
6756,0.000273141893885593,3.49299916219674e-06,FALSE,NA
6757,1.16525220077543e-05,0.00543873845285333,TRUE,NA
6758,2.13862416884783e-07,0.000184276793995683,TRUE,NA
6759,6.55540121854648e-05,2.47738611513291e-05,FALSE,NA
6760,2.32753982438587e-05,7.41997514764787e-05,TRUE,NA
6761,7.98156734648562e-06,1.44674213260629e-05,TRUE,NA
6762,9.42149497538325e-06,0.000700014831441669,TRUE,NA
6763,0.00173891624509582,0.000453910592265316,FALSE,NA
6764,8.89095641736655e-05,1.74105283928983e-08,FALSE,NA
6765,6.90260764060848e-05,3.53546033148594e-08,FALSE,NA
6766,0.0156846447603473,0.00683978487246126,FALSE,NA
6767,0.0173533243665044,3.09473446916822e-10,FALSE,NA
6768,0.00041129863196219,3.08352665757501e-07,FALSE,NA
6769,0.00850258115343984,0.0117471759934933,TRUE,NA
6770,0.000187372165627255,6.24616144889398e-06,FALSE,NA
6771,4.02763997632164e-05,0.00324592056252119,TRUE,NA
6772,6.35040641316479e-07,7.38087921965772e-05,TRUE,NA
6773,3.5971325924397e-10,6.34632385929797e-06,TRUE,NA
6774,1.30472946555635e-05,1.54409213818311e-05,TRUE,NA
6775,0.000138260688014185,0.000504178622744839,TRUE,NA
6776,0.001947367451061,0.00256214300070729,TRUE,NA
6777,5.06501522853616e-05,1.89467964877205e-05,FALSE,NA
6778,0.000546855195557316,0.412009201470482,TRUE,NA
6779,8.60044691641647e-05,0.000423061651361788,TRUE,NA
6780,0.000590895080176239,0.000497172999125565,FALSE,NA
6781,0.000160769863041967,0.00939224643358895,TRUE,NA
6782,0.2603853138798,3.99577985355573e-08,FALSE,NA
6783,0.000419895908395252,4.47910454421599e-05,FALSE,NA
6784,8.29531819229432e-05,0.000412431519953361,TRUE,NA
6785,0.0216958457865969,0.0023214709062898,FALSE,NA
6786,0.0144579335241184,0.0681285501203021,TRUE,NA
6787,0.000154120225629712,6.9111747953382e-06,FALSE,NA
6788,0.0141051667697082,0.00195716555052667,FALSE,NA
6789,0.00236672234561833,0.000757640771383009,FALSE,NA
6790,0.00191728404053653,0.227242689096912,TRUE,NA
6791,6.07700891456432e-09,1.4077713451988e-06,TRUE,NA
6792,6.32062872660763e-05,6.86834274826726e-05,TRUE,NA
6793,2.65182409716292e-09,0.00178232685760281,TRUE,NA
6794,0.000768777080117514,0.00493174567688187,TRUE,NA
6795,0.00321464314027939,0.00415096627761509,TRUE,NA
6796,7.31944152035561e-06,7.76230183614153e-08,FALSE,NA
6797,0.00455732336134284,0.0877022513033471,TRUE,NA
6798,1.44724371222549e-05,0.248701164351487,TRUE,NA
6799,1.20047033081119e-05,0.00272691962896413,TRUE,NA
6800,0.00424666269559381,0.00210089113828184,FALSE,NA
6801,0.00147412703656047,0.365913610095462,TRUE,NA
6802,0.327339987974822,0.000410415807030121,FALSE,NA
6803,0.00102730059782557,0.000203467741177912,FALSE,NA
6804,0.000576768335072913,0.00641894872580319,TRUE,NA
6805,1.13411573901671e-07,8.15814082958385e-12,FALSE,NA
6806,3.36184205257881e-06,2.18370869495565e-06,FALSE,NA
6807,1.28900135093289e-09,0.00597609177398057,TRUE,NA
6808,0.00556277614529081,0.000359983347067254,FALSE,NA
6809,0.000712190386343936,2.39956724081145e-07,FALSE,NA
6810,6.88112317196512e-06,8.43461869046189e-06,TRUE,NA
6811,0.00653167782977374,0.0011265830835868,FALSE,NA
6812,3.22222863586828e-08,0.101076188691605,TRUE,NA
6813,4.20023686408912e-05,0.000168805638638775,TRUE,NA
6814,0.000883486427561082,1.31658824615376e-06,FALSE,NA
6815,0.00287430358946872,4.477616176756e-09,FALSE,NA
6816,7.27758807271452e-06,5.22757412369456e-06,FALSE,NA
6817,0.000649538527865913,0.0700553436852701,TRUE,NA
6818,0.0148514229313205,0.0146729576013796,FALSE,NA
6819,0.000186102262243164,0.000387597201113558,TRUE,NA
6820,5.44866441052849e-05,0.0494771720038842,TRUE,NA
6821,7.40754284258585e-08,0.138711452393495,TRUE,NA
6822,0.122945150208868,0.000270241278767848,FALSE,NA
6823,7.63570452512524e-06,6.36329211747674e-10,FALSE,NA
6824,1.96056301539036e-07,6.07878391355868e-06,TRUE,NA
6825,0.121650727089038,0.0262663967788287,FALSE,NA
6826,0.0202006947230845,0.00291949843310118,FALSE,NA
6827,0.00661911263217159,0.162742951997512,TRUE,NA
6828,0.00245409319231047,2.31029630690716e-06,FALSE,NA
6829,7.76285788534816e-07,0.000575911154867901,TRUE,NA
6830,5.70865489250684e-06,0.000189537873433287,TRUE,NA
6831,0.0383329843561852,1.34614819683201,TRUE,NA
6832,0.00459184263017321,0.120645917435903,TRUE,NA
6833,3.74623210932564e-09,0.00099102197006686,TRUE,NA
6834,4.83288151723083e-06,0.00110037026669726,TRUE,NA
6835,3.91391442512348e-05,0.00155850187046625,TRUE,NA
6836,2.33736734971903e-07,4.6624160502475,TRUE,NA
6837,1.64131097736633e-09,0.00578071427508796,TRUE,NA
6838,0.000213322768455481,0.000114206823205132,FALSE,NA
6839,1.57644484091639e-06,2.89066760659857e-06,TRUE,NA
6840,0.000615197226842676,0.00687895731937154,TRUE,NA
6841,0.000507890756016516,6.4371345521265e-05,FALSE,NA
6842,1.64360322357726e-05,0.00497821255934365,TRUE,NA
6843,1.19212857933933e-06,1.04423010680562e-06,FALSE,NA
6844,4.58934362771642e-05,0.00323179916317654,TRUE,NA
6845,0.00390569316652591,0.00920588806093625,TRUE,NA
6846,0.0411363766378837,6.11701268711747e-06,FALSE,NA
6847,0.0537736487554585,0.00121044526481431,FALSE,NA
6848,0.000752294317094874,0.000180535436781266,FALSE,NA
6849,3.82020906284784e-05,0.000170182522566544,TRUE,NA
6850,0.000125973440922556,2.15456476333898e-07,FALSE,NA
6851,0.0210010064951721,0.000673121293884152,FALSE,NA
6852,0.000299584234907964,7.93272031378126e-05,FALSE,NA
6853,0.00400964731269748,0.00546959865340288,TRUE,NA
6854,0.00542409715857182,0.033605177547,TRUE,NA
6855,0.000276836521169465,0.000865874572785272,TRUE,NA
6856,5.15734084198221e-05,0.00105411867641496,TRUE,NA
6857,2.40349962443891e-09,3.72808893836418e-05,TRUE,NA
6858,9.83507042180621e-05,0.000125743499747084,TRUE,NA
6859,3.27707343384394e-06,0.000434188610289227,TRUE,NA
6860,0.000701058046986029,0.00217071640053471,TRUE,NA
6861,6.80974388221726e-10,0.00421465844999007,TRUE,NA
6862,5.06055062724119e-06,0.0488635902123744,TRUE,NA
6863,0.023442895903396,7.91699953730397e-05,FALSE,NA
6864,0.00238146907970916,0.00272847084750033,TRUE,NA
6865,2.37365140712247e-05,0.0465931420979247,TRUE,NA
6866,2.15394651553051e-07,0.0110435934404014,TRUE,NA
6867,0.000126784516263608,1.20397099603019e-06,FALSE,NA
6868,1.69806569678466e-07,0.00189935472380225,TRUE,NA
6869,4.54884742916301e-05,0.000926272047129719,TRUE,NA
6870,0.000175651139308011,2.62108818358142,TRUE,NA
6871,0.00404417699629202,0.0134654964985672,TRUE,NA
6872,1.31765673171676e-07,4.26090738443945e-08,FALSE,NA
6873,6.99880601114955e-05,2.30309141180208,TRUE,NA
6874,2.26618819263638e-05,0.015750717859631,TRUE,NA
6875,0.00392074426373002,0.000281856194837086,FALSE,NA
6876,4.03230209117752e-05,2.65912401161215e-06,FALSE,NA
6877,0.00300763956351791,0.16326923179789,TRUE,NA
6878,1.37205770292882e-05,4.43651848084337e-07,FALSE,NA
6879,3.31808864143313e-06,0.030358184898573,TRUE,NA
6880,5.68468847583824e-05,0.00163314349990175,TRUE,NA
6881,0.000318030632825692,0.0977182001404933,TRUE,NA
6882,5.11638206665301e-05,5.05316936735543e-07,FALSE,NA
6883,0.00288418635406421,0.000761358034920195,FALSE,NA
6884,1.49888992571186e-07,7.70632246635017e-07,TRUE,NA
6885,3.14830912966247e-08,0.0194340152585025,TRUE,NA
6886,0.000139713003833013,1.60854453342433e-06,FALSE,NA
6887,0.000766460849257763,0.0265256233908147,TRUE,NA
6888,3.22463741727272e-06,2.26279235279018e-05,TRUE,NA
6889,1.74927672500279e-09,0.0367477383244492,TRUE,NA
6890,0.000579049379339852,0.000616000955940918,TRUE,NA
6891,7.08742214053646e-07,0.00627013454000734,TRUE,NA
6892,0.00436958370197628,4.57552012077676e-05,FALSE,NA
6893,3.25818060921962e-05,6.29549853078103e-05,TRUE,NA
6894,2.54058855229837e-06,1.01484168665067e-05,TRUE,NA
6895,0.135704653835791,9.26952804367444e-07,FALSE,NA
6896,4.57913408835361e-05,0.0034367056867541,TRUE,NA
6897,1.73115213488119e-05,4.66628957804874e-10,FALSE,NA
6898,9.34670249350853e-07,0.00160252777109476,TRUE,NA
6899,5.60350688023223e-06,2.75278311350357e-06,FALSE,NA
6900,0.00210735893543752,0.0309064940238067,TRUE,NA
6901,1.67392838260495e-05,1.55749677608444e-06,FALSE,NA
6902,1.73220775959989e-07,1.24100135985209e-07,FALSE,NA
6903,2.25820090478085e-07,3.51560894647554e-05,TRUE,NA
6904,0.000552810770412225,2.65648050294642e-06,FALSE,NA
6905,0.000159553611264023,0.000156341154056905,FALSE,NA
6906,0.0483367838293294,8.51891205653595e-09,FALSE,NA
6907,1.006307997543e-05,0.000296586025047199,TRUE,NA
6908,0.0027339227577462,0.00131305015832731,FALSE,NA
6909,6.56660726010779e-10,0.104518880641408,TRUE,NA
6910,0.000274438036227623,1.2869453708681e-05,FALSE,NA
6911,0.000841184544378913,0.00112627628901626,TRUE,NA
6912,7.21546654882134e-06,0.00213581890497218,TRUE,NA
6913,2.07601580037489e-05,3.82692498975608e-07,FALSE,NA
6914,0.0202217746268349,5.46483088778217e-07,FALSE,NA
6915,0.00445818821020436,0.00167702432288163,FALSE,NA
6916,0.000597173443037962,9.2164098714439e-08,FALSE,NA
6917,0.00388757533618867,0.00159599330976692,FALSE,NA
6918,0.0140931653388916,0.106373689821987,TRUE,NA
6919,0.00315523193959795,0.0129166392249414,TRUE,NA
6920,0.00787771153375712,2.19306631381984e-05,FALSE,NA
6921,2.59295730473633e-08,0.00344003162702432,TRUE,NA
6922,1.30904873716737e-05,4.4165529204604e-05,TRUE,NA
6923,9.62675963495726e-05,0.00825820871386593,TRUE,NA
6924,0.114432977953714,8.94284018270085e-05,FALSE,NA
6925,0.007508185713701,0.00389636395439649,FALSE,NA
6926,0.00140955142740894,3.99110484480779e-07,FALSE,NA
6927,0.0108277109555872,8.86930998009086e-08,FALSE,NA
6928,0.0256933365424312,0.00496948854253375,FALSE,NA
6929,7.00853298654114e-06,0.000664804252565541,TRUE,NA
6930,0.000536030083740143,2.54228392368155e-05,FALSE,NA
6931,2.14711429508699e-05,0.00155543909907771,TRUE,NA
6932,5.13508525186924e-06,5.30998698009912e-08,FALSE,NA
6933,0.000292017556690437,0.183697586827569,TRUE,NA
6934,2.53267406713896e-06,8.07006405005218e-06,TRUE,NA
6935,1.47982847535848e-06,3.12843569358034e-07,FALSE,NA
6936,9.16657787213505e-09,2.48919719841604e-07,TRUE,NA
6937,2.57485622460419e-06,0.00489734974247553,TRUE,NA
6938,0.00824092153358568,0.000357593242439679,FALSE,NA
6939,0.000549353475853837,3.64318470029449e-05,FALSE,NA
6940,1.78190091391461e-05,0.000193754989836776,TRUE,NA
6941,0.00759250342735086,0.00140592091995991,FALSE,NA
6942,3.69418977260591e-05,3.74554113261297e-06,FALSE,NA
6943,0.000381079783475505,0.0988586298465918,TRUE,NA
6944,0.000788731633889068,1.20477383521557e-05,FALSE,NA
6945,7.58852878240206e-08,0.000447700894610567,TRUE,NA
6946,6.25208194259315e-07,0.00186582971675089,TRUE,NA
6947,0.0089396005890053,1.12304582934587e-05,FALSE,NA
6948,0.0317252972803337,8.8127702943153e-07,FALSE,NA
6949,6.81252823280739e-07,0.000357153079056877,TRUE,NA
6950,1.3371718013478e-06,0.000544709008898746,TRUE,NA
6951,0.000882788282580873,1.20942989873037e-06,FALSE,NA
6952,1.88781175027507e-05,0.0248751519114965,TRUE,NA
6953,0.000486401520749767,0.000662097709639724,TRUE,NA
6954,0.000266925818063808,0.000395917938698644,TRUE,NA
6955,1.19229710875131e-05,3.6498348028049e-05,TRUE,NA
6956,4.3693744298263e-07,0.0058239095495514,TRUE,NA
6957,0.000977663330202167,0.000660956272352463,FALSE,NA
6958,0.00132655284680929,0.000502948524153686,FALSE,NA
6959,8.79817518363376e-06,0.123711801754999,TRUE,NA
6960,0.000211411615407592,0.00848882861339077,TRUE,NA
6961,0.000115648584715444,0.000601469065068382,TRUE,NA
6962,0.00302334641640807,0.00208178672623969,FALSE,NA
6963,1.86276191226901e-06,4.10113832624543e-09,FALSE,NA
6964,0.00302494702710399,0.00048660036245227,FALSE,NA
6965,2.63289546630989e-07,0.00580750575079131,TRUE,NA
6966,1.98945478785331e-07,0.00243716035508695,TRUE,NA
6967,0.0430857635568113,0.0142254621803284,FALSE,NA
6968,8.47325308092794e-05,0.00146586128880713,TRUE,NA
6969,0.000906319930654224,0.116326309779321,TRUE,NA
6970,0.0178128907981936,0.567147005820995,TRUE,NA
6971,1.19474971699684e-05,0.000144436871935442,TRUE,NA
6972,0.00355344679817947,2.43915180042307e-06,FALSE,NA
6973,0.00141305622381751,9.13188960109605e-06,FALSE,NA
6974,3.71931509251387e-05,0.000900278885667957,TRUE,NA
6975,3.07068636479172e-07,8.66179152281061e-07,TRUE,NA
6976,7.63320453778902e-08,0.000506673990197032,TRUE,NA
6977,1.46760826898887e-05,0.00110750296089884,TRUE,NA
6978,0.00635967387258697,5.15791580701791e-06,FALSE,NA
6979,0.00127292114245571,0.0001828942285795,FALSE,NA
6980,0.00330673397514918,0.0973681052147269,TRUE,NA
6981,7.40938613069875e-06,0.199481576471151,TRUE,NA
6982,0.00104708352226729,0.00220639214278351,TRUE,NA
6983,0.000395993941826214,2.60545891755173e-05,FALSE,NA
6984,0.000138404768372644,2.48689753603664e-06,FALSE,NA
6985,0.0997146466187667,0.579075171744726,TRUE,NA
6986,2.58213517012712e-05,0.000140017325171054,TRUE,NA
6987,0.000802667129251277,6.13593872578494e-06,FALSE,NA
6988,1.89964866653646e-05,0.00163392292605393,TRUE,NA
6989,5.17955555672716e-06,5.78327688770172e-07,FALSE,NA
6990,0.000767497969703506,0.000958622397834576,TRUE,NA
6991,3.03623125755747e-06,1.88591774017177e-05,TRUE,NA
6992,2.59047450190921e-10,0.0166898288700696,TRUE,NA
6993,0.000180524175254515,8.79971804228315e-06,FALSE,NA
6994,0.000396942307696734,0.00115963376944978,TRUE,NA
6995,4.97829465667201e-07,0.000322839681012622,TRUE,NA
6996,0.000183220667965289,0.000159032240751146,FALSE,NA
6997,8.90377420622443e-06,3.10813614409284e-07,FALSE,NA
6998,0.0117440228417301,0.0026533788023794,FALSE,NA
6999,1.44659246516095e-05,5.00979464332555e-05,TRUE,NA
7000,3.05881102710315e-05,0.417603137905412,TRUE,NA
7001,0.0423767919323178,1.66629076724062e-05,FALSE,NA
7002,7.82766393528889e-05,2.13554479418192e-05,FALSE,NA
7003,1.2779164452961e-06,3.71180147338503e-07,FALSE,NA
7004,5.8218021616784e-06,0.0308311201771823,TRUE,NA
7005,8.83570427000993e-08,0.00193610709538999,TRUE,NA
7006,0.00399805369472109,1.34156727200489e-06,FALSE,NA
7007,0.00133972400538534,0.00156751010922383,TRUE,NA
7008,2.8901833127803e-05,1.07867326427629e-06,FALSE,NA
7009,0.0318166384302843,3.04935680022883,TRUE,NA
7010,1.36350672295849e-06,2.37598686886428e-05,TRUE,NA
7011,5.91190159627769e-05,5.53372501055427e-05,FALSE,NA
7012,1.20763399287869e-10,4.58581280848559e-05,TRUE,NA
7013,1.04951251573905e-08,1.72700070295584e-05,TRUE,NA
7014,0.000353825294497767,3.28353038604598e-05,FALSE,NA
7015,0.0081712131762032,0.000502598712330798,FALSE,NA
7016,8.23144513050117e-07,4.39971685726687e-07,FALSE,NA
7017,0.00365983442480192,0.0629751780371777,TRUE,NA
7018,0.000779665536758819,0.00172883483382276,TRUE,NA
7019,0.000138573506522238,0.000324239154445696,TRUE,NA
7020,0.00263845001251153,0.000105777945493083,FALSE,NA
7021,0.00152513666800125,0.000386894666732174,FALSE,NA
7022,0.00359728964679075,0.0027645861752322,FALSE,NA
7023,2.89460035836821e-05,3.31272976266376e-09,FALSE,NA
7024,0.00248020581071051,8.10496481092248e-05,FALSE,NA
7025,9.53324974971914e-10,6.27023110376286,TRUE,NA
7026,0.0130605286839069,0.000933600492647542,FALSE,NA
7027,1.33751033366974e-06,8.9846086166861e-10,FALSE,NA
7028,4.06620315823191e-06,0.000130313598364266,TRUE,NA
7029,0.00681480166467411,2.01567674339433e-06,FALSE,NA
7030,3.43681986899278e-05,0.569467356663126,TRUE,NA
7031,0.0355551831977762,1.63854316438806e-07,FALSE,NA
7032,0.0073267824899976,0.00281604925980619,FALSE,NA
7033,0.000286918971972287,0.0030009882804873,TRUE,NA
7034,9.85090305329708e-06,0.00890142289747047,TRUE,NA
7035,1.26453938703834e-06,0.000154202831174584,TRUE,NA
7036,5.39784244231615e-05,0.000610684225304185,TRUE,NA
7037,0.000112788358715548,0.000257941960258397,TRUE,NA
7038,0.000607085767177561,7.04324298152069e-08,FALSE,NA
7039,4.70228077164424e-06,3.68441910234824e-05,TRUE,NA
7040,2.05586307661332e-05,0.000324162053094814,TRUE,NA
7041,4.38496234872162e-07,0.00529454981001504,TRUE,NA
7042,6.68705405818367e-05,0.0176717438641196,TRUE,NA
7043,4.04871538941913e-08,4.80944684626286e-05,TRUE,NA
7044,1.45208430497656e-07,0.000828688418891353,TRUE,NA
7045,0.00341806365677692,3.91165975905829e-05,FALSE,NA
7046,1.29389468592297e-06,0.000475826075126996,TRUE,NA
7047,0.000419959614548143,0.00188070057267677,TRUE,NA
7048,0.0025891407160746,0.0102384408256812,TRUE,NA
7049,9.09761635856234e-07,1.51023057746043e-06,TRUE,NA
7050,0.00665215751259068,0.0346657850192789,TRUE,NA
7051,0.000230102945106199,0.0713836050560849,TRUE,NA
7052,1.28789697371437e-05,3.01475285010687e-05,TRUE,NA
7053,0.00145703263485893,0.201529577625928,TRUE,NA
7054,5.47011845523578e-06,2.54527183192362e-07,FALSE,NA
7055,0.00304325120884582,0.0123558285003646,TRUE,NA
7056,0.00035222326888449,0.561141936003034,TRUE,NA
7057,9.93803924907454e-06,2.41888367503219e-07,FALSE,NA
7058,2.2630036302375e-06,0.000176290383498511,TRUE,NA
7059,2.7626059625633e-07,0.0107816495270792,TRUE,NA
7060,0.000550518597564502,0.0210190439763686,TRUE,NA
7061,0.000496760227662167,4.81366690717175e-05,FALSE,NA
7062,0.0263959481579092,0.022217039280488,FALSE,NA
7063,0.00332599367467601,0.0120548068279857,TRUE,NA
7064,1.31627726568241e-05,0.00976469688337229,TRUE,NA
7065,0.000101740123758915,0.00297054416475395,TRUE,NA
7066,0.0146613619392712,3.96507783046659e-05,FALSE,NA
7067,0.102287056098676,0.000573538457315955,FALSE,NA
7068,0.00125672045991732,0.00395235973481773,TRUE,NA
7069,7.61379541495207e-07,2.38074592926491e-05,TRUE,NA
7070,0.00747560735766713,2.74361866596685e-10,FALSE,NA
7071,0.00127753687754373,9.72988687685011e-07,FALSE,NA
7072,0.000706093733233459,0.0102768239934307,TRUE,NA
7073,0.000153399536253529,0.0676436063043559,TRUE,NA
7074,0.000119502573182985,0.00015146745795194,TRUE,NA
7075,0.000916435849477709,0.000519081490122039,FALSE,NA
7076,0.000266196469777099,3.25727882749913e-06,FALSE,NA
7077,1.38555833473229e-13,0.00151183918280902,TRUE,NA
7078,5.90109575791541e-07,0.128134579822473,TRUE,NA
7079,5.24376436534522e-07,3.38850874881254e-05,TRUE,NA
7080,0.0416725807646675,0.000357715331328962,FALSE,NA
7081,8.28983111093753e-06,0.0297809995579071,TRUE,NA
7082,0.00011224737417869,0.0691455332617322,TRUE,NA
7083,0.00896891287474738,8.36526288131783e-06,FALSE,NA
7084,0.0322767945527453,9.07279134616674e-07,FALSE,NA
7085,0.000308313881417051,1.09046414808484e-05,FALSE,NA
7086,0.000172997520329868,0.575648382716012,TRUE,NA
7087,0.000384181823514855,0.000331841250879247,FALSE,NA
7088,1.84087397727544e-07,8.21533488436337e-06,TRUE,NA
7089,0.000362391524715973,0.00657320474307443,TRUE,NA
7090,0.00123343889674245,7.28324477279698e-07,FALSE,NA
7091,7.8985453637022e-05,0.00893205281554954,TRUE,NA
7092,0.00213145967463003,0.0174026570864536,TRUE,NA
7093,0.00878213627053315,0.000165711240934878,FALSE,NA
7094,0.00318654073380329,0.0136133779104768,TRUE,NA
7095,0.00276831363243026,0.000445998241807092,FALSE,NA
7096,0.000131343489246482,0.0300595382394782,TRUE,NA
7097,0.00537115326622208,0.000178811189167556,FALSE,NA
7098,3.27101906879074e-07,0.506434962882492,TRUE,NA
7099,0.0549136888303029,8.77455599639605e-05,FALSE,NA
7100,5.57423125594609e-05,0.0505339308006858,TRUE,NA
7101,4.24662095202874e-05,4.95042368777716e-05,TRUE,NA
7102,7.5219495676581e-05,1.88291537900149e-05,FALSE,NA
7103,0.0013015084765953,0.000121285362856979,FALSE,NA
7104,0.00135572184730945,0.00142755056632732,TRUE,NA
7105,0.00245993358291295,6.69938435090768e-05,FALSE,NA
7106,1.82876600404861e-06,0.00410949441820205,TRUE,NA
7107,0.00303079951187398,3.16149144323319e-07,FALSE,NA
7108,4.6678234146025e-08,6.09202618363696e-05,TRUE,NA
7109,4.5636816241569e-05,0.000385140010048777,TRUE,NA
7110,0.00365210928137309,1.28695983255288e-05,FALSE,NA
7111,0.0795419810510164,6.79958537055497e-08,FALSE,NA
7112,2.4951954703201e-05,1.11342461787319e-07,FALSE,NA
7113,0.0315767743986221,0.000293421743367773,FALSE,NA
7114,0.000228858742491988,6.01253135841868e-05,FALSE,NA
7115,0.000762090645433113,9.149519730888e-07,FALSE,NA
7116,9.90994219161577e-08,0.000595176744035121,TRUE,NA
7117,0.000382979726214058,0.00466608644051459,TRUE,NA
7118,3.08862669251149e-09,4.82858283592646e-06,TRUE,NA
7119,0.134619231877219,2.01299440615581e-07,FALSE,NA
7120,0.000106680258413156,3.40913015197217e-07,FALSE,NA
7121,0.0051066603053883,1.56015007769108e-06,FALSE,NA
7122,1.83810280695597e-06,0.000517395625807434,TRUE,NA
7123,1.30884406329683e-07,0.0325905794827279,TRUE,NA
7124,0.0582132486843071,2.30072303914669,TRUE,NA
7125,0.0255195750479809,4.16630429087412e-06,FALSE,NA
7126,2.21561649821482e-05,0.000746889543216614,TRUE,NA
7127,0.000283265592714138,0.0022319767879112,TRUE,NA
7128,3.38557867985864e-07,7.08873955791101e-08,FALSE,NA
7129,0.00362401100997745,0.00118693505455925,FALSE,NA
7130,0.00021339789820872,0.000982981979349148,TRUE,NA
7131,0.000394332580055127,0.180872279132638,TRUE,NA
7132,0.0130685321552534,0.00302595404893579,FALSE,NA
7133,6.55529449420519e-07,0.00249013697236576,TRUE,NA
7134,0.000556999837323224,0.000285711868895507,FALSE,NA
7135,0.00273405571511837,0.000105594695848842,FALSE,NA
7136,0.00112126749678056,0.00166670238625999,TRUE,NA
7137,1.3286389838343e-07,0.00286263743306135,TRUE,NA
7138,0.0010494263678258,1.09647168027808e-07,FALSE,NA
7139,0.0233878505714212,9.70124987159942e-06,FALSE,NA
7140,0.00227445987227797,7.76436724804462e-07,FALSE,NA
7141,2.81675839942672e-06,3.68646901565299e-07,FALSE,NA
7142,3.60693632583041e-08,0.00208038751208504,TRUE,NA
7143,4.95774464779743e-06,0.0059544638122222,TRUE,NA
7144,2.77227843362189e-07,0.0604901520052546,TRUE,NA
7145,0.0408604072875558,0.00045509106319251,FALSE,NA
7146,2.38913101328426e-05,0.00160617926276503,TRUE,NA
7147,0.000107263377497153,0.000362742107718983,TRUE,NA
7148,0.0192828857298164,4.76962548497927e-06,FALSE,NA
7149,0.000142017098089172,1.74263226597479e-06,FALSE,NA
7150,0.0312893127652733,0.0218777511050035,FALSE,NA
7151,0.000625360326212817,0.00300510881102771,TRUE,NA
7152,0.00126262632325478,0.000168866473308622,FALSE,NA
7153,0.0328043434880018,0.0029478831610177,FALSE,NA
7154,1.89213342131785e-07,8.06836010008836e-06,TRUE,NA
7155,0.00808393306243771,0.000132902450424579,FALSE,NA
7156,2.09870559176789e-05,5.09015132973162e-05,TRUE,NA
7157,4.78730096025845e-07,8.55840505211593e-07,TRUE,NA
7158,1.44804843164509e-06,2.40010835206921e-06,TRUE,NA
7159,9.01766947639077e-06,9.7642658618304e-08,FALSE,NA
7160,0.0218507419767013,0.0128750990377577,FALSE,NA
7161,2.46755998025395e-05,5.20392501069409e-05,TRUE,NA
7162,0.000620749496952534,0.103259022314651,TRUE,NA
7163,1.2163019324584e-06,4.46514635921878e-07,FALSE,NA
7164,9.85509430617122e-05,2.67723229495078e-06,FALSE,NA
7165,0.00042895575317919,3.5319323486436e-05,FALSE,NA
7166,0.000133923218713687,0.0347026802177006,TRUE,NA
7167,9.71936871153222e-05,2.59192200185164e-06,FALSE,NA
7168,0.000913586070808563,0.117825653229678,TRUE,NA
7169,0.00023653071133872,0.00660040868481439,TRUE,NA
7170,0.000262221078556321,0.000575307107306196,TRUE,NA
7171,6.06473168301199e-06,0.00341304890268967,TRUE,NA
7172,3.6103567837964e-05,6.58281316963519e-07,FALSE,NA
7173,0.0204016177972305,2.59633325462315,TRUE,NA
7174,2.79731562475246e-05,0.0252742949035909,TRUE,NA
7175,0.133317136712864,3.0210616470126e-05,FALSE,NA
7176,0.000601921817022892,1.51413093610506e-05,FALSE,NA
7177,0.000400405717553226,0.0546571276561193,TRUE,NA
7178,0.00340833328083168,4.80205226652919e-05,FALSE,NA
7179,3.43416058604674e-07,0.00614931708921323,TRUE,NA
7180,1.02060348717948e-07,0.00999142224940667,TRUE,NA
7181,0.000162498900536227,0.00661205516660001,TRUE,NA
7182,0.00173377134688639,6.23723295234607e-13,FALSE,NA
7183,5.79699603041684e-06,0.000291801507105267,TRUE,NA
7184,6.94743924726725e-06,0.0238858416218718,TRUE,NA
7185,0.000133414736165566,1.96238949138602e-07,FALSE,NA
7186,9.97061205240311e-09,5.3758619115245e-05,TRUE,NA
7187,0.0228551163631314,3.71958547638847e-07,FALSE,NA
7188,0.00378878377699344,0.00431132477589568,TRUE,NA
7189,0.000232954076131268,0.0310673804153911,TRUE,NA
7190,3.14080793513738e-07,0.00191517970960333,TRUE,NA
7191,0.000308462199580435,7.99093205802466e-07,FALSE,NA
7192,0.000560767036278234,4.99681528271684e-05,FALSE,NA
7193,4.00182500755996e-05,1.02256480207083e-06,FALSE,NA
7194,0.000625832625003005,0.452422270454052,TRUE,NA
7195,0.00388654811054457,0.00215982115396132,FALSE,NA
7196,0.00387629957278696,3.9265601010465e-06,FALSE,NA
7197,0.00229857883427475,1.93310175338316e-06,FALSE,NA
7198,1.67678676457486e-07,0.0111579753168424,TRUE,NA
7199,0.00714321709148056,4.61732775177173e-05,FALSE,NA
7200,1.3694152050724e-07,0.0248598528046588,TRUE,NA
7201,0.000185856770481644,1.15655842597984e-05,FALSE,NA
7202,0.0472361666568193,0.00515051434370678,FALSE,NA
7203,0.000636993185380437,2.07482293776429e-07,FALSE,NA
7204,1.84395558037182e-05,3.59913720447128,TRUE,NA
7205,0.000278046323978152,0.05152037255342,TRUE,NA
7206,0.00121321821783488,0.00056989817964428,FALSE,NA
7207,0.0308142462098151,3.87842463450022e-08,FALSE,NA
7208,5.96712223030535e-05,0.0301968148966954,TRUE,NA
7209,0.008059964041304,2.06981259509206e-06,FALSE,NA
7210,0.000573947119547492,0.071956273489437,TRUE,NA
7211,6.92030134895769e-05,7.15061878570144e-07,FALSE,NA
7212,1.23021572955092e-05,0.241689036050682,TRUE,NA
7213,5.46503444673346e-05,0.000738272446490341,TRUE,NA
7214,1.64752655975846e-10,0.00958773878867892,TRUE,NA
7215,3.32894147627341e-06,1.39718415632416e-06,FALSE,NA
7216,0.000268817663508606,0.000755887426072127,TRUE,NA
7217,0.000180851578131139,0.00627476575519374,TRUE,NA
7218,3.86527387969194e-07,0.00304260888136781,TRUE,NA
7219,0.00413139233984576,1.38855182498003e-05,FALSE,NA
7220,1.02891256252758e-05,0.000280563555055397,TRUE,NA
7221,6.64036583857413e-05,6.54164809290953e-08,FALSE,NA
7222,0.000473421561058156,0.00842784901219328,TRUE,NA
7223,1.97683731093174e-05,5.92024364394589e-06,FALSE,NA
7224,0.0268785891618628,8.23186705605716e-06,FALSE,NA
7225,7.67176766852744e-10,0.20966199725804,TRUE,NA
7226,0.000248281481330801,4.03626583334531e-05,FALSE,NA
7227,3.34430876353447e-05,0.000622598834754597,TRUE,NA
7228,3.19901655660677e-05,0.0116515228057645,TRUE,NA
7229,0.00875756109960667,2.3843614150173e-07,FALSE,NA
7230,2.20040490057022e-07,0.00351994860970115,TRUE,NA
7231,0.000275222024811228,9.17819393970886e-05,FALSE,NA
7232,0.0136984624853188,0.000223791516661345,FALSE,NA
7233,0.000826970031477433,0.00651855587915901,TRUE,NA
7234,0.000599088569241243,2.8761505644715e-06,FALSE,NA
7235,5.36916094898617e-08,0.193204490845969,TRUE,NA
7236,0.000514582108045327,8.56451601441971e-06,FALSE,NA
7237,0.00112742154390286,0.00175032718631265,TRUE,NA
7238,0.000482688651256181,2.15761238870379e-06,FALSE,NA
7239,0.00810411169910634,1.27801427483236e-06,FALSE,NA
7240,8.78152470846524e-07,0.00456753877349842,TRUE,NA
7241,3.2391555851467e-08,0.00256087794018153,TRUE,NA
7242,4.38607828042657e-06,0.000879095536442247,TRUE,NA
7243,0.00016973916456653,2.01877540371175e-05,FALSE,NA
7244,3.9105214596473e-07,0.000531001030351471,TRUE,NA
7245,0.000236673522086524,0.000175287958143363,FALSE,NA
7246,0.000104418638531489,0.0416757554313356,TRUE,NA
7247,3.52865960407364e-05,3.2670977035388e-11,FALSE,NA
7248,3.75428054057073e-05,0.0331255082157139,TRUE,NA
7249,2.60088283719794e-05,2.05402722053498e-05,FALSE,NA
7250,5.45948839896098e-05,0.0524577764403573,TRUE,NA
7251,8.30932202433794e-07,1.80442346774891,TRUE,NA
7252,8.7016321963731e-05,8.87348033281903e-07,FALSE,NA
7253,0.0017054422747828,0.00397271098470428,TRUE,NA
7254,0.0111740102575033,0.000307213203820297,FALSE,NA
7255,1.26526615541445e-08,0.0246525833267177,TRUE,NA
7256,0.0314354130032893,6.02459808442688e-07,FALSE,NA
7257,0.00286078966222785,7.68473649894553e-06,FALSE,NA
7258,0.00478124364761959,7.81417729585739e-05,FALSE,NA
7259,8.5547155059485e-06,0.000100402763699687,TRUE,NA
7260,2.9849118869804e-05,1.51682665489423e-05,FALSE,NA
7261,0.00939003136946137,0.0824349391323691,TRUE,NA
7262,0.00899305264314808,0.00890955428708,FALSE,NA
7263,3.35683418206842e-06,0.305589390784905,TRUE,NA
7264,0.00222022610668064,0.00269828141645042,TRUE,NA
7265,2.07843244870476e-06,2.40916801156109e-06,TRUE,NA
7266,6.67714565908587e-05,1.06692319992892e-08,FALSE,NA
7267,0.187736470148051,0.00169027891817688,FALSE,NA
7268,2.59154507819072e-05,4.82315934515823e-05,TRUE,NA
7269,3.02837517515404e-06,0.00015268864477674,TRUE,NA
7270,1.43191571847956e-08,0.00254638052807595,TRUE,NA
7271,3.88814655049096e-06,9.99731408818385e-11,FALSE,NA
7272,0.000906542411257501,0.00686391587353698,TRUE,NA
7273,0.033715147332126,0.00132842422476214,FALSE,NA
7274,0.000104649951279082,0.00687419064750141,TRUE,NA
7275,1.10615751658845e-05,0.412383614418863,TRUE,NA
7276,0.000951524176774374,0.0774680967683751,TRUE,NA
7277,5.40083304151854e-07,0.00132730527627588,TRUE,NA
7278,8.59502474194031e-07,0.00187633918075616,TRUE,NA
7279,4.50253183404446e-07,2.1865987307088e-06,TRUE,NA
7280,0.00911521176865598,1.65954522438765e-06,FALSE,NA
7281,0.000320764532832844,0.0446803084075536,TRUE,NA
7282,0.0194534768192969,0.00847757647450109,FALSE,NA
7283,0.00126102093636804,0.0268287629406456,TRUE,NA
7284,0.000259723395359014,6.0304186682399e-06,FALSE,NA
7285,0.000327593424464326,8.31351878256555e-06,FALSE,NA
7286,4.76650065550248e-07,2.04591678377098e-06,TRUE,NA
7287,0.0305568265945303,0.000257855572903655,FALSE,NA
7288,1.0974432828105e-06,1.75081547487832e-07,FALSE,NA
7289,0.000206126446338674,3.13106710362982e-06,FALSE,NA
7290,0.000824951696399114,0.000225917760495891,FALSE,NA
7291,0.000931252164797234,0.000400007048738004,FALSE,NA
7292,0.00268001216979076,4.49163680842014e-05,FALSE,NA
7293,0.0153783985178403,0.241610124468804,TRUE,NA
7294,0.00313551149354469,0.00708413599530309,TRUE,NA
7295,1.44431209985948e-07,0.0010030132626549,TRUE,NA
7296,0.00537881294766906,0.0967522546502905,TRUE,NA
7297,6.63571477740634e-05,0.216963271386503,TRUE,NA
7298,0.000160901833106853,0.0376796657314417,TRUE,NA
7299,0.0175324348330506,0.00305296891343616,FALSE,NA
7300,0.0646649150292641,0.0285139747177796,FALSE,NA
7301,1.68535861132765e-08,0.000503714675992115,TRUE,NA
7302,9.94844308963519e-07,0.0026173108520878,TRUE,NA
7303,5.96174511536471e-09,1.71631627581791e-05,TRUE,NA
7304,0.00193131780143633,8.07724822948908e-05,FALSE,NA
7305,0.00116632747922841,0.00702564458919526,TRUE,NA
7306,0.000694208443234026,0.00138668077404199,TRUE,NA
7307,0.00172780745133021,0.17023122687741,TRUE,NA
7308,0.00146276775816972,0.00145875397078782,FALSE,NA
7309,0.00516124994785726,0.000117168931646754,FALSE,NA
7310,5.88463340939732e-08,0.000299226070487742,TRUE,NA
7311,0.00105852032903975,1.60788494523909e-05,FALSE,NA
7312,0.000216005474381841,0.00690890444718534,TRUE,NA
7313,1.2774648014246e-09,4.19746505649762e-05,TRUE,NA
7314,1.78353332119048e-10,0.211182555362377,TRUE,NA
7315,8.1946668111144e-05,1.08591109322996e-06,FALSE,NA
7316,0.000147004269238783,1.31378318896693,TRUE,NA
7317,0.000118077710313519,2.58528931930133e-09,FALSE,NA
7318,2.38007702757349e-05,0.00147831862572311,TRUE,NA
7319,2.77476785401324e-08,3.61003206498597e-06,TRUE,NA
7320,0.000619297217171969,0.0210991189324801,TRUE,NA
7321,1.45458775356061e-06,0.0516491412363264,TRUE,NA
7322,0.0038505955027917,0.000288809254989053,FALSE,NA
7323,5.18027264512789e-08,0.0112925740087199,TRUE,NA
7324,1.47008401413592e-05,0.0970748780494762,TRUE,NA
7325,0.0436605830397266,0.0120770483823909,FALSE,NA
7326,0.000109971858310075,0.00156730121844199,TRUE,NA
7327,0.00116787416596715,0.000141776308595799,FALSE,NA
7328,0.000143675848093158,0.00947331620925931,TRUE,NA
7329,0.0100284210825546,0.0322156469045398,TRUE,NA
7330,0.0108388174998406,5.35454363027528e-06,FALSE,NA
7331,0.00683783135878767,0.0115089001808913,TRUE,NA
7332,0.000652600975791628,0.950226652490371,TRUE,NA
7333,0.0159945968680656,1.10413168486333e-07,FALSE,NA
7334,0.00244235343722802,0.000105314516596109,FALSE,NA
7335,8.49835374088451e-05,0.00498443873046383,TRUE,NA
7336,0.0692735362461321,0.00146796617947521,FALSE,NA
7337,0.000889175612997709,0.00709864973136138,TRUE,NA
7338,0.000397439477617938,8.59171188078272e-05,FALSE,NA
7339,0.000306719778597378,0.00232558906424793,TRUE,NA
7340,2.69830837237285e-05,0.00891831250960144,TRUE,NA
7341,3.87674103172665e-05,0.00135832706736317,TRUE,NA
7342,0.000114768094480053,6.70013336225672e-06,FALSE,NA
7343,0.227189857905047,0.00344892019601462,FALSE,NA
7344,3.45663042890193e-05,2.50402086003521e-05,FALSE,NA
7345,0.0112989826405409,3.06618246264496e-06,FALSE,NA
7346,0.000404086529629897,0.974034781730942,TRUE,NA
7347,0.0935276233753561,6.0267274500827e-06,FALSE,NA
7348,9.62071246051775e-07,4.409877280915e-07,FALSE,NA
7349,3.34247035274195e-05,2.97716528093458e-06,FALSE,NA
7350,0.00119389566834463,0.0624432926002538,TRUE,NA
7351,0.000328010940837055,2.10366755604492e-07,FALSE,NA
7352,0.0338270964584149,0.00316303927743234,FALSE,NA
7353,8.10885739591818e-05,3.42974674049037e-05,FALSE,NA
7354,8.77323977464665e-06,3.75093866841968e-05,TRUE,NA
7355,4.63066271628553e-07,0.100434176133179,TRUE,NA
7356,0.0179177986793831,0.0833837479549182,TRUE,NA
7357,4.21861867280257e-05,4.05178779123177e-07,FALSE,NA
7358,1.16644281106748e-06,0.0014238392789772,TRUE,NA
7359,2.73474399090826e-08,4.14750443275838e-05,TRUE,NA
7360,0.000174732106301307,0.00146396867519553,TRUE,NA
7361,6.19920352979267e-06,0.0220717343066959,TRUE,NA
7362,0.0185206933865912,0.000399879988663431,FALSE,NA
7363,0.014736042873294,1.346832594833e-05,FALSE,NA
7364,2.84238052262953e-06,0.000248452076572996,TRUE,NA
7365,3.66401630729915e-05,0.00125360300564011,TRUE,NA
7366,0.00611370451366916,1.26512505040861e-06,FALSE,NA
7367,0.000302343861275451,2.74093190293617e-07,FALSE,NA
7368,0.000137422936815333,2.77677562415729e-07,FALSE,NA
7369,0.000105204117140499,1.91404003170842e-06,FALSE,NA
7370,0.101755675615915,0.0429204241410705,FALSE,NA
7371,0.000141422104718239,0.0133276702445461,TRUE,NA
7372,0.040895159705556,4.14566455244752e-05,FALSE,NA
7373,0.00101829438497933,0.19728449848387,TRUE,NA
7374,0.000390568172089019,0.000979123435816805,TRUE,NA
7375,0.00127712271678109,0.0134743377866634,TRUE,NA
7376,0.00516639588230022,0.000589318922432789,FALSE,NA
7377,0.00478633729795054,8.5148036020379e-05,FALSE,NA
7378,0.179036120630382,0.000481415871839868,FALSE,NA
7379,1.93665856824758e-05,1.25832090155829,TRUE,NA
7380,0.0501302746859103,0.00610639953943897,FALSE,NA
7381,1.48434853322874e-07,0.00243569798668175,TRUE,NA
7382,0.0315668630439817,0.00143762893650865,FALSE,NA
7383,2.61518666677647e-06,0.00301525397617577,TRUE,NA
7384,0.00225243645066283,8.96520505270175e-06,FALSE,NA
7385,3.68025323292574e-06,0.000490252523298828,TRUE,NA
7386,0.152504209893841,0.01674685978537,FALSE,NA
7387,1.73847838748216e-08,0.0659013246532368,TRUE,NA
7388,0.00283508413828373,0.000438780995882234,FALSE,NA
7389,0.00033723043218214,0.301771394461105,TRUE,NA
7390,0.000162363250172616,2.01626806174265e-08,FALSE,NA
7391,0.000314246725968525,5.12513125083371e-08,FALSE,NA
7392,0.112367362109838,5.01622824682045e-05,FALSE,NA
7393,0.0016630156913005,0.0283292716818259,TRUE,NA
7394,0.0755728890942074,0.000731440631501019,FALSE,NA
7395,0.000129782006532117,0.00751526593410892,TRUE,NA
7396,0.000128156377158497,0.0029662785356594,TRUE,NA
7397,0.00391275739284606,0.0444791243203948,TRUE,NA
7398,0.000117462047593353,0.00966057669200175,TRUE,NA
7399,2.9424087821707e-08,4.17751912521719e-05,TRUE,NA
7400,1.59989476281341e-08,0.000538368048602271,TRUE,NA
7401,0.000144104933530553,0.00177460938134738,TRUE,NA
7402,5.28655972071069e-07,0.000903244750254995,TRUE,NA
7403,7.7654299717093e-06,7.14921752759885e-05,TRUE,NA
7404,1.31581745508089e-10,0.000195621000272432,TRUE,NA
7405,8.91487055783122e-05,0.667286377386619,TRUE,NA
7406,0.0192808376503199,0.494369905696349,TRUE,NA
7407,6.08084351389238e-09,0.00144971763746625,TRUE,NA
7408,1.26803364523828e-06,6.65486308131089e-06,TRUE,NA
7409,2.15334043058996e-06,7.49681242119407e-09,FALSE,NA
7410,0.000183549043975283,3.662603321091e-08,FALSE,NA
7411,0.00336574275168255,0.000379711112760479,FALSE,NA
7412,0.00344006066023936,4.34348748918465e-05,FALSE,NA
7413,0.000911749521202522,0.00682405353271216,TRUE,NA
7414,4.2000549793026e-09,0.000459286569403508,TRUE,NA
7415,0.0375731703387167,0.00441702898393958,FALSE,NA
7416,0.00668956987772356,0.00199109849964473,FALSE,NA
7417,5.62537500715133e-05,5.84812957045121e-06,FALSE,NA
7418,0.000813439297556738,4.8947147756032e-08,FALSE,NA
7419,0.0021697533499288,5.14907587966057e-05,FALSE,NA
7420,0.000828880639101288,1.23211390735411e-05,FALSE,NA
7421,0.0779304500309063,0.00159880912283537,FALSE,NA
7422,2.10069382985845e-08,0.000242478111641731,TRUE,NA
7423,4.60358325410857e-06,2.61547570499044e-07,FALSE,NA
7424,0.00202989301052787,8.54343008464618e-05,FALSE,NA
7425,0.00590079892307048,6.32276755416519e-06,FALSE,NA
7426,5.90614699459087e-05,0.0304822224638851,TRUE,NA
7427,0.00110280792308292,3.56180491274868e-06,FALSE,NA
7428,0.000101022055531957,2.27975129153002e-08,FALSE,NA
7429,1.24226464748841e-06,0.00520700345914998,TRUE,NA
7430,0.0740797191056626,0.00280624730130232,FALSE,NA
7431,2.4508878005452e-08,7.10735666285896e-05,TRUE,NA
7432,0.000347204693057976,0.00703951110010756,TRUE,NA
7433,4.60492542644426e-06,0.000113075359796553,TRUE,NA
7434,0.00145054770912529,2.03456954997493e-07,FALSE,NA
7435,0.00626540528895742,3.43162324300436e-05,FALSE,NA
7436,0.0122281258715422,4.19248217922612e-06,FALSE,NA
7437,0.0234455379532727,0.130545779247639,TRUE,NA
7438,0.00305567971420357,0.00219845575683285,FALSE,NA
7439,0.194452805202634,4.27164698365597e-07,FALSE,NA
7440,4.58334227981931e-05,0.0493019998238809,TRUE,NA
7441,1.18968902709373e-06,0.00137992672217218,TRUE,NA
7442,0.00305919998054297,3.23742144256125e-10,FALSE,NA
7443,1.56675034612809e-06,1.53243532372123e-08,FALSE,NA
7444,0.00851663186218293,6.08846306704621e-13,FALSE,NA
7445,0.128135987979238,0.00183567855121556,FALSE,NA
7446,9.09830408017929e-07,6.17289091119489e-05,TRUE,NA
7447,0.00132093138189428,1.44606827962394e-06,FALSE,NA
7448,0.00163419677930353,4.37991710735013e-05,FALSE,NA
7449,4.52978016055871e-05,0.000104141164055002,TRUE,NA
7450,0.00284458408884144,3.45662700774245e-05,FALSE,NA
7451,0.000456035791913125,9.91450330240636e-06,FALSE,NA
7452,2.51320101846355e-06,8.28369727185254e-07,FALSE,NA
7453,0.00530305819087399,0.000278165945232107,FALSE,NA
7454,1.31989630556669e-06,0.000421926837505519,TRUE,NA
7455,0.0739941720427742,0.00640459959831225,FALSE,NA
7456,0.00453802014095935,0.000962241980868971,FALSE,NA
7457,2.29007124637124e-09,7.8562711894636e-11,FALSE,NA
7458,1.79200842978736e-05,1.57847719141207e-07,FALSE,NA
7459,0.0033936771328574,0.000291895079341425,FALSE,NA
7460,1.07135516069963e-05,1.92149958844232e-06,FALSE,NA
7461,3.80405270624477e-06,0.000561242176777818,TRUE,NA
7462,1.79011404874563e-05,0.000215381918312322,TRUE,NA
7463,1.98807440352345e-05,6.06507191653135e-07,FALSE,NA
7464,0.0245646252033175,0.000496018109874639,FALSE,NA
7465,6.23969266699916e-05,1.11163617580496e-06,FALSE,NA
7466,6.7146288529352e-13,0.0672828290200484,TRUE,NA
7467,1.53547096659614e-06,0.0314743942273044,TRUE,NA
7468,0.00011079533893632,0.00224161575437553,TRUE,NA
7469,0.00425929852126547,0.0117847580360561,TRUE,NA
7470,0.119675569779971,0.00249018612028962,FALSE,NA
7471,0.00098025887799385,2.65627260384752e-08,FALSE,NA
7472,6.04302784790636e-05,0.029478898186344,TRUE,NA
7473,0.000773502470518511,0.0240384506829412,TRUE,NA
7474,0.0011839257580356,0.00193579592064535,TRUE,NA
7475,0.0690996814209868,0.0275677471089022,FALSE,NA
7476,0.00661270533781307,9.81243194126504e-05,FALSE,NA
7477,8.02105007854927e-09,1.32258915017542e-07,TRUE,NA
7478,0.0120704854686635,9.97464240624858e-07,FALSE,NA
7479,0.0254696322071961,0.052942591972358,TRUE,NA
7480,3.0132716554366e-07,0.0280519383255896,TRUE,NA
7481,0.000622059038791451,0.00235163282048563,TRUE,NA
7482,0.0198321390289287,0.000104719768129169,FALSE,NA
7483,1.6756265765761e-05,5.57372043312248e-05,TRUE,NA
7484,0.0312239708003758,0.00445065339643378,FALSE,NA
7485,0.000452271422849463,6.06049551455992e-06,FALSE,NA
7486,8.11338441205021e-10,0.000813936797493992,TRUE,NA
7487,0.00737590740305696,1.86959574229991e-05,FALSE,NA
7488,0.0106942970208149,1.94016093804715e-07,FALSE,NA
7489,5.02690491896288e-05,3.13216958672951e-05,FALSE,NA
7490,0.0019548965781176,5.36702151649967e-06,FALSE,NA
7491,0.00139260349324972,0.00518687455614111,TRUE,NA
7492,0.0101068728681513,1.47237959576092e-08,FALSE,NA
7493,0.000199752003441668,0.0180537172349217,TRUE,NA
7494,0.00269881814069029,0.093805009295023,TRUE,NA
7495,0.00477035683499344,0.192701248028374,TRUE,NA
7496,0.00333035244974104,0.0285845272472503,TRUE,NA
7497,3.19441760711045e-05,1.35571047455712e-05,FALSE,NA
7498,4.40263429888416e-05,0.0149041069817383,TRUE,NA
7499,7.04495157121836e-07,8.35251322388581e-06,TRUE,NA
7500,0.0717680321360308,0.00124455652806975,FALSE,NA
7501,0.00265345949600565,0.0158382923183107,TRUE,NA
7502,0.00036445847462221,0.000206552137363305,FALSE,NA
7503,0.00446119196332027,0.00720821501946453,TRUE,NA
7504,5.16812672215965e-05,1.1247026572485,TRUE,NA
7505,0.000758803641793768,0.000372346540659638,FALSE,NA
7506,1.68512981798669e-05,3.96492588709692e-06,FALSE,NA
7507,6.9650451238117e-05,0.00214477111553746,TRUE,NA
7508,0.00127230264305684,0.148208002271431,TRUE,NA
7509,2.43216001494908e-07,0.0558640922531163,TRUE,NA
7510,4.50997893922442e-07,0.00246200861441496,TRUE,NA
7511,2.34977782314148e-06,0.0400195948821396,TRUE,NA
7512,1.51437364346561e-07,0.00093537548135761,TRUE,NA
7513,4.36436633836918e-05,0.0586951768781587,TRUE,NA
7514,0.00569250961801419,0.000361275849192851,FALSE,NA
7515,8.92613550876486e-06,0.000201085954774606,TRUE,NA
7516,0.00501212233428092,3.90160234630971e-05,FALSE,NA
7517,0.000119659972043926,1.3928240472164e-05,FALSE,NA
7518,0.00100098470833601,0.00299417228737674,TRUE,NA
7519,0.0014583521044582,0.0145331576497105,TRUE,NA
7520,2.56879652197176e-05,0.00117175991834829,TRUE,NA
7521,6.60674086435996e-05,0.25639480580744,TRUE,NA
7522,0.0016033964269406,1.12898010157101e-05,FALSE,NA
7523,0.00547864675006338,0.00044237210083532,FALSE,NA
7524,1.00478491587763e-08,0.00436954489665355,TRUE,NA
7525,3.2883390028882e-06,1.82463356652984,TRUE,NA
7526,0.0010898864691948,2.13212334971083e-05,FALSE,NA
7527,0.0105517874844148,1.51288092406608e-05,FALSE,NA
7528,9.00826342161182e-06,0.00867524268482193,TRUE,NA
7529,2.87759102314772e-05,0.00212578511608124,TRUE,NA
7530,0.00123632088169074,0.000450923139837025,FALSE,NA
7531,3.77847907883917e-08,0.185523853016616,TRUE,NA
7532,7.55000974092019e-07,0.0944473087182891,TRUE,NA
7533,0.000314035764611883,3.18520897075641,TRUE,NA
7534,2.2102436604127e-06,0.0216877195476747,TRUE,NA
7535,2.83580661194538e-07,2.48157501460231e-06,TRUE,NA
7536,0.000683129961521034,3.80941498989504e-05,FALSE,NA
7537,0.00221514374315176,0.014584003107725,TRUE,NA
7538,0.000470963181162392,9.51111494628677e-05,FALSE,NA
7539,0.0682120505545935,0.00406905956391632,FALSE,NA
7540,0.156827250095624,0.0197437214701802,FALSE,NA
7541,5.07156256527968e-08,0.0170783763720927,TRUE,NA
7542,4.97894581945349e-07,0.0161260934804148,TRUE,NA
7543,0.00082753588973066,1.03393183963508e-06,FALSE,NA
7544,0.000112778732158583,0.0728553418252785,TRUE,NA
7545,4.67004816842096e-08,1.47015158667228e-06,TRUE,NA
7546,5.01473698002489e-05,4.86523358181581e-06,FALSE,NA
7547,0.00241892782241961,0.00213992565775334,FALSE,NA
7548,0.000841928454512146,4.60389965646103e-08,FALSE,NA
7549,0.00370283362710255,1.05616822754076e-05,FALSE,NA
7550,2.03055851226886e-05,1.00923500074821e-05,FALSE,NA
7551,0.0084372704887735,0.0435773730952731,TRUE,NA
7552,0.000424399329526509,0.000245586483653051,FALSE,NA
7553,3.51519372488507e-06,0.000842173791516609,TRUE,NA
7554,6.51529842603492e-06,6.57643550703754e-07,FALSE,NA
7555,0.0440541800210406,0.000131608760089049,FALSE,NA
7556,0.051050384506199,0.000838296090518252,FALSE,NA
7557,0.00680415274842557,0.359901676436926,TRUE,NA
7558,0.00520563512384727,0.189363517408706,TRUE,NA
7559,0.00122613357870051,0.00113261983036619,FALSE,NA
7560,0.0235580572330787,0.00266136313420382,FALSE,NA
7561,3.69739876435753e-05,9.61908848882877e-05,TRUE,NA
7562,0.0286446863056281,1.55121302843719e-07,FALSE,NA
7563,5.4969561112185e-07,1.66957018093397e-05,TRUE,NA
7564,8.5009985445045e-08,0.00215582714745466,TRUE,NA
7565,0.00231560485609425,0.00806965438158335,TRUE,NA
7566,0.000809159816959675,0.00864810261941705,TRUE,NA
7567,1.59465949023137e-05,0.194819554728508,TRUE,NA
7568,0.000142937160381873,0.00375600510985069,TRUE,NA
7569,1.54292071855392e-06,4.03844618791729e-05,TRUE,NA
7570,2.17158470026106e-07,0.0360148150234003,TRUE,NA
7571,3.16036220173121e-07,3.70367186251806e-05,TRUE,NA
7572,3.34280131637612e-06,3.94148084166783e-08,FALSE,NA
7573,0.000705835246388032,1.27160797094584e-07,FALSE,NA
7574,0.0188395051542478,0.00169267930833837,FALSE,NA
7575,0.00418615949768576,4.43329994695815e-06,FALSE,NA
7576,1.8002317635746e-05,0.0240893184739511,TRUE,NA
7577,4.12194513763721e-07,1.30206956328123e-12,FALSE,NA
7578,0.00380898823532656,2.58857122156533e-07,FALSE,NA
7579,0.145199930767863,3.91958424104157e-05,FALSE,NA
7580,8.41684569332617e-05,0.000227102388619255,TRUE,NA
7581,4.15548517332718e-05,4.23084019401481e-05,TRUE,NA
7582,9.21840381811009e-12,1.90260794894869e-05,TRUE,NA
7583,0.000157381575505789,0.0124674458093895,TRUE,NA
7584,0.00761906001004484,0.00105246125909677,FALSE,NA
7585,0.000763103395379701,0.000583793341557566,FALSE,NA
7586,4.66680584155601e-09,1.7365638346305e-05,TRUE,NA
7587,0.00019280917230768,0.00527731349893023,TRUE,NA
7588,3.05282888077017e-08,3.20520498391522e-05,TRUE,NA
7589,0.0135580778387031,4.88754771747648e-06,FALSE,NA
7590,1.30057430367606e-06,0.00645311369580359,TRUE,NA
7591,3.98669198448986e-09,6.88815259453286e-05,TRUE,NA
7592,5.89947625053296e-06,5.05288921942553e-10,FALSE,NA
7593,0.017222569114631,1.2234033793513e-09,FALSE,NA
7594,0.00131993394325803,0.000722671945094644,FALSE,NA
7595,0.0554866913822012,4.72985340901925e-09,FALSE,NA
7596,0.0112138438151176,0.00369605213986766,FALSE,NA
7597,0.000515122226282763,0.701694495443352,TRUE,NA
7598,0.0123368653705327,0.000103262351773729,FALSE,NA
7599,0.00280220410554078,0.046722776946808,TRUE,NA
7600,0.00163780289594704,7.27968622896638e-07,FALSE,NA
7601,1.07862933547938e-06,0.000616134977759153,TRUE,NA
7602,8.11126164074992e-06,1.10850693415214e-05,TRUE,NA
7603,4.55346490021267e-06,2.07850948182272e-07,FALSE,NA
7604,0.00553452178072846,0.0264168716675858,TRUE,NA
7605,1.81338988803854e-08,0.0024941353866845,TRUE,NA
7606,0.000224615922604297,0.00114237504353491,TRUE,NA
7607,0.000257692558895275,0.0118161440526927,TRUE,NA
7608,1.54473462073436e-07,1.41275099284475e-08,FALSE,NA
7609,0.000508106948897898,0.00106203766879056,TRUE,NA
7610,0.000437609857568569,6.09268626296814e-09,FALSE,NA
7611,0.00230104932444374,2.63411492065017e-05,FALSE,NA
7612,0.000573290689860711,0.000626455593179178,TRUE,NA
7613,0.0180476386811524,0.000832084881145832,FALSE,NA
7614,6.15785564681274e-05,4.5594808398243e-07,FALSE,NA
7615,0.0471209623297566,5.89235281887803e-06,FALSE,NA
7616,0.0543780425232138,3.42053537507072e-05,FALSE,NA
7617,3.21647179988276e-06,6.87539875795041e-05,TRUE,NA
7618,0.0311361805444527,0.000438090389696921,FALSE,NA
7619,0.0336574323441869,0.121655316893924,TRUE,NA
7620,6.54305244869248e-06,5.53118127574428e-06,FALSE,NA
7621,0.000190619488667564,1.08315779632525e-05,FALSE,NA
7622,3.05390345569684e-07,4.39901987883279e-05,TRUE,NA
7623,8.70289553878621e-08,0.00788014588920494,TRUE,NA
7624,0.0121432271323065,1.32075073512962e-05,FALSE,NA
7625,0.00306196029921653,0.112919290893719,TRUE,NA
7626,0.0723934993493794,0.00399740876840889,FALSE,NA
7627,2.77295641956261e-05,1.3249159086777e-05,FALSE,NA
7628,0.000667953641966158,0.406898450064176,TRUE,NA
7629,4.21924770222345e-05,9.85220166332009e-06,FALSE,NA
7630,0.0185566076781354,1.22755871777178e-08,FALSE,NA
7631,8.03794302918922e-06,0.00126108681341264,TRUE,NA
7632,1.34752476117825e-05,0.00265848867329192,TRUE,NA
7633,2.1512294430097e-05,0.0106278127208567,TRUE,NA
7634,0.0011743716728483,6.99539315387508e-11,FALSE,NA
7635,0.0132337254940635,0.00876802052100037,FALSE,NA
7636,3.97091467656548e-06,7.81158957516802e-05,TRUE,NA
7637,1.0907214442535e-06,5.6016545404534e-06,TRUE,NA
7638,6.88629957393342e-06,2.55377257045113e-06,FALSE,NA
7639,0.0037735292102416,0.0465052786554059,TRUE,NA
7640,0.0176195622006212,0.154416189930919,TRUE,NA
7641,0.00201123135495056,2.20570151599539e-07,FALSE,NA
7642,4.46716806864699e-08,8.44143486037681e-05,TRUE,NA
7643,6.36174275989437e-05,0.369463499755295,TRUE,NA
7644,6.82926856293514e-06,0.027540099946355,TRUE,NA
7645,6.38610440492343e-07,0.134866795136243,TRUE,NA
7646,1.12268971903169e-10,2.80407599440702e-06,TRUE,NA
7647,4.72316580255166e-07,0.000430880713880935,TRUE,NA
7648,2.46468967761237e-09,8.8876020076751e-05,TRUE,NA
7649,0.0213437684823395,6.00411445202909e-06,FALSE,NA
7650,6.44330057652781e-05,2.1329595362369e-06,FALSE,NA
7651,5.06182696820921e-05,0.00148818785609514,TRUE,NA
7652,6.30812905110746e-05,0.0154001564760814,TRUE,NA
7653,0.0999747870200387,0.117684813264375,TRUE,NA
7654,4.50754493084576e-06,0.0346077236315392,TRUE,NA
7655,2.78515105586063e-06,0.000702354534477179,TRUE,NA
7656,4.85222879429906e-05,0.00351039103153007,TRUE,NA
7657,2.84068105964923e-05,0.000959971157271157,TRUE,NA
7658,4.40870085810337e-07,0.00058770617741681,TRUE,NA
7659,0.0217977117545708,6.82531690032735e-08,FALSE,NA
7660,5.0429576237971e-05,0.00439534088116822,TRUE,NA
7661,0.000817747441080874,0.0466463638302157,TRUE,NA
7662,0.000176205653085962,1.38645115022328e-06,FALSE,NA
7663,0.000236201880909645,0.172672883816665,TRUE,NA
7664,0.0043446362638518,0.000118921336838094,FALSE,NA
7665,7.00613838545281e-06,0.000116645960476942,TRUE,NA
7666,0.000261956374696417,0.00781999390530175,TRUE,NA
7667,1.45981131556852e-05,0.0237363491463216,TRUE,NA
7668,0.0196382900825798,0.00214435174785771,FALSE,NA
7669,0.0156966830786533,9.86213184475867e-05,FALSE,NA
7670,0.00725044062016719,0.000199226232392603,FALSE,NA
7671,1.63053540459616e-05,0.0196589019803744,TRUE,NA
7672,1.77323609591547e-08,6.82462166751965e-08,TRUE,NA
7673,7.94865756415685e-05,5.01290764867192e-07,FALSE,NA
7674,5.6729825841163e-07,0.000301231838168018,TRUE,NA
7675,1.25416654917874e-09,5.28734684815706e-07,TRUE,NA
7676,0.00626594918699956,1.97454550216888e-08,FALSE,NA
7677,0.00017455875634579,1.40507432646094e-06,FALSE,NA
7678,0.000778402182882597,0.000131760108660494,FALSE,NA
7679,0.01763903386386,6.54008851341325e-06,FALSE,NA
7680,0.00305274320170704,7.31406419565609e-07,FALSE,NA
7681,2.44697150507277e-05,1.56068414965913e-08,FALSE,NA
7682,0.015715304461611,0.00429292622024339,FALSE,NA
7683,0.00143334998451678,0.00182858153352565,TRUE,NA
7684,3.75980122997816e-08,7.99796097900908e-05,TRUE,NA
7685,0.0122649047227027,0.0347552437694701,TRUE,NA
7686,8.53850140098175e-06,0.000941468101067043,TRUE,NA
7687,1.1078541644076e-05,0.00256020673218051,TRUE,NA
7688,0.00196797909856885,0.000297939025860816,FALSE,NA
7689,1.5748236060952e-09,0.0332384397691737,TRUE,NA
7690,0.011080229718684,1.31825351996984e-07,FALSE,NA
7691,2.21657670097792e-06,5.45394708661573e-09,FALSE,NA
7692,0.00195189455838328,1.10203194708719e-06,FALSE,NA
7693,0.0271892059773794,4.3547882061964e-09,FALSE,NA
7694,4.96085105793212e-05,5.2708587548028e-05,TRUE,NA
7695,0.00614725852870372,0.000789543906900591,FALSE,NA
7696,0.00123763288295955,0.000376992130903019,FALSE,NA
7697,4.13996227046504e-09,8.36532250709308e-08,TRUE,NA
7698,0.00551541336276944,0.00390037826621066,FALSE,NA
7699,0.000146088434722169,0.0144203655132273,TRUE,NA
7700,2.03750948205425e-05,0.0176222615418343,TRUE,NA
7701,0.000483138385842253,0.00537519528812889,TRUE,NA
7702,8.1559555757818e-06,0.00244238223549023,TRUE,NA
7703,1.36522864136186e-05,0.146786775666662,TRUE,NA
7704,0.00102852190335456,9.33707431071152e-06,FALSE,NA
7705,0.00239194742292093,0.00221814540701524,FALSE,NA
7706,0.00210917165119937,3.27802086242912,TRUE,NA
7707,0.0911094346030777,0.0720795716109647,FALSE,NA
7708,0.00487210890673581,0.000117640163557576,FALSE,NA
7709,0.00697778534666306,0.000209043465757401,FALSE,NA
7710,0.0696002905715704,4.36505511747511e-07,FALSE,NA
7711,0.000450584236843503,1.02518186387534e-06,FALSE,NA
7712,7.13003645568676e-05,0.160712509660613,TRUE,NA
7713,4.75429876685794e-05,0.0406718630817143,TRUE,NA
7714,0.0700938883827105,0.00230117574931426,FALSE,NA
7715,1.40972151613247e-08,0.00340243588759947,TRUE,NA
7716,0.00160135434694719,0.000683139670543119,FALSE,NA
7717,0.00800333717114394,2.37513836605168e-07,FALSE,NA
7718,8.17199843636063e-07,0.00486180333333764,TRUE,NA
7719,0.0377883800417536,0.00442329994960588,FALSE,NA
7720,1.97192078378401e-06,0.000281835558287569,TRUE,NA
7721,0.134652506109549,1.40347922047533e-08,FALSE,NA
7722,0.00261928079104775,7.65632004903766e-07,FALSE,NA
7723,0.0183482981187324,0.00589058824541767,FALSE,NA
7724,0.0056355148082948,4.60049399725926e-05,FALSE,NA
7725,0.00358940900819239,2.99019617398803e-06,FALSE,NA
7726,4.1465010757639e-06,1.25941393372542e-06,FALSE,NA
7727,8.34745220976279e-06,0.00584848982800756,TRUE,NA
7728,0.000117861344183763,0.0773522471339426,TRUE,NA
7729,0.00158125061948228,1.26529545941744e-05,FALSE,NA
7730,1.16362963603961e-05,0.00689736327483402,TRUE,NA
7731,0.00392968779435671,0.125455079698155,TRUE,NA
7732,0.00462128797272219,0.000227313772200466,FALSE,NA
7733,4.1846622929533e-07,1.14050977524533e-05,TRUE,NA
7734,0.0739739637760518,0.00222281279965707,FALSE,NA
7735,0.000236579802181168,5.09846060531584e-05,FALSE,NA
7736,0.00322891844660691,0.0149975388324453,TRUE,NA
7737,3.00032399375607e-09,1.19220999810224e-09,FALSE,NA
7738,0.0021964330529043,4.12562644513437e-05,FALSE,NA
7739,1.19707324606429e-05,0.201738326719059,TRUE,NA
7740,0.0163016199120301,0.00613932825804815,FALSE,NA
7741,5.06048120331187e-06,0.00489721227034972,TRUE,NA
7742,0.000287159097422202,0.00048283662614616,TRUE,NA
7743,4.12011203017537e-10,0.0848163919381635,TRUE,NA
7744,1.09792175357258e-10,2.83078051163602e-06,TRUE,NA
7745,0.00728326460753611,0.024793337808291,TRUE,NA
7746,4.64466636634438e-05,4.37627008490514e-05,FALSE,NA
7747,4.17516579262859e-05,0.00307049898716941,TRUE,NA
7748,1.37227361208435e-05,0.000715100312672408,TRUE,NA
7749,1.42727507583023e-05,6.80347871591276e-05,TRUE,NA
7750,0.00859541787579906,0.000133577808510592,FALSE,NA
7751,6.24332310837031e-06,0.000658383333793175,TRUE,NA
7752,0.00130605551686521,0.0162587462326529,TRUE,NA
7753,0.000182112331856522,1.69714593819729e-08,FALSE,NA
7754,2.98001528299803e-06,6.90639613432626e-05,TRUE,NA
7755,0.00392725439785224,3.74839357163474e-05,FALSE,NA
7756,0.00160553371915863,8.81292932701186e-05,FALSE,NA
7757,0.000121344288263232,5.99891282554593e-06,FALSE,NA
7758,0.024645375730498,1.25075654793161e-06,FALSE,NA
7759,1.22682602991803e-06,1.74775848670943e-06,TRUE,NA
7760,2.1429174532523e-05,1.45922321957943e-08,FALSE,NA
7761,0.00199117819625606,0.00214239870025861,TRUE,NA
7762,0.000630237517726163,0.000263396270520147,FALSE,NA
7763,5.44186766023775e-08,0.0578806452565973,TRUE,NA
7764,0.00890323634305697,0.0071169874565118,FALSE,NA
7765,0.000166153624815197,0.000196963104034828,TRUE,NA
7766,0.0525615115388268,1.37512582432931e-05,FALSE,NA
7767,0.00191782713796747,6.58330192270995e-06,FALSE,NA
7768,0.00188241651693794,0.000156743703609042,FALSE,NA
7769,0.000429929092299374,2.60944491705256e-05,FALSE,NA
7770,0.00078437333605631,0.0100669693215467,TRUE,NA
7771,6.04390969171736e-06,0.0100784579998172,TRUE,NA
7772,0.0112542471667967,0.000283126763922681,FALSE,NA
7773,5.02459006312533e-06,7.64295516057031e-10,FALSE,NA
7774,5.38399503402771e-05,0.00677320061896904,TRUE,NA
7775,0.00879628124355858,0.000141749147523284,FALSE,NA
7776,0.000118543053257157,0.000368248265615158,TRUE,NA
7777,0.0001714582772012,0.455397772889002,TRUE,NA
7778,6.81032787007339e-05,0.00192898669790386,TRUE,NA
7779,2.63476885101355e-09,7.77976963168623e-05,TRUE,NA
7780,0.00118263111054078,0.00137474498476923,TRUE,NA
7781,0.00349726724808875,1.54436788397083e-05,FALSE,NA
7782,0.00587027214274641,0.0919382331227871,TRUE,NA
7783,0.000356723649319812,0.000423000234488346,TRUE,NA
7784,2.78315564843152e-05,0.000256665089685536,TRUE,NA
7785,9.20507031829393e-06,0.00330504396921951,TRUE,NA
7786,0.00315790073531598,1.33419697974951e-07,FALSE,NA
7787,0.00168897604968354,1.19166975481364e-06,FALSE,NA
7788,0.0039345340373224,2.16912513981797e-05,FALSE,NA
7789,0.00478166561690649,1.65327936477511e-05,FALSE,NA
7790,0.0239096193492198,2.37316536669198e-05,FALSE,NA
7791,1.37445812187141e-05,0.000218900950314435,TRUE,NA
7792,8.02582202202992e-05,1.11445388278922e-06,FALSE,NA
7793,0.0127453348667547,0.000415761093715274,FALSE,NA
7794,8.85538114299395e-08,4.69306052273164e-06,TRUE,NA
7795,0.00502190901886067,0.000675767323252814,FALSE,NA
7796,0.0635943413011688,0.000190617188623447,FALSE,NA
7797,5.71489552983044e-05,0.00282332114691144,TRUE,NA
7798,0.0306031537276495,0.00194227785248279,FALSE,NA
7799,7.12718278140712e-05,4.07895450695891e-06,FALSE,NA
7800,0.00218186145682435,0.016822169132541,TRUE,NA
7801,4.7329996598471e-08,5.03960092277264e-05,TRUE,NA
7802,0.00234524430718123,0.000104455117933187,FALSE,NA
7803,0.000116383461637729,0.0153966549804707,TRUE,NA
7804,0.0364529877170715,0.0074186890483779,FALSE,NA
7805,0.00174063954973099,4.99910429520009e-05,FALSE,NA
7806,0.00788767312853578,2.12018348593724e-07,FALSE,NA
7807,4.9958716412714e-08,0.00479434028643082,TRUE,NA
7808,0.00592283252425169,1.37459967093987e-06,FALSE,NA
7809,0.000556824110590389,5.42124707481077e-05,FALSE,NA
7810,0.117939278130667,1.68428221590066e-06,FALSE,NA
7811,0.000486486605301192,0.252711018156982,TRUE,NA
7812,0.00522142620879934,0.0856877203596617,TRUE,NA
7813,0.000664992654091339,0.000864836484546363,TRUE,NA
7814,0.0019717713311488,7.22193293488788e-08,FALSE,NA
7815,0.00120042476533658,6.55095481508759,TRUE,NA
7816,0.0108665055146156,0.100881024246775,TRUE,NA
7817,0.000565795996626214,3.77666518113558e-05,FALSE,NA
7818,0.00232234258180505,5.12708607631192,TRUE,NA
7819,0.00320914900923948,0.000180957424652494,FALSE,NA
7820,0.00178431993905563,0.00160358302904665,FALSE,NA
7821,2.6754962151319e-06,2.89687399261704e-05,TRUE,NA
7822,0.000325276732515334,3.40510115679419e-07,FALSE,NA
7823,0.00786775867662524,0.298736572415147,TRUE,NA
7824,0.0312733788274445,0.210083906615568,TRUE,NA
7825,8.89529612896693e-08,0.000919209189116209,TRUE,NA
7826,1.62045366441225e-05,0.000177488516370154,TRUE,NA
7827,0.00036164753788074,0.015056880332725,TRUE,NA
7828,0.00298703936102039,0.0367989044861938,TRUE,NA
7829,0.00288795764537874,5.84558023421621e-07,FALSE,NA
7830,0.0788583797859417,0.00268635494067273,FALSE,NA
7831,0.00926651591945271,0.0044583899553442,FALSE,NA
7832,4.8579120684809e-08,0.00779985067548388,TRUE,NA
7833,2.19748230964573e-09,1.25813955593318e-05,TRUE,NA
7834,0.0038158471481962,1.03053154063557e-06,FALSE,NA
7835,0.000302774492058499,1.04053305190115,TRUE,NA
7836,0.025934716315032,0.000110823165194876,FALSE,NA
7837,5.91539345828213e-07,4.17530976087051e-05,TRUE,NA
7838,4.9288417803762e-10,0.000481266884031464,TRUE,NA
7839,4.85336752981945e-05,1.53255881383015e-08,FALSE,NA
7840,0.00223018102759925,0.00842939996142751,TRUE,NA
7841,0.00103469878123718,3.49456353878884e-05,FALSE,NA
7842,0.0012023132397673,0.000190319524303228,FALSE,NA
7843,0.000528837916078263,0.00169391099631271,TRUE,NA
7844,1.27567828744376e-06,0.000158598343259895,TRUE,NA
7845,0.000179433798318975,0.0531594782536275,TRUE,NA
7846,5.890123371329e-06,9.31846364920374e-07,FALSE,NA
7847,0.0017227423270535,0.00226767020914398,TRUE,NA
7848,0.000156511600743935,0.184714315320931,TRUE,NA
7849,0.000183127981499648,3.02064238036028e-05,FALSE,NA
7850,5.45929455692778e-05,0.00540222358249272,TRUE,NA
7851,0.000750893144466514,1.18126990759239e-06,FALSE,NA
7852,0.00134551871831482,0.00430539752161955,TRUE,NA
7853,0.00270571948931787,0.0624913943599302,TRUE,NA
7854,7.26647349824353e-08,1.89246930097497e-06,TRUE,NA
7855,0.00492039864862109,9.97340742639935e-05,FALSE,NA
7856,0.000208993963988949,0.0239998364676452,TRUE,NA
7857,0.100341022710695,1.0382925820352e-06,FALSE,NA
7858,0.0046669385129704,0.000187989306778939,FALSE,NA
7859,0.00134644712038935,0.00289614128081828,TRUE,NA
7860,0.00239550044900795,2.79540703478886e-06,FALSE,NA
7861,0.00727543199695935,2.01391379201963e-07,FALSE,NA
7862,0.00058539120697966,2.07441847221219e-06,FALSE,NA
7863,4.01334821754227e-05,0.0133750105479886,TRUE,NA
7864,0.0138381370684139,0.00460444146361347,FALSE,NA
7865,0.0023213750147832,1.03228766458345e-06,FALSE,NA
7866,0.062748828187139,0.000620048681242688,FALSE,NA
7867,0.00341956720116133,0.294237588016147,TRUE,NA
7868,5.47223394222548e-07,0.000458855738557492,TRUE,NA
7869,1.08422691615753e-05,1.0751256539936e-05,FALSE,NA
7870,0.00364918079953792,0.0461441565722385,TRUE,NA
7871,0.000194135068561682,0.025450182126537,TRUE,NA
7872,0.00161372922694277,0.00170745152987902,TRUE,NA
7873,2.23302802090165e-07,0.000387976406857222,TRUE,NA
7874,2.35476932448328e-05,4.11358627947573e-07,FALSE,NA
7875,7.53735664141394e-05,3.70429557648552e-05,FALSE,NA
7876,0.00800076131292329,2.36484923681498e-06,FALSE,NA
7877,5.05185798989368e-05,5.08948438949959e-12,FALSE,NA
7878,0.000790010216517125,9.23885307135882e-05,FALSE,NA
7879,0.0255098413405497,0.0126399741213422,FALSE,NA
7880,6.64731454324629e-07,0.00200027891378779,TRUE,NA
7881,1.7199178506032e-06,0.00273582347729768,TRUE,NA
7882,0.00139502804506246,0.203180146260351,TRUE,NA
7883,0.000289163743536883,0.0214148830011124,TRUE,NA
7884,0.000407907400633729,0.000566484156019921,TRUE,NA
7885,6.54769991204525e-05,1.15343001534352,TRUE,NA
7886,0.00145506129180447,1.58486036539165e-05,FALSE,NA
7887,5.91745917290925e-06,0.000142439624359713,TRUE,NA
7888,0.000269015663356454,0.00036017213950369,TRUE,NA
7889,0.00974421860731751,0.00143123405045395,FALSE,NA
7890,4.05826223003327e-06,6.49884907539462e-05,TRUE,NA
7891,0.0368709205137203,0.00526332431015531,FALSE,NA
7892,0.0541191478741225,7.12139138988007e-07,FALSE,NA
7893,1.07226198509033e-06,0.0146473044048842,TRUE,NA
7894,0.00129164299977137,2.14953825421384e-05,FALSE,NA
7895,6.90202784053343e-10,0.00101035802493221,TRUE,NA
7896,0.0671856778693712,0.000563794637656481,FALSE,NA
7897,0.0317006785534579,0.0791186048509715,TRUE,NA
7898,2.77574412057846e-05,0.00220215916775279,TRUE,NA
7899,0.0465586950866824,0.000777552292906692,FALSE,NA
7900,0.00359249128929058,0.00804168027095513,TRUE,NA
7901,2.68407077613765e-07,0.00462207527690813,TRUE,NA
7902,0.0318660591360509,0.0614189751434552,TRUE,NA
7903,0.00295878897722285,0.00602436787740859,TRUE,NA
7904,5.17634987306319e-06,2.3667169210586e-05,TRUE,NA
7905,0.00223550882296749,0.287257477390872,TRUE,NA
7906,0.00392167152251073,0.00157383103175504,FALSE,NA
7907,0.000940686612212101,0.00028523717932348,FALSE,NA
7908,0.0206978940972887,0.000226687654461089,FALSE,NA
7909,1.94889418111335e-05,0.000810222859120204,TRUE,NA
7910,2.37550312782069e-10,0.00805362033611426,TRUE,NA
7911,2.42007206978539e-05,0.00197015258709253,TRUE,NA
7912,0.000839836979109545,6.65997372779424e-08,FALSE,NA
7913,5.27333732237847e-12,2.22546377138247e-08,TRUE,NA
7914,1.2361667046639e-06,0.0325195156149042,TRUE,NA
7915,0.00806579166478876,1.86184965346898e-07,FALSE,NA
7916,2.91692858239751e-05,0.0449686810833104,TRUE,NA
7917,4.88347738406019e-06,1.5225224974543e-08,FALSE,NA
7918,5.43944021165443e-05,0.000934034463147841,TRUE,NA
7919,2.19609148655316e-06,2.33679603100839,TRUE,NA
7920,9.56510749214732e-06,1.41153491507523e-06,FALSE,NA
7921,1.28265613707035e-05,3.50303815428989e-08,FALSE,NA
7922,4.19622530878897e-05,0.000701304832879267,TRUE,NA
7923,8.74454606171587e-06,5.09997580119647e-05,TRUE,NA
7924,7.55524312635293e-09,0.000213535486214632,TRUE,NA
7925,2.26426535642185e-05,4.7607805125986e-06,FALSE,NA
7926,0.00314448999233657,1.31118885854188,TRUE,NA
7927,0.0687808827519368,0.000572791992195947,FALSE,NA
7928,5.61411361650375e-05,0.132546668052259,TRUE,NA
7929,0.00694130844194602,0.000106252847361426,FALSE,NA
7930,0.000871535827705671,0.00154770887888451,TRUE,NA
7931,4.71097983104358e-05,0.000501318578780901,TRUE,NA
7932,0.000183359667020536,0.000332493113912746,TRUE,NA
7933,1.12817506957066e-05,0.00435206925403678,TRUE,NA
7934,8.37723012906918e-07,3.28008936022086e-05,TRUE,NA
7935,0.000453230507077014,1.91240175194856e-06,FALSE,NA
7936,2.43339478608817e-05,1.18033747724644e-06,FALSE,NA
7937,9.21842384874065e-05,4.53472059366372e-05,FALSE,NA
7938,5.59588949848448e-06,2.16836226873813e-06,FALSE,NA
7939,4.21323832726973e-05,0.00012333904615149,TRUE,NA
7940,1.54722124121388e-09,0.0760169195246257,TRUE,NA
7941,0.0037154360303009,4.70355552023505e-05,FALSE,NA
7942,2.1291368670397e-10,1.02451263771483e-05,TRUE,NA
7943,0.00292473977122569,0.000137953063154887,FALSE,NA
7944,0.0104302036179445,0.000244136576782132,FALSE,NA
7945,0.000235996822421605,0.000144609331862915,FALSE,NA
7946,0.00541793803043352,6.27542569526878e-07,FALSE,NA
7947,0.000838239032335181,1.34734621282774e-05,FALSE,NA
7948,7.97633193601859e-06,0.0119833170846689,TRUE,NA
7949,0.000779727717108813,0.027354723758344,TRUE,NA
7950,1.32181272656637e-06,0.0011985746054893,TRUE,NA
7951,5.26392394468184e-06,1.25808822584669e-05,TRUE,NA
7952,5.70612027928776e-06,0.00529206912966984,TRUE,NA
7953,0.00352169330003885,9.45710793950087e-06,FALSE,NA
7954,3.78330293012223e-06,0.756121075340329,TRUE,NA
7955,0.00501611586729361,0.0172825560268865,TRUE,NA
7956,5.84766236878818e-07,2.83331627552406e-07,FALSE,NA
7957,0.00247397166590827,5.23789806368008e-08,FALSE,NA
7958,0.000262587780568091,0.00318221223603081,TRUE,NA
7959,9.73483280498674e-06,0.0105772802877285,TRUE,NA
7960,1.60476113686185e-08,0.000308061755341341,TRUE,NA
7961,4.46578955754512e-05,0.00750151214138662,TRUE,NA
7962,2.69228366561053e-08,0.00223757371962224,TRUE,NA
7963,1.54321292492082e-08,5.94390901237045e-05,TRUE,NA
7964,0.000210102616185753,0.434502738918926,TRUE,NA
7965,0.0230698105187749,4.36861017642325e-05,FALSE,NA
7966,0.001364497212314,0.00223325400326297,TRUE,NA
7967,6.67896130932572e-05,0.000543726545807425,TRUE,NA
7968,4.18812318246914e-10,2.31159232983445e-05,TRUE,NA
7969,0.00872185630990441,0.00361467820939728,FALSE,NA
7970,6.56641732564352e-08,2.11415653502422e-05,TRUE,NA
7971,0.00175124620897475,2.16986581651061e-06,FALSE,NA
7972,9.58429986813884e-07,0.999354530165147,TRUE,NA
7973,1.88521519253867e-05,0.00119644981310564,TRUE,NA
7974,0.000466774451794274,0.0147477602928644,TRUE,NA
7975,0.000790440353667465,2.58060326876229e-07,FALSE,NA
7976,0.000893332496320918,3.17764171036957e-09,FALSE,NA
7977,0.000470644080408214,0.000673450422684639,TRUE,NA
7978,0.00140031907860934,3.11109915655627e-10,FALSE,NA
7979,0.000100686260206897,0.111734212503456,TRUE,NA
7980,0.000276535312645503,0.00290982091654421,TRUE,NA
7981,4.39845493457467e-10,2.83520115830856e-07,TRUE,NA
7982,0.00105366419615405,0.000536836912889871,FALSE,NA
7983,2.42173444121312e-05,0.0384347976601924,TRUE,NA
7984,0.0054740283932112,7.2210835571428,TRUE,NA
7985,0.0154434172469821,0.00482738938588596,FALSE,NA
7986,0.000157977354600044,0.00114840313796588,TRUE,NA
7987,1.1528247344215e-05,0.000259252878178469,TRUE,NA
7988,0.000358113011525814,2.35871720550824e-07,FALSE,NA
7989,0.00112803014568787,0.000272889696179134,FALSE,NA
7990,0.00129062557536366,1.18837291824838e-08,FALSE,NA
7991,0.018022847484441,0.000644941159907054,FALSE,NA
7992,0.0111668339616586,1.74373881300234e-08,FALSE,NA
7993,0.00537636895507997,0.00231026044316826,FALSE,NA
7994,2.04971528995478e-07,0.000166409507565488,TRUE,NA
7995,1.90672481917557e-06,0.00109033203565055,TRUE,NA
7996,0.00142389579932749,1.18096440203825,TRUE,NA
7997,8.90060344355981e-05,0.0358438895026509,TRUE,NA
7998,0.000189276811855529,0.004886327901189,TRUE,NA
7999,0.000765379099550954,0.00142704689637757,TRUE,NA
8000,0.00995786529841225,3.41860475775772e-08,FALSE,NA
8001,5.28400539052429e-05,3.86351741626015e-07,FALSE,NA
8002,0.00814736379853319,0.000150863482383227,FALSE,NA
8003,1.56547717234394e-06,6.04135511697266e-07,FALSE,NA
8004,0.000144198291378817,2.93566572549187e-05,FALSE,NA
8005,0.00140781964309788,2.34052625069745e-06,FALSE,NA
8006,0.000108143485210975,0.0359799622351881,TRUE,NA
8007,2.84835748769371e-05,0.000159561189467895,TRUE,NA
8008,1.20236916676548e-06,0.000604359901839279,TRUE,NA
8009,0.00512731034755119,0.247704974680564,TRUE,NA
8010,0.00260159172944419,2.98311072359507e-05,FALSE,NA
8011,0.00032708967115886,8.23354783161425e-05,FALSE,NA
8012,6.49318938443086e-05,4.12785827410738e-05,FALSE,NA
8013,0.0234367192438306,0.00189640278068618,FALSE,NA
8014,1.44920853200708e-09,6.93776879907791e-06,TRUE,NA
8015,1.04003670314107e-06,0.000275791752595806,TRUE,NA
8016,8.04560736045429e-05,3.01676675947672e-06,FALSE,NA
8017,6.6311612819887e-06,0.00497569334324054,TRUE,NA
8018,0.00286949429904113,0.00158450260450701,FALSE,NA
8019,0.177099324289637,1.92920041503513e-06,FALSE,NA
8020,5.95283872150227e-08,1.15653771947033e-05,TRUE,NA
8021,1.52231167162747e-05,3.97520353605893e-05,TRUE,NA
8022,0.000349741247829146,0.427978755367913,TRUE,NA
8023,0.0145029204427692,0.00972706921046345,FALSE,NA
8024,2.28367722188952e-06,2.59257098998161e-05,TRUE,NA
8025,3.13333621965173e-05,0.000207746664708922,TRUE,NA
8026,3.02016745402413e-09,0.00570955117310873,TRUE,NA
8027,0.0570085424132234,0.0394746041719147,FALSE,NA
8028,1.3934513678804e-05,1.76776752167092e-06,FALSE,NA
8029,0.000182555343593758,7.39612095652527e-05,FALSE,NA
8030,0.00362747080561615,0.0185703132412026,TRUE,NA
8031,4.04289080808819e-09,0.0105185790969167,TRUE,NA
8032,0.00121393471269501,0.000217296944596568,FALSE,NA
8033,1.45783018682789e-05,0.00929495634027856,TRUE,NA
8034,7.67750443954955e-05,0.255368530564146,TRUE,NA
8035,5.3570165452776e-07,1.25303065375952e-08,FALSE,NA
8036,0.000295849812806092,0.745298273204128,TRUE,NA
8037,1.18686171779325e-05,0.00560182393810956,TRUE,NA
8038,0.0657224557409438,0.11484968169766,TRUE,NA
8039,0.0266045608304266,0.000786736090333809,FALSE,NA
8040,0.000254706539706935,0.00237787333057763,TRUE,NA
8041,4.87593384626991e-05,3.92133248106922e-06,FALSE,NA
8042,0.0182830637505672,5.35881615674135e-08,FALSE,NA
8043,7.64595996371272e-06,0.000353329658330027,TRUE,NA
8044,0.000163041992283044,7.9625079804484e-06,FALSE,NA
8045,4.04226887061351e-07,0.0114914471925862,TRUE,NA
8046,0.00121110515825861,0.277911332868735,TRUE,NA
8047,3.95317039145777e-08,3.64328471607015e-05,TRUE,NA
8048,8.31307803268418e-06,0.00237439499639384,TRUE,NA
8049,3.84409854126443e-06,0.011305112133045,TRUE,NA
8050,0.000249995242640771,5.87611794049706e-06,FALSE,NA
8051,0.0016666728352269,8.44173565754194e-05,FALSE,NA
8052,0.00685502944730455,0.00163916763349069,FALSE,NA
8053,0.00217101874520402,8.38819297875618,TRUE,NA
8054,0.003690278287126,3.1175312540099e-05,FALSE,NA
8055,5.15379950947109e-05,0.00135228269992914,TRUE,NA
8056,0.000102416455712531,2.28451393941588e-05,FALSE,NA
8057,0.0303435278308007,0.00248238465900584,FALSE,NA
8058,0.000246689090674768,8.56430750432949e-05,FALSE,NA
8059,9.42393071431041e-07,7.06162768198098e-05,TRUE,NA
8060,0.00238701671959578,1.52501489582596e-05,FALSE,NA
8061,1.75014367205031e-05,3.58541189048861e-05,TRUE,NA
8062,1.02365567546831e-06,0.00907621666196145,TRUE,NA
8063,1.35493708074973e-06,5.54741882322837e-05,TRUE,NA
8064,8.98359690173935e-05,1.09032914096882e-06,FALSE,NA
8065,0.000115323910593523,0.00209781415352202,TRUE,NA
8066,0.0144703723659452,3.82012038363797e-05,FALSE,NA
8067,0.00270565619885008,0.000335404842976781,FALSE,NA
8068,8.80776960897018e-06,1.68212399869541e-08,FALSE,NA
8069,0.000919732202528999,0.0010565464418876,TRUE,NA
8070,0.0710622073942271,0.000202376626870745,FALSE,NA
8071,2.16944989753045e-06,0.000499875090637247,TRUE,NA
8072,4.3729492862455e-07,2.61779172820904e-06,TRUE,NA
8073,0.000562825753616127,0.00048245310359155,FALSE,NA
8074,6.24468967832274e-06,0.00440318915019237,TRUE,NA
8075,0.0192995080637297,0.0946692193978712,TRUE,NA
8076,0.00535951230359871,1.45692512615034e-06,FALSE,NA
8077,5.96458012577405e-06,2.74128778132523e-06,FALSE,NA
8078,1.28788320610542e-05,0.000244488998360165,TRUE,NA
8079,0.0367520572192443,0.00104881018152076,FALSE,NA
8080,3.92384903609791e-05,0.00500460036831093,TRUE,NA
8081,1.1760177812188e-06,1.28471878222945,TRUE,NA
8082,5.63278873910456e-05,0.000127588043511568,TRUE,NA
8083,1.64084525092242e-08,4.14036664845916e-07,TRUE,NA
8084,1.97748972947789e-09,0.000124613300993275,TRUE,NA
8085,4.84805517987287e-05,0.000207402901046162,TRUE,NA
8086,5.32526814578571e-06,0.0265985074677059,TRUE,NA
8087,0.0459834044224747,0.000392272529218948,FALSE,NA
8088,0.00202177340739373,3.15609324529685,TRUE,NA
8089,0.000552150892799308,0.000423510843016025,FALSE,NA
8090,0.125438742251591,0.000774260930455354,FALSE,NA
8091,0.00657628222044722,0.000151643999753968,FALSE,NA
8092,0.000148463197275746,4.89867154810126e-07,FALSE,NA
8093,0.000625417150235383,2.61891762908749e-06,FALSE,NA
8094,9.92173232596124e-05,0.00156212966289371,TRUE,NA
8095,0.0134030282280185,0.000202402712940955,FALSE,NA
8096,0.00930330559493798,6.95114076354858e-06,FALSE,NA
8097,0.000796828795585539,4.56098686967773e-06,FALSE,NA
8098,0.00127406152960598,5.97068646586612e-05,FALSE,NA
8099,2.04030352221892e-07,2.75929570779833e-08,FALSE,NA
8100,0.00410732522737232,0.301683406575615,TRUE,NA
8101,1.453808639236e-07,4.18659194059748e-05,TRUE,NA
8102,3.6742056775466e-06,0.00135864873160191,TRUE,NA
8103,0.00114345875444766,5.86049503078288e-05,FALSE,NA
8104,1.19750677299418e-06,6.10806614201194e-07,FALSE,NA
8105,7.49831687367873e-05,0.00190583045259523,TRUE,NA
8106,8.68612231007628e-08,0.154385136555918,TRUE,NA
8107,0.000199578814162858,2.75480516982095e-06,FALSE,NA
8108,1.10486853061006e-09,2.467732456886e-06,TRUE,NA
8109,9.91742226333554e-06,0.000748130789023832,TRUE,NA
8110,6.06709606911193e-05,9.72541596433087e-09,FALSE,NA
8111,3.57413824126979e-07,1.87853151765851e-05,TRUE,NA
8112,0.000750691799920032,1.27735192128964e-08,FALSE,NA
8113,0.000881865361707904,0.00733610759932315,TRUE,NA
8114,0.000103076294025149,0.0012425103445098,TRUE,NA
8115,0.0307999697346446,0.00185348096218453,FALSE,NA
8116,7.33168170682532e-05,8.45128649976548e-06,FALSE,NA
8117,0.0336000517265815,0.0002784441529976,FALSE,NA
8118,2.43104011791196e-05,0.00372223800799521,TRUE,NA
8119,0.000186663386345258,0.00721430230378677,TRUE,NA
8120,0.0169235769802182,2.32240671408262e-09,FALSE,NA
8121,2.05016733622572e-07,0.00226663288627414,TRUE,NA
8122,1.45088032103362e-05,0.000137758024871046,TRUE,NA
8123,0.00020973775968211,0.00140453852591079,TRUE,NA
8124,0.00859921575128305,1.52046656422156e-08,FALSE,NA
8125,0.0139237283404487,0.00245481368842289,FALSE,NA
8126,0.016527412982269,0.000178334684641444,FALSE,NA
8127,1.92798332381427e-05,2.9691992317442e-06,FALSE,NA
8128,1.35832109752216e-06,4.01860148634783e-07,FALSE,NA
8129,0.00691145440543542,0.00247325722430169,FALSE,NA
8130,4.94025342318352e-07,0.317639424911886,TRUE,NA
8131,0.0421544675973411,2.42933265346268e-08,FALSE,NA
8132,7.22183784223186e-06,4.97186151350607e-06,FALSE,NA
8133,0.0164464457253707,0.000221746081346132,FALSE,NA
8134,0.00131823697186932,5.50292135280267e-07,FALSE,NA
8135,0.0142402575381909,1.5619251831364e-05,FALSE,NA
8136,6.10686422315021e-08,0.00326295385580465,TRUE,NA
8137,7.84455923151163e-07,0.000204597642759501,TRUE,NA
8138,3.21656618957274e-05,0.000403142131040607,TRUE,NA
8139,0.0273517243328576,5.43025622557005e-08,FALSE,NA
8140,0.000171122215200939,0.00061954977897726,TRUE,NA
8141,0.000824985265156555,0.868340910998997,TRUE,NA
8142,0.00112368425552557,0.00259669603796478,TRUE,NA
8143,0.000721413791943833,1.33753076566476e-07,FALSE,NA
8144,0.000414882872243073,0.00148579942194449,TRUE,NA
8145,8.33071426426562e-09,9.25433714738041e-08,TRUE,NA
8146,0.00167670361247282,0.00154056370625753,FALSE,NA
8147,8.03994920566565e-06,0.0285397781117659,TRUE,NA
8148,7.63639811171931e-05,0.305408878648442,TRUE,NA
8149,5.32005029091075e-05,1.23133086155108e-05,FALSE,NA
8150,3.94888256811331e-06,0.0633845628096457,TRUE,NA
8151,0.0126081935367424,0.00857219244595065,FALSE,NA
8152,2.50567367169057e-09,0.000452586466922435,TRUE,NA
8153,0.000311168910392721,0.212692600168108,TRUE,NA
8154,0.000128411652109352,0.0367928017705084,TRUE,NA
8155,2.74461680296667e-06,0.120982913718629,TRUE,NA
8156,0.000193534094667182,0.00525046301860898,TRUE,NA
8157,0.00510190504731934,0.0475548582381666,TRUE,NA
8158,7.76280485884848e-05,4.12116815336671e-05,FALSE,NA
8159,0.000157788044961925,0.0022653991682151,TRUE,NA
8160,5.88914561781981e-05,8.44951691676421e-06,FALSE,NA
8161,0.000673877733258708,0.0435106690528221,TRUE,NA
8162,0.00322413289617398,0.00268546368436077,FALSE,NA
8163,0.000173138863119508,0.00447829634221153,TRUE,NA
8164,0.0236685898494241,0.000796810274458878,FALSE,NA
8165,0.00444775646253659,1.10512400511187e-06,FALSE,NA
8166,0.01024420845327,1.99533051184967e-05,FALSE,NA
8167,0.000277505347611968,1.46268330791383e-10,FALSE,NA
8168,1.84852535116925e-05,0.000326323859407396,TRUE,NA
8169,2.50684989901829e-05,0.0878301548258897,TRUE,NA
8170,0.00136813890128423,0.0466723502065893,TRUE,NA
8171,1.87156230367327e-05,0.0301007263838694,TRUE,NA
8172,7.10020387474596e-05,0.0320533826907423,TRUE,NA
8173,0.00536007358121447,0.00217951502171684,FALSE,NA
8174,0.00294311410565459,0.00428438908240516,TRUE,NA
8175,8.129090416638e-05,0.00538451934905856,TRUE,NA
8176,2.56902181664724e-07,0.0023715572309043,TRUE,NA
8177,5.74758014265578e-07,0.000428790363106466,TRUE,NA
8178,0.00109111492956441,2.8094627312936e-05,FALSE,NA
8179,1.23874156040312e-05,7.08831107476146e-05,TRUE,NA
8180,2.9835309721181e-06,2.76030787281656e-05,TRUE,NA
8181,2.24454650433397e-06,1.2271416433965e-06,FALSE,NA
8182,0.00160042612995961,1.45410102627586e-05,FALSE,NA
8183,0.000209209869942692,0.00277978706865228,TRUE,NA
8184,0.00207625216449611,0.00521363898677462,TRUE,NA
8185,7.83791331771041e-05,3.22611201849794e-08,FALSE,NA
8186,0.0191563074759789,0.91361255290813,TRUE,NA
8187,6.63610152187093e-05,0.00038338998950036,TRUE,NA
8188,0.000436418207052937,6.74830510354363e-05,FALSE,NA
8189,0.000210426995403045,0.000204363991033242,FALSE,NA
8190,2.6247181926032e-05,0.021764881984122,TRUE,NA
8191,0.000339241450702137,0.144476094728319,TRUE,NA
8192,1.24642124564848e-05,0.321852783802575,TRUE,NA
8193,0.00597603410786742,1.70113658418471e-07,FALSE,NA
8194,1.81239830280947e-06,0.00515384613751314,TRUE,NA
8195,0.00791208036285729,0.029089134059646,TRUE,NA
8196,1.50057479820627e-07,0.000158437444373505,TRUE,NA
8197,0.000194833206327954,0.0167779565974581,TRUE,NA
8198,0.00186495566818877,1.83133240909765e-07,FALSE,NA
8199,4.07753243624909e-06,0.00208784258254818,TRUE,NA
8200,0.000944487764093251,0.0922629858877896,TRUE,NA
8201,2.46175606553993e-06,1.68474108828101e-06,FALSE,NA
8202,0.00176523393298204,6.82565502699596e-06,FALSE,NA
8203,1.60982338570777e-12,7.32447536134643e-08,TRUE,NA
8204,0.144197539403764,0.000274996254888412,FALSE,NA
8205,0.00919364969881692,0.248357070727369,TRUE,NA
8206,0.0053479277143223,1.31507568933024e-07,FALSE,NA
8207,0.00574010332618988,3.09323449732985e-07,FALSE,NA
8208,1.32840228105745e-05,0.0512642929015952,TRUE,NA
8209,0.00535641739542822,0.000191948951356262,FALSE,NA
8210,0.202067783334958,0.000738757555382918,FALSE,NA
8211,0.060792768292594,4.24351385284963e-05,FALSE,NA
8212,4.14078641833685e-05,1.77646487680062e-05,FALSE,NA
8213,1.79078912705762e-05,0.00126910011956648,TRUE,NA
8214,2.94677191579163e-06,2.09155015977606e-05,TRUE,NA
8215,0.00520220303225555,7.09518917400759e-06,FALSE,NA
8216,0.00046055853496804,0.000203620600097584,FALSE,NA
8217,0.0347290908491126,4.50223381812536e-09,FALSE,NA
8218,9.11429061174082e-05,6.67293210950096e-07,FALSE,NA
8219,0.00104977729842725,8.77090427838162e-05,FALSE,NA
8220,1.84657124829611e-06,4.72611895154185e-06,TRUE,NA
8221,1.40357949531731e-05,0.0562572215641043,TRUE,NA
8222,2.43366724181197e-08,2.14091338449404e-06,TRUE,NA
8223,4.77403711722181e-07,0.0155314106887161,TRUE,NA
8224,0.000211119277416431,8.55594426534131e-06,FALSE,NA
8225,0.00212316580461162,0.110852803180615,TRUE,NA
8226,1.77110918611835e-08,0.00583687426245834,TRUE,NA
8227,1.3395904031396e-08,0.00314836924980147,TRUE,NA
8228,0.00166630087384213,0.000656083996316706,FALSE,NA
8229,0.000279380109866055,9.38992685812241e-07,FALSE,NA
8230,8.94391259748479e-05,0.623711990372155,TRUE,NA
8231,2.92602999672206e-07,8.73262549437531e-06,TRUE,NA
8232,8.75643662415934e-06,0.0596345473096604,TRUE,NA
8233,6.59561280254547e-06,0.119820326462392,TRUE,NA
8234,7.90596116677552e-07,2.09060637823745,TRUE,NA
8235,8.70285135345288e-06,2.66455055784686,TRUE,NA
8236,8.07735989531801e-10,8.15700687097355e-05,TRUE,NA
8237,5.94839709028038e-06,2.58347917149982e-05,TRUE,NA
8238,8.64394144520472e-05,0.000900338511188838,TRUE,NA
8239,1.51923990799903e-05,0.00225190542286666,TRUE,NA
8240,0.0066604228916755,0.000218222656952118,FALSE,NA
8241,1.99279547350246e-05,5.76668522205054e-06,FALSE,NA
8242,1.06953675454901e-05,0.0199252638162978,TRUE,NA
8243,5.2042976730314e-09,0.0697867269513433,TRUE,NA
8244,6.19574075347165e-06,0.00118048656026254,TRUE,NA
8245,0.000225199290782856,0.0340277684524471,TRUE,NA
8246,8.35481115594187e-06,0.000145005813292104,TRUE,NA
8247,5.35291699842672e-05,2.44712416660401e-08,FALSE,NA
8248,0.0107158054083039,0.000120005643942406,FALSE,NA
8249,2.09489855090279e-07,4.56989919417977e-05,TRUE,NA
8250,0.00436704866324677,0.00033529477904012,FALSE,NA
8251,0.041267430210893,3.65964681451522e-09,FALSE,NA
8252,5.05205891885919e-05,0.0887214949195673,TRUE,NA
8253,9.54517138134568e-05,0.0351215953280974,TRUE,NA
8254,0.00144301258409331,0.0145604435002037,TRUE,NA
8255,0.0134356655256852,0.0141255248720397,TRUE,NA
8256,0.000297244083003572,0.000566536901921332,TRUE,NA
8257,3.44037596265446e-05,0.00342506679774551,TRUE,NA
8258,0.0103759703026821,0.133486449188889,TRUE,NA
8259,0.0343729707589673,0.0491467725786368,TRUE,NA
8260,0.000126593236384902,0.023882779797156,TRUE,NA
8261,4.6233880786912e-07,3.86904553588882e-09,FALSE,NA
8262,4.41832837581161e-05,0.000482953055364996,TRUE,NA
8263,0.00159819036130253,7.00323200512538,TRUE,NA
8264,0.000738141415013898,9.49546671411202e-06,FALSE,NA
8265,0.000535551605868519,6.10760605359461e-05,FALSE,NA
8266,6.99592748455733e-05,5.6403674989229e-08,FALSE,NA
8267,0.0603562809273122,1.15776374728357e-06,FALSE,NA
8268,9.91527767421251e-06,0.000258771079064361,TRUE,NA
8269,2.3419294977262e-06,2.66665169990907,TRUE,NA
8270,0.000336475800745465,0.000916034310120612,TRUE,NA
8271,7.36033577398032e-07,0.000178074464738482,TRUE,NA
8272,0.0100996598758492,6.01881176138229e-05,FALSE,NA
8273,0.0607286226618767,4.0406500831471e-05,FALSE,NA
8274,0.000329736028465291,0.00985449837287616,TRUE,NA
8275,0.0284152978940788,9.97824014755127e-06,FALSE,NA
8276,0.00112751261701664,0.0342979192847508,TRUE,NA
8277,0.00338207418706744,0.238861228437434,TRUE,NA
8278,0.0103744920424421,0.00037477431081091,FALSE,NA
8279,1.72962668465437e-06,1.65287453617111e-07,FALSE,NA
8280,0.00207704340079579,0.0314312411912288,TRUE,NA
8281,1.74156091466247e-05,0.732494058728944,TRUE,NA
8282,0.00566771879321594,0.0309345168419415,TRUE,NA
8283,0.00109180985376517,0.0174526052574637,TRUE,NA
8284,0.00793344763966878,2.00600441388084e-06,FALSE,NA
8285,1.52548786831798e-05,6.46773788791957e-08,FALSE,NA
8286,6.80710747275338e-06,0.0248756480352157,TRUE,NA
8287,0.000211892849503679,0.00417782796331128,TRUE,NA
8288,0.00292288020528829,0.18897053022529,TRUE,NA
8289,0.000389355186796166,0.273859794567387,TRUE,NA
8290,0.000201487939248561,2.44244824089732e-05,FALSE,NA
8291,4.90107954221976e-12,0.013879013384244,TRUE,NA
8292,0.000178451573370104,5.93065600784671e-05,FALSE,NA
8293,0.00087401045937765,7.52734834171785e-06,FALSE,NA
8294,7.34782026441625e-05,1.44629101755219e-06,FALSE,NA
8295,0.000107881252596526,0.00436955568052126,TRUE,NA
8296,2.97058256269392e-05,6.93694721166889e-05,TRUE,NA
8297,5.88870197734178e-08,0.0411485568017207,TRUE,NA
8298,1.49936061038482e-07,0.000162931797673205,TRUE,NA
8299,2.29899887131185e-07,4.22040393523395e-06,TRUE,NA
8300,1.59516295890018e-08,7.25416592018612e-05,TRUE,NA
8301,0.0300449497193313,2.99865612188451e-05,FALSE,NA
8302,3.82988454133567e-05,0.0163422398140085,TRUE,NA
8303,1.00521487190412e-07,1.1689365008766,TRUE,NA
8304,0.00716092300937531,1.61610596011034e-06,FALSE,NA
8305,1.55660067631213e-05,7.45004055980068e-05,TRUE,NA
8306,0.000170593469122396,0.00140981435303345,TRUE,NA
8307,0.000161284416158923,0.00315454140718866,TRUE,NA
8308,6.29449668997862e-05,0.0460518875914915,TRUE,NA
8309,0.000261447320316509,7.74627694237486e-08,FALSE,NA
8310,0.000418834834014239,4.17159020774374e-06,FALSE,NA
8311,3.83558926061689e-05,0.00141639035779121,TRUE,NA
8312,0.0046779053092213,4.2683025995822,TRUE,NA
8313,6.14029051713149e-09,0.00520159163684685,TRUE,NA
8314,2.40086862363029e-06,0.000231292731564041,TRUE,NA
8315,4.13492636464154e-08,3.37642479679949e-08,FALSE,NA
8316,0.0539598588765908,0.036041639933432,FALSE,NA
8317,0.00148449373681124,2.48782912742879e-05,FALSE,NA
8318,0.00491151297951739,2.37259210185278e-06,FALSE,NA
8319,0.00156920396055224,0.0002092540412118,FALSE,NA
8320,3.62000653587745e-06,8.74893084032131e-09,FALSE,NA
8321,0.00430628179888654,0.0130488495309628,TRUE,NA
8322,0.0203336273106181,7.7786032538611e-06,FALSE,NA
8323,2.03653230588813e-07,7.03247640352434e-05,TRUE,NA
8324,0.00018492777185877,0.000222365949520856,TRUE,NA
8325,0.000253849140041499,7.64440935420779e-06,FALSE,NA
8326,4.80334347175708e-08,0.130543520473468,TRUE,NA
8327,0.000115515913257446,1.46877795761062e-05,FALSE,NA
8328,0.0692659639936483,0.0236150314210228,FALSE,NA
8329,2.6445758599638e-08,4.86182715388502e-05,TRUE,NA
8330,0.0222288528710825,8.35598257257369e-12,FALSE,NA
8331,2.27835511320847e-06,0.028574365523065,TRUE,NA
8332,0.00024011881324502,0.0164005185824328,TRUE,NA
8333,0.000122768589063838,4.66883997081304e-06,FALSE,NA
8334,0.00453882913305857,0.000646226296561713,FALSE,NA
8335,0.0245321073645566,6.06965913214639e-07,FALSE,NA
8336,5.17232968265458e-05,0.0192964973660077,TRUE,NA
8337,0.0266090120164007,2.87597328754587e-06,FALSE,NA
8338,0.00347672247491162,0.0016957533484205,FALSE,NA
8339,8.22367162563682e-05,0.00956499226328572,TRUE,NA
8340,8.94611244679663e-07,0.000112210482509689,TRUE,NA
8341,0.00034489401081172,0.00276836700203437,TRUE,NA
8342,2.63948114597442e-06,8.51725293923381e-09,FALSE,NA
8343,0.00125480392846346,0.00232942595340107,TRUE,NA
8344,0.0355758586613072,4.35992365384148e-09,FALSE,NA
8345,0.00103033963187483,1.05208765754359e-05,FALSE,NA
8346,0.00161809395965469,0.00104256038711328,FALSE,NA
8347,0.0007619217720405,0.2050929449772,TRUE,NA
8348,0.000597691032423493,0.000817829639244136,TRUE,NA
8349,0.00437831891033723,0.0479332924589854,TRUE,NA
8350,0.00794442137105202,1.06031267591833e-05,FALSE,NA
8351,0.00011453911281469,0.0517627735007892,TRUE,NA
8352,2.26262785645972e-05,3.3970359864185e-10,FALSE,NA
8353,0.00329843546582346,0.000319335219952046,FALSE,NA
8354,0.000241086746662828,4.4275286601902e-07,FALSE,NA
8355,0.00269187749978193,7.74295325150354e-05,FALSE,NA
8356,0.0231766819725564,5.23552047531591e-09,FALSE,NA
8357,0.000254995309453438,2.28604200942235e-07,FALSE,NA
8358,8.77258695052788e-05,3.52468344061439e-08,FALSE,NA
8359,1.50545488108199e-06,6.61090354557485e-05,TRUE,NA
8360,8.32913403869674e-06,1.43159483071416e-08,FALSE,NA
8361,2.65103687178437e-05,5.89595571081778e-05,TRUE,NA
8362,0.0604962069152889,2.58497406567013e-05,FALSE,NA
8363,0.0237034795225546,6.52472598528496e-06,FALSE,NA
8364,0.00142767695742952,0.125613810198457,TRUE,NA
8365,1.41261392568686e-07,0.00013194151942495,TRUE,NA
8366,1.11623821303488e-10,3.26789188592151e-07,TRUE,NA
8367,0.156793409088568,2.5104598630344e-05,FALSE,NA
8368,6.02001360091163e-06,3.31314975460177e-11,FALSE,NA
8369,1.70737435446806e-09,2.99603883027906e-05,TRUE,NA
8370,1.04490262128472e-07,0.00505407211148669,TRUE,NA
8371,6.24421582652999e-05,0.00162580963560773,TRUE,NA
8372,1.13117507778543e-06,0.0002545638755698,TRUE,NA
8373,0.00930990842877997,0.267826780161025,TRUE,NA
8374,1.88708071569428e-09,0.0138726292455807,TRUE,NA
8375,7.2749698482454e-07,0.00101301158633118,TRUE,NA
8376,3.13670512797679e-07,6.25511860061352e-06,TRUE,NA
8377,1.19938591076817e-05,0.0529738980321079,TRUE,NA
8378,0.000226547816712017,8.59780433762779e-05,FALSE,NA
8379,2.97674967736702e-06,4.49291316934154e-05,TRUE,NA
8380,5.29846244072925e-05,0.000135027863862403,TRUE,NA
8381,3.09578434350084e-08,2.29264719574991e-06,TRUE,NA
8382,0.0059810848959233,0.000564942279640861,FALSE,NA
8383,5.12901113568225e-05,1.20407710734194e-05,FALSE,NA
8384,0.00010371136945507,3.25765283455438e-05,FALSE,NA
8385,5.5260026609071e-05,0.00781461771491623,TRUE,NA
8386,1.97252094644374e-06,0.00144389691008236,TRUE,NA
8387,0.00113047680234954,9.2341233439427e-07,FALSE,NA
8388,0.00040486521964767,0.355235663470457,TRUE,NA
8389,0.000361722837667154,0.0107652619419713,TRUE,NA
8390,4.43113968722521e-09,0.0146366123144111,TRUE,NA
8391,0.00187573401709021,0.149896124247616,TRUE,NA
8392,2.53369855775436e-07,9.66166074177243e-05,TRUE,NA
8393,4.61629270967752e-06,0.0015533051933424,TRUE,NA
8394,0.000397555037065009,0.209127077362761,TRUE,NA
8395,0.0101157990584513,0.0351831015486849,TRUE,NA
8396,0.000126811457616493,1.90724648832235e-07,FALSE,NA
8397,0.0014443748018435,1.3069558136863,TRUE,NA
8398,0.0159078903037976,5.5819862723368e-05,FALSE,NA
8399,2.69154769945162e-07,0.00515374110042464,TRUE,NA
8400,1.60111896678089e-06,3.3350597903091e-06,TRUE,NA
8401,0.000355827932352003,1.74098678719973,TRUE,NA
8402,0.00140556330550938,0.0024470920454467,TRUE,NA
8403,1.01762166571554e-05,5.67832120225186e-07,FALSE,NA
8404,0.119396170068004,0.110679667858965,FALSE,NA
8405,0.000499993416612552,0.000889362997786324,TRUE,NA
8406,0.000790371487936559,0.000527743407812827,FALSE,NA
8407,7.70354838347028e-05,6.98983369009723e-05,FALSE,NA
8408,0.00563232547844002,0.109554593031348,TRUE,NA
8409,0.0174668926618891,9.0533034520223e-05,FALSE,NA
8410,0.0223792262084166,0.0149062370299199,FALSE,NA
8411,0.000469167716668639,2.73369693650337,TRUE,NA
8412,0.000113540943635133,0.000914157099668786,TRUE,NA
8413,0.00261011083966695,0.0222279121039016,TRUE,NA
8414,5.77444168335709e-07,0.00182080157864577,TRUE,NA
8415,0.00116294190721301,0.0105428754946775,TRUE,NA
8416,0.000198346061137872,2.58277484240785e-05,FALSE,NA
8417,0.000998349875169697,0.000192834210280191,FALSE,NA
8418,2.73494671150177e-06,6.62294663577872e-11,FALSE,NA
8419,0.0664986908043835,2.04597573607737e-07,FALSE,NA
8420,0.0849037605455689,0.000719157598923512,FALSE,NA
8421,0.00202652563171981,9.8047444976539e-06,FALSE,NA
8422,0.00138149039371937,1.08705416862522,TRUE,NA
8423,3.76868534522176e-05,7.66493988154338e-06,FALSE,NA
8424,0.000103615214317892,2.90080417512674e-05,FALSE,NA
8425,0.00144112306451236,1.57929569493785e-05,FALSE,NA
8426,0.000101181433657579,8.7262508903043e-05,FALSE,NA
8427,0.00429038671958576,2.14307529922023e-06,FALSE,NA
8428,0.00127858818512018,3.11876087217744e-05,FALSE,NA
8429,0.000110153838098335,2.68956909539929e-05,FALSE,NA
8430,8.89864875588073e-07,5.06184285198592e-05,TRUE,NA
8431,5.79425995095458e-08,5.43171379649738e-06,TRUE,NA
8432,1.88867609845797e-07,1.43778432373625e-05,TRUE,NA
8433,0.000179054535530431,0.00277227444093633,TRUE,NA
8434,0.000697610512801665,0.0188899042539388,TRUE,NA
8435,0.0224187654699502,0.000162707908111349,FALSE,NA
8436,0.00164328889540479,2.30035232932339e-06,FALSE,NA
8437,0.0024759276345374,0.000976077197484625,FALSE,NA
8438,0.0004409647258656,0.00106283145670564,TRUE,NA
8439,1.64395938844573e-06,4.00661053321913e-05,TRUE,NA
8440,2.60353143518675e-07,0.0180881913428457,TRUE,NA
8441,0.000522418031466196,1.30361203059352e-06,FALSE,NA
8442,0.0228688708763261,0.0218145011120053,FALSE,NA
8443,0.00652189850748638,0.213197389220027,TRUE,NA
8444,0.00142455159195833,1.58123387864993e-06,FALSE,NA
8445,0.00247026712136635,0.015714259087501,TRUE,NA
8446,2.24121832133071e-05,5.63401270187297e-05,TRUE,NA
8447,2.60945570994544e-05,6.16675599493107e-11,FALSE,NA
8448,2.09273054578416e-07,0.00201136041482138,TRUE,NA
8449,0.0253082184019636,0.000811272819016509,FALSE,NA
8450,0.00567658033161365,0.0158345239658808,TRUE,NA
8451,8.22300228247611e-10,0.0162815616707496,TRUE,NA
8452,1.42198297147842e-05,5.43082077400873e-08,FALSE,NA
8453,0.000241099668326009,0.0010469156508409,TRUE,NA
8454,8.86380215596901e-07,0.0015470644246356,TRUE,NA
8455,0.00262517337710637,4.23574681624125e-05,FALSE,NA
8456,3.24482453926004e-07,0.000555549930304995,TRUE,NA
8457,7.85118786880084e-05,0.029835231266326,TRUE,NA
8458,0.0356848827634108,7.96846811075239e-10,FALSE,NA
8459,0.000911747456070818,0.000176910620107841,FALSE,NA
8460,0.00575276071102822,8.76481033766204e-05,FALSE,NA
8461,0.00780632519262061,0.00268341881284127,FALSE,NA
8462,0.000256889109821841,0.119894806196124,TRUE,NA
8463,0.000114912761203577,2.76679883754842e-07,FALSE,NA
8464,0.00831302811118153,5.99830627496289e-05,FALSE,NA
8465,3.02185828832335e-07,4.33336045763884e-09,FALSE,NA
8466,0.00538488689419483,0.00523197255332159,FALSE,NA
8467,0.00310853808533674,0.000354191992014389,FALSE,NA
8468,2.32264199312896e-07,0.000293084777949451,TRUE,NA
8469,2.46803584703039e-05,0.0276865242119731,TRUE,NA
8470,0.00015672159140477,5.78802745829362e-08,FALSE,NA
8471,0.00039123253603348,0.00205566097203869,TRUE,NA
8472,1.65459764731242e-05,0.000387468971723427,TRUE,NA
8473,0.00014289778055009,1.63006335091448e-06,FALSE,NA
8474,0.0178174643703713,3.34915386958607e-05,FALSE,NA
8475,0.000116101196569035,2.98944426342656e-06,FALSE,NA
8476,0.000251271306546447,0.000807500245384362,TRUE,NA
8477,0.00126667121315613,0.000879518064963276,FALSE,NA
8478,1.09535491793937e-10,6.8896323258709e-06,TRUE,NA
8479,0.00497307699284853,8.0237377626472e-05,FALSE,NA
8480,1.04871711370004e-09,0.00200625768566753,TRUE,NA
8481,0.000800171577186023,0.19115062905851,TRUE,NA
8482,2.49369055625795e-05,0.000304212193862917,TRUE,NA
8483,0.000231709474504313,0.369978115173217,TRUE,NA
8484,3.31167338545233e-09,0.000209247807627084,TRUE,NA
8485,1.33226762955019e-15,1.44311915325429e-05,TRUE,NA
8486,1.48198949213833e-07,0.0800156504416425,TRUE,NA
8487,4.92892560085054e-06,0.0142419736811565,TRUE,NA
8488,1.48607402825814e-06,3.4238529901919e-06,TRUE,NA
8489,0.0191334484906957,6.29230564665439e-07,FALSE,NA
8490,0.0129209061159005,3.40216212122258e-07,FALSE,NA
8491,0.0127622228523586,0.000200461707230936,FALSE,NA
8492,0.00844486006539918,4.44991428058993e-08,FALSE,NA
8493,0.152225182881641,0.564349214336694,TRUE,NA
8494,0.000603692642830769,0.000260350414517607,FALSE,NA
8495,0.000108296030729165,0.000133030906475832,TRUE,NA
8496,1.21174515847722e-05,1.69416551767498e-06,FALSE,NA
8497,0.00447978312216413,3.9205952111666e-05,FALSE,NA
8498,3.44821883767336e-07,0.000915684113425487,TRUE,NA
8499,0.0108816987559553,0.00359015373794272,FALSE,NA
8500,1.74521113357352e-07,0.0258070380414648,TRUE,NA
8501,0.000157305094840919,3.67728552915682e-05,FALSE,NA
8502,0.00279320099718493,2.07678985335849e-09,FALSE,NA
8503,5.12135169286019e-05,7.21157385388004e-08,FALSE,NA
8504,0.000114677261302488,0.000209428584476714,TRUE,NA
8505,0.0550162395810121,0.000563149286413004,FALSE,NA
8506,0.000165789364344216,0.00235999635965246,TRUE,NA
8507,4.43999261225795e-07,0.00368878472859921,TRUE,NA
8508,5.79961019853913e-07,0.313027125908644,TRUE,NA
8509,6.53202006555289e-05,0.00515458328104613,TRUE,NA
8510,0.00294166896158332,0.000487555319916605,FALSE,NA
8511,9.49100274239247e-07,0.000224605935539487,TRUE,NA
8512,0.0247319946776472,0.0040919469283236,FALSE,NA
8513,0.00483035790595409,0.00261514783323649,FALSE,NA
8514,0.000511144225388974,7.89113020970052e-07,FALSE,NA
8515,8.52264280937171e-05,0.141055669915545,TRUE,NA
8516,7.87977561458672e-07,0.00280275340733126,TRUE,NA
8517,4.23016186324856e-05,0.000464066616607113,TRUE,NA
8518,0.0207774541699748,6.88337276303779e-10,FALSE,NA
8519,8.10054985106347e-06,4.54920610426872e-08,FALSE,NA
8520,1.80899090737839e-05,0.0001332328106176,TRUE,NA
8521,0.00110318676832265,0.396159476825222,TRUE,NA
8522,0.00924838693661535,0.000461917088858931,FALSE,NA
8523,0.000498960851345519,5.78301412232123e-06,FALSE,NA
8524,9.17360750585322e-08,0.00431909073004136,TRUE,NA
8525,8.13067569408883e-07,0.00251047418701278,TRUE,NA
8526,0.00244211920459356,1.02921111822588e-07,FALSE,NA
8527,0.068104717089479,0.0140750376361143,FALSE,NA
8528,0.00225660810124231,0.000772838345239486,FALSE,NA
8529,3.16310224079387e-07,0.0357140391663784,TRUE,NA
8530,1.47767701019043e-05,7.1088719328862e-08,FALSE,NA
8531,0.000113826965646815,2.09008925615345e-05,FALSE,NA
8532,1.18472982903809e-06,0.00022954074959286,TRUE,NA
8533,0.00206663610270881,0.0313550097139991,TRUE,NA
8534,1.03354633530313e-07,5.64990577058096e-07,TRUE,NA
8535,0.00148375939938033,0.00112959799418283,FALSE,NA
8536,3.85694939312258e-05,9.72767703740248e-08,FALSE,NA
8537,1.88131168496272e-06,1.50490756695239e-06,FALSE,NA
8538,0.000238968479835261,0.0022364029513796,TRUE,NA
8539,0.00666630709974719,0.0034025871071947,FALSE,NA
8540,2.03262185646095e-07,0.00209469525463879,TRUE,NA
8541,0.197395473889318,1.02761194151067e-06,FALSE,NA
8542,6.38306474266446e-06,3.01057855002265e-05,TRUE,NA
8543,0.0201590626523001,6.54235802506907e-08,FALSE,NA
8544,0.0140814796386304,8.57279401430122e-05,FALSE,NA
8545,7.46105813250782e-09,0.000698115812249669,TRUE,NA
8546,0.0547447633487846,1.68901229166906e-07,FALSE,NA
8547,1.35669253609203e-13,8.24317232871583e-05,TRUE,NA
8548,2.99902359417677e-05,0.000245565875098236,TRUE,NA
8549,6.28619092090833e-09,2.72781652393251e-05,TRUE,NA
8550,0.0246985174107365,0.0247072406517379,TRUE,NA
8551,6.41263235312146e-08,0.000479140788717476,TRUE,NA
8552,0.000343428093537163,7.79824605736766e-05,FALSE,NA
8553,0.000156343445044519,0.000833785293967333,TRUE,NA
8554,8.79284913554026e-05,1.1791636211136e-05,FALSE,NA
8555,0.005830990042387,0.00429893478900376,FALSE,NA
8556,0.000785750804208835,9.1780728447255e-07,FALSE,NA
8557,0.00024085115993827,6.2805692371215e-05,FALSE,NA
8558,5.1298336821174e-09,0.0378733745844365,TRUE,NA
8559,0.0149362033064229,6.26625618331677e-05,FALSE,NA
8560,2.10063367959494e-05,0.000495514660997277,TRUE,NA
8561,3.94704605391631e-06,3.18843934439514e-05,TRUE,NA
8562,0.0015474958490505,4.15644693974528e-08,FALSE,NA
8563,0.000526053975209123,0.00365292842706085,TRUE,NA
8564,0.000704181094426775,3.71939266308437e-08,FALSE,NA
8565,0.000151014762048249,0.0652145939881548,TRUE,NA
8566,4.62883843438342e-09,0.00377986595505348,TRUE,NA
8567,0.000319126178943625,0.000302101270940242,FALSE,NA
8568,4.92540696067612e-06,2.5316784953472e-07,FALSE,NA
8569,0.000657885862197005,0.0143189436233032,TRUE,NA
8570,3.98329136616149e-05,0.127867588739069,TRUE,NA
8571,0.000950353540320432,4.89181442883175e-08,FALSE,NA
8572,3.25172111512306e-10,0.000598387489254004,TRUE,NA
8573,1.28350055151974e-06,7.86674503626359e-10,FALSE,NA
8574,0.0146489990068792,1.84869362952932e-05,FALSE,NA
8575,0.021135871683365,0.230429917313837,TRUE,NA
8576,5.35384950694857e-07,0.00016868528899476,TRUE,NA
8577,0.00207019311943107,5.01028230236731e-05,FALSE,NA
8578,9.64884779608042e-06,0.000177594541030593,TRUE,NA
8579,2.51573530967322e-05,0.131277806224004,TRUE,NA
8580,1.40842491898159e-06,0.044073343300849,TRUE,NA
8581,0.000467864380290933,1.32891156138663e-07,FALSE,NA
8582,0.00589964339496755,0.00333726266144889,FALSE,NA
8583,0.000448381168557199,0.000222519228778345,FALSE,NA
8584,6.96334100098315e-06,0.00234169692522273,TRUE,NA
8585,0.000723828955026502,0.000111107556446271,FALSE,NA
8586,0.00648439482481635,0.010997888634045,TRUE,NA
8587,0.084945099260848,0.0210063593396215,FALSE,NA
8588,0.00027160418509115,2.3722714168835e-05,FALSE,NA
8589,0.000107336230181505,0.0478906636599052,TRUE,NA
8590,3.95163511339023e-05,0.0790678815952527,TRUE,NA
8591,3.30303263866057e-06,0.000527255666664889,TRUE,NA
8592,6.56059542179413e-09,0.00129641230675947,TRUE,NA
8593,0.0611707226982743,0.123866050154033,TRUE,NA
8594,7.75719533496635e-07,0.235677199327596,TRUE,NA
8595,8.85173505081566e-09,9.5612573877229e-08,TRUE,NA
8596,0.000857138693349375,0.000315062436798794,FALSE,NA
8597,0.00013400000731665,1.08810472067382e-06,FALSE,NA
8598,0.00764726422714897,1.88242118176896e-06,FALSE,NA
8599,3.84838180083749e-05,0.000225778036762875,TRUE,NA
8600,0.0282599176545894,0.150578799774692,TRUE,NA
8601,0.00107969363873259,0.00372289444826469,TRUE,NA
8602,5.79282809457743e-05,0.0018892949437753,TRUE,NA
8603,0.00379440110775685,2.28622010473461e-09,FALSE,NA
8604,1.36767058149895e-07,0.000383228293038383,TRUE,NA
8605,0.000143485298420522,0.00107893552149585,TRUE,NA
8606,0.00401109432132626,6.35583121488038e-09,FALSE,NA
8607,0.0105979269327544,0.000961737283757972,FALSE,NA
8608,0.00107698610479848,0.427236103939197,TRUE,NA
8609,1.18054218387769e-05,0.000217760740430999,TRUE,NA
8610,1.18673604324171e-07,0.166219616018383,TRUE,NA
8611,3.02569769291792e-06,2.88298146291681,TRUE,NA
8612,0.0400929141273679,1.40342254320718e-06,FALSE,NA
8613,0.081009650932332,0.0939995300469092,TRUE,NA
8614,0.000145745282897069,0.00923992934718369,TRUE,NA
8615,0.00499837524647463,0.00135239551817937,FALSE,NA
8616,0.000531501971989784,0.000174142336394258,FALSE,NA
8617,0.000316265389511662,1.24275703134549e-06,FALSE,NA
8618,0.0286489742161063,2.66071105733177e-06,FALSE,NA
8619,0.000253529506973641,6.69947092215664e-06,FALSE,NA
8620,1.68869258291111e-07,2.8990488401282e-05,TRUE,NA
8621,4.09527616877088e-08,0.803476816221697,TRUE,NA
8622,1.31856702256842e-07,0.000118063992960447,TRUE,NA
8623,2.37347062152954e-06,0.00346256701381799,TRUE,NA
8624,5.98023392393045e-06,0.000202637285555898,TRUE,NA
8625,0.00112372051522362,8.6036511285733e-10,FALSE,NA
8626,0.0611288609908894,2.31900084048864e-08,FALSE,NA
8627,0.000425587269033213,0.0241359832540396,TRUE,NA
8628,0.000116676926866546,3.5012148148205e-07,FALSE,NA
8629,0.000174680141206769,2.35279057159399e-07,FALSE,NA
8630,0.000700079821352039,0.000207575949924195,FALSE,NA
8631,0.00673954517321323,0.0780142125225489,TRUE,NA
8632,0.0218765056504951,6.31855317641996e-05,FALSE,NA
8633,0.0106745975510443,9.37319511403692e-05,FALSE,NA
8634,0.0690657492342632,2.42301334778695e-05,FALSE,NA
8635,0.000191119783173349,0.0115118699254399,TRUE,NA
8636,9.8563082920793e-06,1.31814690962925e-06,FALSE,NA
8637,0.000290429755386858,0.00155817731856154,TRUE,NA
8638,4.08372572097905e-07,8.70073383895942e-06,TRUE,NA
8639,8.40447903695118e-09,6.09294381616415e-06,TRUE,NA
8640,0.000299371154515215,0.00128516173361632,TRUE,NA
8641,0.0474622868255677,0.000174566453629216,FALSE,NA
8642,4.33482583255957e-10,2.83159348869412e-08,TRUE,NA
8643,5.63753156858441e-09,0.00405606207928156,TRUE,NA
8644,0.0839041510029103,0.000183539558058467,FALSE,NA
8645,0.000398873726516955,1.11384457284065e-06,FALSE,NA
8646,0.00409675704023406,0.00188480405672372,FALSE,NA
8647,0.000793375078565959,5.14196720507313e-07,FALSE,NA
8648,0.0098278685960432,3.59471370786273e-05,FALSE,NA
8649,8.17809487692308e-07,0.0706934408596813,TRUE,NA
8650,0.000152219545478363,0.116956752954137,TRUE,NA
8651,1.21744506559453e-07,6.78800230149658e-07,TRUE,NA
8652,0.00705027581095393,0.00053637014865405,FALSE,NA
8653,0.00311198294683712,0.00806439685494147,TRUE,NA
8654,0.00218501138393218,1.51605322130822e-07,FALSE,NA
8655,0.00035560184598396,0.00114421489891513,TRUE,NA
8656,1.08775084935628e-06,6.5760263922549e-10,FALSE,NA
8657,0.0100443584018523,0.0129329877255118,TRUE,NA
8658,0.014077005100982,9.05824016651001e-05,FALSE,NA
8659,0.000586725232086352,0.000168910266822943,FALSE,NA
8660,2.63075168102422e-06,1.8027110541624e-07,FALSE,NA
8661,0.000212276503213117,0.00107450481877839,TRUE,NA
8662,2.47663528310386e-08,0.57830547360846,TRUE,NA
8663,4.42068057636019e-05,6.60365375486664e-07,FALSE,NA
8664,0.0267916335840404,6.80980411792404e-06,FALSE,NA
8665,0.0168968582819508,0.00206055167039317,FALSE,NA
8666,0.000268567035082171,5.87804040109554e-05,FALSE,NA
8667,8.3480795039978e-06,3.63460039686462e-06,FALSE,NA
8668,0.00013583517061268,3.19837078607267e-08,FALSE,NA
8669,7.75303303678529e-07,5.48491692606489e-07,FALSE,NA
8670,2.05060878353336e-05,3.32015164338855e-06,FALSE,NA
8671,1.14025005166158e-07,4.73735810771255e-07,TRUE,NA
8672,0.00164509407035393,0.00493358826085658,TRUE,NA
8673,0.00324361239564802,0.0508614205750335,TRUE,NA
8674,0.00184218168021524,0.0247172350978773,TRUE,NA
8675,6.54128584284581e-05,0.188252968988976,TRUE,NA
8676,7.69300384392959e-05,0.0053417772925595,TRUE,NA
8677,0.0220423014263135,0.00808291969562403,FALSE,NA
8678,0.00137928590920974,0.112767996586885,TRUE,NA
8679,0.000514792644866502,6.72352966401012e-07,FALSE,NA
8680,0.000159372089430292,1.7461094695805e-07,FALSE,NA
8681,1.50322106580835e-06,0.000410633271745479,TRUE,NA
8682,0.000108266655724599,0.0117307171967629,TRUE,NA
8683,0.00250918789338982,0.000308320657167774,FALSE,NA
8684,4.05510796075812e-05,0.00940482762879192,TRUE,NA
8685,0.00200684053545804,3.37599232036153e-05,FALSE,NA
8686,0.00934752137977421,0.000400717321678289,FALSE,NA
8687,0.000130845359594427,4.63006272595008e-07,FALSE,NA
8688,0.0367025914110222,2.26314235457857,TRUE,NA
8689,0.000131443801885019,1.93420852575429e-06,FALSE,NA
8690,7.85265324333016e-07,0.0276627796647993,TRUE,NA
8691,0.00335440737652118,0.000265121924848695,FALSE,NA
8692,0.000596044477359016,4.41795581758503e-06,FALSE,NA
8693,3.76843852507083e-05,0.000271957779281058,TRUE,NA
8694,1.76996973442605e-06,6.51841437069981e-05,TRUE,NA
8695,0.000165645370771695,0.984147914793539,TRUE,NA
8696,3.31861817860584e-06,0.0956607638147636,TRUE,NA
8697,0.000968580708387381,0.00292360020817637,TRUE,NA
8698,1.25028163101151e-05,8.55397358449135e-08,FALSE,NA
8699,0.000857515593099061,0.000114985070394135,FALSE,NA
8700,1.39349102521088e-05,2.00553253073437e-06,FALSE,NA
8701,1.36119449054944e-10,1.42149095418411e-05,TRUE,NA
8702,1.35524966612596e-08,0.00012396559437678,TRUE,NA
8703,0.0265601697110584,1.26084753632558e-06,FALSE,NA
8704,0.00452680422346643,2.94487598863001e-05,FALSE,NA
8705,0.000448114391332529,2.31995102748443,TRUE,NA
8706,1.52192491755228e-07,0.0084957746791554,TRUE,NA
8707,7.38592719737936e-05,0.00101938318924108,TRUE,NA
8708,1.85822312769193e-06,0.000228536350589369,TRUE,NA
8709,2.54894955592051e-05,0.00624548345755736,TRUE,NA
8710,1.90980604816227e-05,0.0296500991787791,TRUE,NA
8711,4.70051222812247e-06,0.178521488481019,TRUE,NA
8712,0.00101782304117798,1.05271873249373e-05,FALSE,NA
8713,9.78661596207554e-13,1.0692550228452e-07,TRUE,NA
8714,0.122802978189086,1.20955943809005e-05,FALSE,NA
8715,0.000154584665539042,0.0233722011648915,TRUE,NA
8716,0.00148424139377987,0.000351633282432465,FALSE,NA
8717,0.00425446261549783,6.05507947684094e-08,FALSE,NA
8718,0.000328925453856727,0.000997804506590258,TRUE,NA
8719,5.68494140667569e-11,1.27182849184048e-05,TRUE,NA
8720,0.0326811885071859,6.4577335360372e-05,FALSE,NA
8721,0.000167814117301245,0.00362707989991528,TRUE,NA
8722,0.00444605804143696,0.00133970988168614,FALSE,NA
8723,0.000422916087649764,4.19511494349356e-08,FALSE,NA
8724,0.00102378387096339,0.551734804956348,TRUE,NA
8725,0.00792618253565077,0.000168930048013906,FALSE,NA
8726,0.00080894211334206,0.00172066429862288,TRUE,NA
8727,0.0342037905580175,1.06603384695278e-07,FALSE,NA
8728,0.00754146655585953,1.3620246898854e-06,FALSE,NA
8729,0.00209886747100429,0.00237542282662272,TRUE,NA
8730,2.34258747016732e-06,4.30547644266535e-06,TRUE,NA
8731,0.277970510131409,0.000366983727080886,FALSE,NA
8732,0.000207929239318582,1.76451026259118e-07,FALSE,NA
8733,0.00280446929413237,2.16850327202957e-05,FALSE,NA
8734,0.0256016832490433,8.79384804600483e-06,FALSE,NA
8735,1.55300868345191e-07,0.00244671784200167,TRUE,NA
8736,0.0175907867922658,7.80627082244274e-05,FALSE,NA
8737,2.85158273051133e-06,0.0012641703061058,TRUE,NA
8738,1.80881422656616e-07,0.00208890932086553,TRUE,NA
8739,0.000510112420856026,4.3904129158335e-05,FALSE,NA
8740,2.41079054491549e-06,0.00770073477808214,TRUE,NA
8741,2.76138506197291e-05,0.000328872870829738,TRUE,NA
8742,3.28207523216146e-08,2.07506938793444e-05,TRUE,NA
8743,0.0772654916391856,0.000168161424974185,FALSE,NA
8744,0.0235275607497769,3.73760456905122e-05,FALSE,NA
8745,2.46179461253782e-07,0.0012868537513982,TRUE,NA
8746,1.15903361694578e-05,4.3111850345942e-05,TRUE,NA
8747,0.00326554164056254,0.000262337351155148,FALSE,NA
8748,0.00138117469398027,0.00412217873027127,TRUE,NA
8749,0.00145950406700497,3.98794585086478e-06,FALSE,NA
8750,0.00156897973917417,0.00131679769810357,FALSE,NA
8751,0.0027285190242058,4.43401726456856e-06,FALSE,NA
8752,0.00693055764248985,0.252340771941959,TRUE,NA
8753,0.00135752545617812,4.72869118496722e-05,FALSE,NA
8754,0.000127508132327099,0.0128361913277465,TRUE,NA
8755,0.000731941259953835,0.00149510068423333,TRUE,NA
8756,0.0041237290814936,0.056270702982617,TRUE,NA
8757,0.00172256920251329,0.0069600914475685,TRUE,NA
8758,4.89845679095087e-05,8.91153065302789e-05,TRUE,NA
8759,0.0431878791346021,4.66319731867334e-06,FALSE,NA
8760,3.1353833866924e-05,5.82219013403641e-07,FALSE,NA
8761,0.00187643595492465,6.21851049643057e-05,FALSE,NA
8762,0.000285051453226542,6.39668102631654e-05,FALSE,NA
8763,4.23641911052599e-06,5.32267520073368e-05,TRUE,NA
8764,0.036369124925414,7.54620680563627e-07,FALSE,NA
8765,1.59687033132711e-05,6.92658118422293e-05,TRUE,NA
8766,0.000165338550416413,0.000447151421423983,TRUE,NA
8767,0.0307272532959845,0.000905377929366936,FALSE,NA
8768,0.00101358075636022,1.36462385967576e-05,FALSE,NA
8769,2.20062942256242e-05,4.60503189965409e-06,FALSE,NA
8770,0.00244706676879872,6.14354552804737e-06,FALSE,NA
8771,0.000871921622893908,3.0285883084315e-05,FALSE,NA
8772,9.99371747427428e-05,0.000156090839238519,TRUE,NA
8773,3.85656248816762e-06,0.00168796840858193,TRUE,NA
8774,2.94396381076562e-06,0.00034538416505008,TRUE,NA
8775,0.120617607048285,6.90987580654119e-09,FALSE,NA
8776,0.0104128014186373,0.0083341969095564,FALSE,NA
8777,3.68083051435286e-05,2.33868596376545e-05,FALSE,NA
8778,5.65468364799827e-08,1.58689640440852e-06,TRUE,NA
8779,0.0088939837330801,0.000171821532890753,FALSE,NA
8780,5.38465062707334e-06,0.00111176392320128,TRUE,NA
8781,0.00666015792292556,0.299563865336239,TRUE,NA
8782,0.000738662403593977,0.000347086180068768,FALSE,NA
8783,5.98616510989109e-05,0.000628777410570751,TRUE,NA
8784,2.45116014877921e-05,9.58731891383384e-05,TRUE,NA
8785,0.000461742366102269,0.00402553871109078,TRUE,NA
8786,0.000612227987932205,1.93261504600692e-07,FALSE,NA
8787,0.000101150749728016,0.000878461045380243,TRUE,NA
8788,0.000233686366042191,0.000742462569012356,TRUE,NA
8789,2.82021967356849e-06,9.3033342573929e-09,FALSE,NA
8790,1.95942885618397e-05,0.200058297003604,TRUE,NA
8791,0.0028594798886383,0.00683215013960796,TRUE,NA
8792,2.49163053050697e-05,1.446506148453e-07,FALSE,NA
8793,1.82058440049105e-06,3.10901707132302,TRUE,NA
8794,7.37509945887305e-08,0.0058590390196589,TRUE,NA
8795,0.000267564760080771,1.09871917815939,TRUE,NA
8796,0.00127912316496492,0.000293415088385682,FALSE,NA
8797,2.34812555315783e-05,0.000527420958587196,TRUE,NA
8798,0.00235212814080719,0.000136585118549587,FALSE,NA
8799,3.39169735194713e-07,0.000203513699581965,TRUE,NA
8800,0.000870416664905118,0.00100666898410134,TRUE,NA
8801,4.5174724040137e-07,0.00545788038029551,TRUE,NA
8802,0.000724133907301137,5.31017452246262e-11,FALSE,NA
8803,0.000139324316569697,3.977660685859e-05,FALSE,NA
8804,1.81743425489424e-05,3.09009750615199e-06,FALSE,NA
8805,0.000247531392984512,4.48534583882896e-06,FALSE,NA
8806,5.21043034908323e-06,3.04659491892079e-06,FALSE,NA
8807,1.48517651108534e-06,1.37615625355741,TRUE,NA
8808,2.63100557804058e-06,0.00144929738165472,TRUE,NA
8809,4.10700794999964e-07,0.000131674910710278,TRUE,NA
8810,0.0545099637535655,0.0168341384128417,FALSE,NA
8811,2.57646089397317e-05,0.000281180417339229,TRUE,NA
8812,0.0179803744624436,0.0411878081276193,TRUE,NA
8813,3.82934519572984e-05,0.000475556026887622,TRUE,NA
8814,0.0211046014907598,3.26268445041805e-06,FALSE,NA
8815,2.95161007921952e-05,1.83823823605098e-05,FALSE,NA
8816,0.00431827238189732,5.39880927683959e-05,FALSE,NA
8817,0.000233152861276502,0.000302722619252293,TRUE,NA
8818,0.00254558401355732,0.030919244240281,TRUE,NA
8819,0.252755011995975,3.27489405549201e-05,FALSE,NA
8820,0.00554572196023988,0.486410520098499,TRUE,NA
8821,1.354810250907e-05,1.65947717208288e-05,TRUE,NA
8822,0.00407754224328621,0.0884027311895675,TRUE,NA
8823,0.00448543882051584,2.86795177764939e-07,FALSE,NA
8824,4.56903294021787e-09,0.00132450340079334,TRUE,NA
8825,0.000158061438227304,0.00805382555146251,TRUE,NA
8826,2.30310435612015e-05,0.000651806032682938,TRUE,NA
8827,0.0111729094433363,3.02425276700206e-05,FALSE,NA
8828,0.000145879929502157,0.0099547416947555,TRUE,NA
8829,0.00419321021303853,1.32633482063078e-09,FALSE,NA
8830,9.08426436799487e-05,5.54474063729006e-07,FALSE,NA
8831,0.0100960861915301,0.0052912666729983,FALSE,NA
8832,0.00978191188924116,7.75296015243412e-08,FALSE,NA
8833,0.000368368858143281,0.0481929195002841,TRUE,NA
8834,1.07238796678395e-06,3.83012084404831e-05,TRUE,NA
8835,1.35085369395691e-05,0.000451212454401974,TRUE,NA
8836,1.1353068369618e-06,0.000253781097882064,TRUE,NA
8837,0.00319018749997195,0.204641770697722,TRUE,NA
8838,7.92699570599507e-05,0.00385524085657716,TRUE,NA
8839,0.00705009498415085,0.000127068999931966,FALSE,NA
8840,1.54551592233023e-05,0.062594633966664,TRUE,NA
8841,0.000106742858971972,0.0136087429912626,TRUE,NA
8842,0.000653955948656003,4.74391894953197e-05,FALSE,NA
8843,0.000210480776774096,4.94602688207949e-06,FALSE,NA
8844,0.00663791104510171,9.96771824796845e-08,FALSE,NA
8845,0.00648811355273507,2.86841080804922e-05,FALSE,NA
8846,9.02316977920164e-05,1.69196474979425,TRUE,NA
8847,0.0213059357091583,0.00034261270388202,FALSE,NA
8848,0.00818197729677353,1.10718902157884,TRUE,NA
8849,2.40724293288164e-05,0.000196869150471839,TRUE,NA
8850,0.000354029252756733,0.0430312532358532,TRUE,NA
8851,7.33093788363563e-09,1.58049051197494e-05,TRUE,NA
8852,6.45268909435195e-07,4.37122425424382e-05,TRUE,NA
8853,0.0451334201016579,0.404453821973061,TRUE,NA
8854,1.36011693609206e-07,0.00500701572938282,TRUE,NA
8855,0.0132231900832938,1.15439250382816e-07,FALSE,NA
8856,0.00439372496805275,0.00680543084098457,TRUE,NA
8857,0.0209689837751689,0.00281663344356524,FALSE,NA
8858,2.48821564072982e-05,2.7540239384362e-07,FALSE,NA
8859,0.00129024239019886,2.80430178787886e-05,FALSE,NA
8860,2.3367502517906e-06,0.000729410951152858,TRUE,NA
8861,0.00414215327943229,1.34496269589931e-05,FALSE,NA
8862,0.000113376492436075,0.0826070843610238,TRUE,NA
8863,0.00807327217039865,0.299829972458617,TRUE,NA
8864,0.000369298174985665,3.02420178066185e-06,FALSE,NA
8865,1.37024126957709e-05,2.39406663174173,TRUE,NA
8866,6.49633539100191e-05,6.97411251933952e-06,FALSE,NA
8867,0.00185611033172493,0.0910956076528958,TRUE,NA
8868,4.94675872184669e-06,0.00704426281426579,TRUE,NA
8869,4.29747556511595e-07,0.00087872889493953,TRUE,NA
8870,0.0130223712978701,0.00105296704475171,FALSE,NA
8871,0.00992769236483003,0.015955223262738,TRUE,NA
8872,0.000316337846182193,0.0098527065161208,TRUE,NA
8873,1.45051185299461e-05,1.49718146635216e-05,TRUE,NA
8874,3.9613995166412e-05,0.003922661839606,TRUE,NA
8875,4.7920642034527e-07,0.118814450132821,TRUE,NA
8876,0.000128953349533187,1.19331876839067e-07,FALSE,NA
8877,2.46379921896132e-05,2.20913238488357e-06,FALSE,NA
8878,3.0684493879452e-07,0.000343539273188584,TRUE,NA
8879,0.0903627040429809,0.000460716384999462,FALSE,NA
8880,0.016404118163913,2.23617806340821e-06,FALSE,NA
8881,0.000136561003420918,0.000528943669609205,TRUE,NA
8882,7.07680156202851e-08,9.33919608315118e-13,FALSE,NA
8883,0.0106480349548918,5.98923058814412e-05,FALSE,NA
8884,0.000182871180996668,0.000202073805356612,TRUE,NA
8885,4.48598935876711e-10,1.49563745035376,TRUE,NA
8886,0.000193719299725993,0.000222294541342132,TRUE,NA
8887,0.00217497416570754,0.000283222684434691,FALSE,NA
8888,0.000122401169857917,0.00105794180820448,TRUE,NA
8889,1.30447196118714e-08,0.0010846771380184,TRUE,NA
8890,1.4749312882254e-11,3.00950244812534e-08,TRUE,NA
8891,0.00685002890706901,0.105570176915638,TRUE,NA
8892,0.0179458267180695,0.0610545703352997,TRUE,NA
8893,1.80461680039401e-06,0.69032713449061,TRUE,NA
8894,7.3772190789997e-06,0.0185931353565858,TRUE,NA
8895,2.98962968772914e-07,2.2191229540392e-07,FALSE,NA
8896,0.010161898353399,9.40795344807259e-08,FALSE,NA
8897,3.12847551418791e-05,0.00900780391687984,TRUE,NA
8898,0.00298173636882007,0.0001342910388969,FALSE,NA
8899,0.0194076656670585,5.90010306029397e-07,FALSE,NA
8900,5.87181969459076e-05,0.00494321787126838,TRUE,NA
8901,0.0039266453728619,0.0121689696845438,TRUE,NA
8902,7.72373748508383e-05,0.000148707152838977,TRUE,NA
8903,1.65345507112084e-05,2.98965274580881e-05,TRUE,NA
8904,8.06259255186221e-05,0.0110496908139003,TRUE,NA
8905,0.0073454178839073,0.0111903269211129,TRUE,NA
8906,1.09816756435211e-06,0.034825412435592,TRUE,NA
8907,0.000111245632492007,0.188559239549068,TRUE,NA
8908,0.00174643987504754,0.00327003098676104,TRUE,NA
8909,1.42263152846277e-05,0.127672718752219,TRUE,NA
8910,1.44213825399773e-07,1.87050709933496e-05,TRUE,NA
8911,0.049706457520975,2.21410535769879e-07,FALSE,NA
8912,6.51190891593348e-06,0.00120281391168205,TRUE,NA
8913,0.00034650043725081,1.98473934494953e-05,FALSE,NA
8914,0.00163192071903743,0.00612818446185981,TRUE,NA
8915,0.00140475142829778,0.524933939579476,TRUE,NA
8916,0.0212491537033963,1.20196749201578e-05,FALSE,NA
8917,0.000979066002297458,0.00186226614097648,TRUE,NA
8918,2.56774157453771e-06,2.6106810081189e-09,FALSE,NA
8919,0.00120278229440795,7.95208980860114e-06,FALSE,NA
8920,0.000374604053388287,0.0276477609760482,TRUE,NA
8921,0.00253048327891301,2.33708540808677e-08,FALSE,NA
8922,0.000187096790578042,0.0302479165298661,TRUE,NA
8923,0.0261943097758422,0.00351547477569272,FALSE,NA
8924,1.05287081829931e-08,0.357352180512503,TRUE,NA
8925,1.23244719618318e-05,8.16062416826567e-05,TRUE,NA
8926,0.000484285165688063,0.000149013351151617,FALSE,NA
8927,9.47318917105969e-08,0.110223516501788,TRUE,NA
8928,0.000215067913687397,0.000390373783661071,TRUE,NA
8929,5.10334468342478e-07,3.705928115402e-05,TRUE,NA
8930,2.31583218614391e-06,1.57174569498881e-05,TRUE,NA
8931,4.4828805130416e-05,0.00820889315629205,TRUE,NA
8932,9.63958618504522e-05,4.29080394237719,TRUE,NA
8933,0.00560560118373083,0.00179308022145635,FALSE,NA
8934,0.00541830090912223,0.000335537690938034,FALSE,NA
8935,2.21395851728125e-06,0.0116097073229322,TRUE,NA
8936,3.10274139998699e-07,1.71301779192911e-05,TRUE,NA
8937,2.0179998240447e-05,0.00172498492390948,TRUE,NA
8938,0.0382430710642769,0.000800848514992251,FALSE,NA
8939,0.00148418077334004,2.19245344284873e-08,FALSE,NA
8940,1.08849269807993e-06,6.14736839020202e-05,TRUE,NA
8941,1.05500637185496e-05,0.000141606098429639,TRUE,NA
8942,2.10519518479753e-08,0.153067425275675,TRUE,NA
8943,0.00559462732742009,0.00782106327245687,TRUE,NA
8944,1.27596188905917e-06,3.08010046446538e-05,TRUE,NA
8945,6.84326303754935e-05,0.419023884290909,TRUE,NA
8946,0.0241225934311549,2.12480327147269e-07,FALSE,NA
8947,6.4254937991892e-08,0.0314964743473885,TRUE,NA
8948,1.50836070685193e-07,2.17627977239811e-05,TRUE,NA
8949,0.00104272965867611,0.196962165125368,TRUE,NA
8950,0.0179334323700268,0.000530867426541165,FALSE,NA
8951,0.00658863936743239,0.000693214115930869,FALSE,NA
8952,9.74397332468455e-05,4.23530281717502e-07,FALSE,NA
8953,0.000165059219754156,1.37342376736889e-05,FALSE,NA
8954,0.00352671005269292,1.17067545515434e-07,FALSE,NA
8955,0.00897949289696185,2.78279697813675e-07,FALSE,NA
8956,7.94907578247901e-06,7.71433791306387e-07,FALSE,NA
8957,7.26964741832443e-05,0.000646278652913403,TRUE,NA
8958,0.0379337853438016,1.32115803912694e-05,FALSE,NA
8959,0.00135759309190186,4.16070544977148e-05,FALSE,NA
8960,3.40890616398288e-05,0.00190302294054951,TRUE,NA
8961,2.39733492612677e-05,0.000122828824734614,TRUE,NA
8962,0.000606738901926876,4.17247460046867e-05,FALSE,NA
8963,0.102443909482026,0.0128712170677032,FALSE,NA
8964,1.51308401486633e-07,0.00774085843132808,TRUE,NA
8965,6.89668368090448e-06,0.00192093356484392,TRUE,NA
8966,2.63106244792136e-06,2.6181723456263e-11,FALSE,NA
8967,0.00128862845553561,0.106619102691141,TRUE,NA
8968,0.000317003758428551,2.3837244542772e-06,FALSE,NA
8969,0.00381701982853176,0.0513878344769276,TRUE,NA
8970,3.02375581658747e-07,5.19327200434521e-06,TRUE,NA
8971,0.00903501554839369,0.00741926771528459,FALSE,NA
8972,0.00044143482108749,0.00709847736572728,TRUE,NA
8973,0.0472593346653254,3.00601275800675e-05,FALSE,NA
8974,0.000351979680953719,4.24782623546607e-05,FALSE,NA
8975,0.00140771177672581,0.00026802725576905,FALSE,NA
8976,4.15025391127574e-06,3.54120233454335e-06,FALSE,NA
8977,1.21449072074136e-06,9.81961674169091e-06,TRUE,NA
8978,0.0133227081227231,2.41697808757171e-05,FALSE,NA
8979,0.000249712197433539,0.000257014259407299,TRUE,NA
8980,3.2276204281867e-06,0.120959792375079,TRUE,NA
8981,0.000353490266419943,0.071110596904575,TRUE,NA
8982,3.34034244764692e-10,0.0368880646480741,TRUE,NA
8983,2.23102767535963e-05,0.000115629800278387,TRUE,NA
8984,0.0138864455454631,1.47588807707142e-05,FALSE,NA
8985,6.9993589568806e-05,0.00201511348209316,TRUE,NA
8986,5.46971579560887e-05,0.371572021733483,TRUE,NA
8987,4.48907517886629e-07,8.69604386161412e-06,TRUE,NA
8988,0.0104821651514484,0.000217185494364317,FALSE,NA
8989,0.00270172501528103,0.000519480895860987,FALSE,NA
8990,0.000136884411193567,0.0655668518649126,TRUE,NA
8991,0.000542493511375562,1.46886260171327e-05,FALSE,NA
8992,0.0851104541546323,4.91267701509686e-07,FALSE,NA
8993,1.55319670907832e-05,8.74406422748714e-05,TRUE,NA
8994,4.05095341456807e-05,0.00155586971140756,TRUE,NA
8995,1.38429899721437e-05,0.000469975921702705,TRUE,NA
8996,0.00027172468104923,1.40157687887854e-05,FALSE,NA
8997,1.39155297871951e-06,5.95844042461772e-06,TRUE,NA
8998,0.000174509436929186,3.36890481470285e-05,FALSE,NA
8999,4.25445892392823e-06,0.00276564337381546,TRUE,NA
9000,2.9528552979739e-09,0.0061333507441133,TRUE,NA
9001,5.65656358787546e-06,0.00145274914280943,TRUE,NA
9002,2.4010813600052e-07,2.28161539883615e-05,TRUE,NA
9003,1.77234826142654e-05,0.0172329820457094,TRUE,NA
9004,0.045214250999361,4.61429713648985e-07,FALSE,NA
9005,0.0218856030117678,0.0204315740107759,FALSE,NA
9006,0.000596259616587703,2.17558123171661e-05,FALSE,NA
9007,2.20962944559686e-05,5.01532430328107e-05,TRUE,NA
9008,1.83285438368581e-05,7.24262186182921e-09,FALSE,NA
9009,0.149013980617952,0.00719199394486362,FALSE,NA
9010,0.000296918781242991,1.39335340646962e-07,FALSE,NA
9011,0.00054440622794457,0.000348861927224721,FALSE,NA
9012,1.9439190769058e-05,0.681999287989086,TRUE,NA
9013,6.98567445857884e-05,2.0864531963095e-05,FALSE,NA
9014,0.00889309901934389,0.0015035927524006,FALSE,NA
9015,0.122352494104494,0.0114735975335275,FALSE,NA
9016,6.76551804935577e-05,0.0535173636181411,TRUE,NA
9017,0.00501737110709741,0.000668413856865984,FALSE,NA
9018,0.000445354958249059,0.00520483961900662,TRUE,NA
9019,0.000417013163265268,2.89625971403176e-07,FALSE,NA
9020,7.76747873081361e-05,0.00394172260369419,TRUE,NA
9021,1.42437043216135e-06,0.000195425972559071,TRUE,NA
9022,1.16885221444876e-06,3.1109129547755e-05,TRUE,NA
9023,0.0863675506645004,3.44320991933262e-07,FALSE,NA
9024,0.000293723368289658,0.000366268238056501,TRUE,NA
9025,0.00998831766872826,2.92318960885997e-06,FALSE,NA
9026,3.14991619143644e-05,0.0167080133631046,TRUE,NA
9027,4.05778854246477e-06,8.92723115235118e-06,TRUE,NA
9028,0.00734161698067812,0.0210502676965558,TRUE,NA
9029,0.0160501091844775,0.0409221367656455,TRUE,NA
9030,4.02816956097755e-07,0.00157141815983725,TRUE,NA
9031,7.76752716285903e-05,7.68826916199899e-09,FALSE,NA
9032,1.43135236583642e-06,8.88938572723496e-05,TRUE,NA
9033,0.000165283037599731,0.0514732688410228,TRUE,NA
9034,4.19751267132693e-07,3.66622342469704,TRUE,NA
9035,0.00158150063708109,0.0271445610432471,TRUE,NA
9036,4.89952711635921e-07,0.208002887413584,TRUE,NA
9037,4.48687294991778e-05,0.000379754456871443,TRUE,NA
9038,0.0379083549007912,0.347730636574577,TRUE,NA
9039,7.79932404450109e-05,3.70210839752197e-05,FALSE,NA
9040,2.4011531718165e-05,1.88694506170587e-07,FALSE,NA
9041,0.0207049732041944,0.000521096944770065,FALSE,NA
9042,3.4591974661272e-08,7.57715770777951e-09,FALSE,NA
9043,0.000336975686182869,6.65294708476154e-07,FALSE,NA
9044,0.0321877069504439,9.4254033630539e-05,FALSE,NA
9045,2.19624748993558e-05,0.00553014135220701,TRUE,NA
9046,0.0648912142564946,6.93289031700542e-07,FALSE,NA
9047,7.77209334716577e-05,0.0472844364921172,TRUE,NA
9048,0.0271592326137502,6.86056502851834e-09,FALSE,NA
9049,1.12443751609145e-08,3.91582854707831e-05,TRUE,NA
9050,0.00188517816492934,0.543759736097528,TRUE,NA
9051,1.31053190509671e-06,2.26951573090446e-05,TRUE,NA
9052,3.8443494040046e-06,0.000165699987997729,TRUE,NA
9053,2.084691307841e-06,2.28485536083592e-06,TRUE,NA
9054,6.35968352148004e-07,0.714237758350669,TRUE,NA
9055,2.7608574157853e-06,1.77513903115988e-05,TRUE,NA
9056,1.32564031388419e-06,4.83573256175844e-06,TRUE,NA
9057,5.13545090955637e-05,0.0121366830062982,TRUE,NA
9058,3.2455333038665e-05,1.41614508590153,TRUE,NA
9059,0.0132954225666182,0.0105915883540302,FALSE,NA
9060,2.73353378116495e-08,0.0023166102444074,TRUE,NA
9061,1.42106800118427e-05,0.00116439519580556,TRUE,NA
9062,2.96183432198172e-06,0.000254909494905302,TRUE,NA
9063,0.000173940113845848,5.39293607306296e-07,FALSE,NA
9064,2.06521206036968e-05,0.0645921076534252,TRUE,NA
9065,0.00332293532679993,8.21837450182937e-07,FALSE,NA
9066,0.00160047502962005,4.58109637888424e-05,FALSE,NA
9067,0.00818183940372095,0.00123964538002664,FALSE,NA
9068,2.33283205476227e-08,0.000244457761989151,TRUE,NA
9069,2.30838051364821e-05,8.05210953510707e-06,FALSE,NA
9070,0.00653413516425959,0.030142941206179,TRUE,NA
9071,0.00118823664563933,0.000905428185804069,FALSE,NA
9072,0.000205046661482716,2.70511967998948e-07,FALSE,NA
9073,0.00103729281872671,2.5947894453415e-05,FALSE,NA
9074,6.15234898828561e-06,1.88102097890532e-08,FALSE,NA
9075,0.000427223981130682,2.85736450120175e-06,FALSE,NA
9076,0.000208494391422355,1.51220063913781e-07,FALSE,NA
9077,0.00028046271197138,2.65346099661169e-06,FALSE,NA
9078,3.35492946606138e-05,7.81728125906422e-06,FALSE,NA
9079,9.39530840727633e-07,0.000169366016361708,TRUE,NA
9080,0.000127768928215533,7.82966250457561e-09,FALSE,NA
9081,0.00192662184155858,0.00282877285603767,TRUE,NA
9082,0.000139826529008244,0.00018603021802921,TRUE,NA
9083,3.6433240444393e-06,1.07629274642524e-05,TRUE,NA
9084,0.0016245892571316,0.002471739841851,TRUE,NA
9085,6.45996048647137e-08,1.58961856053806e-08,FALSE,NA
9086,0.00478809898524961,7.8307934879821e-06,FALSE,NA
9087,5.11917148690648e-06,4.86719503243638e-07,FALSE,NA
9088,0.061819842231238,8.19842179283005e-05,FALSE,NA
9089,7.56803393669152e-07,0.184261834757697,TRUE,NA
9090,2.45912100343838e-06,0.000417050994255451,TRUE,NA
9091,0.00379189964865475,4.92001448361876e-08,FALSE,NA
9092,3.49690746147956e-05,8.02419245388002e-06,FALSE,NA
9093,0.000212846588712779,0.00794086493444888,TRUE,NA
9094,0.00360393428797964,2.04129937249122e-07,FALSE,NA
9095,8.79420011587868e-05,0.0289742537807032,TRUE,NA
9096,0.0161309678931199,5.38533574741125e-09,FALSE,NA
9097,0.00537054909973582,0.00652206033396971,TRUE,NA
9098,3.9074030201382e-06,5.91110623352568e-05,TRUE,NA
9099,0.0134984766634109,2.13607093290513e-05,FALSE,NA
9100,0.00797994215810752,1.83859344105866e-06,FALSE,NA
9101,0.017098900801685,0.00327726912643488,FALSE,NA
9102,0.000414382936431009,8.46908357815176e-06,FALSE,NA
9103,0.0397339155276008,0.000710771996901697,FALSE,NA
9104,0.000651185072475455,1.39087386149676e-09,FALSE,NA
9105,1.13304540396358e-07,1.25655014080602e-06,TRUE,NA
9106,0.00509682574895922,0.000544076463598988,FALSE,NA
9107,0.00100191643650217,0.000121289871009351,FALSE,NA
9108,8.27039142773724e-07,0.100267151876348,TRUE,NA
9109,5.14892762057704e-06,0.000580065472989223,TRUE,NA
9110,3.63296626049725e-07,1.15543792625692e-05,TRUE,NA
9111,0.0332760966115322,0.00476307337507301,FALSE,NA
9112,7.96325228012494e-11,0.000183347909042659,TRUE,NA
9113,0.0197102426908701,0.212833987245368,TRUE,NA
9114,8.62223493778886e-06,0.0243071394553602,TRUE,NA
9115,5.91514623992475e-06,3.40680272571288e-06,FALSE,NA
9116,0.0336223542578187,1.75455435054612e-08,FALSE,NA
9117,2.04587147447745e-06,0.146368555486524,TRUE,NA
9118,1.15364928051387e-05,0.000914556955737364,TRUE,NA
9119,0.000114049533478253,1.63890473947814e-05,FALSE,NA
9120,0.16070277265414,1.62001967158071e-06,FALSE,NA
9121,0.000166940470803567,8.6179808219734e-05,FALSE,NA
9122,0.0270179356818246,0.0300507915414051,TRUE,NA
9123,0.00648916948378176,0.00300881709196438,FALSE,NA
9124,0.000155395421625979,2.92562193265446e-06,FALSE,NA
9125,5.81706401091992e-08,0.000267543827387496,TRUE,NA
9126,0.000394221545284237,0.00431004606253439,TRUE,NA
9127,0.000206937149604051,0.000672028297192289,TRUE,NA
9128,0.00430836624075951,1.19299270258807e-06,FALSE,NA
9129,0.0031776468944023,5.14666089667313e-08,FALSE,NA
9130,0.00372363737927933,0.000204668242953284,FALSE,NA
9131,0.0535550618663401,2.65998013560093e-05,FALSE,NA
9132,9.64323950533e-06,9.65887347834597e-07,FALSE,NA
9133,7.85426274249045e-05,0.00957908126859034,TRUE,NA
9134,2.84524875910777e-06,1.07837554456017e-05,TRUE,NA
9135,3.10747973682478e-06,0.00105957020515673,TRUE,NA
9136,1.8301058189863e-05,1.17709734476748e-05,FALSE,NA
9137,2.83331223009609e-05,0.0515744466438216,TRUE,NA
9138,1.83919414676047e-06,0.0101538951424645,TRUE,NA
9139,0.00272283564342471,0.00418752849599577,TRUE,NA
9140,2.74931080528028e-06,2.32866872599412e-05,TRUE,NA
9141,1.76557975382274e-05,8.16480372511275e-05,TRUE,NA
9142,0.023373586665211,0.000633528391410277,FALSE,NA
9143,0.028581472540938,0.0134609430127657,FALSE,NA
9144,0.0584747699853286,0.00200065348612849,FALSE,NA
9145,0.00798764104285154,2.56062324310994e-05,FALSE,NA
9146,1.13319216356937e-06,0.000158131876951312,TRUE,NA
9147,1.07877762336907e-09,0.0694628263990795,TRUE,NA
9148,1.54707812203186e-08,1.90392051792587e-06,TRUE,NA
9149,6.53716087091077e-08,3.6081809737165e-05,TRUE,NA
9150,1.92330672128461e-08,0.000296264786997982,TRUE,NA
9151,4.66102027481785e-05,0.00107839143638113,TRUE,NA
9152,0.00713650299237241,0.00525946286323676,FALSE,NA
9153,4.12238608760428e-05,0.00030401078302033,TRUE,NA
9154,0.000630976193754884,1.39768849824951e-07,FALSE,NA
9155,4.99955664403486e-05,0.000618027445107978,TRUE,NA
9156,0.000342158684564664,0.000420368036166519,TRUE,NA
9157,6.92928038705951e-05,0.000283688177487272,TRUE,NA
9158,0.00125795902485461,2.33422567534188e-06,FALSE,NA
9159,0.000353526994304946,0.00575568953275434,TRUE,NA
9160,4.4107565664558e-05,4.7658006437297e-06,FALSE,NA
9161,0.0245732110500697,0.00854912942354942,FALSE,NA
9162,0.0145116692422656,2.50468921882573e-06,FALSE,NA
9163,7.80379307161296e-05,8.68586661925917e-09,FALSE,NA
9164,0.0112824185613325,5.85617041914634e-07,FALSE,NA
9165,0.001331251689684,0.309564641196203,TRUE,NA
9166,1.94909839957784e-06,4.77041517073255e-06,TRUE,NA
9167,0.000106889669347159,1.43195900607591e-08,FALSE,NA
9168,0.0821338461344615,0.00111771580455901,FALSE,NA
9169,0.00120641928929831,1.04293171227989e-06,FALSE,NA
9170,1.40637074703348e-06,4.0248166229143e-06,TRUE,NA
9171,3.85198536427659e-06,0.00552006440111652,TRUE,NA
9172,0.00499929242556117,3.66705273469848e-06,FALSE,NA
9173,9.41706183126095e-07,0.000381365952213625,TRUE,NA
9174,0.00967639884065958,0.00785002172240226,FALSE,NA
9175,7.18726672666052e-06,1.50416470489573e-07,FALSE,NA
9176,6.71736831332901e-06,1.92636465238378e-06,FALSE,NA
9177,7.83440707221105e-07,0.0318858651157902,TRUE,NA
9178,0.0015538161301103,0.00040838926909461,FALSE,NA
9179,0.00229843566987175,1.52583910418796e-05,FALSE,NA
9180,0.000322646119903902,0.0743202289468914,TRUE,NA
9181,9.19404251053978e-06,0.00013100151934843,TRUE,NA
9182,7.92968183877654e-07,0.353412453154605,TRUE,NA
9183,0.0476982018487574,0.00109943070210862,FALSE,NA
9184,0.00926523143837125,0.00206207010010038,FALSE,NA
9185,0.0012964450900473,0.208497110120605,TRUE,NA
9186,5.65270758094933e-07,2.95611664083231e-06,TRUE,NA
9187,1.0987313238998e-06,0.439608299215439,TRUE,NA
9188,0.017985085948232,0.0206431495452338,TRUE,NA
9189,1.28250900484624e-06,0.0159393464336006,TRUE,NA
9190,9.9028747508227e-07,1.54731858750805e-07,FALSE,NA
9191,0.00620470121319475,5.19792800173147,TRUE,NA
9192,0.000140587843093175,0.000318559100580808,TRUE,NA
9193,5.06390250299962e-06,0.00252163741920878,TRUE,NA
9194,3.1924240400972e-05,2.46003664803021e-06,FALSE,NA
9195,8.56856141962687e-10,0.0114751814382171,TRUE,NA
9196,0.0131666354443535,6.62766700615878e-06,FALSE,NA
9197,0.000720812066613354,2.44761932545889e-05,FALSE,NA
9198,1.93106229139587e-06,0.000248004748083519,TRUE,NA
9199,0.00127472359394674,1.56131774188249e-10,FALSE,NA
9200,0.00294148063372158,0.000351034205930793,FALSE,NA
9201,9.17544939086841e-05,0.000974536317070016,TRUE,NA
9202,0.00188342163793069,0.000979437816834605,FALSE,NA
9203,0.0661093956105135,1.68259245749836e-06,FALSE,NA
9204,0.0755136513202146,0.0064477651282105,FALSE,NA
9205,0.0183894581454061,0.00577029141176515,FALSE,NA
9206,0.000162647220653153,0.000476973833081681,TRUE,NA
9207,0.00210585638000203,0.000179030248349641,FALSE,NA
9208,4.2844405810113e-10,0.000818117340068117,TRUE,NA
9209,0.00333906268041187,0.00727323995632554,TRUE,NA
9210,0.0165019012568506,0.000528707055106922,FALSE,NA
9211,7.1979676646031e-06,1.70369390446688e-05,TRUE,NA
9212,1.13525816062132e-06,7.8664412079882e-06,TRUE,NA
9213,4.06360501185311e-06,0.00128232945956047,TRUE,NA
9214,3.79974274989072e-09,3.41666981965669e-06,TRUE,NA
9215,1.19148284171528e-08,0.000900047483833471,TRUE,NA
9216,3.43239211229388e-07,5.49264615838746e-05,TRUE,NA
9217,0.000189854677733044,3.5439408702798e-08,FALSE,NA
9218,0.000554238548198202,0.000442030923930234,FALSE,NA
9219,9.16827754344221e-05,0.0140985090942998,TRUE,NA
9220,0.000656333795276165,0.00152048985058551,TRUE,NA
9221,0.0120767818044221,2.35220429043329e-06,FALSE,NA
9222,0.000196847959526074,2.24708674142931e-09,FALSE,NA
9223,0.0617637284260943,2.28166077748814e-07,FALSE,NA
9224,4.99884334012244e-06,0.0010247306941441,TRUE,NA
9225,3.18614618042735e-07,0.00399348936199656,TRUE,NA
9226,0.00488716888835726,3.26583136620433e-06,FALSE,NA
9227,0.000358815246008461,2.39144133362991e-06,FALSE,NA
9228,7.77011788546282e-10,3.98003680553551,TRUE,NA
9229,2.78808720943862e-09,3.63876487689354e-06,TRUE,NA
9230,0.0134056765380586,2.86161303646029e-05,FALSE,NA
9231,0.052818379140519,4.09813008599044e-08,FALSE,NA
9232,0.0146717195552989,2.74426520809319,TRUE,NA
9233,1.82690356099866e-07,7.11508651131596e-05,TRUE,NA
9234,0.05164293579484,0.0193296855748945,FALSE,NA
9235,2.37224351555201e-09,0.0130502216792405,TRUE,NA
9236,0.00418243316973019,0.0199314602592908,TRUE,NA
9237,4.12387901613419e-11,0.0104777117820928,TRUE,NA
9238,0.00303483202794503,0.0206939276559588,TRUE,NA
9239,2.2127151911301e-08,0.369775611567386,TRUE,NA
9240,6.55096522510768e-05,0.000718986690214539,TRUE,NA
9241,0.000501011963420107,6.10706166522496e-08,FALSE,NA
9242,2.91854774744631e-05,0.000126760559404137,TRUE,NA
9243,1.63272556218169e-05,4.82952235430295e-08,FALSE,NA
9244,5.24804423055259e-05,7.84476891442173e-06,FALSE,NA
9245,7.60271137370767e-05,1.75227981378514e-07,FALSE,NA
9246,0.000111084386388049,1.75572005143574e-08,FALSE,NA
9247,1.25513087375828e-05,0.0304126830449671,TRUE,NA
9248,0.051747272278555,0.00158287528139621,FALSE,NA
9249,0.00088634176819906,0.214401909694399,TRUE,NA
9250,6.15202923353862e-06,0.0088357201952173,TRUE,NA
9251,0.000329149752504069,8.09382584211268e-07,FALSE,NA
9252,0.000232945987647996,0.000847522287758064,TRUE,NA
9253,0.000950139490306644,6.67058534252925e-06,FALSE,NA
9254,0.0523351594279847,0.00120309042953968,FALSE,NA
9255,0.00488210830324306,0.00382898651475129,FALSE,NA
9256,9.83592077561795e-06,1.23613398985677,TRUE,NA
9257,0.00315149338863685,3.0235190137526e-06,FALSE,NA
9258,0.000740612706952859,8.67540811904455e-05,FALSE,NA
9259,0.000435849960475722,0.000644937990481601,TRUE,NA
9260,7.02824550382987e-05,0.000864053617897969,TRUE,NA
9261,0.000139011100834,6.30789565798822e-07,FALSE,NA
9262,4.00529011037819e-06,7.09912713855376e-05,TRUE,NA
9263,0.0377818813331573,6.02675921264463e-06,FALSE,NA
9264,1.69396354394991e-05,0.0252557421711569,TRUE,NA
9265,6.35817022771743e-06,3.69564521106842e-07,FALSE,NA
9266,2.13354328886276e-06,0.000314083503330747,TRUE,NA
9267,4.11235339965242e-05,0.00379177569168353,TRUE,NA
9268,0.000354965048704872,0.000925328885467587,TRUE,NA
9269,0.000409783528837252,0.310485415323819,TRUE,NA
9270,1.21162838456499e-06,0.000694072647521041,TRUE,NA
9271,0.000139201198649465,0.00360204277460152,TRUE,NA
9272,0.00326489875320928,1.99336797945274e-08,FALSE,NA
9273,0.000222982712103836,4.41954250983475e-11,FALSE,NA
9274,5.70155070236949e-05,4.44383952846026e-09,FALSE,NA
9275,0.000945792746956989,1.63388203666823e-05,FALSE,NA
9276,1.66266013320169e-05,0.0815740937444354,TRUE,NA
9277,2.43997963180954e-07,0.00325246885672628,TRUE,NA
9278,0.000107043510218872,1.28784375812473e-06,FALSE,NA
9279,1.74083519868064e-06,0.0487461315614614,TRUE,NA
9280,0.000361208054936238,0.00405572725529212,TRUE,NA
9281,0.00019893574558876,0.000292673037328586,TRUE,NA
9282,3.6894397623666e-05,0.000150036865652301,TRUE,NA
9283,0.0534275331830569,5.56787137814755,TRUE,NA
9284,0.0214040279429937,0.000351578967188007,FALSE,NA
9285,0.0012998349912713,1.45256704851955e-05,FALSE,NA
9286,2.90829283758004e-07,2.32702968933668e-05,TRUE,NA
9287,6.77272744826497e-05,0.00278110075991373,TRUE,NA
9288,1.77964339698596e-05,0.0252499449999596,TRUE,NA
9289,0.000872025570424737,2.05248585075212e-05,FALSE,NA
9290,0.107157779741512,0.0206811288618658,FALSE,NA
9291,0.038529667836397,0.00598605385905691,FALSE,NA
9292,5.0380067596406e-07,0.000204836382494879,TRUE,NA
9293,0.00167484830156563,0.000295499114625494,FALSE,NA
9294,0.00125984212217575,0.00149378834845471,TRUE,NA
9295,1.39225555073258e-05,0.000442853853145868,TRUE,NA
9296,0.00011984977983575,0.0404868937259099,TRUE,NA
9297,8.72637782975445e-07,0.00062560910534988,TRUE,NA
9298,0.00191901174223365,0.0129581072840421,TRUE,NA
9299,1.13378958626074e-05,0.00535134580514735,TRUE,NA
9300,0.00150061094669908,2.66745577825917e-05,FALSE,NA
9301,4.3353368358889e-05,1.89990280839171,TRUE,NA
9302,0.0055337895584132,0.00083135610116523,FALSE,NA
9303,1.31033739423062e-10,9.54240727556085e-08,TRUE,NA
9304,6.81363786182602e-06,0.00276710579932925,TRUE,NA
9305,9.89150033067717e-06,8.39228242807344e-10,FALSE,NA
9306,0.000154477239273258,0.00195239652486931,TRUE,NA
9307,0.00783795053857187,1.05782653620669e-05,FALSE,NA
9308,0.00312285529447895,0.000372452000966342,FALSE,NA
9309,0.00023921125627109,2.87321159884032e-08,FALSE,NA
9310,4.80568314125448e-05,0.0129421029773105,TRUE,NA
9311,1.13664633261188e-12,0.212014187002184,TRUE,NA
9312,0.00197604928951755,2.88399729291436e-05,FALSE,NA
9313,0.0393513850754367,0.0260658925979123,FALSE,NA
9314,0.000175498251308816,1.48493006512754e-05,FALSE,NA
9315,0.00866755744779535,0.225374231510697,TRUE,NA
9316,8.35290179564213e-06,0.0518307514621745,TRUE,NA
9317,3.18340983569032e-05,2.54876018514617e-06,FALSE,NA
9318,7.39874909820509e-07,0.00213483854505438,TRUE,NA
9319,4.46950591514427e-06,0.0071096461146835,TRUE,NA
9320,0.00358269497421359,0.0194174561984418,TRUE,NA
9321,0.0952577105620164,0.000141790070081209,FALSE,NA
9322,0.0187478165515059,0.00157687686305838,FALSE,NA
9323,0.000127302328578723,2.81502157273852e-06,FALSE,NA
9324,0.00193398369190454,0.00959980145409248,TRUE,NA
9325,0.000132353270533589,0.000378107202876395,TRUE,NA
9326,2.84231704598709e-07,2.99946245676294e-08,FALSE,NA
9327,0.00142225106878262,0.00372217184087645,TRUE,NA
9328,0.000267901068914016,0.00010944065106693,FALSE,NA
9329,2.47528769023492e-06,1.42668031740312e-08,FALSE,NA
9330,9.44538886545982e-05,2.19779354237109e-05,FALSE,NA
9331,8.05731944474498e-05,0.000526768871314943,TRUE,NA
9332,8.21754771473282e-07,0.0686524160636853,TRUE,NA
9333,1.44323823537365e-07,0.0108924915117347,TRUE,NA
9334,0.00320632975028972,3.02168749327694e-06,FALSE,NA
9335,0.0823425592863825,0.000864602796607695,FALSE,NA
9336,0.0192832164626003,0.348864548079925,TRUE,NA
9337,2.7911167303503e-06,0.147869643487542,TRUE,NA
9338,0.133829220216717,0.00418265413384405,FALSE,NA
9339,3.86868535682725e-05,1.29806283830497,TRUE,NA
9340,0.000309708355055092,0.000208353826544906,FALSE,NA
9341,0.000523222613368412,4.01773273624535e-05,FALSE,NA
9342,8.49761605872244e-05,2.68569143837143e-05,FALSE,NA
9343,5.24204248020681e-05,0.00473275616870881,TRUE,NA
9344,0.00012050022786461,0.00423985100952622,TRUE,NA
9345,3.64979236389033e-09,3.81015381122419e-05,TRUE,NA
9346,4.21144241688704e-08,0.00241775612579672,TRUE,NA
9347,0.164466275549499,0.000302237298829754,FALSE,NA
9348,0.00463542581876791,0.014366732892523,TRUE,NA
9349,0.151717868714016,0.00995655435995544,FALSE,NA
9350,4.93191109920835e-06,7.90073995473855e-07,FALSE,NA
9351,3.30372677706525e-05,0.744993849507215,TRUE,NA
9352,2.15267046772786e-06,0.000339442671440673,TRUE,NA
9353,2.51020446902329e-05,0.00332460315877305,TRUE,NA
9354,0.00295746605554386,2.21551058552867e-06,FALSE,NA
9355,7.89571282199635e-06,0.0653155163130124,TRUE,NA
9356,0.021193336579723,0.00025207892886235,FALSE,NA
9357,2.33271922659712e-05,7.30081721188507e-05,TRUE,NA
9358,2.33308586643257e-06,0.0053277966808744,TRUE,NA
9359,0.00288536638411443,1.16537957413489e-07,FALSE,NA
9360,0.000131478825735279,0.0163330309431541,TRUE,NA
9361,1.25087375365679e-06,3.54601420074956e-08,FALSE,NA
9362,0.00177719011111007,5.0192797924299e-05,FALSE,NA
9363,7.16708239686017e-07,0.000360268514229649,TRUE,NA
9364,0.076445463269443,7.94035306379426e-05,FALSE,NA
9365,8.70012998958783e-05,0.00188928222437919,TRUE,NA
9366,0.00141704838179643,0.000606672055920509,FALSE,NA
9367,0.00278554735957572,9.73501544734843e-05,FALSE,NA
9368,0.000302703277295066,0.000321281799805494,TRUE,NA
9369,4.70991850388533e-05,0.00729521777114893,TRUE,NA
9370,0.0022154682993263,6.33013272961707e-08,FALSE,NA
9371,2.94795712106121e-07,9.79684536782436e-06,TRUE,NA
9372,5.19250227983858e-06,6.95840663957774e-06,TRUE,NA
9373,0.0621094496746466,0.00156131140808594,FALSE,NA
9374,0.000279540433307518,5.03451559496805e-07,FALSE,NA
9375,1.45924447403289e-07,0.000807575424775981,TRUE,NA
9376,0.00186353881905319,0.0151767540188675,TRUE,NA
9377,0.00568302568490317,0.0313418822880376,TRUE,NA
9378,0.00230097871247687,1.48422169356002e-07,FALSE,NA
9379,0.00233514363575387,0.00491398093982886,TRUE,NA
9380,2.11663917780036e-06,1.11573458872623e-08,FALSE,NA
9381,6.88103308274197e-06,1.11245418097617,TRUE,NA
9382,0.0496612777547514,0.000170328097478285,FALSE,NA
9383,1.37825196355924e-05,0.000330491819074314,TRUE,NA
9384,4.27472654602253e-07,0.00611603430347166,TRUE,NA
9385,0.00579279487014288,1.83975602689282e-07,FALSE,NA
9386,7.94277030787868e-05,3.09857424715638e-06,FALSE,NA
9387,1.05681597281367e-05,3.17934995303474e-06,FALSE,NA
9388,0.0163596608995194,0.0311497691897418,TRUE,NA
9389,0.0215458331924639,5.88240353629728e-05,FALSE,NA
9390,0.00016701432873178,6.16617956995737e-05,FALSE,NA
9391,7.27110334942103e-07,8.15167258427736e-05,TRUE,NA
9392,0.000279059937277105,1.05122147462119e-06,FALSE,NA
9393,5.6112689707623e-06,1.10071660336152e-05,TRUE,NA
9394,0.000447052265039887,0.00152968441358179,TRUE,NA
9395,0.000169322702169326,2.14004891707712e-05,FALSE,NA
9396,0.00295050871072908,0.00211501640513377,FALSE,NA
9397,2.16575455837993e-05,0.00173602871036415,TRUE,NA
9398,0.0643189233204049,0.0344964866846796,FALSE,NA
9399,0.000460785987326312,1.12491786173931,TRUE,NA
9400,0.000504898597945685,3.22393760711338e-05,FALSE,NA
9401,0.000630085305329944,0.00128998037395653,TRUE,NA
9402,0.0065849757677572,3.47510802501932e-06,FALSE,NA
9403,0.00232755392291352,7.61705399417538e-07,FALSE,NA
9404,0.00160059799012616,0.00138120222925266,FALSE,NA
9405,3.11967476137099e-06,0.00681700309230202,TRUE,NA
9406,0.153486953542179,0.0075717856539268,FALSE,NA
9407,1.62571463943868e-06,0.33447816370867,TRUE,NA
9408,2.048767376754e-08,0.000618301788540673,TRUE,NA
9409,0.0003724922165287,3.54125430979545e-05,FALSE,NA
9410,0.00443607501854226,0.0141849007328489,TRUE,NA
9411,7.07188749453759e-05,0.00015303899694793,TRUE,NA
9412,0.00864414654261597,0.0121641903784776,TRUE,NA
9413,0.00114245641705935,6.75631020081492e-09,FALSE,NA
9414,0.00253355672517342,5.68564648679635e-07,FALSE,NA
9415,0.00024506891896434,5.90934518507478e-06,FALSE,NA
9416,9.83911989319631e-06,3.79586405268151e-06,FALSE,NA
9417,1.05065216864227e-06,0.84499136257347,TRUE,NA
9418,0.00037845043926305,1.30075497438963e-06,FALSE,NA
9419,0.000603478849980995,0.000638461517530269,TRUE,NA
9420,0.000275441328801846,0.00225291569506961,TRUE,NA
9421,0.000384785770990648,0.0358750573440244,TRUE,NA
9422,0.00402423263160078,0.00411504065481403,TRUE,NA
9423,0.00488391304986994,1.23693733409472e-05,FALSE,NA
9424,1.15702286006522e-07,0.284515838661169,TRUE,NA
9425,0.000162592384176778,2.13258256941896e-06,FALSE,NA
9426,0.00252487507488587,1.18234728114547e-07,FALSE,NA
9427,0.00343905991650786,9.65649407834824e-05,FALSE,NA
9428,4.90360173155277e-05,2.32681832498849e-05,FALSE,NA
9429,2.50543285913631e-05,0.250316252119687,TRUE,NA
9430,0.000474522255201024,0.00263157481419253,TRUE,NA
9431,0.000111410504731103,0.000504468207205558,TRUE,NA
9432,0.0430336570148553,0.000135094092180755,FALSE,NA
9433,6.53154197415532e-11,0.0334651561545326,TRUE,NA
9434,1.37662024195211e-05,5.80346381959896e-06,FALSE,NA
9435,0.000389277951870346,2.73708396742806e-05,FALSE,NA
9436,0.000295321900879542,0.00187182505069498,TRUE,NA
9437,0.00153100049491949,0.00494467966419534,TRUE,NA
9438,0.00459185416073597,0.261634570465346,TRUE,NA
9439,0.000121633917471648,0.140624064334471,TRUE,NA
9440,1.16899373418802e-06,0.000182696666066483,TRUE,NA
9441,0.0248560154279358,0.000489341256832517,FALSE,NA
9442,0.0176185374282828,0.0672463676188882,TRUE,NA
9443,5.84608502850683e-06,1.21980424017165e-06,FALSE,NA
9444,0.0701411806836953,0.000194172482351771,FALSE,NA
9445,0.00052895969661731,0.00255831924225959,TRUE,NA
9446,4.07765606267608e-08,0.015433502858854,TRUE,NA
9447,0.0291749161357657,0.652364127436243,TRUE,NA
9448,0.00286949214735619,1.10211843588759e-06,FALSE,NA
9449,1.39643139119939e-06,1.32700472602673e-08,FALSE,NA
9450,0.000432447168850761,3.90373549406059e-05,FALSE,NA
9451,0.0356562679972775,0.00131621084947143,FALSE,NA
9452,0.0298752928623699,4.23173710682617e-07,FALSE,NA
9453,0.00066573072380302,2.80476345624842e-07,FALSE,NA
9454,0.00662799629880374,1.17964315373177e-05,FALSE,NA
9455,0.00156585792659399,0.316051027771062,TRUE,NA
9456,1.98775966791598e-07,0.111716056667866,TRUE,NA
9457,0.00015424251956954,0.000667106709641571,TRUE,NA
9458,0.00197456194679532,1.69854649776192,TRUE,NA
9459,8.77832029674333e-10,0.00281075221945453,TRUE,NA
9460,1.0457208477842e-06,0.00028661603950152,TRUE,NA
9461,3.07703367386714e-07,2.87054187652853e-07,FALSE,NA
9462,2.91617206236627e-06,4.83979336041716e-07,FALSE,NA
9463,0.000399027593029594,0.0474544760345529,TRUE,NA
9464,2.42220545112756e-05,2.17811903537161e-05,FALSE,NA
9465,0.000663974032402888,0.26671863250636,TRUE,NA
9466,0.00104630077037522,3.41557619972316e-06,FALSE,NA
9467,2.45798808355957e-06,0.00159731792234957,TRUE,NA
9468,1.2686899587416e-06,2.75655769333322e-05,TRUE,NA
9469,6.35005381630815e-11,0.00021785333933184,TRUE,NA
9470,0.00212335055358848,0.000379043205336919,FALSE,NA
9471,0.000124145505095605,1.71702682491158e-05,FALSE,NA
9472,1.60200004717954e-06,0.000141205368709101,TRUE,NA
9473,0.0287803592549228,2.44182507976641e-05,FALSE,NA
9474,0.0790208330730165,0.151583917030876,TRUE,NA
9475,0.000617056687749206,0.000267736712115011,FALSE,NA
9476,0.00157235991165461,8.40399100068531e-05,FALSE,NA
9477,0.000944758226396466,4.25411778032234e-05,FALSE,NA
9478,0.00159303580011313,0.0559119646217501,TRUE,NA
9479,0.000177494359947365,5.22912244813363e-05,FALSE,NA
9480,0.000117661555716514,0.00150259474734217,TRUE,NA
9481,0.00010259272975965,0.0762535584817703,TRUE,NA
9482,0.00550860614100288,0.000610203525963885,FALSE,NA
9483,9.56965379431892e-08,8.93073857781543e-05,TRUE,NA
9484,8.00123658458933e-06,0.125121214979384,TRUE,NA
9485,0.0069226759373412,0.0108897552218706,TRUE,NA
9486,0.00190971326896578,1.57878160240102e-07,FALSE,NA
9487,2.92246652053471e-05,0.002873324392546,TRUE,NA
9488,0.0358866614806451,7.63018939934039e-05,FALSE,NA
9489,0.00105140285225989,4.07311485468037e-05,FALSE,NA
9490,2.04675985266781e-06,2.81082550454409e-06,TRUE,NA
9491,3.25399603136395e-07,7.20961174302465e-05,TRUE,NA
9492,0.000856911080670977,0.000275812553121068,FALSE,NA
9493,0.00490804713455521,0.0846353310060267,TRUE,NA
9494,1.74854300497677e-06,0.0021825670114582,TRUE,NA
9495,0.000496763485130096,0.00793862337203224,TRUE,NA
9496,6.64439471380517e-06,0.00813828862722787,TRUE,NA
9497,0.00248790756066535,2.59201562729559e-05,FALSE,NA
9498,8.31955935560687e-05,0.0127824657661705,TRUE,NA
9499,0.00058161481047817,0.0288783391996282,TRUE,NA
9500,2.70572462585981e-06,1.92741137202746e-05,TRUE,NA
9501,7.59179766660691e-05,0.00631238423545816,TRUE,NA
9502,0.00902213539827537,0.0724680562522543,TRUE,NA
9503,0.0222688479354738,0.00311009497282931,FALSE,NA
9504,0.000836968754753562,0.00175165852946276,TRUE,NA
9505,3.02336109126633e-06,0.00320748128518846,TRUE,NA
9506,6.61059121280739e-05,1.75013565392371e-05,FALSE,NA
9507,6.75890332084629e-05,1.16208556232331e-05,FALSE,NA
9508,1.68325307981201e-07,2.48449018933719e-05,TRUE,NA
9509,0.000437573067958039,0.00454987683007975,TRUE,NA
9510,4.77647883682501e-06,8.2691641511445e-08,FALSE,NA
9511,0.0813305268313768,0.000657102841529003,FALSE,NA
9512,0.00395807602089844,0.000489719569674217,FALSE,NA
9513,2.09925290403821e-05,4.32582193873839e-08,FALSE,NA
9514,1.301354455228e-05,0.684306042083893,TRUE,NA
9515,0.000648132361391456,2.11712204640845e-07,FALSE,NA
9516,9.36989997850742e-06,8.26287743389768e-05,TRUE,NA
9517,0.0150456692165596,0.0821541746675643,TRUE,NA
9518,0.0028946523340298,0.188901762478176,TRUE,NA
9519,6.82734045930445e-06,0.00214132887249856,TRUE,NA
9520,0.000374186535814844,0.00217793138779426,TRUE,NA
9521,0.00396793015413101,1.47917980972125e-06,FALSE,NA
9522,0.000617270308593849,1.27219955781528e-06,FALSE,NA
9523,0.00051473116495677,0.00139085446495167,TRUE,NA
9524,0.00290602162602047,0.000192290264580502,FALSE,NA
9525,1.30630316079162e-05,8.93753064134185e-05,TRUE,NA
9526,0.000987545125929452,0.283735851578693,TRUE,NA
9527,7.04262645614548e-07,3.20014026915647e-05,TRUE,NA
9528,5.85630556667428e-07,2.01729639473772e-08,FALSE,NA
9529,0.000970500748526499,7.03485767488988e-05,FALSE,NA
9530,8.63222221244355e-07,0.0495337446962868,TRUE,NA
9531,1.33383740843988e-07,2.08675772124069e-05,TRUE,NA
9532,0.00505488428856624,0.00140785175061486,FALSE,NA
9533,4.19083659942826e-06,0.000186875401015793,TRUE,NA
9534,0.00383353210523858,0.017532035350717,TRUE,NA
9535,0.0511747695223458,0.00706587665099542,FALSE,NA
9536,0.00148014448815127,0.00536673974741093,TRUE,NA
9537,0.000241775464318965,0.00312016091272888,TRUE,NA
9538,0.000132546457232662,0.000939623440529524,TRUE,NA
9539,0.000270596412595011,3.33655746628068e-07,FALSE,NA
9540,0.135313633557265,1.80603469054192e-05,FALSE,NA
9541,0.0023509853412806,0.455411855340376,TRUE,NA
9542,3.56531859133787e-05,5.48452570819969e-05,TRUE,NA
9543,2.75164171903336e-08,7.36962930097748,TRUE,NA
9544,1.22742933218214e-05,1.61366067820526e-05,TRUE,NA
9545,0.000854094476924499,4.95475796009802e-08,FALSE,NA
9546,0.00151942075267885,0.737773976847037,TRUE,NA
9547,0.000159606121215198,0.000123113174149512,FALSE,NA
9548,0.00460467395136565,0.0377955731158733,TRUE,NA
9549,0.000361051033934335,0.320874353196569,TRUE,NA
9550,2.41819852515175e-07,0.00109536018846421,TRUE,NA
9551,0.00938713696915436,7.61741988254302e-06,FALSE,NA
9552,0.00856116057343133,1.10353136821819e-06,FALSE,NA
9553,4.18804799616978e-08,1.26431674277657e-05,TRUE,NA
9554,0.000466293849765488,0.0746449612626035,TRUE,NA
9555,9.67493641225788e-10,3.34113606811852e-08,TRUE,NA
9556,0.00116697955983598,0.000213366019321428,FALSE,NA
9557,3.00815545889795e-08,0.00146919681344741,TRUE,NA
9558,1.39548372858208e-11,0.0199588843309517,TRUE,NA
9559,0.103185330955353,0.0289419195526405,FALSE,NA
9560,5.1769248676662e-07,2.98460123727888e-09,FALSE,NA
9561,0.000382788106417701,0.181364365397616,TRUE,NA
9562,0.000289601364080957,0.00442317800042845,TRUE,NA
9563,2.629217722582e-06,3.00962675980115e-08,FALSE,NA
9564,9.25376645043721e-06,0.000221858566832899,TRUE,NA
9565,5.56051849396798e-07,3.75282271368183e-05,TRUE,NA
9566,0.019904151610973,0.00115711335095276,FALSE,NA
9567,9.87776454402148e-09,0.012899302932226,TRUE,NA
9568,3.21809829023937e-05,2.96780406361831e-06,FALSE,NA
9569,0.000134627131477364,0.00180194474827965,TRUE,NA
9570,0.00106840501276741,2.6813252583616e-05,FALSE,NA
9571,0.0211433790199473,0.00161933975924752,FALSE,NA
9572,3.84206566679915e-06,1.15353314225812e-07,FALSE,NA
9573,1.43121144724666e-06,1.48039074983681e-05,TRUE,NA
9574,4.47925910634093e-05,0.0337421044499269,TRUE,NA
9575,6.39663982860067e-05,1.22059506256877e-05,FALSE,NA
9576,0.00738451482630564,5.99494464572312e-06,FALSE,NA
9577,0.00113353124592088,3.35717712215868e-05,FALSE,NA
9578,1.98812941421122e-08,6.9182745606903e-06,TRUE,NA
9579,2.16724258551835e-06,0.00376029628047333,TRUE,NA
9580,0.000701692767163023,0.0193812457147047,TRUE,NA
9581,0.000213200499285071,0.000211937870484658,FALSE,NA
9582,0.000403027467054897,0.00530392955501626,TRUE,NA
9583,0.00667442542269097,9.15127589872976e-05,FALSE,NA
9584,4.23361455949223e-06,0.00486006890871156,TRUE,NA
9585,9.94719130294204e-05,0.0651781520344805,TRUE,NA
9586,0.000367899188699627,0.00467547667535287,TRUE,NA
9587,0.000242497964864566,0.063526770234313,TRUE,NA
9588,0.0310548168536474,0.0965524420558394,TRUE,NA
9589,0.00821880464089458,0.00700066351293848,FALSE,NA
9590,5.89901913226222e-07,0.0292371685435924,TRUE,NA
9591,0.0956340828212995,0.00200292978827669,FALSE,NA
9592,0.00384788525317002,9.93971011636103e-06,FALSE,NA
9593,0.000802284040568024,2.88720153205584e-05,FALSE,NA
9594,0.0273936487861263,4.57906977212055e-05,FALSE,NA
9595,0.0153727333613516,0.0110773267306484,FALSE,NA
9596,7.81511412367152e-05,0.00124514955458414,TRUE,NA
9597,2.04434966406638e-05,0.00436133218104779,TRUE,NA
9598,0.000295371783177133,0.410484520104585,TRUE,NA
9599,0.000484787023339543,0.000768608566692213,TRUE,NA
9600,3.8418062507575e-06,0.0121686816510743,TRUE,NA
9601,0.000848055070199563,0.00106935010551385,TRUE,NA
9602,0.000162213618880157,0.00767173354499669,TRUE,NA
9603,3.70780405928419e-05,0.0944654912648388,TRUE,NA
9604,1.52231817200574e-08,6.55581589916424e-05,TRUE,NA
9605,0.000372731949989723,5.18035104254294e-05,FALSE,NA
9606,0.00152186601807541,0.3136306182999,TRUE,NA
9607,0.00559231207293213,0.000434972935906388,FALSE,NA
9608,9.95616443533311e-07,0.00125741374589365,TRUE,NA
9609,9.78317424997314e-06,2.94637094519308,TRUE,NA
9610,6.31130893433666e-06,0.150757645904427,TRUE,NA
9611,2.73891092448725e-08,0.000283441124290275,TRUE,NA
9612,0.11267056747897,7.69916712562537e-07,FALSE,NA
9613,0.0518571680263636,0.00964082338007663,FALSE,NA
9614,4.96490282247372e-05,3.04803096047491e-06,FALSE,NA
9615,0.12844636343827,1.48695053542896e-06,FALSE,NA
9616,0.0283814938893407,0.00171849684038914,FALSE,NA
9617,3.24363290815821e-06,3.40136177975692e-05,TRUE,NA
9618,0.0304359067574363,0.00125442785878863,FALSE,NA
9619,6.79923140677693e-07,2.77674183518792e-05,TRUE,NA
9620,1.51559875875506e-09,0.27852195217256,TRUE,NA
9621,0.00204838790573838,0.3754887236908,TRUE,NA
9622,0.000387876498738628,0.00283466936406973,TRUE,NA
9623,0.00176580309922351,1.05655109043561e-06,FALSE,NA
9624,1.7651294684982e-07,0.00185123505462962,TRUE,NA
9625,7.00443594343198e-08,3.22984351264226e-06,TRUE,NA
9626,9.33890554815179e-05,0.0067040256120618,TRUE,NA
9627,0.0626497394722532,8.8596319380995e-07,FALSE,NA
9628,0.00800392038756951,2.05735135601193e-05,FALSE,NA
9629,0.000128424661340673,2.79078765888329e-06,FALSE,NA
9630,0.000302995689539578,0.105924955957846,TRUE,NA
9631,3.86477759195041e-06,0.000442219214111334,TRUE,NA
9632,8.22067324935712e-07,0.0064947536850751,TRUE,NA
9633,0.000267225971723288,0.000223302186547111,FALSE,NA
9634,7.74320981780503e-08,0.00080906249332788,TRUE,NA
9635,2.74999463793037e-06,0.0935128462357375,TRUE,NA
9636,0.000146609068069568,2.01134981963354e-06,FALSE,NA
9637,0.000222740200571634,0.0488460717195505,TRUE,NA
9638,0.000524501989002189,2.36386112441391e-05,FALSE,NA
9639,0.00149191627774986,0.00179892536983958,TRUE,NA
9640,7.50026647107971e-05,0.000379635595243206,TRUE,NA
9641,1.15182497178933e-07,7.66141968614463e-05,TRUE,NA
9642,2.43281287835976e-06,0.000506746152468297,TRUE,NA
9643,9.85094866190996e-05,1.79791029572886e-07,FALSE,NA
9644,4.45211393867769e-05,1.89629112679254e-05,FALSE,NA
9645,4.40194217594108e-06,0.00839597723420535,TRUE,NA
9646,0.00011528278097713,0.000152434731330534,TRUE,NA
9647,3.35759660154002e-07,3.46349263701501e-05,TRUE,NA
9648,1.79923276906071e-05,0.495629245945435,TRUE,NA
9649,5.62775650705979e-05,0.000160022093436067,TRUE,NA
9650,0.000276475230945546,1.54315107442181e-06,FALSE,NA
9651,2.59619865815942e-05,2.08985051488549e-11,FALSE,NA
9652,4.37895087816525e-09,0.0409701704008262,TRUE,NA
9653,1.0747500690344e-05,0.000135304148907715,TRUE,NA
9654,0.0165737448214097,5.12544137177076e-06,FALSE,NA
9655,0.00353115461302547,1.78920958751428e-06,FALSE,NA
9656,0.000869707825524864,0.00325066548289386,TRUE,NA
9657,0.0139058111794717,0.0416890867316198,TRUE,NA
9658,0.00252521578362353,0.000633050729385504,FALSE,NA
9659,3.05183079273797e-09,0.00205042640968968,TRUE,NA
9660,0.0210639991132422,0.000705361455485145,FALSE,NA
9661,2.8165323645987e-06,0.00102955721883152,TRUE,NA
9662,0.00116544694069376,0.000515357528148275,FALSE,NA
9663,0.000505861065477248,0.00027584394992164,FALSE,NA
9664,0.00028396243615992,1.27248380262264e-05,FALSE,NA
9665,6.98571564496427e-06,6.02252776027616e-06,FALSE,NA
9666,0.00896244500455643,1.11303156998299e-05,FALSE,NA
9667,0.0664215562970108,1.0055125548178e-06,FALSE,NA
9668,0.0108750882854868,0.0104967448460177,FALSE,NA
9669,1.50990498785754e-06,8.27126253915485e-06,TRUE,NA
9670,0.00151449471365352,0.0426126139583574,TRUE,NA
9671,0.00917946365979911,0.0245894217924942,TRUE,NA
9672,7.96569889578881e-08,8.95809224732672e-08,TRUE,NA
9673,0.00268100916557127,0.00020418310382178,FALSE,NA
9674,0.000278846221500543,0.00214452561264187,TRUE,NA
9675,0.0951067612483097,0.00290466680128529,FALSE,NA
9676,7.89587298663808e-09,0.000377794555309071,TRUE,NA
9677,8.93948507147729e-05,1.63599401423427e-06,FALSE,NA
9678,0.000239941699900678,0.000638067237010436,TRUE,NA
9679,2.81749383310303e-06,0.00230802502346295,TRUE,NA
9680,0.00010506941282617,0.000164266252809254,TRUE,NA
9681,8.8120469644009e-05,0.00162758038867235,TRUE,NA
9682,4.73184156395085e-08,4.81777370810767e-05,TRUE,NA
9683,2.40945793999535e-08,0.000159297802336761,TRUE,NA
9684,0.000700699616487199,0.0175442666441763,TRUE,NA
9685,0.00294416451817443,0.0066671610616635,TRUE,NA
9686,3.54153691152001e-05,1.42395741748095e-05,FALSE,NA
9687,0.00199820418434637,5.45476082322377e-06,FALSE,NA
9688,4.55055528627042e-05,2.54129238083318e-05,FALSE,NA
9689,3.37089086774209e-08,0.000122676474338867,TRUE,NA
9690,9.6219768025312e-06,0.00317628407602863,TRUE,NA
9691,0.0432079860435443,7.29910052278416e-06,FALSE,NA
9692,0.00755849747811068,0.000357920849112504,FALSE,NA
9693,0.0019975526200374,4.1753528389994e-06,FALSE,NA
9694,6.90789551581393e-06,0.0663455070732606,TRUE,NA
9695,0.000789587199379395,3.72795806031662e-09,FALSE,NA
9696,1.41482879334838e-06,1.47098618002872e-07,FALSE,NA
9697,0.00262585188331802,1.3015231440253e-07,FALSE,NA
9698,0.000667715337394938,5.27936427504833,TRUE,NA
9699,7.49897799088405e-06,0.00648958427037028,TRUE,NA
9700,0.000288872065861336,2.66982436194609e-10,FALSE,NA
9701,6.97080902216847e-05,0.000140000720332471,TRUE,NA
9702,0.00123420803241802,0.00904001126173603,TRUE,NA
9703,5.7996468418575e-05,1.20255006025447e-09,FALSE,NA
9704,6.10191898973643e-08,0.00579204765352365,TRUE,NA
9705,8.03422767222774e-05,0.000613797510995923,TRUE,NA
9706,1.59901796709179e-07,0.0114107270387558,TRUE,NA
9707,0.00179539643384735,1.90602055539991e-07,FALSE,NA
9708,0.000153728033648927,5.1673302909383e-05,FALSE,NA
9709,6.57679917610183e-06,0.000536513978031263,TRUE,NA
9710,0.000839136733342923,7.40549873923697e-05,FALSE,NA
9711,0.0229957008406958,0.068422373912527,TRUE,NA
9712,0.00516521781923211,7.18250241985771e-07,FALSE,NA
9713,8.13659140395281e-10,0.0708830132187162,TRUE,NA
9714,1.93172931445909e-05,1.00042460231802e-06,FALSE,NA
9715,0.00521918428194223,5.89911020939668e-06,FALSE,NA
9716,1.16193909250129e-07,1.5488398036002e-06,TRUE,NA
9717,8.2231969005537e-05,0.0237088945465317,TRUE,NA
9718,1.13635062394643e-05,0.000676874389977676,TRUE,NA
9719,8.2013807670028e-07,3.16725694940721e-05,TRUE,NA
9720,0.000326593606811819,1.18275345513842e-05,FALSE,NA
9721,0.0246888301582146,0.000133819055843514,FALSE,NA
9722,0.0247916279045428,0.000732071573743163,FALSE,NA
9723,0.00245007583456802,2.04354033231672e-06,FALSE,NA
9724,0.00990142810432403,0.0412422339978123,TRUE,NA
9725,1.23082243755468e-07,0.00329381487120758,TRUE,NA
9726,2.32989054657399e-07,3.34401948354183e-05,TRUE,NA
9727,6.16890086631607e-06,3.17741282471886e-07,FALSE,NA
9728,4.90019638022062e-07,0.00031159443874702,TRUE,NA
9729,0.000504607473430549,8.28248779443668e-08,FALSE,NA
9730,5.39684331367936e-05,9.71114859015513e-06,FALSE,NA
9731,8.85608078340156e-08,0.254816948028608,TRUE,NA
9732,0.00287782601141525,0.0421788830956517,TRUE,NA
9733,0.0363655060604299,0.00111558881199732,FALSE,NA
9734,0.0293929077518368,0.01085011648403,FALSE,NA
9735,1.97390478144533e-06,0.00415320528495163,TRUE,NA
9736,3.24831743593869e-05,8.99068706598727e-08,FALSE,NA
9737,0.0894604408971831,0.000414557946596779,FALSE,NA
9738,1.5954460768782e-08,0.00188620444948329,TRUE,NA
9739,0.000754284342182902,1.19312897743271e-05,FALSE,NA
9740,0.085058917621837,0.000410115970159244,FALSE,NA
9741,3.75592630875957e-06,0.00436796736393299,TRUE,NA
9742,0.000760987346566739,4.60397077037326e-05,FALSE,NA
9743,0.0186059824172717,1.37769818287654e-06,FALSE,NA
9744,0.000126405003324351,1.37516469785371e-06,FALSE,NA
9745,0.00206940822203054,0.0293804202675126,TRUE,NA
9746,0.000976513854073974,1.58253141678655e-07,FALSE,NA
9747,0.00724792354537085,0.00257027519851833,FALSE,NA
9748,7.97158667061359e-07,3.98124693817091e-06,TRUE,NA
9749,0.00385753313212802,0.000649795142389661,FALSE,NA
9750,1.74755544983549e-07,3.63585060534978e-06,TRUE,NA
9751,0.00384506497654758,8.01602982745463e-06,FALSE,NA
9752,1.49402934479573e-10,0.00355488132462737,TRUE,NA
9753,0.00173146989810963,0.00202437148180836,TRUE,NA
9754,0.0114267722805486,0.00255225801862073,FALSE,NA
9755,2.82947927921701e-05,9.12780517975963e-07,FALSE,NA
9756,0.0027960343321667,0.0965544311083245,TRUE,NA
9757,0.03450195502562,0.00450649822891121,FALSE,NA
9758,4.2167509604442e-06,3.42745137206779e-05,TRUE,NA
9759,1.77252645489183e-05,5.14292143528812e-09,FALSE,NA
9760,0.00109643109425212,0.0465972440947603,TRUE,NA
9761,0.00178409815564157,0.884482636369298,TRUE,NA
9762,4.41536181394257e-07,0.0010745486351977,TRUE,NA
9763,2.12119208738372e-05,0.0271769347195529,TRUE,NA
9764,0.000328791619368213,9.65161959153221e-06,FALSE,NA
9765,4.6508972995833e-05,3.85331984528102e-06,FALSE,NA
9766,0.000879334543288532,5.26067082396082e-05,FALSE,NA
9767,0.00171474717885281,0.161132306558751,TRUE,NA
9768,1.89553295133778e-06,6.84940948330803e-05,TRUE,NA
9769,3.10949947018269e-05,0.00144728877678445,TRUE,NA
9770,0.00135433110107797,0.00088900830540182,FALSE,NA
9771,0.0176467953082171,2.61503967153133e-06,FALSE,NA
9772,6.05409733045747e-06,0.0270091289398662,TRUE,NA
9773,0.00107644978147999,9.69008062320743e-07,FALSE,NA
9774,0.000910296405702596,9.05512594190686e-05,FALSE,NA
9775,0.021085872784645,3.39827734739799e-07,FALSE,NA
9776,0.000362107693430894,0.709585482931216,TRUE,NA
9777,1.20301248692676e-05,6.88465715932716e-08,FALSE,NA
9778,1.14994380465206e-05,0.00307124039112309,TRUE,NA
9779,0.00735552148395664,0.0199559664173551,TRUE,NA
9780,0.000237381837983875,8.3567641600152e-05,FALSE,NA
9781,2.54390099508099e-05,0.00729943674443742,TRUE,NA
9782,5.83782179156994e-05,1.35523543306659e-08,FALSE,NA
9783,0.000928259373660528,3.44632000700994e-06,FALSE,NA
9784,0.0103598241608871,0.00150821224094411,FALSE,NA
9785,8.77563978726204e-05,0.00239128632697678,TRUE,NA
9786,2.94763438690437e-07,0.00111744301759268,TRUE,NA
9787,0.0317577557844697,3.49939490551526e-07,FALSE,NA
9788,0.00134209728899504,0.000209320124663206,FALSE,NA
9789,5.40415136143997e-08,7.53448069008804e-08,TRUE,NA
9790,1.30624217578842e-05,0.00079278905896499,TRUE,NA
9791,0.000161906049731461,0.611559522300482,TRUE,NA
9792,1.51462918910518e-08,3.64256700330921e-08,TRUE,NA
9793,0.0071784036846989,5.50968554395663e-05,FALSE,NA
9794,1.38211668287775e-06,0.00245097424088382,TRUE,NA
9795,0.0168775910531072,0.107947653635429,TRUE,NA
9796,0.00182808735132754,0.000165490371999881,FALSE,NA
9797,0.000128869093132858,0.00064868111348453,TRUE,NA
9798,0.000363126022093589,0.0158167532567546,TRUE,NA
9799,0.00310870584055302,0.000327079411410647,FALSE,NA
9800,0.00105720228914061,1.60130841456425e-05,FALSE,NA
9801,1.07094443507647e-05,0.0001566666459805,TRUE,NA
9802,2.17581907082752e-08,2.22517908934413e-06,TRUE,NA
9803,0.000324803726109755,0.000116205628627951,FALSE,NA
9804,0.00124494354789241,2.22344362013889e-05,FALSE,NA
9805,1.67826352955699e-09,0.00526316297380333,TRUE,NA
9806,0.0297970770791378,0.00130829759207145,FALSE,NA
9807,0.0658652554252763,0.00132717065967589,FALSE,NA
9808,6.00088225915643e-05,9.0143645980326e-05,TRUE,NA
9809,2.88953358499744e-06,0.0063237340519827,TRUE,NA
9810,0.0431856583259032,1.25596139003871e-05,FALSE,NA
9811,0.00997386256679923,0.00460100762948533,FALSE,NA
9812,8.83367218521256e-07,0.0253405534997738,TRUE,NA
9813,5.61229392054682e-08,1.27245747353255e-09,FALSE,NA
9814,7.75362951634644e-06,0.787818481483072,TRUE,NA
9815,0.000859034932655109,5.08027838721892e-06,FALSE,NA
9816,0.035799192160054,0.004369739512876,FALSE,NA
9817,1.23187146211206e-05,4.0806913404745e-11,FALSE,NA
9818,0.045422294313128,6.37107967279292e-06,FALSE,NA
9819,0.000344301486138934,2.21480548114651e-07,FALSE,NA
9820,0.00464115016705776,1.11621492383796,TRUE,NA
9821,9.74952145804939e-06,0.000348701725031206,TRUE,NA
9822,0.000172668008023496,0.000174129383533531,TRUE,NA
9823,0.000270217019109986,0.171144746033215,TRUE,NA
9824,0.0188754407853862,0.0408462461745786,TRUE,NA
9825,4.82368176553882e-05,0.000199717501845097,TRUE,NA
9826,5.164478664952e-06,0.00213257637280285,TRUE,NA
9827,0.000824134238444885,0.000137994393955401,FALSE,NA
9828,1.06652423140482e-07,1.288326016702e-05,TRUE,NA
9829,0.0205648330385527,0.00251877719330538,FALSE,NA
9830,0.000458116624292576,1.73614005506604e-05,FALSE,NA
9831,1.76985297998283e-05,0.724896783031416,TRUE,NA
9832,0.00107545056550351,1.45990338586507e-05,FALSE,NA
9833,0.0402143242706746,1.5533760212657e-06,FALSE,NA
9834,0.000413755370593029,3.39305333106982e-07,FALSE,NA
9835,0.0152815995557121,0.0144888804613715,FALSE,NA
9836,0.000223773832746381,0.00295100218366817,TRUE,NA
9837,0.00231112253824803,0.000199410068691354,FALSE,NA
9838,0.000206905680317892,4.8964585141755e-08,FALSE,NA
9839,0.0225622611673207,0.0017386459843208,FALSE,NA
9840,2.09067289060404e-05,2.83803869334547e-10,FALSE,NA
9841,0.0046231651957113,0.000231080317708159,FALSE,NA
9842,0.00802071730016844,0.00436950841887853,FALSE,NA
9843,8.68588419749518e-05,0.000220943640947982,TRUE,NA
9844,0.000206026665508369,3.50085772259869e-05,FALSE,NA
9845,0.0335754272773535,0.00321666754454341,FALSE,NA
9846,2.03284075694486e-05,0.826261327320657,TRUE,NA
9847,2.43828812993286e-09,2.86636101372627e-06,TRUE,NA
9848,0.000250937403781148,9.29467991212815e-05,FALSE,NA
9849,0.0790843860264942,0.00362161215255722,FALSE,NA
9850,0.0102994805956441,0.00992715766674628,FALSE,NA
9851,0.0404238086359729,0.000973712744338131,FALSE,NA
9852,0.00503614631380678,0.144628618642128,TRUE,NA
9853,0.00188642196929744,0.000422797803206586,FALSE,NA
9854,0.000340547002755261,0.000238243480038942,FALSE,NA
9855,0.000308555492587608,0.00571051229485284,TRUE,NA
9856,0.00464865841773206,0.0061897319766683,TRUE,NA
9857,0.000122696526085137,0.191943329238158,TRUE,NA
9858,1.3739402348605e-06,1.70191994084531e-06,TRUE,NA
9859,0.0388794693060902,8.26034994904018e-05,FALSE,NA
9860,0.00127017047272522,0.0470349576924589,TRUE,NA
9861,0.00144937043325304,0.00321926767188507,TRUE,NA
9862,0.00147929320268775,4.28812625310802e-07,FALSE,NA
9863,1.13700142524724e-06,0.00168135878334876,TRUE,NA
9864,0.00305016907226755,0.0486006139700213,TRUE,NA
9865,0.00356815140948955,0.00425863426663312,TRUE,NA
9866,5.21664905885548e-06,3.9262471743224e-07,FALSE,NA
9867,3.07003498455361e-06,0.00207707442714545,TRUE,NA
9868,0.000141368333497892,3.60634841965124e-05,FALSE,NA
9869,6.36913736372867e-05,0.0420962139600559,TRUE,NA
9870,0.00335876411655163,0.000684986027592929,FALSE,NA
9871,0.0313669709411508,1.97162363602866e-05,FALSE,NA
9872,0.00108359106979056,3.15506524248373e-05,FALSE,NA
9873,0.00956410671804078,0.00806376017668107,FALSE,NA
9874,6.53978324732241e-05,0.00182567048439605,TRUE,NA
9875,7.36434595069801e-06,8.71734744654188e-07,FALSE,NA
9876,3.02359849793731e-07,7.19961746155896e-07,TRUE,NA
9877,3.68150690754353e-07,0.000579377108480906,TRUE,NA
9878,0.0297342115054752,3.13052035252993e-05,FALSE,NA
9879,1.32460647615116e-05,0.00183956296000361,TRUE,NA
9880,8.4495481620348e-06,9.23198230461846e-07,FALSE,NA
9881,4.0926821880788e-08,0.00145960860081912,TRUE,NA
9882,7.86643794346274e-06,5.23009020320595e-06,FALSE,NA
9883,1.51103130019739e-10,1.41122639768339,TRUE,NA
9884,3.07536521351021e-05,3.09229502490363e-05,TRUE,NA
9885,0.0339841752345151,4.34809053489024e-05,FALSE,NA
9886,0.000650761198395789,8.21642830924396e-07,FALSE,NA
9887,4.15383212389369e-07,5.73191980850427e-05,TRUE,NA
9888,8.48584657958607e-05,2.90092109714867e-06,FALSE,NA
9889,1.27028175823398e-06,2.79631688588379e-05,TRUE,NA
9890,1.23426067268093e-05,1.50865843996116e-05,TRUE,NA
9891,0.000219503986218846,2.82262239117699,TRUE,NA
9892,0.0168289199117869,0.0130561392171457,FALSE,NA
9893,0.0469621859075682,2.23481142139432e-07,FALSE,NA
9894,0.000814622840151996,0.0308665152803888,TRUE,NA
9895,0.000160898434460808,0.461603811073623,TRUE,NA
9896,5.24635026215462e-05,0.00236042227207361,TRUE,NA
9897,5.2637792791957e-06,0.000481050841501026,TRUE,NA
9898,4.76060035022301e-07,0.00233364769287118,TRUE,NA
9899,0.00205018100382945,0.000420430149652056,FALSE,NA
9900,5.30349253033179e-08,0.00409352584596948,TRUE,NA
9901,8.26052564940493e-08,0.000762071922517982,TRUE,NA
9902,0.0226707594981558,6.60562040583191e-09,FALSE,NA
9903,0.0163942000450952,0.000424722222979252,FALSE,NA
9904,4.84268130059228e-07,0.000693817402897118,TRUE,NA
9905,3.69564619181336e-05,4.51146429825378e-06,FALSE,NA
9906,3.37770028922839e-06,0.000380336989859789,TRUE,NA
9907,1.29122134680357e-06,0.00204445556161277,TRUE,NA
9908,8.1602944347013e-06,0.000233015036542637,TRUE,NA
9909,0.0227900578293029,2.40853771201142e-05,FALSE,NA
9910,0.000146223964388111,4.80572349124066e-05,FALSE,NA
9911,5.76910210158168e-09,0.00922033005660442,TRUE,NA
9912,0.00118464107439808,1.90970247342972e-06,FALSE,NA
9913,0.00027137302976267,0.00851784084380008,TRUE,NA
9914,1.36073332644807e-07,1.65845458260306e-05,TRUE,NA
9915,2.73686561057331e-06,0.058039457215225,TRUE,NA
9916,0.0412399989358896,0.000154348462195607,FALSE,NA
9917,8.90544507766326e-07,2.71692486890775e-07,FALSE,NA
9918,7.53842541760608e-05,3.40749975850901e-05,FALSE,NA
9919,0.000192293369722826,1.50015001682131e-07,FALSE,NA
9920,0.120801034452285,0.000832811499153393,FALSE,NA
9921,0.000115931985101851,0.0848942578180849,TRUE,NA
9922,0.000636457039942465,1.71208367838581e-08,FALSE,NA
9923,7.32992316422233e-05,0.0011380707660996,TRUE,NA
9924,6.23473334339208e-06,0.0188833335022856,TRUE,NA
9925,0.0333004985864115,3.46158821284803e-05,FALSE,NA
9926,9.02890457108857e-07,0.00317703984952614,TRUE,NA
9927,0.0706859953050979,4.33022113688895e-05,FALSE,NA
9928,1.09008336436984e-05,2.09966127656077e-07,FALSE,NA
9929,0.000453084912654443,0.010287693131459,TRUE,NA
9930,0.00252439366445151,0.0675140493383697,TRUE,NA
9931,0.0332706676871018,5.24950256494041e-07,FALSE,NA
9932,0.0183567557374873,0.154788732793611,TRUE,NA
9933,0.00121538314591212,0.0110797245438977,TRUE,NA
9934,0.00931433914423467,0.0314319307081397,TRUE,NA
9935,3.70554389509712e-05,0.677346812827528,TRUE,NA
9936,8.76485475427286e-05,7.05140057703978e-10,FALSE,NA
9937,0.0464601816905884,3.41096366894279e-06,FALSE,NA
9938,4.8531889302988e-06,9.02966754186528e-05,TRUE,NA
9939,0.085573061919962,0.125402302623777,TRUE,NA
9940,1.25830998008732e-05,0.00168945908834159,TRUE,NA
9941,6.13782928771683e-05,1.04642991431369e-05,FALSE,NA
9942,1.57074353536303e-10,0.0249188210270748,TRUE,NA
9943,1.10463835740103e-07,6.22569826525997e-06,TRUE,NA
9944,0.00850726161981635,5.33243501897125e-05,FALSE,NA
9945,8.54871910251084e-09,0.000116894252631489,TRUE,NA
9946,0.000818312076911998,1.94081596804786e-05,FALSE,NA
9947,0.000325065466558135,0.00976489481184469,TRUE,NA
9948,0.000136512569338412,0.000374588128178961,TRUE,NA
9949,5.2377144559536e-05,0.119061674022258,TRUE,NA
9950,0.00159108133436452,0.000187597575510797,FALSE,NA
9951,0.00111068421962019,0.00017860280701899,FALSE,NA
9952,0.00195172563188089,9.25563000473794e-07,FALSE,NA
9953,0.000595968787934922,0.000286149538356629,FALSE,NA
9954,0.0625391444555612,0.000396959732213625,FALSE,NA
9955,0.000433553883971715,0.00254975607662705,TRUE,NA
9956,5.40978574512534e-09,4.67862236071985e-05,TRUE,NA
9957,0.000631554338714078,3.94439536127624e-05,FALSE,NA
9958,0.00172472499057243,0.00143662883825097,FALSE,NA
9959,0.149843557882655,0.00262055058070401,FALSE,NA
9960,0.00137309853352671,3.49997805151313e-05,FALSE,NA
9961,2.04945744232281e-05,3.97438038825387e-09,FALSE,NA
9962,6.60891443534265e-06,0.42059610790262,TRUE,NA
9963,0.00323476061297925,0.000110616633430651,FALSE,NA
9964,5.85006591405691e-08,3.04923824642963e-06,TRUE,NA
9965,0.000185070961074794,0.00072220413575092,TRUE,NA
9966,0.0210742243710928,9.7050780821899e-06,FALSE,NA
9967,7.08872247130194e-07,6.68221623711361e-08,FALSE,NA
9968,3.87033295051315e-09,0.00980665853331105,TRUE,NA
9969,0.00077497366774375,3.10640402290601e-12,FALSE,NA
9970,0.0219479684747448,3.19491992414384e-08,FALSE,NA
9971,0.00143016777487557,5.44757791188268e-06,FALSE,NA
9972,0.0012276025711499,2.22797695684978e-06,FALSE,NA
9973,0.000988578747790798,0.0129006024191793,TRUE,NA
9974,6.60104746901953e-05,9.71612783400087e-07,FALSE,NA
9975,8.26146593066885e-08,1.71722717139391e-05,TRUE,NA
9976,5.85931351661854e-05,0.108368962476171,TRUE,NA
9977,1.55544214043688e-05,0.000225229198626803,TRUE,NA
9978,0.0972835541289543,5.72142684811614e-07,FALSE,NA
9979,1.26469090835393e-09,0.0105029972000763,TRUE,NA
9980,0.000220778860124207,7.06724330286451e-05,FALSE,NA
9981,0.0564772865615724,2.34994157742528e-09,FALSE,NA
9982,0.113041747324883,0.277349737214326,TRUE,NA
9983,9.59134661682523e-05,0.000981410034637152,TRUE,NA
9984,6.18265632080936e-07,8.14593862350968e-09,FALSE,NA
9985,0.000241828795755864,2.32624670272057e-07,FALSE,NA
9986,0.00980292207186906,0.000709369090109197,FALSE,NA
9987,0.000480664742239558,0.000849926293771764,TRUE,NA
9988,3.16245791225481e-08,2.77130715437134e-05,TRUE,NA
9989,0.00586733236493139,0.0150486266448884,TRUE,NA
9990,5.18909625768019e-06,0.000646648130244738,TRUE,NA
9991,0.000231610170173329,0.165061539945996,TRUE,NA
9992,0.00550209634759105,0.000952682787901999,FALSE,NA
9993,4.4082255525432e-07,0.000371117605980608,TRUE,NA
9994,0.0330392821567098,0.00285403285297551,FALSE,NA
9995,3.23232562361653e-05,0.0107503459004123,TRUE,NA
9996,4.60987710143129e-05,2.04512531303954e-06,FALSE,NA
9997,0.0198012886444904,5.74852989903124e-07,FALSE,NA
9998,0.00470357876020578,0.00479225187344515,TRUE,NA
9999,8.02887878340494e-06,0.00301578579798614,TRUE,NA
10000,0.00201924129009416,0.00242451755763449,TRUE,NA
10001,3.26589487659512e-05,0.157532510875659,TRUE,NA
10002,0.0127828335506273,8.65301123776388e-08,FALSE,NA
10003,1.300316596192e-08,0.0388598135145776,TRUE,NA
10004,0.000193643302861783,8.16338935064776e-05,FALSE,NA
10005,0.0354599550547112,0.00125354736103176,FALSE,NA
10006,1.52132419789634e-05,0.00147209843372887,TRUE,NA
10007,0.000696607750748975,0.00296330134071147,TRUE,NA
10008,0.000507475055675752,0.0152255015515063,TRUE,NA
10009,5.17826850578543e-07,0.000359556254894841,TRUE,NA
10010,0.000317178300031234,0.000179471881243953,FALSE,NA
10011,1.13027904872761e-07,2.45893971881051e-10,FALSE,NA
10012,8.38074070614972e-06,0.00362689361314138,TRUE,NA
10013,9.97999224047764e-05,5.42272798098728e-05,FALSE,NA
10014,0.00447273366455167,0.00125456515929086,FALSE,NA
10015,0.00116160366123151,0.133623471564469,TRUE,NA
10016,1.89238558753572e-05,0.00142368189040982,TRUE,NA
10017,0.0319050324373332,5.07559279055905e-05,FALSE,NA
10018,0.00347688399462626,2.84650273760033e-06,FALSE,NA
10019,0.000125002730406858,0.000377941343780323,TRUE,NA
10020,0.000783543603228681,1.8786632852105e-05,FALSE,NA
10021,0.00081397391577693,4.56271343511763e-06,FALSE,NA
10022,9.34716479048213e-08,4.40047674655617e-08,FALSE,NA
10023,2.7928359049567e-06,2.6058006560639e-06,FALSE,NA
10024,0.0549560936506365,6.91469104220946e-11,FALSE,NA
10025,0.000411033355557789,0.0874317432146783,TRUE,NA
10026,8.90245855581199e-08,0.000124488186193563,TRUE,NA
10027,0.0257089492030427,6.2459098837341e-05,FALSE,NA
10028,7.07827411546359e-06,0.00675865157877319,TRUE,NA
10029,0.00384015282970615,2.27076012063403e-05,FALSE,NA
10030,0.000186238189615592,4.33992740090491e-05,FALSE,NA
10031,1.78545905749937e-05,0.000470121375338404,TRUE,NA
10032,0.0113238789482338,5.27674945774379e-05,FALSE,NA
10033,0.0620818581835447,0.000346151997215225,FALSE,NA
10034,0.000385357817440797,0.00281099188410119,TRUE,NA
10035,0.0334453690126932,0.00272270751659696,FALSE,NA
10036,1.46233159022186e-09,0.00225034095579048,TRUE,NA
10037,0.000107327355972054,0.00488136289964768,TRUE,NA
10038,0.000960807704659471,0.00237098955378213,TRUE,NA
10039,0.037657060845409,2.89144273502496e-06,FALSE,NA
10040,1.62253202196985e-05,0.0113850059965652,TRUE,NA
10041,0.0207034532093127,9.04119799931425e-08,FALSE,NA
10042,3.31176975286709e-05,2.88387369956125e-09,FALSE,NA
10043,0.00268482553742786,0.000166003825341699,FALSE,NA
10044,0.000228306617247898,8.06593291859211e-06,FALSE,NA
10045,0.0269799883931839,1.24784328407316e-05,FALSE,NA
10046,0.000127937016479463,1.84206398030668e-06,FALSE,NA
10047,7.59190476240921e-05,4.71598786070803e-06,FALSE,NA
10048,0.00848365217919131,2.06370708167114e-07,FALSE,NA
10049,3.23679325124884e-06,2.76858954467228e-06,FALSE,NA
10050,0.0496375185657596,0.0022441167576094,FALSE,NA
10051,0.0299821821291517,0.0125079392044294,FALSE,NA
10052,2.80187629046531e-09,0.151677358973542,TRUE,NA
10053,5.75355091246202e-08,3.4804687184556e-06,TRUE,NA
10054,0.0772813592664886,0.000731136039230374,FALSE,NA
10055,4.89287650193005e-07,0.000111905032273501,TRUE,NA
10056,0.000110617041493295,3.22802492803813e-06,FALSE,NA
10057,2.92156366193293e-09,0.0698187879770967,TRUE,NA
10058,2.15437049314161e-07,8.50216406638358e-05,TRUE,NA
10059,0.000978644028155727,0.00602205597546881,TRUE,NA
10060,0.000122993084721486,9.48288707613841e-09,FALSE,NA
10061,0.000982797186834234,1.51665328957388e-05,FALSE,NA
10062,0.00116056371036828,0.000574374244085737,FALSE,NA
10063,0.00212384337676972,0.00011434199922814,FALSE,NA
10064,0.000919935755146548,9.38181003955479e-09,FALSE,NA
10065,0.0528639649284826,5.62091660789891e-06,FALSE,NA
10066,1.25455766633917e-06,0.058896170562486,TRUE,NA
10067,1.44214196150923e-10,8.96172025477828e-13,FALSE,NA
10068,7.45314455717788e-05,0.000302368935446555,TRUE,NA
10069,6.80627328701114e-05,0.000154553302772111,TRUE,NA
10070,1.81326481031032e-08,0.00502603319872874,TRUE,NA
10071,0.000348975366798278,4.02278280117952,TRUE,NA
10072,3.63411976353834e-05,6.76262898461127e-05,TRUE,NA
10073,5.20210640240227e-06,0.00659908531398603,TRUE,NA
10074,3.1733235658217e-06,0.00093549883345981,TRUE,NA
10075,6.96157733592437e-06,0.000111025784407334,TRUE,NA
10076,0.000216610830437701,0.0149071073055294,TRUE,NA
10077,7.70506117435338e-09,6.17235380550041e-05,TRUE,NA
10078,0.000568648374044294,0.153365863582583,TRUE,NA
10079,0.0246072589732925,5.56366244938099e-06,FALSE,NA
10080,0.000401108327065493,0.0040963688095515,TRUE,NA
10081,4.48981320739338e-05,0.787166784055476,TRUE,NA
10082,0.00167196151330345,0.000222443511325271,FALSE,NA
10083,1.99157026217567e-05,0.522549665624974,TRUE,NA
10084,0.00100021559441944,6.55437715131169e-06,FALSE,NA
10085,2.19647713935497e-06,0.00298312360163996,TRUE,NA
10086,1.44921371106447e-05,0.000153096427221991,TRUE,NA
10087,1.39534385020616e-08,0.00230888268331461,TRUE,NA
10088,4.40095985685086e-07,0.000755561138218272,TRUE,NA
10089,5.79614002919054e-09,0.000758094878334798,TRUE,NA
10090,0.0997724461516003,2.78563150712361e-09,FALSE,NA
10091,0.000151366299975384,0.00685468968465041,TRUE,NA
10092,0.0982689947337087,0.008997596980622,FALSE,NA
10093,0.00792755030777107,0.0587915617446154,TRUE,NA
10094,0.000164770664437293,7.28478768852155e-09,FALSE,NA
10095,0.0209731953863263,0.000694482200722402,FALSE,NA
10096,1.81109904867385e-10,0.00592562864384975,TRUE,NA
10097,0.00889949285730586,0.0440308536088286,TRUE,NA
10098,0.00110450241331457,0.0751345672489633,TRUE,NA
10099,2.56851357476577e-05,2.64269613047812e-05,TRUE,NA
10100,0.0181155597362759,7.03826814324976e-05,FALSE,NA
10101,0.0401382294918593,0.0981135108476642,TRUE,NA
10102,0.000437586223786866,0.038323132991504,TRUE,NA
10103,1.89109679893783e-05,0.000440632714049607,TRUE,NA
10104,3.3380414495785e-05,9.0421537081902e-07,FALSE,NA
10105,0.000468830054959563,0.0213427642534973,TRUE,NA
10106,9.28601640069842e-11,0.00184354433830289,TRUE,NA
10107,6.40874217580271e-08,0.000267754793372239,TRUE,NA
10108,7.43926861821651e-05,6.55638329754249e-05,FALSE,NA
10109,0.000271641820854516,0.0365838148178524,TRUE,NA
10110,1.19394010700102e-07,0.000897145995420563,TRUE,NA
10111,1.48474184591328e-06,1.66403866906138,TRUE,NA
10112,6.18767617278371e-05,0.0346184367610293,TRUE,NA
10113,5.36859181401022e-05,0.000400122776061826,TRUE,NA
10114,0.0662695274551365,0.0020347064962668,FALSE,NA
10115,7.58208520860107e-07,0.000320513198632234,TRUE,NA
10116,0.0456993401383469,0.0415818504537827,FALSE,NA
10117,0.001449518466883,0.00127132857764348,FALSE,NA
10118,1.3965221472821e-05,0.00203895773355368,TRUE,NA
10119,0.000257750307825925,2.19079630656364e-05,FALSE,NA
10120,0.001064347353229,3.33419301019383e-07,FALSE,NA
10121,9.46129618770246e-05,0.000624007037007964,TRUE,NA
10122,0.000292520248574356,2.62208756111926e-07,FALSE,NA
10123,3.54877682858487e-10,0.229734794595703,TRUE,NA
10124,0.0220729732881869,4.85167252383103e-07,FALSE,NA
10125,2.12690108236234e-05,1.49804734456575e-05,FALSE,NA
10126,0.00327385593371766,0.000621928400957498,FALSE,NA
10127,0.000161153770277828,7.26486367166349e-07,FALSE,NA
10128,0.00610155193875875,0.000485242837681661,FALSE,NA
10129,1.23806344832014e-08,2.66416944134825e-06,TRUE,NA
10130,0.0169820788283215,1.99525418108643e-07,FALSE,NA
10131,2.5844206886567e-08,2.74822061339452,TRUE,NA
10132,1.02962221720087e-07,6.18050700897696e-05,TRUE,NA
10133,2.15252232937316e-05,0.00797463724606312,TRUE,NA
10134,0.000227128280263065,6.15960615865204e-11,FALSE,NA
10135,8.23599030081433e-05,3.67724220842666e-05,FALSE,NA
10136,0.00599587750099476,0.000450999798819399,FALSE,NA
10137,0.000348674732707927,1.72491350646985e-07,FALSE,NA
10138,0.00039461500257191,0.000375527676066952,FALSE,NA
10139,0.0364978873844319,0.00265437980823768,FALSE,NA
10140,0.00142414543988441,2.63814174962114e-06,FALSE,NA
10141,0.0240750560479384,0.000948926218555977,FALSE,NA
10142,0.025424137853927,6.32851642094206e-06,FALSE,NA
10143,2.05657801793716e-08,1.06412270772441e-07,TRUE,NA
10144,0.00144845671816843,1.17603778901554e-06,FALSE,NA
10145,1.02591308382154e-06,0.132053023069574,TRUE,NA
10146,0.00541154256428615,8.44035539035219e-06,FALSE,NA
10147,0.00501958267442871,0.000611255045455816,FALSE,NA
10148,9.29894001992376e-06,9.46999474410511e-05,TRUE,NA
10149,7.06652735310877e-05,8.01295525652937e-06,FALSE,NA
10150,2.82451423508036e-05,9.13143709263812e-09,FALSE,NA
10151,0.0111786696507153,0.0704416181974961,TRUE,NA
10152,0.000384113938254948,2.76116174629131e-05,FALSE,NA
10153,0.000219712333315493,0.00156575085027068,TRUE,NA
10154,3.88503883470687e-05,1.60553473637211e-07,FALSE,NA
10155,0.00239817652227506,0.0601422263990944,TRUE,NA
10156,0.0037656947024969,1.2959888080942e-07,FALSE,NA
10157,1.50779850853286e-05,0.00489845950565302,TRUE,NA
10158,0.0131308884221526,0.000577031908104372,FALSE,NA
10159,4.38686739900869e-07,4.18083985314756,TRUE,NA
10160,0.00669090901454237,0.000303058598551963,FALSE,NA
10161,0.00904643330770736,1.20974408164064,TRUE,NA
10162,7.73514478537459e-07,3.65085143637741e-05,TRUE,NA
10163,5.51964129079233e-07,2.59999685164243e-08,FALSE,NA
10164,2.76054934848172e-09,0.00414347675544349,TRUE,NA
10165,6.0526587464115e-08,0.00163416252393453,TRUE,NA
10166,0.000684256479261096,0.0478225356772922,TRUE,NA
10167,0.00389349307424535,0.00185558604569166,FALSE,NA
10168,4.12120587177299e-05,4.62701364196297e-06,FALSE,NA
10169,1.70092470252531e-07,0.000583541429462274,TRUE,NA
10170,0.00478439989479084,8.37978845143501e-07,FALSE,NA
10171,3.92452149053484e-06,3.87487933539868e-07,FALSE,NA
10172,0.00355380083170977,9.11923624082152e-07,FALSE,NA
10173,0.0113530848692872,0.000297838342091084,FALSE,NA
10174,0.00464034942599547,5.34380504234219e-05,FALSE,NA
10175,0.0899991295433017,0.243568620427818,TRUE,NA
10176,0.000147524553009998,0.0474998450819298,TRUE,NA
10177,0.00191008877401012,2.35571110987618e-05,FALSE,NA
10178,0.340421802948695,0.00161784420447163,FALSE,NA
10179,5.99067289018164e-05,0.000337809827034732,TRUE,NA
10180,4.49513016709264e-09,0.00434632969422454,TRUE,NA
10181,0.00032937361863817,5.66375503657424e-09,FALSE,NA
10182,0.000161284024574068,2.34626548500892e-05,FALSE,NA
10183,0.000561191913146332,2.13304064594955e-05,FALSE,NA
10184,0.00573250927082405,0.0139724784998809,TRUE,NA
10185,0.000259675744179619,0.00113504735128455,TRUE,NA
10186,1.13283617448638e-05,1.40475373945399e-05,TRUE,NA
10187,2.63068847946275e-08,1.15199185175283e-05,TRUE,NA
10188,0.00351399148907814,1.73926568690989e-05,FALSE,NA
10189,3.06543734350841e-05,0.000110096772506259,TRUE,NA
10190,4.65487763316416e-07,0.031771083163284,TRUE,NA
10191,0.000184466219901432,0.0321094837777694,TRUE,NA
10192,0.0153863959718122,0.0113293810754609,FALSE,NA
10193,0.0112446006548582,0.000873058959322259,FALSE,NA
10194,6.28089029061692e-06,0.000155831314956994,TRUE,NA
10195,6.49147036720017e-06,8.5647671454839e-05,TRUE,NA
10196,0.000331880429715363,1.52865714799222e-05,FALSE,NA
10197,0.00187493537765683,0.000134479020617194,FALSE,NA
10198,3.74796651450348e-05,0.00020179577745117,TRUE,NA
10199,7.67511351301923e-06,1.31990140715925e-06,FALSE,NA
10200,0.00699419185595261,0.00546155394774666,FALSE,NA
10201,0.0345287841425908,2.02587200019616e-05,FALSE,NA
10202,0.0520891340473291,0.000988669819812117,FALSE,NA
10203,1.56338353237367e-05,1.36851223480655e-06,FALSE,NA
10204,0.019315469762539,0.000132131705809918,FALSE,NA
10205,1.12444052726683e-06,1.5062565753182e-05,TRUE,NA
10206,0.000135110972829478,1.36913446408026e-05,FALSE,NA
10207,0.000528821513284878,0.00815666591186145,TRUE,NA
10208,0.00182890715047339,0.0209834992409347,TRUE,NA
10209,0.00826608616909677,0.00108841274011456,FALSE,NA
10210,0.000436731240030118,0.0200274107435161,TRUE,NA
10211,0.00133163160427632,5.87120324476566e-05,FALSE,NA
10212,2.56181270781433e-05,0.000801557027571099,TRUE,NA
10213,0.000191514302238249,2.5404142863345,TRUE,NA
10214,4.89332193040077e-06,9.39936981965487e-05,TRUE,NA
10215,0.0146856255966204,0.000262525225837564,FALSE,NA
10216,0.00708661774073469,0.000955308932342165,FALSE,NA
10217,6.25706670726454e-06,0.0445649701241961,TRUE,NA
10218,0.000934781824692949,0.012289768016973,TRUE,NA
10219,1.99073225174871e-05,0.343348510711385,TRUE,NA
10220,0.00019959221703012,0.00167463034934072,TRUE,NA
10221,2.72357692325888e-09,1.74338445777735e-07,TRUE,NA
10222,0.00240308414561154,0.184090076070563,TRUE,NA
10223,0.00144861071711441,1.6614398167829,TRUE,NA
10224,0.00148358251258691,0.658679280123254,TRUE,NA
10225,2.65027252547626e-08,2.03484655641751e-08,FALSE,NA
10226,0.000156918404538285,6.6690566235745e-05,FALSE,NA
10227,0.0257737976784596,3.02995853850568e-06,FALSE,NA
10228,2.81817049581611e-05,5.02110809057833e-06,FALSE,NA
10229,2.45324061961009e-05,0.0129371534315137,TRUE,NA
10230,0.000107279340532478,0.591360944244634,TRUE,NA
10231,0.00307625373327511,0.000183173655690379,FALSE,NA
10232,6.1215114913728e-05,0.000250963033486845,TRUE,NA
10233,0.0210544819647955,0.0107855304013424,FALSE,NA
10234,0.000187239604579895,2.08470962667374e-08,FALSE,NA
10235,0.000158054734985744,1.16084919454874e-12,FALSE,NA
10236,0.000475911699493457,6.3044423361429e-06,FALSE,NA
10237,5.87592773397243e-06,6.65252437505222e-08,FALSE,NA
10238,0.000137938174167028,0.00429117571625957,TRUE,NA
10239,0.000828440093950939,5.29586574944463e-06,FALSE,NA
10240,0.016993888125356,7.79361412240294e-07,FALSE,NA
10241,0.000791691819037849,0.0205627118187938,TRUE,NA
10242,5.70871525822525e-05,0.0023031802289653,TRUE,NA
10243,0.000305398880518694,0.0114134332688865,TRUE,NA
10244,0.000166426262769631,0.0285638428566002,TRUE,NA
10245,1.25935843949071e-06,0.163470996355206,TRUE,NA
10246,0.00333646803974101,0.717697194238305,TRUE,NA
10247,0.0566592746323427,3.39107612189324e-08,FALSE,NA
10248,0.00198087546195029,7.95072178588547e-05,FALSE,NA
10249,0.00587337074882793,0.00312751726319102,FALSE,NA
10250,0.00160854838764368,0.00549222212290095,TRUE,NA
10251,3.5804919802935e-05,5.65955033318296e-05,TRUE,NA
10252,0.0361062326686357,0.000197291391537139,FALSE,NA
10253,6.08089829432213e-05,0.0429172509079174,TRUE,NA
10254,0.000228271434544038,4.23078767144935e-07,FALSE,NA
10255,0.00227529950370995,3.30393353341352e-05,FALSE,NA
10256,5.4691014271245e-05,0.000397561651598063,TRUE,NA
10257,0.000677552256073784,0.00122148610447349,TRUE,NA
10258,2.54498066697952e-07,1.52622531861349e-05,TRUE,NA
10259,0.000380811190699378,0.000646765998856718,TRUE,NA
10260,4.07645913009245e-06,2.14249566260502e-05,TRUE,NA
10261,0.000155598036955709,2.27468595125489e-05,FALSE,NA
10262,0.0371092336085331,0.0102431105395966,FALSE,NA
10263,5.08041078095727e-05,0.00213777858981984,TRUE,NA
10264,0.000770595539892642,0.000429231063042214,FALSE,NA
10265,3.45955674390308e-06,0.000187135912401326,TRUE,NA
10266,0.000438629273615846,3.76847140305557e-05,FALSE,NA
10267,0.000572592099761541,1.42380207765967e-05,FALSE,NA
10268,0.00742941073313751,4.2134552957244e-08,FALSE,NA
10269,0.0320298061877671,0.000102737718118152,FALSE,NA
10270,0.0250274392826343,0.0391521655716787,TRUE,NA
10271,0.00166238337801346,3.7705603631392e-07,FALSE,NA
10272,9.1813276903193e-06,1.40814903461227e-05,TRUE,NA
10273,1.01471675485031e-05,3.57565212513459e-05,TRUE,NA
10274,0.0235806895644356,0.000973382991610155,FALSE,NA
10275,0.000155683149287835,0.00155847333498461,TRUE,NA
10276,0.000698313522830986,0.00446048558233955,TRUE,NA
10277,2.09345767079367e-05,0.00717205188430436,TRUE,NA
10278,0.00108151870358638,0.0711493787828582,TRUE,NA
10279,1.90142031578636e-06,4.67633738230922e-08,FALSE,NA
10280,0.00565349807261682,7.29112283547339e-06,FALSE,NA
10281,0.000516433691190882,8.00768131518172e-05,FALSE,NA
10282,0.00473376900883612,0.180610456758425,TRUE,NA
10283,1.28947445713698e-06,8.02013842322086e-06,TRUE,NA
10284,0.0205582878277614,0.000119580462566722,FALSE,NA
10285,0.00028049074851403,0.00306566649336532,TRUE,NA
10286,0.00154204932907449,9.00531399430576e-05,FALSE,NA
10287,0.000948792355591056,0.00033266645070139,FALSE,NA
10288,0.0220642598202413,0.51381686566623,TRUE,NA
10289,2.20289947600584e-08,5.00192316104117e-05,TRUE,NA
10290,0.00677440251552376,6.64129963641712e-05,FALSE,NA
10291,0.00012514088938021,0.00694207101225645,TRUE,NA
10292,0.000908721792421066,0.00417762980488925,TRUE,NA
10293,3.61561868432771e-05,0.00636609303446501,TRUE,NA
10294,3.94599400295845e-05,0.0317576369291684,TRUE,NA
10295,9.69242212276573e-05,0.013825709368585,TRUE,NA
10296,4.777737999619e-06,4.80306363973187e-06,TRUE,NA
10297,0.0253131838135415,9.719632456224e-07,FALSE,NA
10298,0.0192632979862828,0.0221067810680795,TRUE,NA
10299,0.000470730253714045,5.69102018384147e-08,FALSE,NA
10300,1.61730839787191e-06,0.00793278263206134,TRUE,NA
10301,1.21910035624022e-05,1.19255938464852e-10,FALSE,NA
10302,0.000156622199947844,0.00214532637193967,TRUE,NA
10303,0.000134938360676384,0.0119406910108808,TRUE,NA
10304,0.00378161422907984,6.64702028119964e-05,FALSE,NA
10305,1.04442041799356e-06,4.27866371145612e-06,TRUE,NA
10306,2.08505616218163e-05,1.49220634324589,TRUE,NA
10307,1.07903315271627e-05,0.000425248454317257,TRUE,NA
10308,0.000539171043566699,0.163400799688411,TRUE,NA
10309,0.000245934061739741,1.8585038294536e-06,FALSE,NA
10310,9.29525346595607e-08,9.31395428878096e-07,TRUE,NA
10311,0.000753019499860506,0.00201788852625755,TRUE,NA
10312,0.000189737451696775,0.00018193137417375,FALSE,NA
10313,6.76832137693964e-06,1.48560365032763e-05,TRUE,NA
10314,2.19331516297872e-05,0.00273608898715225,TRUE,NA
10315,0.0167207716701578,0.12610422769047,TRUE,NA
10316,0.00523582542301204,0.0497650069066006,TRUE,NA
10317,1.65844454599187e-07,9.2573525917401e-07,TRUE,NA
10318,1.16573339871072e-06,1.38046478075782e-05,TRUE,NA
10319,2.40551033547566e-06,8.57279979633971e-06,TRUE,NA
10320,0.000334481287965141,0.914135830544022,TRUE,NA
10321,0.000207066293745106,0.00466951799745344,TRUE,NA
10322,0.00113369626927317,0.000449338279531303,FALSE,NA
10323,0.0394281078083216,0.00021278785331133,FALSE,NA
10324,2.15195452122021e-05,0.0156269849639757,TRUE,NA
10325,0.0242334261272632,1.68525986606547e-06,FALSE,NA
10326,0.000555627195473975,1.2934727731999,TRUE,NA
10327,0.022038795449868,3.35134183644237e-05,FALSE,NA
10328,1.38930394407581e-06,0.690324910969359,TRUE,NA
10329,0.0105736116806195,0.0183018231788325,TRUE,NA
10330,0.113372664731877,0.0368373173445045,FALSE,NA
10331,0.000105118373857417,0.0501372199113029,TRUE,NA
10332,0.00166424454130906,0.00045020157346451,FALSE,NA
10333,3.84241947054242e-05,3.06537908647352e-08,FALSE,NA
10334,0.0139519466339227,1.57643988120925e-06,FALSE,NA
10335,0.000241234246068376,0.000144988323551976,FALSE,NA
10336,3.19869390521234e-06,0.000453708544011453,TRUE,NA
10337,3.96081329418669e-06,2.0711647372642e-05,TRUE,NA
10338,0.00381802902345885,0.00392829081262959,TRUE,NA
10339,0.000321723849349019,6.90466633764195e-07,FALSE,NA
10340,0.0011413040086035,0.000151528511887982,FALSE,NA
10341,9.14287262083007e-07,5.57407382171427e-07,FALSE,NA
10342,6.07394821606297e-07,2.34399004287821,TRUE,NA
10343,0.00120326234965235,3.62152837631055e-05,FALSE,NA
10344,0.00978850499401898,1.40133182622888e-06,FALSE,NA
10345,0.0357950304828495,5.86459057997102e-05,FALSE,NA
10346,0.000255823425640075,8.13164623592727e-05,FALSE,NA
10347,0.0101409906229443,6.65366117417132e-05,FALSE,NA
10348,0.000457192139763799,6.87654073750846e-07,FALSE,NA
10349,0.000108124578461932,0.000591783145801927,TRUE,NA
10350,0.000581184956951388,1.31602242172413e-05,FALSE,NA
10351,0.0037851949388709,1.57257888159572e-05,FALSE,NA
10352,1.06769504405846e-09,0.0120977600707075,TRUE,NA
10353,0.0101236688321861,2.14181452492086e-06,FALSE,NA
10354,0.0010432394814482,0.000117413813001597,FALSE,NA
10355,0.0047079111910654,0.00337960288353879,FALSE,NA
10356,0.000333426548670459,9.07019326644076e-06,FALSE,NA
10357,0.000283096597004821,1.3498492113929,TRUE,NA
10358,0.0764942501472326,4.44352513884895e-06,FALSE,NA
10359,8.52838306810825e-05,8.79417900980428e-05,TRUE,NA
10360,2.69370472891586e-08,0.00259611273734943,TRUE,NA
10361,0.00101442907960002,5.35950550534374e-06,FALSE,NA
10362,8.83827651469342e-05,0.000328297202357145,TRUE,NA
10363,3.11392208475834e-06,0.00327729395369808,TRUE,NA
10364,0.0042931634817869,5.09512240118521e-05,FALSE,NA
10365,0.000104228067633011,2.30062832270515e-07,FALSE,NA
10366,9.70954364211613e-05,0.0489904617988577,TRUE,NA
10367,0.0668480511591753,0.0116186989515318,FALSE,NA
10368,0.00102292115542789,0.00163257722878822,TRUE,NA
10369,0.000157888451888178,5.51622604325211e-05,FALSE,NA
10370,0.00343599712632576,0.00458862189699072,TRUE,NA
10371,0.0116981983629161,5.62939472973056e-10,FALSE,NA
10372,0.00391752316222113,0.00668476727093353,TRUE,NA
10373,0.0415731459095443,6.51037791079593e-05,FALSE,NA
10374,0.0934966200292486,8.75129579348429e-08,FALSE,NA
10375,4.46757500981261e-08,0.00651729485487802,TRUE,NA
10376,0.00123283950054249,0.00038907178908246,FALSE,NA
10377,0.0413069623201025,0.00189354363005761,FALSE,NA
10378,7.47060778943465e-08,0.229134914956352,TRUE,NA
10379,1.07113000867765e-05,0.00138903915405261,TRUE,NA
10380,5.73108027341887e-05,8.88663039808013e-05,TRUE,NA
10381,1.93879820539704e-05,0.19750767067162,TRUE,NA
10382,7.30607345920267e-05,3.74269274757274e-05,FALSE,NA
10383,2.44014919411413e-10,9.49511517859489e-08,TRUE,NA
10384,5.59896895002439e-05,0.0867050051908657,TRUE,NA
10385,0.000180895602772394,1.77851017450165e-06,FALSE,NA
10386,1.98237530360939e-06,1.50469479529316e-05,TRUE,NA
10387,4.11558730661807e-05,0.89272206218348,TRUE,NA
10388,8.76629030357266e-07,0.00208439362917393,TRUE,NA
10389,0.0234039267318039,0.00782308162290804,FALSE,NA
10390,8.58969562440121e-06,1.18209017555817e-05,TRUE,NA
10391,1.30723400809786e-05,0.0107799646196554,TRUE,NA
10392,8.28821002161362e-05,0.000174209894871531,TRUE,NA
10393,0.0132518869166874,0.250363723257264,TRUE,NA
10394,2.43390084174457e-07,2.33951433508719,TRUE,NA
10395,7.15614817105262e-05,0.000462982011885303,TRUE,NA
10396,0.0230523321799253,0.00300728598966148,FALSE,NA
10397,0.00110888497636901,0.000103959592509153,FALSE,NA
10398,7.72957634221796e-05,0.0695746926081561,TRUE,NA
10399,2.00748135985703e-06,8.48249344926932e-07,FALSE,NA
10400,8.39040517846939e-08,0.000267124478295475,TRUE,NA
10401,0.00168235480859483,0.000523616344849997,FALSE,NA
10402,0.00689522483033728,0.0291571824186392,TRUE,NA
10403,4.99638217029103e-05,3.60966638235066e-05,FALSE,NA
10404,0.000796034510423184,4.24706029997081e-05,FALSE,NA
10405,0.00061085454722426,8.14790538757112e-05,FALSE,NA
10406,2.50228727636349e-05,0.119408558212953,TRUE,NA
10407,3.2491739614958e-07,0.00252487750840297,TRUE,NA
10408,0.0156126353950689,5.40628570501022e-07,FALSE,NA
10409,1.16448290577661e-08,8.2538600045042e-07,TRUE,NA
10410,0.00069173125236565,2.27643769988196e-07,FALSE,NA
10411,0.0171231440245113,3.13434488834906e-08,FALSE,NA
10412,0.00174235799414393,0.0710541683115078,TRUE,NA
10413,0.0242851746011089,4.87448744359362e-06,FALSE,NA
10414,0.00140110034893719,0.0134324434640822,TRUE,NA
10415,0.00336730865989727,0.000272993534552204,FALSE,NA
10416,8.37421194710051e-06,0.00543579667730326,TRUE,NA
10417,0.00101147181444255,0.231242821589186,TRUE,NA
10418,0.0012075830303832,0.0571018359523223,TRUE,NA
10419,0.000122700315698194,0.000505355577430186,TRUE,NA
10420,4.27973005013428e-05,0.000890946103134294,TRUE,NA
10421,0.00502553172843023,0.00427390882714409,FALSE,NA
10422,4.41846128044057e-07,1.2103145561083,TRUE,NA
10423,4.75849291428794e-05,3.6752626951049e-08,FALSE,NA
10424,0.00153524992955912,0.00317485257885649,TRUE,NA
10425,3.52527724698264e-06,2.54400109958762e-05,TRUE,NA
10426,1.35811272124758e-07,0.0811522816379544,TRUE,NA
10427,0.0122573563193396,4.51296970629459e-06,FALSE,NA
10428,0.00754517493071167,1.16050119617118e-06,FALSE,NA
10429,5.26547827299168e-07,5.51809614226159e-05,TRUE,NA
10430,6.01244198073246e-08,0.5426014096575,TRUE,NA
10431,1.52940032010177e-07,0.0429508574590095,TRUE,NA
10432,3.15598203300793e-07,3.61348275613145e-08,FALSE,NA
10433,1.07905998848412e-05,0.00162227639834654,TRUE,NA
10434,3.34769246190653e-06,1.66247018585628e-06,FALSE,NA
10435,3.13568076360272e-05,4.55993893060124e-05,TRUE,NA
10436,0.000134542738796661,7.12850616319804e-06,FALSE,NA
10437,0.00112050809851496,0.00290106268552043,TRUE,NA
10438,0.00037924536911132,3.29626061180321e-05,FALSE,NA
10439,0.00134656699940119,2.31319769081904e-05,FALSE,NA
10440,1.39909371217272e-05,0.00027766772925441,TRUE,NA
10441,0.0332323270840851,0.00419022640480539,FALSE,NA
10442,1.48788305243628e-06,0.809341380145871,TRUE,NA
10443,0.00194246479894197,3.0788296981616,TRUE,NA
10444,1.32497373413274e-07,0.00846724114127476,TRUE,NA
10445,1.1788893889741e-05,0.430664591347244,TRUE,NA
10446,1.76815149326371e-05,5.58719379499318e-05,TRUE,NA
10447,3.2011504802854e-05,0.0281550129114169,TRUE,NA
10448,1.16909175333994e-06,1.62900467692889e-05,TRUE,NA
10449,0.000717070775419142,0.00591820634483541,TRUE,NA
10450,0.00132467695383974,1.49489707501803e-05,FALSE,NA
10451,2.23497313321386e-05,3.92942768314422e-05,TRUE,NA
10452,0.000651215955947436,3.66434827597482e-09,FALSE,NA
10453,0.00242678750875311,0.45092601671852,TRUE,NA
10454,0.00794568222843476,0.000653181751146221,FALSE,NA
10455,4.48683455532955e-06,0.000334631298642337,TRUE,NA
10456,2.91199356318894e-06,0.00249191514652304,TRUE,NA
10457,0.0101896249544559,0.014810586281966,TRUE,NA
10458,0.000385046901754202,9.10991898872988e-05,FALSE,NA
10459,0.000405146147501873,5.8090900053805e-05,FALSE,NA
10460,0.00494717397616581,3.47402496721669e-05,FALSE,NA
10461,1.42950552417869e-08,0.227363990649549,TRUE,NA
10462,0.00457344046416966,2.95536156253067e-07,FALSE,NA
10463,0.000664188139328489,1.11160189352314e-06,FALSE,NA
10464,3.7561695281185e-06,1.58710622548065e-09,FALSE,NA
10465,0.00467465374541199,0.00755002841030046,TRUE,NA
10466,4.16388757674504e-09,0.140152858490006,TRUE,NA
10467,0.0209737580198715,0.014067347853285,FALSE,NA
10468,0.00269410171576475,3.06530447504628e-06,FALSE,NA
10469,0.00709216432184697,0.000665935428454004,FALSE,NA
10470,0.0370506003195936,0.0036756707461502,FALSE,NA
10471,0.0227088706582215,0.00369765686785288,FALSE,NA
10472,1.62176580276402e-06,0.0156121782898765,TRUE,NA
10473,0.102266637687371,2.80894899066717e-08,FALSE,NA
10474,0.00243974790892679,0.144976345262403,TRUE,NA
10475,5.9085688031641e-05,1.14020326613265e-06,FALSE,NA
10476,1.01541285751845e-06,0.00108380256050475,TRUE,NA
10477,2.04729574279802e-08,0.000302269283392574,TRUE,NA
10478,0.000629971711627094,1.72946796434275e-06,FALSE,NA
10479,1.06424291535769e-05,0.000668066061028788,TRUE,NA
10480,2.5593258848015e-06,1.41041154009587e-06,FALSE,NA
10481,0.000911334337704504,2.07236987455862e-06,FALSE,NA
10482,5.52824830031697e-06,1.18933238177718e-05,TRUE,NA
10483,6.58562186347371e-05,0.000678846699669332,TRUE,NA
10484,1.0822739723875e-07,0.000114042177828437,TRUE,NA
10485,3.14414045208535e-06,8.85269457015952e-07,FALSE,NA
10486,1.67544830500179e-06,2.57381709094782e-07,FALSE,NA
10487,0.000609892040592645,0.00705611778793142,TRUE,NA
10488,1.49645920638837e-07,5.66854113327742e-07,TRUE,NA
10489,3.10548472702057e-06,4.01574117621479e-05,TRUE,NA
10490,0.00928854822649261,0.00950797197941632,TRUE,NA
10491,3.63512117863602e-07,4.0753312288794e-05,TRUE,NA
10492,0.00790533184780404,1.6252653355322e-08,FALSE,NA
10493,9.73382730537354e-05,0.00242469119543643,TRUE,NA
10494,1.84676472101611e-05,4.06255637101196e-05,TRUE,NA
10495,2.05475660724272e-07,2.04628673482056e-06,TRUE,NA
10496,0.00173939356582168,0.178705936350287,TRUE,NA
10497,0.01817788373709,1.87665713370328e-07,FALSE,NA
10498,0.0387954708144445,0.0686127829641939,TRUE,NA
10499,0.028008593129405,0.00627163164551817,FALSE,NA
10500,0.0286772955122581,0.193102190533305,TRUE,NA
10501,0.000625703756308432,0.000117895558039021,FALSE,NA
10502,0.00032295468371818,0.0149315184195151,TRUE,NA
10503,0.0297348386226674,0.00705113645287552,FALSE,NA
10504,0.00421752336975907,0.000452253104020453,FALSE,NA
10505,2.73225387262731e-06,1.89887983295543e-09,FALSE,NA
10506,1.00790349827791e-05,9.16119551086235e-09,FALSE,NA
10507,0.00173357331261403,0.00327896225741228,TRUE,NA
10508,1.13908352253788e-05,4.30229453241491e-07,FALSE,NA
10509,0.000759857825716854,0.0286169316049169,TRUE,NA
10510,0.00584982937945415,0.216556244921567,TRUE,NA
10511,0.000117962303668451,1.29491935992935e-06,FALSE,NA
10512,2.85933371262886e-06,6.08329997745467e-06,TRUE,NA
10513,0.000159397874332302,1.08568102875451e-08,FALSE,NA
10514,2.07287162917852e-08,1.81296510386792e-05,TRUE,NA
10515,1.10830178403542e-07,0.000128293201386499,TRUE,NA
10516,0.000698322145215115,0.00104880023945532,TRUE,NA
10517,9.31729058637961e-06,0.00162879554408048,TRUE,NA
10518,3.14367034942719e-06,0.00782776685627722,TRUE,NA
10519,1.40633131790187e-05,1.52687543608043e-07,FALSE,NA
10520,0.0495893982668565,3.13926631326601e-05,FALSE,NA
10521,0.00157284590096118,0.463356835678813,TRUE,NA
10522,3.28917005284733e-09,0.0246568468783916,TRUE,NA
10523,0.00025501601744341,0.000249598372646802,FALSE,NA
10524,0.00312549385058275,4.61663556113933e-05,FALSE,NA
10525,0.000289134535099642,4.56899276446415e-05,FALSE,NA
10526,7.93710452166521e-06,0.000292874355750215,TRUE,NA
10527,2.55031278093744e-06,0.0157491437270306,TRUE,NA
10528,0.0295484193277034,0.00690085081141265,FALSE,NA
10529,0.0460999166556272,0.000109994286662938,FALSE,NA
10530,9.17204973940258e-07,5.69657100754268e-05,TRUE,NA
10531,1.54859103438379e-09,0.0517253588462957,TRUE,NA
10532,0.0119988149970289,0.000133390225933377,FALSE,NA
10533,0.000206688724381771,8.5880261561853e-05,FALSE,NA
10534,4.72174297849188e-06,1.72432810060422e-05,TRUE,NA
10535,4.64535586234561e-05,6.23928087671727e-05,TRUE,NA
10536,2.25596763746789e-09,0.000401575059507157,TRUE,NA
10537,1.5841669725418e-05,0.00593372737891172,TRUE,NA
10538,0.00982403807406841,0.00381766423553122,FALSE,NA
10539,0.00201354611504192,4.9148425927679e-07,FALSE,NA
10540,2.29785543022498e-05,0.00725960786480563,TRUE,NA
10541,0.0716513629865282,0.000151261161380675,FALSE,NA
10542,0.000596621046400656,0.00168961189271019,TRUE,NA
10543,0.0401543936910261,0.000577268894727649,FALSE,NA
10544,4.04771771664179e-11,0.00299169687671148,TRUE,NA
10545,0.110142245130488,0.0478373624920461,FALSE,NA
10546,0.01022473570563,0.0500045889497558,TRUE,NA
10547,7.10770292076066e-06,1.8486847428735e-05,TRUE,NA
10548,0.000339627014620205,0.0135388185601461,TRUE,NA
10549,0.000219442802558033,0.00139292653783659,TRUE,NA
10550,0.000401903621125696,0.00093514448253729,TRUE,NA
10551,0.000285342065181879,0.000573546619552966,TRUE,NA
10552,5.1055908235101e-05,0.00479557412572041,TRUE,NA
10553,3.57492999376215e-08,3.1171205665269e-09,FALSE,NA
10554,1.77939119366951e-05,7.44733074831509e-05,TRUE,NA
10555,0.000479521837122706,0.00107334561118715,TRUE,NA
10556,0.0305665472054298,2.44981260335653e-05,FALSE,NA
10557,4.66474417978962e-07,0.00129271945404428,TRUE,NA
10558,0.0217348725451614,7.58247733371163e-08,FALSE,NA
10559,0.0044177972810605,7.55678287444267e-05,FALSE,NA
10560,2.16972702722916e-06,0.000152970549337076,TRUE,NA
10561,0.0337298955256852,1.10026697941457e-06,FALSE,NA
10562,0.0020578840506034,0.000666349099633875,FALSE,NA
10563,0.00561296046821525,0.0596825400965653,TRUE,NA
10564,0.000261812620929907,0.0533620984243553,TRUE,NA
10565,0.000105550706127283,0.0478368139953402,TRUE,NA
10566,0.00108498847686448,2.31993816119378e-05,FALSE,NA
10567,8.24358342322139e-05,3.94006044447861e-08,FALSE,NA
10568,0.00117106136890366,9.28689359636298e-06,FALSE,NA
10569,0.0307715788605606,0.0170539753968305,FALSE,NA
10570,2.6087552683284e-06,3.88344712523519e-05,TRUE,NA
10571,0.00388001423954663,0.000535206848181922,FALSE,NA
10572,0.00180355510779616,0.018673004510023,TRUE,NA
10573,7.95195172917659e-06,5.68451952651894e-07,FALSE,NA
10574,0.00141777674837101,0.00253552428845911,TRUE,NA
10575,0.0671864013463257,0.0115437001806066,FALSE,NA
10576,0.00013553828111513,0.857126716009998,TRUE,NA
10577,0.00118086690572249,1.63554797868677e-07,FALSE,NA
10578,8.58437259806061e-07,5.27226024886135e-05,TRUE,NA
10579,1.20059120091069e-05,4.45465130246094e-05,TRUE,NA
10580,1.20259560401805e-06,0.0636996570228296,TRUE,NA
10581,0.00916141920416461,0.00165586488926152,FALSE,NA
10582,0.00017634841616897,2.39558370744529e-05,FALSE,NA
10583,0.000149317986554955,0.166155428748956,TRUE,NA
10584,0.0139353513862118,0.00221666927843467,FALSE,NA
10585,0.034390100637638,0.000649709973465299,FALSE,NA
10586,0.00331919303228658,0.000408168114593223,FALSE,NA
10587,2.43906439787357e-09,8.97658443104468e-05,TRUE,NA
10588,0.000844413657352307,7.79233398095721e-06,FALSE,NA
10589,1.57429047699794e-09,7.63519757700829e-08,TRUE,NA
10590,2.64260977202933e-05,0.000759783429188057,TRUE,NA
10591,0.0406820237494211,0.00411600818402897,FALSE,NA
10592,8.19371451211566e-05,0.000108274773637751,TRUE,NA
10593,0.101413279413907,0.000292139858905797,FALSE,NA
10594,4.79659998004196e-05,0.00688691046035098,TRUE,NA
10595,1.12382220072082e-07,1.52466088210412e-06,TRUE,NA
10596,0.000784891564544639,3.32946372942763e-07,FALSE,NA
10597,1.23853626836571e-06,1.13918353157907e-05,TRUE,NA
10598,4.32818232850203e-08,4.43064519920844e-05,TRUE,NA
10599,1.57958366540711e-06,0.00154766569738194,TRUE,NA
10600,0.0383384145889838,0.0698520550788133,TRUE,NA
10601,9.45200791139807e-07,0.000150146165978367,TRUE,NA
10602,0.0297621840058939,3.30670757157949e-07,FALSE,NA
10603,0.00196199204408959,2.70685959422891e-07,FALSE,NA
10604,0.0148817152323473,8.55104561719808e-07,FALSE,NA
10605,3.33374655742909e-05,2.01651820030855,TRUE,NA
10606,0.0674941609850017,0.0424260386302675,FALSE,NA
10607,3.58300502508588e-07,0.000186776778083508,TRUE,NA
10608,0.000141907135910968,0.00194899644710363,TRUE,NA
10609,0.000280997878507334,4.29704051934316e-05,FALSE,NA
10610,3.47546685984121e-07,4.50838712156429e-05,TRUE,NA
10611,0.00241332324433609,0.0168426200811218,TRUE,NA
10612,0.00037107922519204,0.297952415532448,TRUE,NA
10613,6.15033073540705e-06,0.000119535774925633,TRUE,NA
10614,3.03204642184562e-05,0.0477705289338745,TRUE,NA
10615,3.86610959890553e-05,0.182719655006247,TRUE,NA
10616,0.00564979123796448,0.00138001514204684,FALSE,NA
10617,0.000581632410454196,0.00558843948789864,TRUE,NA
10618,0.00265598869532287,0.000111403485182107,FALSE,NA
10619,0.00325779907188233,0.000850153150018846,FALSE,NA
10620,0.00116531273434897,0.000113894149726304,FALSE,NA
10621,0.000324146621759836,0.000188786386587316,FALSE,NA
10622,0.00228680398344565,1.90402654117711e-07,FALSE,NA
10623,1.37635541443318e-07,0.00811729538297133,TRUE,NA
10624,0.045067960193639,0.000352493839470297,FALSE,NA
10625,0.000579426337853172,0.00182677095144821,TRUE,NA
10626,0.00803376536150176,0.000648774892915458,FALSE,NA
10627,1.30128114313002e-07,0.000895741914640248,TRUE,NA
10628,4.83268743701734e-05,2.3790114021982e-07,FALSE,NA
10629,0.00115519788305363,0.0271432281057829,TRUE,NA
10630,0.00635981883808986,0.0130470491965877,TRUE,NA
10631,2.0897017451967e-10,9.96554508623173e-05,TRUE,NA
10632,0.000238757841147269,0.000297698542713959,TRUE,NA
10633,2.79763042204504e-08,8.11154442033193e-05,TRUE,NA
10634,0.00500550155440175,0.000175108700624659,FALSE,NA
10635,3.02857637977382e-07,0.324110443390166,TRUE,NA
10636,2.02311727072711e-05,4.87465716920476e-07,FALSE,NA
10637,0.0368111576535558,1.80289742531455e-06,FALSE,NA
10638,0.00253956218875516,0.119275777772121,TRUE,NA
10639,0.00533005108844978,1.21069980150458e-05,FALSE,NA
10640,1.13164669850637e-06,0.0135711839964728,TRUE,NA
10641,0.0230499981469207,3.5489733380603e-10,FALSE,NA
10642,0.00113585934148781,3.75249842967751e-06,FALSE,NA
10643,4.16164727397827e-05,1.62631604845106e-06,FALSE,NA
10644,0.000509282070284594,9.31299490416526e-05,FALSE,NA
10645,0.000178916788618763,7.24624369923546e-05,FALSE,NA
10646,1.42460031968751e-05,3.41780559993769e-09,FALSE,NA
10647,0.000345419214153644,0.000325532906714282,FALSE,NA
10648,0.00332678891135274,0.0021347893440766,FALSE,NA
10649,2.44020034101534e-06,2.22628838330602e-05,TRUE,NA
10650,0.000888361554844552,0.000115536636314995,FALSE,NA
10651,0.0152981477156383,3.5690497306694e-05,FALSE,NA
10652,5.4327241385702e-07,3.08100430110532e-06,TRUE,NA
10653,0.00390766750221803,0.000488612359160888,FALSE,NA
10654,0.000368661932775393,0.000207499616855639,FALSE,NA
10655,0.00294807108739787,0.000220276302876566,FALSE,NA
10656,2.57704284250304e-05,5.99409817353059e-05,TRUE,NA
10657,0.000282420565791989,4.06047549389768e-08,FALSE,NA
10658,3.8714090374591e-06,0.002487463559584,TRUE,NA
10659,0.0132789286651587,1.20130604574284e-07,FALSE,NA
10660,1.91590983172317e-05,0.000463490321613399,TRUE,NA
10661,0.0014345183131811,0.00426835344148622,TRUE,NA
10662,0.0129957584037542,0.00643676285697991,FALSE,NA
10663,0.000397021465039341,0.0800548919501149,TRUE,NA
10664,0.0324509260995383,5.34665510468904e-07,FALSE,NA
10665,0.0262916303112307,3.68340229354156e-06,FALSE,NA
10666,0.2431947769004,5.05525045721816e-05,FALSE,NA
10667,0.000132148103118868,1.25659373696806e-07,FALSE,NA
10668,6.60566445345726e-06,0.0130479332350187,TRUE,NA
10669,0.00130846193934662,0.00288923987108501,TRUE,NA
10670,5.94398637364525e-05,0.00224651593056595,TRUE,NA
10671,0.000394298037971698,0.0114912899364787,TRUE,NA
10672,0.000184627513921052,0.00585314919117996,TRUE,NA
10673,2.88930519771554e-05,2.82868568938783e-06,FALSE,NA
10674,2.20530539334215e-05,1.34753091272936e-05,FALSE,NA
10675,0.000125811391166628,0.00228419058983186,TRUE,NA
10676,8.29676471129067e-06,0.0155182569986494,TRUE,NA
10677,0.0332534443490817,4.13634679778584e-05,FALSE,NA
10678,0.0393709678268249,2.71703346700479e-05,FALSE,NA
10679,0.0024624541024975,3.22428827728103e-08,FALSE,NA
10680,6.47655419524321e-07,0.00297058662313085,TRUE,NA
10681,0.0109618982965471,1.40486967121376e-06,FALSE,NA
10682,1.20069620919697e-10,4.0382460502434e-07,TRUE,NA
10683,2.57681229617532e-05,2.42224041118441e-09,FALSE,NA
10684,3.70539205078358e-08,0.000482366300812249,TRUE,NA
10685,1.06815369991706e-05,0.00293609353873986,TRUE,NA
10686,0.00501940429077842,0.070393510544442,TRUE,NA
10687,3.35709692607007e-05,0.000204797671470397,TRUE,NA
10688,1.90502676718068e-05,0.026501460459783,TRUE,NA
10689,0.00754011263803847,0.00655489968132128,FALSE,NA
10690,0.000300156607492666,1.35482445568773e-06,FALSE,NA
10691,0.00507311401077288,0.000648675930112747,FALSE,NA
10692,0.000147848333423617,0.000223417781013722,TRUE,NA
10693,0.0159316568203274,1.38916362956516e-06,FALSE,NA
10694,3.56804238930575e-05,0.00557039118920157,TRUE,NA
10695,5.36469262213806e-06,0.467799777240982,TRUE,NA
10696,0.00958707277842457,0.000742042427527921,FALSE,NA
10697,1.12622002631089e-05,0.000226177006095361,TRUE,NA
10698,3.0238054295786e-08,1.62332761199794,TRUE,NA
10699,0.000537440153374371,3.42372219711949e-05,FALSE,NA
10700,0.0133427935093288,0.000549798387253404,FALSE,NA
10701,2.08084520283402e-06,9.77851572770112e-05,TRUE,NA
10702,1.01139180929892e-05,0.119976548410178,TRUE,NA
10703,0.0123103089509754,2.24953974462044e-05,FALSE,NA
10704,0.00445463908233613,0.000952693642287468,FALSE,NA
10705,0.0303664309362449,0.0529520026054666,TRUE,NA
10706,0.022463608162521,0.0310817270507097,TRUE,NA
10707,0.000666402046185211,9.95021055548064e-05,FALSE,NA
10708,1.7301080238107e-05,0.187824248765511,TRUE,NA
10709,0.00787004713080949,0.000113280223013922,FALSE,NA
10710,3.32605128309911e-05,6.72593638267645e-07,FALSE,NA
10711,0.00247797240497817,1.44990444590989e-05,FALSE,NA
10712,0.000122159785173127,0.00292797765812661,TRUE,NA
10713,0.00147517357394203,0.00228082608223968,TRUE,NA
10714,0.150816589048422,0.000603397990850686,FALSE,NA
10715,0.020687153475767,0.00103703307527495,FALSE,NA
10716,0.000157903817369075,7.27488733514962e-08,FALSE,NA
10717,0.0280013913298493,0.00324991577728959,FALSE,NA
10718,0.00082710855078483,0.16718742520709,TRUE,NA
10719,0.00107038485281449,0.00128549778833999,TRUE,NA
10720,0.00171232471634832,0.00242971342593661,TRUE,NA
10721,1.7095810036704e-05,1.72904907042246e-05,TRUE,NA
10722,4.11495211933698e-08,1.3496299345485e-05,TRUE,NA
10723,0.000122899884365381,0.00270275902894958,TRUE,NA
10724,0.000112201094064003,0.00125672635443724,TRUE,NA
10725,6.14142511144004e-05,0.00731361591186855,TRUE,NA
10726,0.0637548341771662,0.000164262786852101,FALSE,NA
10727,1.57810027696403e-05,0.00809176215207007,TRUE,NA
10728,0.0331011582789135,6.15812293626451e-05,FALSE,NA
10729,1.22939696804849e-05,1.94285356410043e-06,FALSE,NA
10730,0.000579295332915542,1.96855608716643,TRUE,NA
10731,4.93655200688566e-05,0.000291299972054115,TRUE,NA
10732,0.0215640549954528,0.140796497497708,TRUE,NA
10733,0.00139256319383048,2.22399373963161e-05,FALSE,NA
10734,0.00642379455552987,0.109451050044543,TRUE,NA
10735,0.000129459658526988,0.000255596569765694,TRUE,NA
10736,0.0225087397460221,3.36478764813463e-05,FALSE,NA
10737,0.000522910693690286,3.61774134141922e-06,FALSE,NA
10738,3.3590883042238e-05,2.74917635434885e-06,FALSE,NA
10739,0.000106420967631648,0.00072247850280768,TRUE,NA
10740,3.89539386118414e-08,0.106940622631143,TRUE,NA
10741,7.62957641904852e-07,4.85385895114771e-06,TRUE,NA
10742,0.0282515908000611,1.01939096496803e-06,FALSE,NA
10743,0.00590753165580945,7.40637840233375e-06,FALSE,NA
10744,7.68977213543184e-05,0.0992262939625222,TRUE,NA
10745,0.000207655754378442,0.01291043914701,TRUE,NA
10746,0.00976517366380671,0.0700336664109482,TRUE,NA
10747,0.0420993131730823,0.000279318216643829,FALSE,NA
10748,4.27293381928868e-07,0.000774130269863192,TRUE,NA
10749,1.7831521122357e-05,5.7170892634489e-05,TRUE,NA
10750,7.33774612277178e-07,6.15385183039088e-06,TRUE,NA
10751,0.0132625842844344,5.46571894556375e-05,FALSE,NA
10752,1.46327974200295e-05,0.220360271882656,TRUE,NA
10753,0.00477152090037266,0.00174468022391018,FALSE,NA
10754,1.22374473477228e-05,2.65911076141093e-05,TRUE,NA
10755,3.31192961999127e-10,0.983343920058795,TRUE,NA
10756,0.0124905020979586,0.172636075788947,TRUE,NA
10757,4.96517474831753e-07,0.000712079611497886,TRUE,NA
10758,1.10572884243279e-09,2.77610241470426e-07,TRUE,NA
10759,1.89093168468177e-08,2.03363817036744e-07,TRUE,NA
10760,2.06486292094786e-05,1.38703182877928,TRUE,NA
10761,0.000278321370681892,0.00832657913869977,TRUE,NA
10762,6.67035320139715e-05,0.000161127529886422,TRUE,NA
10763,1.51783724217338e-06,0.0146555123812856,TRUE,NA
10764,4.99553598652413e-06,7.60197825094597e-05,TRUE,NA
10765,5.19458810326296e-07,0.0183479013403787,TRUE,NA
10766,2.50696597665105e-06,1.34905047991127e-06,FALSE,NA
10767,5.80190985550609e-06,2.22411955766755e-09,FALSE,NA
10768,1.1890620207894e-06,0.00273821272742746,TRUE,NA
10769,0.00269779298029364,1.22402937188367e-05,FALSE,NA
10770,0.00224972937358146,0.00165851249167766,FALSE,NA
10771,2.25012258605557e-07,0.00595017307007894,TRUE,NA
10772,6.42907075850709e-07,9.23420515723129e-05,TRUE,NA
10773,0.000430909591011131,7.55803472806545e-05,FALSE,NA
10774,1.63749550670015e-07,0.431704866522237,TRUE,NA
10775,0.00127038437143248,5.59670353517879e-05,FALSE,NA
10776,1.19752973717911e-05,0.000578002685961177,TRUE,NA
10777,1.35242837843981e-08,1.76461865699844e-05,TRUE,NA
10778,0.00168873976428989,1.19998600934031e-06,FALSE,NA
10779,0.00633813679296278,0.0265828450855436,TRUE,NA
10780,0.0253812181064847,0.00623426704512858,FALSE,NA
10781,2.42159703002199e-08,2.22394176379185e-06,TRUE,NA
10782,0.00041450099464082,0.000261131882997709,FALSE,NA
10783,0.00491781487794157,3.90380273314432e-09,FALSE,NA
10784,0.00661950494861087,7.19802927132218e-06,FALSE,NA
10785,1.60278920819379e-05,0.000635093652614714,TRUE,NA
10786,0.000243246771474872,4.69094800116991e-07,FALSE,NA
10787,3.10622120396036e-05,0.0293190245733369,TRUE,NA
10788,3.61903796459015e-06,0.384066692528368,TRUE,NA
10789,4.01262789787882e-07,8.42096615016177e-10,FALSE,NA
10790,3.02666089364593e-07,0.45252872746774,TRUE,NA
10791,0.00193664480968586,4.77692105502203e-07,FALSE,NA
10792,7.43746017684251e-07,1.84288819008247e-06,TRUE,NA
10793,3.28311104141089e-06,0.0673510121905926,TRUE,NA
10794,2.88644015803968e-05,0.000104099486343534,TRUE,NA
10795,0.000342322668377962,0.000143083538859541,FALSE,NA
10796,0.000206534229368312,7.63278552152017e-05,FALSE,NA
10797,1.66646189855207e-07,0.000240915522760362,TRUE,NA
10798,0.0189322294566875,2.44683655842541e-05,FALSE,NA
10799,0.0278455119335149,0.000927746543757339,FALSE,NA
10800,0.000975606175236752,0.73471396799851,TRUE,NA
10801,4.34636535958656e-07,1.01998424942231e-05,TRUE,NA
10802,0.00604342836153985,9.99442342839063e-07,FALSE,NA
10803,0.000272311664173404,0.00121431095036143,TRUE,NA
10804,0.00517818128241473,0.000226336689650825,FALSE,NA
10805,3.81814923539935e-06,2.8297435197619e-06,FALSE,NA
10806,0.0320934359164128,1.56446411393477e-10,FALSE,NA
10807,0.00231202818394901,5.06112306352707e-07,FALSE,NA
10808,1.37448630344947e-05,0.382826840158829,TRUE,NA
10809,1.60510645318612e-06,2.44489856397749e-06,TRUE,NA
10810,5.90046701142723e-08,1.16631149183602e-11,FALSE,NA
10811,7.50374336866819e-07,0.0146465540510448,TRUE,NA
10812,0.0067047477772074,4.17630930710786e-09,FALSE,NA
10813,0.000385647529201833,4.87156002157746e-05,FALSE,NA
10814,0.0163952176370384,0.00385528342402314,FALSE,NA
10815,0.00264888739731799,0.0152967206294749,TRUE,NA
10816,0.00410713417495781,9.09425480668761e-07,FALSE,NA
10817,0.00278791586002743,0.000135827936246089,FALSE,NA
10818,0.00316190100466554,6.42359701130894e-07,FALSE,NA
10819,0.000856948494876849,3.21527942212182e-05,FALSE,NA
10820,0.00842362725753386,4.51017389003457e-07,FALSE,NA
10821,0.000999082132323515,0.000243405865456533,FALSE,NA
10822,4.90306809893663e-07,0.00273938161057633,TRUE,NA
10823,1.82503028446144e-05,3.98898709363453e-05,TRUE,NA
10824,0.00102682483671496,0.00214399023579479,TRUE,NA
10825,0.000450434615866398,1.41606983461847,TRUE,NA
10826,0.00848810675469188,0.000206733602776986,FALSE,NA
10827,0.000412101837385846,1.24754744906929,TRUE,NA
10828,0.000857990017325133,0.103107350064469,TRUE,NA
10829,0.00861698226383125,1.00823596225505e-05,FALSE,NA
10830,0.00124266666348604,1.42513902711163e-06,FALSE,NA
10831,0.0118766859894149,9.76894041371317e-06,FALSE,NA
10832,6.0592355758765e-06,0.800016967813511,TRUE,NA
10833,0.000341964754806422,1.5855229844868,TRUE,NA
10834,0.484438890036382,0.019697687086055,FALSE,NA
10835,0.00032676081529118,1.2637251779606,TRUE,NA
10836,2.61427821866109e-05,0.000477434446178058,TRUE,NA
10837,0.000103054678433899,0.130163255509051,TRUE,NA
10838,3.16555472427141e-05,0.00023276125464551,TRUE,NA
10839,7.33810925596684e-06,0.167663303833574,TRUE,NA
10840,0.00015412360560143,0.000404303333224375,TRUE,NA
10841,0.00266077630065106,0.0362729524716296,TRUE,NA
10842,0.000656575560338772,3.64982547345021e-06,FALSE,NA
10843,0.00210153691047807,0.000145665492640455,FALSE,NA
10844,5.95000464993709e-06,0.328141698342929,TRUE,NA
10845,0.00122356614807995,0.00406215405051613,TRUE,NA
10846,0.000827824684442282,3.51890995280627e-05,FALSE,NA
10847,0.00268154413661311,0.00475435928183127,TRUE,NA
10848,8.69550846940911e-08,0.000467221606240015,TRUE,NA
10849,0.00203426664178418,0.0738148290310679,TRUE,NA
10850,0.00241514467108647,3.39435113492744e-05,FALSE,NA
10851,0.00014175399257827,3.33166079543997e-06,FALSE,NA
10852,0.000464787174540625,0.000261185502612613,FALSE,NA
10853,0.00205565415624747,0.0220486582519244,TRUE,NA
10854,0.00264457821652601,6.46559506454287e-07,FALSE,NA
10855,1.60361269464879e-07,8.25730205547614e-06,TRUE,NA
10856,1.41585964918631e-05,8.65248059455172e-06,FALSE,NA
10857,9.23262475685903e-07,1.13258533193882e-08,FALSE,NA
10858,6.97578089017212e-07,0.00204603757431346,TRUE,NA
10859,0.000461879501696671,1.8396097002021,TRUE,NA
10860,0.000166678381505459,8.88023910883179e-05,FALSE,NA
10861,5.02175175966751e-07,0.00256941668793364,TRUE,NA
10862,8.31950535004376e-05,0.00111020186270451,TRUE,NA
10863,6.32515768128877e-05,2.13033416960088e-06,FALSE,NA
10864,9.17268406842468e-05,6.08384898834381e-05,FALSE,NA
10865,0.00497306678334801,0.000825066371622713,FALSE,NA
10866,2.5391137615934e-06,0.682437135390132,TRUE,NA
10867,0.00108883943083858,0.0282323654691931,TRUE,NA
10868,7.82735200100857e-05,0.0542069037790317,TRUE,NA
10869,0.000131220455609245,0.00138130167473664,TRUE,NA
10870,3.37337683007019e-05,0.00108953201958247,TRUE,NA
10871,1.40923752198034e-05,0.00533811973020994,TRUE,NA
10872,0.000428934224894736,0.0165658460461824,TRUE,NA
10873,0.000813033209429878,0.00128603153864183,TRUE,NA
10874,8.78530717906569e-08,5.83792673443441e-06,TRUE,NA
10875,0.0736176737521404,0.648098002158767,TRUE,NA
10876,5.26086461822191e-06,0.07057145030855,TRUE,NA
10877,0.00699085971265421,1.57793374381708e-07,FALSE,NA
10878,0.0440760616304028,2.36573777078833e-05,FALSE,NA
10879,9.00794230391775e-06,0.187704462837076,TRUE,NA
10880,1.64092764771493e-06,0.000175761083201235,TRUE,NA
10881,5.85509567242871e-05,4.43063979664604e-05,FALSE,NA
10882,3.63677411201889e-05,0.00151456030999634,TRUE,NA
10883,0.0586975701872661,1.07778237994288e-05,FALSE,NA
10884,1.32292632491836e-09,1.5945821360516e-05,TRUE,NA
10885,0.00239180550057733,0.000155797130437277,FALSE,NA
10886,1.76576715920299e-08,0.00536404376486237,TRUE,NA
10887,0.0211358280506103,0.00132577437151277,FALSE,NA
10888,0.000187668295727291,1.23122987551189e-06,FALSE,NA
10889,9.75319119682008e-06,0.000124252914682746,TRUE,NA
10890,4.87207670334393e-05,0.269433904040665,TRUE,NA
10891,0.00645123231813733,1.07784520756912,TRUE,NA
10892,0.0174518416595844,0.00829264911231356,FALSE,NA
10893,0.000286154770529615,0.0117509994847265,TRUE,NA
10894,1.42379887940577e-05,5.84500724505776e-05,TRUE,NA
10895,9.96667000911502e-05,1.56052922881008e-07,FALSE,NA
10896,1.25096479783583e-07,4.13552997206345e-07,TRUE,NA
10897,2.07912086178547e-07,1.84350083650505e-05,TRUE,NA
10898,0.00201096834162866,0.000708404316450153,FALSE,NA
10899,0.000588407345262828,0.00153897954071514,TRUE,NA
10900,0.00666727133047053,8.42974676631069e-05,FALSE,NA
10901,7.41699562824182e-07,0.00751698763816701,TRUE,NA
10902,0.000217439419900792,0.00547692523980913,TRUE,NA
10903,1.22305834790989e-05,0.108978239589389,TRUE,NA
10904,0.0103719333192359,0.0611732166491236,TRUE,NA
10905,0.000654193555571848,2.12933152978035e-05,FALSE,NA
10906,7.29023185058373e-05,0.000182197515763672,TRUE,NA
10907,1.870519571736e-05,3.86697689109111e-06,FALSE,NA
10908,0.023033930660413,0.00890336158413228,FALSE,NA
10909,8.51728180994373e-07,0.00533804640734529,TRUE,NA
10910,9.13045638366052e-07,0.0812604894020783,TRUE,NA
10911,0.000435705096488601,0.0110623036754991,TRUE,NA
10912,4.62668604771652e-06,0.0105535466017616,TRUE,NA
10913,1.0170824617219e-05,1.7601976023934e-06,FALSE,NA
10914,0.0031484554858258,2.24763989588779e-07,FALSE,NA
10915,5.73190855962222e-07,7.52785833952011e-10,FALSE,NA
10916,0.000124961943020484,0.000132328084654867,TRUE,NA
10917,7.87889748951061e-08,0.00065923318977379,TRUE,NA
10918,6.42267259011666e-05,4.73022495359912e-07,FALSE,NA
10919,6.23609134779769e-06,1.43741262800322e-05,TRUE,NA
10920,0.000691144613159239,0.00134149118253346,TRUE,NA
10921,5.20545564164233e-05,2.12412730588363e-05,FALSE,NA
10922,0.00141730226416138,0.0325730881473798,TRUE,NA
10923,7.74675755208439e-05,0.00247634296561007,TRUE,NA
10924,2.83825641522341e-07,0.000422788781699346,TRUE,NA
10925,5.96734271698004e-06,0.000438967109986083,TRUE,NA
10926,1.44928235046529e-05,0.00480007077278547,TRUE,NA
10927,3.04200435369676e-07,9.35348677884702e-05,TRUE,NA
10928,4.80343632690689e-09,3.56326079754079e-12,FALSE,NA
10929,1.2519885604156e-05,6.42425540174107e-07,FALSE,NA
10930,0.000156273909765173,0.000343148694787762,TRUE,NA
10931,0.00446485332348585,1.76643996106487e-05,FALSE,NA
10932,9.29403499022576e-05,0.000159689520153887,TRUE,NA
10933,0.0435750421559402,0.00119592871208032,FALSE,NA
10934,0.00120983948696087,0.00831639111498379,TRUE,NA
10935,0.00124297140492365,0.000175787717910817,FALSE,NA
10936,0.00195285044320936,0.0127137234021647,TRUE,NA
10937,0.000768362242552975,0.175346968233438,TRUE,NA
10938,1.17237365760228e-05,0.0610840425584935,TRUE,NA
10939,0.00490160750711445,0.000219112170475998,FALSE,NA
10940,2.28252590121394e-07,0.00139134030372519,TRUE,NA
10941,0.00129861298554339,9.52260259056572e-06,FALSE,NA
10942,0.00992164207779693,0.00109517803998225,FALSE,NA
10943,1.83883286024189e-05,8.833290299241e-07,FALSE,NA
10944,5.59827756752424e-05,0.0263782662579733,TRUE,NA
10945,0.000281795069133779,9.65868886271399e-05,FALSE,NA
10946,0.00892436522289956,0.0171143554261504,TRUE,NA
10947,0.000396738442100578,0.000220104306232745,FALSE,NA
10948,9.44792623920425e-07,0.595028764534204,TRUE,NA
10949,0.00996728030765293,2.32769225174288e-06,FALSE,NA
10950,0.00217678774880504,1.62903564188295e-08,FALSE,NA
10951,0.00433319400100446,0.0097622959161123,TRUE,NA
10952,0.0158602471187535,1.1148683705164e-05,FALSE,NA
10953,0.000501302041974242,1.38760645437644e-05,FALSE,NA
10954,0.00129127582691885,0.811224357627636,TRUE,NA
10955,0.429309759395632,3.34146230220603e-05,FALSE,NA
10956,0.0145278225901656,4.73617978029021e-05,FALSE,NA
10957,0.000106744630818472,1.44314707938883e-07,FALSE,NA
10958,0.0616833812527899,0.0472782961563791,FALSE,NA
10959,2.80934078271885e-07,3.41681024658474e-06,TRUE,NA
10960,3.58373742663844e-08,3.6393242929976e-09,FALSE,NA
10961,0.000405761193256758,0.000848979669943598,TRUE,NA
10962,0.0146561044266179,1.36383940340682e-06,FALSE,NA
10963,2.9929596698968e-05,2.85998659935318e-06,FALSE,NA
10964,0.00245892400715928,6.39666309695681e-06,FALSE,NA
10965,1.53283707262208e-07,2.24180014034119e-07,TRUE,NA
10966,0.00261545792311576,0.00118597235706893,FALSE,NA
10967,7.58500621377017e-06,0.069526858520452,TRUE,NA
10968,0.0340440906051965,0.000159923117978589,FALSE,NA
10969,0.000195116700280087,0.000623467827140859,TRUE,NA
10970,0.0449371141216014,0.0233107270100077,FALSE,NA
10971,1.87683105800045e-06,9.0726781499449e-07,FALSE,NA
10972,4.46135729355461e-09,3.7323211525898e-06,TRUE,NA
10973,2.02737184718925e-07,0.136121799463515,TRUE,NA
10974,0.0128688948334872,0.000310960207784271,FALSE,NA
10975,1.72902074459063e-05,0.0212517044865565,TRUE,NA
10976,0.000630188323993747,0.000123797046259501,FALSE,NA
10977,2.59424443984938e-05,0.00924268992974203,TRUE,NA
10978,5.58221427870214e-06,0.000559999199975416,TRUE,NA
10979,5.38662448124811e-10,1.23100730675923e-05,TRUE,NA
10980,3.35009025191424e-05,0.000102466572103633,TRUE,NA
10981,0.000402625341543083,1.52969551418674,TRUE,NA
10982,2.44126616438171e-06,0.00186776783449892,TRUE,NA
10983,6.62880135477105e-05,0.000371063556871651,TRUE,NA
10984,0.0150499475708283,0.0992047300581376,TRUE,NA
10985,0.00525993229635074,1.72246558110825e-05,FALSE,NA
10986,0.0513766029255716,0.00017318596465388,FALSE,NA
10987,0.00163447402845135,0.017780664769696,TRUE,NA
10988,0.00046742051126526,0.000517753612373707,TRUE,NA
10989,1.75773362303534e-06,2.10698305387207e-05,TRUE,NA
10990,0.00038053530218585,9.73827974541894e-06,FALSE,NA
10991,4.98930440924559e-06,4.51542312218241e-06,FALSE,NA
10992,0.0150014999252323,0.000863353437701255,FALSE,NA
10993,0.00200751729082483,1.11619116737792e-06,FALSE,NA
10994,0.0360194110594926,0.0504190772809777,TRUE,NA
10995,0.000727502203495513,0.771361716727013,TRUE,NA
10996,0.0254678741631686,0.000596852616281709,FALSE,NA
10997,0.000194765044270164,7.24059902764795e-05,FALSE,NA
10998,5.68374619585941e-05,0.399701637149761,TRUE,NA
10999,0.00254883462578264,0.171401816698986,TRUE,NA
11000,0.000822769951152546,0.786357128756785,TRUE,NA
11001,0.00355905327118125,1.389495978749e-05,FALSE,NA
11002,0.00117552761461596,0.00495985135581453,TRUE,NA
11003,0.00869371518636594,1.23694929539721,TRUE,NA
11004,0.0156672981159799,0.0379862239634524,TRUE,NA
11005,1.04799093828397e-05,0.000494785392387235,TRUE,NA
11006,0.00347333934154247,1.52722390301401e-10,FALSE,NA
11007,1.34246043237528e-05,1.0764684473839,TRUE,NA
11008,4.12386792232206e-09,0.000107976337463001,TRUE,NA
11009,0.0131443253308381,0.0015845303474194,FALSE,NA
11010,0.00190793381989481,1.79311140227667e-05,FALSE,NA
11011,4.01565359615448e-06,0.000763927786738608,TRUE,NA
11012,9.6776675609011e-10,6.22780974505373e-05,TRUE,NA
11013,0.122391821196932,0.0124710246767832,FALSE,NA
11014,0.00155878581134188,0.0245598497168086,TRUE,NA
11015,6.89009796169936e-05,0.000819160845556341,TRUE,NA
11016,1.68523398558533e-07,5.2257655996817e-06,TRUE,NA
11017,5.79443250616878e-09,0.510641972608786,TRUE,NA
11018,4.09083247498805e-05,0.000148330212280319,TRUE,NA
11019,0.00439402636220659,2.32250156362211e-05,FALSE,NA
11020,0.000693952045188298,4.17830856737007e-05,FALSE,NA
11021,9.22482776327354e-07,0.00016200522882034,TRUE,NA
11022,4.98282673404187e-05,0.00623357546571924,TRUE,NA
11023,0.000588893884431447,0.000669118129359196,TRUE,NA
11024,9.89963309001871e-06,0.0103893343847185,TRUE,NA
11025,1.50898030008207e-05,1.36263198947869,TRUE,NA
11026,0.0457106926815048,0.000173845934223559,FALSE,NA
11027,0.000723659528161557,5.82101964906473e-06,FALSE,NA
11028,9.45763307762645e-06,0.000651777158233288,TRUE,NA
11029,1.47455466495114e-07,4.17526967493871e-05,TRUE,NA
11030,0.000345680085153296,0.000825034782681352,TRUE,NA
11031,4.50602169299147e-05,0.000788964034414287,TRUE,NA
11032,6.24379728630708e-05,5.28932754037116e-07,FALSE,NA
11033,0.0398295051163724,0.0169470988218587,FALSE,NA
11034,0.0215573044755484,0.000447508088415488,FALSE,NA
11035,0.000946178864090245,2.82463240425076e-05,FALSE,NA
11036,2.48846635430102e-05,0.00183471271916268,TRUE,NA
11037,3.52644469243664e-10,0.0102040345160592,TRUE,NA
11038,3.90902258240158e-06,5.17335089802824e-07,FALSE,NA
11039,0.000158135962711161,5.13260468902489e-05,FALSE,NA
11040,0.000196809369938017,0.0655698689274059,TRUE,NA
11041,1.9569099976541e-08,1.46483289211293e-05,TRUE,NA
11042,1.32835439810814e-07,3.47086477952472e-07,TRUE,NA
11043,9.68066836503224e-05,0.000171982323555049,TRUE,NA
11044,0.013053659303578,0.0291816601074675,TRUE,NA
11045,0.00235871832028116,0.180996427043506,TRUE,NA
11046,1.10103404537605e-05,1.13431486426017e-12,FALSE,NA
11047,1.0388170339511e-06,6.59276828037762e-06,TRUE,NA
11048,5.43907705077342e-05,0.000263490913492238,TRUE,NA
11049,0.0172759440995966,3.23522861764784e-06,FALSE,NA
11050,0.00632080824761386,0.000724901563046058,FALSE,NA
11051,0.124687708050301,3.46132712110132e-06,FALSE,NA
11052,0.000499330112100071,0.000780822160928449,TRUE,NA
11053,6.09899908373404e-11,6.27041788777908e-05,TRUE,NA
11054,0.000206086439868534,0.00385005657623749,TRUE,NA
11055,1.55285905731268e-05,0.000126059517044566,TRUE,NA
11056,2.4695210188256e-06,5.60087925205164e-06,TRUE,NA
11057,3.62071895946775e-06,1.88615046601636e-06,FALSE,NA
11058,7.38885280422702e-05,6.64938951457471e-05,FALSE,NA
11059,0.0350765487955957,0.00285397292906086,FALSE,NA
11060,0.0106732829258545,0.000299373782442553,FALSE,NA
11061,6.50800757085211e-05,2.74406751979335e-05,FALSE,NA
11062,0.00375421467070636,0.00539373601789601,TRUE,NA
11063,0.000143701928853509,0.00100903694724131,TRUE,NA
11064,0.002045622238247,0.000107837476625064,FALSE,NA
11065,1.50326690885858e-05,0.000191484879774315,TRUE,NA
11066,0.0915507001048577,0.000501258354078594,FALSE,NA
11067,0.0411149666591834,1.95553184113678,TRUE,NA
11068,0.00963100396091103,0.121789147901916,TRUE,NA
11069,1.60699851942406e-05,0.000771006782953984,TRUE,NA
11070,0.00356324889228592,0.0111866640982,TRUE,NA
11071,2.63904565019413e-08,0.000302776669002122,TRUE,NA
11072,0.0151510125179579,1.16694633842106e-05,FALSE,NA
11073,0.00249907826295164,1.01034429791959e-06,FALSE,NA
11074,0.0353904966319639,0.0183640371902036,FALSE,NA
11075,0.0040587213654128,0.09900412537517,TRUE,NA
11076,0.0011959510139214,0.21887902792097,TRUE,NA
11077,0.000362802576848225,3.84229009524907e-06,FALSE,NA
11078,1.66533453693787e-13,7.99762525373493e-05,TRUE,NA
11079,0.000342694544233255,0.465444788639418,TRUE,NA
11080,0.000374571848665175,0.284654550224741,TRUE,NA
11081,2.85817199530977e-05,0.0521004124647977,TRUE,NA
11082,0.000127180947643673,0.0288848081207814,TRUE,NA
11083,0.000516572020282012,5.38580734680528e-06,FALSE,NA
11084,5.76123172538195e-06,0.000356877869516834,TRUE,NA
11085,0.00230500197951052,1.89816037533315,TRUE,NA
11086,0.00632328484500832,0.000598479113629612,FALSE,NA
11087,0.00113880709937672,0.0352654098239046,TRUE,NA
11088,0.00107326841987082,2.50626402386193e-05,FALSE,NA
11089,0.00036169021708365,0.826644005216112,TRUE,NA
11090,0.00048909073224721,6.59945855698225e-09,FALSE,NA
11091,2.82370382892233e-05,7.75704031477512e-05,TRUE,NA
11092,0.00026384061625589,0.000547955936559051,TRUE,NA
11093,5.43122755997685e-05,0.0061379303447421,TRUE,NA
11094,1.01352315135341e-05,0.0395488578806734,TRUE,NA
11095,0.00210419310061564,2.82891731283194e-05,FALSE,NA
11096,0.00045573066438426,6.386702924668e-06,FALSE,NA
11097,0.0183532335286755,0.000135412774523046,FALSE,NA
11098,2.46912712249217e-06,0.0027614068511557,TRUE,NA
11099,0.015077578516771,1.87947705994713e-06,FALSE,NA
11100,9.56234139375024e-05,2.17237278365898e-05,FALSE,NA
11101,1.87821818195392e-07,0.0468885381018339,TRUE,NA
11102,0.00524416329070066,0.0434188402825051,TRUE,NA
11103,0.00393862864521202,3.73652653960805e-09,FALSE,NA
11104,0.00289580827563989,0.00196921917631007,FALSE,NA
11105,8.36628208475479e-05,0.000137156735784472,TRUE,NA
11106,0.00314671506300549,0.0371270043745008,TRUE,NA
11107,0.00257411723933685,8.36545680270917e-06,FALSE,NA
11108,5.56875502818036e-09,0.054258459634045,TRUE,NA
11109,2.89446412276559e-05,2.65548223030173e-07,FALSE,NA
11110,0.000146050023716049,2.89650533954407e-05,FALSE,NA
11111,0.00481686714760077,2.32125891458048e-06,FALSE,NA
11112,0.000310927775258298,1.88234530032488e-06,FALSE,NA
11113,7.90094969575742e-08,0.00502562682202008,TRUE,NA
11114,0.00094170062012959,0.00477989816665333,TRUE,NA
11115,4.30502026871234e-06,1.99045472107695e-05,TRUE,NA
11116,4.43597728557493e-05,0.00330758157297999,TRUE,NA
11117,0.0145251994945173,0.000119620730750395,FALSE,NA
11118,0.00290437941891408,0.361234414695323,TRUE,NA
11119,1.1313894002605e-05,0.00529823599789943,TRUE,NA
11120,0.0036962823614011,0.120846235091319,TRUE,NA
11121,3.94354999701959e-05,1.68456359986613e-10,FALSE,NA
11122,2.79910553497479e-07,4.04759515165637e-06,TRUE,NA
11123,0.0123802559476171,0.730003921146665,TRUE,NA
11124,1.38510845434428e-05,0.00660619106917675,TRUE,NA
11125,0.000210005701533646,0.000114662531112391,FALSE,NA
11126,1.29260418563986e-05,0.00774328719622694,TRUE,NA
11127,0.0003336713582343,0.00113393564388957,TRUE,NA
11128,2.07100998831327e-06,5.65691685662299e-06,TRUE,NA
11129,2.14126245989951e-06,0.0497369671408873,TRUE,NA
11130,1.62498197609468e-06,0.00165596143208806,TRUE,NA
11131,1.59604466633223e-05,0.00424751029326928,TRUE,NA
11132,0.000115458053420508,7.7021532365435e-06,FALSE,NA
11133,0.00094067997483017,0.000682505792447809,FALSE,NA
11134,4.24121951474218e-06,1.72462833344657e-05,TRUE,NA
11135,1.07619931056674e-06,0.122303027547969,TRUE,NA
11136,8.65889197858167e-07,0.000497127785620768,TRUE,NA
11137,7.28663931021642e-06,0.000396643121225175,TRUE,NA
11138,0.000136610933040809,4.84741360021283e-05,FALSE,NA
11139,3.88834379836545e-06,0.00452420699557886,TRUE,NA
11140,0.000469852999307473,0.00943133209632292,TRUE,NA
11141,1.54118636432819e-06,7.52054163912446e-08,FALSE,NA
11142,6.37619989693994e-07,0.0027726726706307,TRUE,NA
11143,0.000176898710748356,0.00121440444029441,TRUE,NA
11144,8.25249536161174e-06,0.00547336286358492,TRUE,NA
11145,5.40265893772252e-05,0.126842718630228,TRUE,NA
11146,1.77292860459558e-05,8.32083135913392e-05,TRUE,NA
11147,4.19134753472828e-08,2.97004681253483e-05,TRUE,NA
11148,1.30990108203216e-05,0.000190446685207048,TRUE,NA
11149,8.51831142587451e-09,3.25154980877372e-05,TRUE,NA
11150,0.01159380096133,5.6729759276443,TRUE,NA
11151,4.45905635879357e-05,0.000150207696829326,TRUE,NA
11152,6.5439682534853e-05,1.66367254968162e-05,FALSE,NA
11153,0.0021784601428531,0.0131843159953556,TRUE,NA
11154,9.47273001700064e-06,0.00165709428103719,TRUE,NA
11155,0.000215798744412935,0.00898456179906149,TRUE,NA
11156,0.0146988724161344,0.000204523808126669,FALSE,NA
11157,1.18388677385764e-06,7.8577910222465e-06,TRUE,NA
11158,0.000899537574973884,0.000378643351255916,FALSE,NA
11159,3.00289072757683e-05,0.000646372081059048,TRUE,NA
11160,0.000392120453188154,1.77874894481908e-06,FALSE,NA
11161,0.0294394410919483,2.13462687628575e-06,FALSE,NA
11162,4.69784211543022e-11,0.0026557329871639,TRUE,NA
11163,0.00567529714344758,0.0592993587706004,TRUE,NA
11164,0.260716246456892,1.65018346629187e-06,FALSE,NA
11165,0.0123884169595868,0.0219082614476006,TRUE,NA
11166,0.0158433485141573,2.05194161034381e-05,FALSE,NA
11167,0.00607955185672829,1.9474233355998e-09,FALSE,NA
11168,0.00670699288866717,0.0016045616036461,FALSE,NA
11169,0.129254035268894,9.56151836674724e-05,FALSE,NA
11170,0.0563697868438601,0.851729476708039,TRUE,NA
11171,5.65828119294264e-09,0.0193653283248792,TRUE,NA
11172,0.0229005917964361,0.0630294140524223,TRUE,NA
11173,2.77945521675813e-05,4.07253870819944e-05,TRUE,NA
11174,0.000123066594201415,6.08160214265555e-07,FALSE,NA
11175,1.8898626872873e-07,0.0140051666485136,TRUE,NA
11176,0.00079148076058923,0.00279548799138938,TRUE,NA
11177,0.0817569196841234,9.32160477529022e-06,FALSE,NA
11178,0.00810390700646668,0.00886651569591711,TRUE,NA
11179,0.000123909066898381,0.000761250440039093,TRUE,NA
11180,1.22565335175989e-07,0.000529206632968357,TRUE,NA
11181,2.49856785944642e-07,0.0558877030939905,TRUE,NA
11182,0.000351771841549314,8.37754949342806e-06,FALSE,NA
11183,0.0175232365909789,0.00031297114017743,FALSE,NA
11184,2.33149445621543e-05,0.0198026384679781,TRUE,NA
11185,1.91553143832964e-05,0.0164481196477328,TRUE,NA
11186,0.00138380759756925,0.228532220812158,TRUE,NA
11187,0.000700880370595355,2.5647358576983e-06,FALSE,NA
11188,8.78243865109345e-05,0.0271268738067475,TRUE,NA
11189,0.00114471458625114,1.93191809647697e-06,FALSE,NA
11190,0.0392054453318038,3.90711006400037e-05,FALSE,NA
11191,1.95835796466986e-05,0.226331981735775,TRUE,NA
11192,5.1092945315505e-05,4.31330543266451e-06,FALSE,NA
11193,0.00098635536419979,0.0182799830506603,TRUE,NA
11194,0.0185220910851984,0.00581716880850347,FALSE,NA
11195,2.24271895534043e-06,0.740206733023985,TRUE,NA
11196,0.050408045778272,1.12380672581493,TRUE,NA
11197,8.40020028191118e-07,0.0268727446201086,TRUE,NA
11198,5.93477765926744e-06,0.000564665100896336,TRUE,NA
11199,0.000207799466303736,0.00217730283703746,TRUE,NA
11200,0.0171666306780596,0.265017870380972,TRUE,NA
11201,8.43479415659647e-07,1.51880204818306e-05,TRUE,NA
11202,0.00607152752091795,0.00664108710289269,TRUE,NA
11203,0.000348188279818188,0.00499502793388208,TRUE,NA
11204,5.05543791842664e-05,0.787307059040218,TRUE,NA
11205,0.00356002137017677,0.412404904411298,TRUE,NA
11206,5.11288944807484e-06,0.000161515744709091,TRUE,NA
11207,0.00788723033886814,0.00729974267546002,FALSE,NA
11208,0.00824037232880336,0.000341535515060231,FALSE,NA
11209,0.000629742472833356,1.02781209724958e-05,FALSE,NA
11210,3.89726580259353e-06,0.000275018460559704,TRUE,NA
11211,3.2367135014546e-07,0.00236712605052825,TRUE,NA
11212,0.000458209675641564,0.000124926231140086,FALSE,NA
11213,1.10727512990231e-05,0.0013140235512908,TRUE,NA
11214,0.0019692379162622,0.00183597532588117,FALSE,NA
11215,0.000134258463145386,0.00570867074330299,TRUE,NA
11216,0.00116716407052325,0.804841563652268,TRUE,NA
11217,0.104603220438188,3.00565521297974e-05,FALSE,NA
11218,2.52630939434902e-06,0.0006032314604406,TRUE,NA
11219,0.000183625248754449,5.50760442839139e-05,FALSE,NA
11220,0.000483135522717906,0.0716730431233865,TRUE,NA
11221,0.0169888288111311,0.000247461956326683,FALSE,NA
11222,5.86953052391109e-05,0.0042526361281615,TRUE,NA
11223,0.000820203509910892,0.0622559566408395,TRUE,NA
11224,4.14804910445327e-05,0.0795721509289132,TRUE,NA
11225,0.0422924490087487,0.000153442365168437,FALSE,NA
11226,0.0006633997491029,9.34411701618792e-06,FALSE,NA
11227,6.01249669391478e-07,0.00263986276978337,TRUE,NA
11228,3.48903177080893e-06,0.00400600547653675,TRUE,NA
11229,0.000374826080269271,0.000747591045438227,TRUE,NA
11230,7.78607303886474e-09,4.7862967691618e-06,TRUE,NA
11231,5.60795103614837e-07,0.00188122804584149,TRUE,NA
11232,0.0214093622768391,3.34021834132913e-07,FALSE,NA
11233,6.23268680823821e-05,0.000228693293443918,TRUE,NA
11234,0.000306625783350928,0.00815050913294508,TRUE,NA
11235,0.00969744000636514,0.000108062241145678,FALSE,NA
11236,0.0386671762880073,0.000290295101107548,FALSE,NA
11237,0.00592382371609704,3.18433867034007e-05,FALSE,NA
11238,0.000142082096850323,3.76804206840885,TRUE,NA
11239,0.00812320789807165,0.0176964147014192,TRUE,NA
11240,0.00217261794550606,0.00065485463819943,FALSE,NA
11241,8.84197844512496e-05,0.000111716636137186,TRUE,NA
11242,0.00548599560332608,0.785069949142966,TRUE,NA
11243,0.0121760862445265,0.00106523577365654,FALSE,NA
11244,9.90076029937484e-05,0.000138579080942765,TRUE,NA
11245,0.00540918489075868,2.54371511315201e-06,FALSE,NA
11246,0.000807002601624415,1.85320853985609e-06,FALSE,NA
11247,0.0642103294094834,0.243075816212632,TRUE,NA
11248,5.10473587041012e-05,0.625685890480377,TRUE,NA
11249,0.0150614242019111,5.68699599082021e-05,FALSE,NA
11250,5.01786254098875e-07,2.58726743637006e-07,FALSE,NA
11251,0.000373316025100978,8.30480713155663e-08,FALSE,NA
11252,3.11546677393651e-10,0.000734090055847655,TRUE,NA
11253,2.5448846395956e-09,3.3730403936783e-05,TRUE,NA
11254,0.000579894169281443,2.72506659913282e-05,FALSE,NA
11255,3.03396516824874e-05,0.0760923537596157,TRUE,NA
11256,0.000116698970078886,0.00456854033644489,TRUE,NA
11257,4.25497854759605e-06,4.02541873498342e-08,FALSE,NA
11258,2.91230795459423e-09,0.000502585248533436,TRUE,NA
11259,1.25105604806459e-06,1.45525529788576e-06,TRUE,NA
11260,0.0320529382118039,0.000385240876334311,FALSE,NA
11261,3.05803089073574e-05,8.95750981307145e-05,TRUE,NA
11262,0.0143461303756815,0.000102546090792316,FALSE,NA
11263,1.47681010565916e-05,0.0397327595347204,TRUE,NA
11264,0.00151818971459541,0.0014615226939317,FALSE,NA
11265,2.04106619047944e-06,0.0232871823416557,TRUE,NA
11266,0.00563069873535066,0.00364071448020114,FALSE,NA
11267,0.00536444554157129,2.47999268643137e-08,FALSE,NA
11268,1.35799146385096e-05,4.21291757738321e-07,FALSE,NA
11269,2.95317693496147e-07,0.00727363299713091,TRUE,NA
11270,0.136719639022914,0.000678423143411081,FALSE,NA
11271,1.77601777960465e-05,7.37519594096458e-05,TRUE,NA
11272,0.000774112507086279,0.0759112550335533,TRUE,NA
11273,4.37915707768069e-06,0.000387407956846328,TRUE,NA
11274,0.00817134192287905,1.42313381340677e-05,FALSE,NA
11275,0.000243325728035234,0.000953637404788925,TRUE,NA
11276,1.71340366487875e-05,8.66703249550938e-05,TRUE,NA
11277,2.77945747371553e-05,0.00120044446421649,TRUE,NA
11278,4.43800194762004e-06,0.0147907092649632,TRUE,NA
11279,0.0355867635038289,0.000406785552234371,FALSE,NA
11280,0.216650318363012,5.33739415046314e-06,FALSE,NA
11281,0.0174261559735597,8.85363356098769e-07,FALSE,NA
11282,0.000647673696868795,0.000345562748511743,FALSE,NA
11283,9.42098687919051e-08,7.77780710481268e-05,TRUE,NA
11284,9.56027596223806e-05,0.000102868971924516,TRUE,NA
11285,3.28675950538081e-06,4.58408045907329e-09,FALSE,NA
11286,0.000734964692978005,0.0227249597116462,TRUE,NA
11287,0.000345498848770516,8.24689102290332e-06,FALSE,NA
11288,3.5476447364659e-05,0.00293909926429459,TRUE,NA
11289,0.0152746725162081,3.15364812878813e-05,FALSE,NA
11290,1.06319722301847e-06,1.31238894139216e-06,TRUE,NA
11291,2.92909882059399e-07,0.11257989687127,TRUE,NA
11292,4.13179704807996e-06,0.000512620218049119,TRUE,NA
11293,0.000635409434145054,1.73754100396171e-08,FALSE,NA
11294,7.90457204291059e-08,0.00018148867927743,TRUE,NA
11295,4.9405171160523e-05,0.00601658759075769,TRUE,NA
11296,1.00679575543348e-06,1.41886050393985e-05,TRUE,NA
11297,4.15731168139288e-08,0.00034130978764076,TRUE,NA
11298,0.000131463795015717,0.00438843217359698,TRUE,NA
11299,0.0160883899845737,0.00154254301204553,FALSE,NA
11300,6.47530232343401e-05,0.00943176479194777,TRUE,NA
11301,0.000104624515611114,1.21403571172824e-05,FALSE,NA
11302,0.0159903600065568,0.000289232672718392,FALSE,NA
11303,0.00191194221776736,0.000331632024478979,FALSE,NA
11304,4.51178880251705e-05,0.0704126819427505,TRUE,NA
11305,0.00343235059921107,0.110803186642362,TRUE,NA
11306,1.21331416445959e-06,0.0365696344075675,TRUE,NA
11307,0.00935374720955641,0.00668308780111074,FALSE,NA
11308,2.59475301395976e-05,4.90047906536742e-05,TRUE,NA
11309,0.00390009925678075,0.00255056528968651,FALSE,NA
11310,0.0312365946726068,2.01352268194095e-11,FALSE,NA
11311,0.00388756334727423,1.18570628711073e-06,FALSE,NA
11312,4.87597976114738e-08,6.79148414645269e-07,TRUE,NA
11313,0.00228543082154359,3.34998502650385e-07,FALSE,NA
11314,0.00369667349029084,0.130049804309586,TRUE,NA
11315,0.00187897880499089,0.00372133880236971,TRUE,NA
11316,5.04130544471726e-08,5.9359568547953e-09,FALSE,NA
11317,3.6383446321971e-09,1.73528458419906e-09,FALSE,NA
11318,0.00121948580800658,1.72554808905296e-05,FALSE,NA
11319,5.09297727511362e-09,2.81672247070912e-05,TRUE,NA
11320,7.93178557396009e-05,0.0709404237715912,TRUE,NA
11321,0.0347654478101388,0.674346404824811,TRUE,NA
11322,8.09062293380239e-07,0.0326576692238485,TRUE,NA
11323,1.12270647863448e-06,0.000712310754656239,TRUE,NA
11324,0.00182225391740701,1.50422738728776e-05,FALSE,NA
11325,0.00300584145399254,0.00053915181834729,FALSE,NA
11326,0.000635638992444373,2.05314506889764e-05,FALSE,NA
11327,0.000544917985565399,0.000575772877360037,TRUE,NA
11328,0.0206004248651015,0.000378404569388353,FALSE,NA
11329,5.61505064824434e-10,0.0220372513290355,TRUE,NA
11330,0.000596665662549819,0.122038600849624,TRUE,NA
11331,0.000238665534336809,0.00157443368417267,TRUE,NA
11332,1.92826843567422e-09,4.80956645723004e-05,TRUE,NA
11333,4.07985429211255e-05,0.000659173919760077,TRUE,NA
11334,0.030347226702438,0.00124876473632289,FALSE,NA
11335,0.00915948363542057,0.21395503306517,TRUE,NA
11336,0.112619989400674,0.00102944908351134,FALSE,NA
11337,9.28064444441332e-05,0.00477794566306804,TRUE,NA
11338,0.000490235953020356,2.01484677700809e-07,FALSE,NA
11339,8.70735404182712e-05,1.15601844702518e-06,FALSE,NA
11340,7.00637430160373e-07,0.0375255441673269,TRUE,NA
11341,0.00050228579136459,0.000150548879374836,FALSE,NA
11342,0.0103861791399238,0.000135474222449276,FALSE,NA
11343,0.0538867306250444,7.36323891019822e-10,FALSE,NA
11344,0.000400865818939234,1.01985718380062e-05,FALSE,NA
11345,9.70173204477882e-05,1.68293193118589e-06,FALSE,NA
11346,0.000205243319910547,3.1710190029394e-12,FALSE,NA
11347,0.000132540309792926,6.71173793124475e-05,FALSE,NA
11348,0.000666025390143787,2.89490006345913e-06,FALSE,NA
11349,3.80141028257512e-06,0.000554460131299261,TRUE,NA
11350,0.000116401974422941,7.52849242786456e-07,FALSE,NA
11351,4.99146042809884e-05,0.000928976943299802,TRUE,NA
11352,0.0010389847381521,2.97854242886251e-07,FALSE,NA
11353,7.08073802100321e-09,0.000139634783845149,TRUE,NA
11354,0.00222118001819578,2.81837388572428e-05,FALSE,NA
11355,0.00014374045319491,2.19730040295566e-06,FALSE,NA
11356,0.00013464361844662,6.46690537835939e-07,FALSE,NA
11357,6.38171243711912e-05,8.73293541199609e-08,FALSE,NA
11358,0.025949062073468,0.00391639686287422,FALSE,NA
11359,0.000132141551386743,0.0010055312695168,TRUE,NA
11360,0.0022378798798755,2.02794152784368e-06,FALSE,NA
11361,6.53882161392824e-05,0.00206252660633289,TRUE,NA
11362,0.00163959319825761,0.0159261032883649,TRUE,NA
11363,3.51732775146142e-06,1.60698121489256e-10,FALSE,NA
11364,2.10708003724959e-05,0.94984834561944,TRUE,NA
11365,8.93636082871619e-08,0.000133456046947501,TRUE,NA
11366,0.00440977573198272,0.0281843809875104,TRUE,NA
11367,0.000285241747037436,8.16192973963775e-05,FALSE,NA
11368,2.67310916313283e-05,9.69837149590626e-07,FALSE,NA
11369,0.000650739445483111,0.000984585094251894,TRUE,NA
11370,4.67045177018946e-07,0.00265655441502319,TRUE,NA
11371,1.69437306960684e-05,1.44151625589939e-07,FALSE,NA
11372,0.000659067760424026,0.0354772076707193,TRUE,NA
11373,8.04749593787916e-06,6.8240267997595e-05,TRUE,NA
11374,1.56335555734434e-09,2.15845637436718,TRUE,NA
11375,0.0427191950973562,4.67280919533042e-05,FALSE,NA
11376,0.210806447730895,1.21272159252647e-06,FALSE,NA
11377,4.61098141855568e-05,0.000168526366635301,TRUE,NA
11378,0.00370330263483232,0.0164433565707228,TRUE,NA
11379,7.85600778302652e-05,1.58001774590516e-05,FALSE,NA
11380,0.000126211607809182,1.52910195706498e-06,FALSE,NA
11381,0.00957541939717749,0.558208468453337,TRUE,NA
11382,0.0204514045194322,0.041920529410743,TRUE,NA
11383,5.77420376985709e-05,0.000531657010437796,TRUE,NA
11384,0.000176078104658753,0.00122878562198934,TRUE,NA
11385,1.36705831000529e-05,1.90662152914317e-09,FALSE,NA
11386,2.9141780826971e-07,0.022950862255256,TRUE,NA
11387,0.0133917488409388,0.00228820588901019,FALSE,NA
11388,0.00050166339218959,0.0035307138096903,TRUE,NA
11389,0.00759594545344962,3.75782661501242e-05,FALSE,NA
11390,0.000636521091148214,0.00490162964216838,TRUE,NA
11391,0.102412623118963,0.000727144049111252,FALSE,NA
11392,0.00157887217620442,0.00409614559041559,TRUE,NA
11393,0.000503133470190616,3.556486401648e-07,FALSE,NA
11394,0.0013442460117555,2.2639047122023e-05,FALSE,NA
11395,0.000722194678912444,0.0090215176341298,TRUE,NA
11396,5.85215777781743e-05,4.33729031544194e-05,FALSE,NA
11397,5.4771687375017e-07,0.00175423460357149,TRUE,NA
11398,0.000616581189519332,0.00087809940861977,TRUE,NA
11399,0.000156057166715217,0.0466861126049056,TRUE,NA
11400,0.000203059687642118,2.78222751492519e-05,FALSE,NA
11401,0.00288323674322854,2.06880561557195e-05,FALSE,NA
11402,1.62474228385841e-05,4.76115021974477e-05,TRUE,NA
11403,3.64022788333205e-07,0.00319758132771785,TRUE,NA
11404,0.0719020839493047,1.23685271449147e-05,FALSE,NA
11405,2.72194166391921e-07,4.54823104469287e-06,TRUE,NA
11406,0.000716991482543665,1.68617120280606e-10,FALSE,NA
11407,0.0035221409233433,4.40092255121238e-05,FALSE,NA
11408,0.00059700450031409,0.000190655861692999,FALSE,NA
11409,2.30783327161119e-05,0.000860514361905032,TRUE,NA
11410,0.0488618019626251,0.000329184928378609,FALSE,NA
11411,0.0200909492874178,4.34005407874188e-05,FALSE,NA
11412,7.47172677579639e-05,0.000499728042458403,TRUE,NA
11413,0.00170011237961688,4.37575156033762e-06,FALSE,NA
11414,2.73357987011392e-05,0.0480891742393474,TRUE,NA
11415,9.69109697190509e-09,2.03481461510413e-07,TRUE,NA
11416,7.26425826993904e-07,0.00539886152970998,TRUE,NA
11417,7.25239513640154e-07,1.27112104983583e-08,FALSE,NA
11418,0.000324715673466178,3.42604078658879e-05,FALSE,NA
11419,0.0282692975033613,1.08815443352975e-05,FALSE,NA
11420,1.34476745975484e-06,0.00182318568002145,TRUE,NA
11421,3.69579157833203e-06,0.00330661918338716,TRUE,NA
11422,0.00249664178397306,6.15168222122903,TRUE,NA
11423,0.09650435336633,0.0308155077359412,FALSE,NA
11424,9.44413116332992e-05,2.38196296304419e-09,FALSE,NA
11425,0.00251463020933641,0.0140039427647092,TRUE,NA
11426,3.66216323710308e-07,2.54061759547341e-06,TRUE,NA
11427,0.00100069555779998,1.61307101139911e-09,FALSE,NA
11428,0.0786959483186886,0.00011786739558103,FALSE,NA
11429,7.57245123775994e-05,0.000275469878327701,TRUE,NA
11430,6.6065004193917e-06,0.00201633789894647,TRUE,NA
11431,5.28400102847643e-09,0.088005328629799,TRUE,NA
11432,6.45082481559108e-05,3.84313297537494e-07,FALSE,NA
11433,0.000615665977768157,1.10826363632233,TRUE,NA
11434,1.16124351549111e-07,0.000120948568201665,TRUE,NA
11435,6.87574172610157e-07,0.000135627992309722,TRUE,NA
11436,0.00328495087023258,0.0165952638489333,TRUE,NA
11437,0.0701483128056955,2.49097338805405e-07,FALSE,NA
11438,0.0198749822136603,0.00614620283811645,FALSE,NA
11439,0.0660120951640727,1.25341233662628e-06,FALSE,NA
11440,0.0331659201034389,0.000995039501466525,FALSE,NA
11441,1.89570669774231e-05,3.82088577165262e-07,FALSE,NA
11442,7.44850865279125e-06,0.0569740273449194,TRUE,NA
11443,3.59962459656691e-08,0.0064686783201299,TRUE,NA
11444,0.0516243532024698,0.0223512776943475,FALSE,NA
11445,6.5652129126258e-06,1.69392686783267e-05,TRUE,NA
11446,0.00975893558444922,4.53541317767433e-07,FALSE,NA
11447,0.000397806750970473,1.05826681244492e-07,FALSE,NA
11448,7.24329195069034e-05,0.00243867881716038,TRUE,NA
11449,0.00321793228473818,2.50845197129914e-05,FALSE,NA
11450,1.99093134591212e-07,0.000549142021203958,TRUE,NA
11451,7.08627765691049e-06,0.487947155758494,TRUE,NA
11452,3.40679931002579e-05,4.12533960263606e-07,FALSE,NA
11453,2.67746656362741e-06,1.20628170296843,TRUE,NA
11454,3.50038429676989e-05,0.000170094711121965,TRUE,NA
11455,0.0202787206487377,9.60630227141972e-05,FALSE,NA
11456,0.0204074240974127,0.00631625064419528,FALSE,NA
11457,1.45795130967418e-06,0.00673521259374413,TRUE,NA
11458,0.00168827596081411,2.26520737796708e-05,FALSE,NA
11459,0.00219417912900883,0.00892465418119121,TRUE,NA
11460,0.0268001195478989,0.000195701605712303,FALSE,NA
11461,0.000522516094432315,0.000205928125527819,FALSE,NA
11462,4.42954301468789e-05,9.82316250900687e-05,TRUE,NA
11463,0.0251729638199233,6.18605324565323e-07,FALSE,NA
11464,1.24166654812889e-09,0.0158270967238596,TRUE,NA
11465,5.02500244820168e-05,0.0574031342397736,TRUE,NA
11466,0.0171024398264674,0.0354536259147607,TRUE,NA
11467,0.000210013834287372,0.805487878993855,TRUE,NA
11468,2.51811125271174e-06,0.000711569817634953,TRUE,NA
11469,0.000848202541153357,0.000336092689319832,FALSE,NA
11470,4.97419841183458e-05,4.86773823449426e-05,FALSE,NA
11471,0.000725969536783181,0.00143414776946121,TRUE,NA
11472,0.0028909690115295,0.035769593244286,TRUE,NA
11473,6.88005770485973e-08,0.680139434608625,TRUE,NA
11474,4.30057268500025e-09,0.00648929429047895,TRUE,NA
11475,0.00032091685681714,0.0124452047623354,TRUE,NA
11476,0.000412270017611381,0.00140125026492332,TRUE,NA
11477,0.000458445587796021,0.0080621005230886,TRUE,NA
11478,6.50147903470558e-05,0.00175406253764524,TRUE,NA
11479,0.00432034639370261,0.0038764562026447,FALSE,NA
11480,2.28411268521693e-06,1.5842951166355e-05,TRUE,NA
11481,4.62824968206884e-06,0.0121879307981764,TRUE,NA
11482,0.00747038178735948,2.94359042489891e-06,FALSE,NA
11483,2.38239316002728e-06,0.00734288718522281,TRUE,NA
11484,0.000256920571928066,0.000255852344342645,FALSE,NA
11485,2.52876532678023e-05,6.50034887295862e-05,TRUE,NA
11486,1.25050872874515e-06,1.50138740164621e-07,FALSE,NA
11487,0.0188930046616785,0.00365249038001022,FALSE,NA
11488,0.00943756249917486,0.671226278768311,TRUE,NA
11489,0.00287371060200656,0.0107779071614299,TRUE,NA
11490,0.00180709761449318,0.000284171609895808,FALSE,NA
11491,0.00190882057253165,5.71114985742282e-07,FALSE,NA
11492,2.75611533975374e-09,1.26247497984718e-05,TRUE,NA
11493,0.016612336355021,1.34118906003919e-05,FALSE,NA
11494,0.000320522125619248,2.80091377964436e-05,FALSE,NA
11495,9.42135419008972e-05,0.0032245821754717,TRUE,NA
11496,0.00025260294121637,0.000208037416333044,FALSE,NA
11497,0.000475056384824434,0.306724577755561,TRUE,NA
11498,5.33658894994747e-10,4.6355047164426e-07,TRUE,NA
11499,7.61282315205562e-05,0.00178818647888531,TRUE,NA
11500,0.0261274298720115,0.0274665448337632,TRUE,NA
11501,7.43827695108615e-06,0.00163188154024401,TRUE,NA
11502,0.192995430249764,0.000612830392608993,FALSE,NA
11503,1.12175776868058e-06,0.151386565199376,TRUE,NA
11504,0.0425703600216053,0.00172596219747944,FALSE,NA
11505,0.000552440273127058,0.373713194096206,TRUE,NA
11506,2.18560689714613e-08,0.00145903661537215,TRUE,NA
11507,3.32296110660057e-07,0.00174665133246231,TRUE,NA
11508,0.0209997809092331,0.00539890052642589,FALSE,NA
11509,0.0110152490668685,0.172408543678154,TRUE,NA
11510,0.000437272144531889,0.0703518690613417,TRUE,NA
11511,0.0616529940749293,0.752022925262522,TRUE,NA
11512,1.24994456828343e-05,5.820431345232e-06,FALSE,NA
11513,0.00123207754965441,2.46128432513056,TRUE,NA
11514,0.0309350761776052,1.12669354707174e-05,FALSE,NA
11515,2.80306317281422e-05,9.31287856572198e-06,FALSE,NA
11516,6.19182864647214e-06,6.12988980229575e-06,FALSE,NA
11517,0.00076201204618504,9.13583737146696e-05,FALSE,NA
11518,0.000161210156852939,1.59597083640058e-06,FALSE,NA
11519,8.49298669242232e-05,0.00221531889048251,TRUE,NA
11520,0.000372393087522062,3.64233669408265e-06,FALSE,NA
11521,0.00305933921491157,6.08336861552333e-06,FALSE,NA
11522,0.0073132694201365,0.000213253966727274,FALSE,NA
11523,2.47810084737543e-07,0.000156311471319207,TRUE,NA
11524,3.34512884618774e-09,0.291381309906791,TRUE,NA
11525,8.67796264500473e-06,1.61886222541316e-05,TRUE,NA
11526,1.43235926514092e-05,0.00049204708407866,TRUE,NA
11527,1.58342898978059e-05,1.6503811612644e-05,TRUE,NA
11528,0.00409398681741441,7.24160956070289e-06,FALSE,NA
11529,0.00115509516255217,3.36960141072825,TRUE,NA
11530,0.0228576107791559,2.86020666435265e-05,FALSE,NA
11531,0.0433774524306753,5.43444080778333e-05,FALSE,NA
11532,0.00189934140209464,3.27499557144267e-07,FALSE,NA
11533,0.000125217815070191,9.99563938138968e-07,FALSE,NA
11534,1.92561791155763e-05,0.00560565077337707,TRUE,NA
11535,0.00222243313117613,0.0339043204960573,TRUE,NA
11536,0.00215250231598247,0.000327115728793411,FALSE,NA
11537,3.8033521167455e-08,5.2304382032917e-05,TRUE,NA
11538,1.49836920033367e-05,0.0104300481702246,TRUE,NA
11539,0.00192902576423793,0.0372168840460485,TRUE,NA
11540,7.10514602802598e-05,0.00159053303687566,TRUE,NA
11541,1.21971495859164e-06,7.67000998996703e-05,TRUE,NA
11542,2.68524799595965e-05,4.72552649032633e-06,FALSE,NA
11543,9.88817735566037e-05,5.82301114294205e-08,FALSE,NA
11544,7.76627887240478e-09,9.62997438066488e-05,TRUE,NA
11545,0.0364661246639462,5.50699414775164e-05,FALSE,NA
11546,0.00819294915930544,0.0288057453091413,TRUE,NA
11547,2.91411345052378e-06,9.24910248981464e-06,TRUE,NA
11548,6.97260530246948e-06,2.73769148783863e-05,TRUE,NA
11549,0.00567491590794639,0.0229090759726614,TRUE,NA
11550,1.64054894902069e-06,0.600242109748844,TRUE,NA
11551,0.00274902187135317,0.00388977929270169,TRUE,NA
11552,8.78098091726138e-06,0.000463433869472703,TRUE,NA
11553,5.35119656248855e-08,2.33285820484216,TRUE,NA
11554,2.40089620980136e-05,0.341829187349855,TRUE,NA
11555,0.000380667727282316,0.000374487118909179,FALSE,NA
11556,5.04684841092807e-05,0.00538601819770294,TRUE,NA
11557,0.000115610141006819,8.07401932965831e-07,FALSE,NA
11558,0.00823013735440012,0.000633768506855835,FALSE,NA
11559,0.00359690465298766,0.00222395486848343,FALSE,NA
11560,5.64130916118832e-07,0.00353123019737211,TRUE,NA
11561,1.7418878090166e-05,1.74205554833421e-08,FALSE,NA
11562,5.76961261050348e-06,4.25708977138439e-08,FALSE,NA
11563,0.000336852825472716,0.00388642100720776,TRUE,NA
11564,0.0053952014463295,0.419344512758089,TRUE,NA
11565,0.000577968516759538,5.6762798956784e-05,FALSE,NA
11566,0.00114714645901488,2.84021695055739e-11,FALSE,NA
11567,3.33339444333293e-05,0.013124587128965,TRUE,NA
11568,0.00169488459644171,0.000801977097363717,FALSE,NA
11569,1.84704885094302e-05,0.000233206776920304,TRUE,NA
11570,0.00203051966899661,0.478782953312685,TRUE,NA
11571,0.00176376145201868,3.52844621214723e-06,FALSE,NA
11572,7.39124222496748e-08,0.000177233384096829,TRUE,NA
11573,0.018176166553968,0.000143377593384095,FALSE,NA
11574,0.000621434919469559,0.295585103112967,TRUE,NA
11575,0.0196540730667029,9.24198781251235e-07,FALSE,NA
11576,1.96379319080103e-05,2.68667850123361e-06,FALSE,NA
11577,0.000432001469358628,4.1235480530396e-05,FALSE,NA
11578,0.0020997796216828,0.000118127455373074,FALSE,NA
11579,1.83787078088088e-05,3.71761493081729e-07,FALSE,NA
11580,7.31759076794664e-08,0.000229337697326231,TRUE,NA
11581,9.45768603443366e-05,0.00435620176671397,TRUE,NA
11582,7.19016720972865e-07,5.89991075397611e-06,TRUE,NA
11583,5.13145220968206e-07,1.51030464831425e-08,FALSE,NA
11584,0.0292168666406958,4.3878194746762e-05,FALSE,NA
11585,8.14164034220642e-07,0.00624005006518477,TRUE,NA
11586,5.60324245775741e-07,6.51422983007823e-06,TRUE,NA
11587,0.000539824550973333,6.94175825379727e-08,FALSE,NA
11588,1.43282720030712e-05,1.08352150371055e-05,FALSE,NA
11589,8.75474446261363e-05,0.00170611985490859,TRUE,NA
11590,7.23630051872722e-05,3.05230906418334e-06,FALSE,NA
11591,0.00143151127320165,0.0063226811724929,TRUE,NA
11592,0.00138893615600778,9.74458552172106e-05,FALSE,NA
11593,0.00117642655281712,0.000819437191611965,FALSE,NA
11594,0.00160447929555508,6.87284376266714e-05,FALSE,NA
11595,0.00597842548176707,0.0141542114813448,TRUE,NA
11596,1.30568656417712e-07,2.58631316697729e-09,FALSE,NA
11597,0.000292294973404831,4.01413959925009e-07,FALSE,NA
11598,6.41307186441127e-05,1.2468587369861e-06,FALSE,NA
11599,0.0180714476525853,0.00031401836327151,FALSE,NA
11600,8.03202734967274e-06,0.000412814928930598,TRUE,NA
11601,8.57995874063028e-05,0.00413483306898867,TRUE,NA
11602,1.28857632025193e-05,0.0246184922543279,TRUE,NA
11603,4.22325498445469e-06,0.125986055695402,TRUE,NA
11604,3.32184156814415e-08,3.95857054008548,TRUE,NA
11605,0.00260431915591085,2.29596074423864,TRUE,NA
11606,6.44087918409214e-09,2.51882560420132e-06,TRUE,NA
11607,0.000750437127087703,0.00145947310353997,TRUE,NA
11608,0.0436198601369252,3.92185222595434e-05,FALSE,NA
11609,0.000600490171641695,2.0994883937053e-07,FALSE,NA
11610,0.000295996987298784,9.24573318732883e-05,FALSE,NA
11611,4.55847359963161e-10,0.0266503448922639,TRUE,NA
11612,0.0072751608245739,1.34965238902444e-06,FALSE,NA
11613,0.000751606023856497,2.25859042500582e-05,FALSE,NA
11614,0.0596765503008492,0.00279440060501361,FALSE,NA
11615,0.00343076888912013,9.96584780353816e-07,FALSE,NA
11616,0.00239854104059625,9.9018421850369e-06,FALSE,NA
11617,8.31183603684575e-06,1.23228328029263e-07,FALSE,NA
11618,0.000317553209015536,0.0289022744227624,TRUE,NA
11619,0.00239888264789765,2.37148986035419e-07,FALSE,NA
11620,0.000210684726431812,0.0206222182145216,TRUE,NA
11621,5.38926698715934e-07,1.22901441056775e-05,TRUE,NA
11622,0.00812309644703395,0.000266256427473429,FALSE,NA
11623,0.000151222925572994,0.00113863324328216,TRUE,NA
11624,0.0010226106676961,0.0390096864826397,TRUE,NA
11625,1.26399825493331e-05,0.00581051194791167,TRUE,NA
11626,0.0657414601560866,0.0309100742686752,FALSE,NA
11627,2.56537871411673e-05,0.00310729534579575,TRUE,NA
11628,0.000299372324236166,0.00249775924951774,TRUE,NA
11629,7.51022173785916e-08,1.02145811695081e-05,TRUE,NA
11630,0.00236238157198032,0.00106678834919128,FALSE,NA
11631,0.000323844879094064,0.106297152585846,TRUE,NA
11632,0.0657348837397972,0.000318076225887117,FALSE,NA
11633,0.0225812752287747,0.000176117615356946,FALSE,NA
11634,1.45307816471153e-05,0.000400203868350997,TRUE,NA
11635,0.000454842642140643,0.00766544308282876,TRUE,NA
11636,0.0356576371676426,8.68609169984459e-06,FALSE,NA
11637,0.084056422160313,4.95813285621048e-05,FALSE,NA
11638,2.97467536169252e-06,0.00290915250618095,TRUE,NA
11639,4.24581742620952e-06,0.000354797129602293,TRUE,NA
11640,0.000126644770644784,0.0336127679300946,TRUE,NA
11641,0.0245294990825923,7.94067130576101e-06,FALSE,NA
11642,0.000534229507173011,0.0308525460548256,TRUE,NA
11643,2.74189539385305e-05,0.00693333225595615,TRUE,NA
11644,0.0136143460736684,2.99466590008648e-05,FALSE,NA
11645,0.000381684580294466,0.000769860171961291,TRUE,NA
11646,3.70404547355337e-07,0.000305673090743744,TRUE,NA
11647,0.000148009387797561,2.6641236549626e-06,FALSE,NA
11648,0.00750740619461891,0.0190467452692055,TRUE,NA
11649,0.0186032626442104,1.45368393890908e-05,FALSE,NA
11650,0.0253920243698364,0.00789052485324686,FALSE,NA
11651,2.05118750756607e-08,2.52989756506618e-05,TRUE,NA
11652,0.0584750650959611,0.0589882164566962,TRUE,NA
11653,0.00041048756432964,5.2050565435716e-08,FALSE,NA
11654,0.000124239724956673,2.60274133078286e-05,FALSE,NA
11655,0.000160565622777388,1.06045955379567e-06,FALSE,NA
11656,0.00359413603625902,3.07652283598682e-06,FALSE,NA
11657,7.81463303726306e-06,0.00134612475035408,TRUE,NA
11658,4.62848541582569e-07,0.00232856948816249,TRUE,NA
11659,0.0192092690540206,0.000246080292645214,FALSE,NA
11660,0.000427572690909617,0.000404689705560041,FALSE,NA
11661,4.34735906132576e-05,9.62063646174689e-08,FALSE,NA
11662,2.67349136259278e-06,0.0122116994512573,TRUE,NA
11663,5.10208526796473e-06,0.00065931520019246,TRUE,NA
11664,0.0660665137038308,0.00060791403315243,FALSE,NA
11665,1.90905059874093e-06,0.232061769738525,TRUE,NA
11666,2.53868603095525e-05,0.000968819291391192,TRUE,NA
11667,1.12293657439105e-06,5.27032508627547e-07,FALSE,NA
11668,3.09378533371807e-06,0.00452837337167366,TRUE,NA
11669,3.38004846391296e-10,0.0334829288136917,TRUE,NA
11670,0.000758734896398684,0.000135551113622838,FALSE,NA
11671,0.224828474673501,0.00011965395810366,FALSE,NA
11672,0.0301825217067938,2.86638265964369e-05,FALSE,NA
11673,1.18814259606086e-07,1.71256978764931e-05,TRUE,NA
11674,8.90191885853776e-07,6.42932921952945e-06,TRUE,NA
11675,3.05960286272247e-06,9.56035332092547e-05,TRUE,NA
11676,0.000133481129123974,0.00602320721875736,TRUE,NA
11677,0.000782228116993928,0.00109616309629224,TRUE,NA
11678,0.000118908035609426,0.000540932190799873,TRUE,NA
11679,0.00847510994429341,0.178962217109367,TRUE,NA
11680,0.000115148447411491,6.30223403891892e-05,FALSE,NA
11681,2.09010360363233e-05,9.0163129591442e-09,FALSE,NA
11682,0.0857768829330603,3.27614602118979e-11,FALSE,NA
11683,0.00158433755078459,0.0784589291844162,TRUE,NA
11684,2.32199323577858e-08,8.19017095803704e-05,TRUE,NA
11685,5.20444018783129e-06,0.0386305309257704,TRUE,NA
11686,3.67541233096966e-08,6.49050603953159e-07,TRUE,NA
11687,0.00596631171863006,3.79567140176907e-05,FALSE,NA
11688,1.08900361492852e-05,0.000216521442516629,TRUE,NA
11689,0.013139609068292,0.00875686160232453,FALSE,NA
11690,1.31496298544867e-05,3.00932160729093e-07,FALSE,NA
11691,0.00150472716007513,0.000693803058388553,FALSE,NA
11692,0.000218648364850549,0.000333522019412408,TRUE,NA
11693,0.000715931196011963,1.2737122991684e-05,FALSE,NA
11694,0.000628558438144798,0.00191825892080445,TRUE,NA
11695,0.136889780032228,0.000955237960312271,FALSE,NA
11696,0.0786627984388562,3.94745490259745e-06,FALSE,NA
11697,0.0212502148231325,0.000312195005278105,FALSE,NA
11698,0.00196943997760122,1.03402336272435e-05,FALSE,NA
11699,1.05779344327316e-07,0.00310221486377047,TRUE,NA
11700,0.000172310484693062,0.00238591612876687,TRUE,NA
11701,1.71188727992939e-08,0.021065552104748,TRUE,NA
11702,0.0211670858373185,0.000343403439521772,FALSE,NA
11703,3.09863145489117e-05,1.4642145885089e-05,FALSE,NA
11704,0.00365830838815657,0.00352913719264566,FALSE,NA
11705,1.63635570889257e-05,0.00187769164520652,TRUE,NA
11706,8.41273899292289e-08,0.00292689897177294,TRUE,NA
11707,0.13007857068337,3.3202776244942e-07,FALSE,NA
11708,0.0191389391727623,6.84122042390355e-05,FALSE,NA
11709,0.0391881221284698,2.58893322121359e-06,FALSE,NA
11710,0.000951937136671628,0.000164370416660446,FALSE,NA
11711,9.96219436873855e-06,0.0535275796779759,TRUE,NA
11712,0.00149692872254904,3.65944619227899,TRUE,NA
11713,0.0267841433720933,4.42670483429906e-05,FALSE,NA
11714,0.000452133416241709,0.428153874235246,TRUE,NA
11715,1.62357994212008e-05,1.26650521278579e-05,FALSE,NA
11716,3.36426043188192e-06,9.64999051993161e-09,FALSE,NA
11717,0.00187434899198438,1.8474777187351e-05,FALSE,NA
11718,2.92313677841182e-05,0.00127142699598959,TRUE,NA
11719,2.7111331536571e-05,2.44695587198995e-07,FALSE,NA
11720,0.0576208945885819,8.04773245547847e-06,FALSE,NA
11721,0.00153007614711442,2.40071926333605e-08,FALSE,NA
11722,0.0168357324318499,3.39582154832843e-08,FALSE,NA
11723,0.00567175228221455,0.189605934078755,TRUE,NA
11724,0.000544104989995371,0.00625976651651914,TRUE,NA
11725,0.049541843103335,5.82892980027963e-09,FALSE,NA
11726,5.10481058321849e-05,0.000701922919329882,TRUE,NA
11727,0.000755754617625131,2.91959095161868,TRUE,NA
11728,0.0443055931965929,3.61593650105348e-06,FALSE,NA
11729,1.56211377599559e-07,0.00187454930024784,TRUE,NA
11730,0.000355926244144937,0.00434560943433151,TRUE,NA
11731,0.00376672355213685,1.56364716742704e-07,FALSE,NA
11732,1.7936914050436e-05,0.201476460567507,TRUE,NA
11733,0.00220646605088745,0.00212778918612294,FALSE,NA
11734,0.000237104928280073,0.000141660252414306,FALSE,NA
11735,0.000170854169105938,0.367118198943569,TRUE,NA
11736,5.07749308174179e-06,2.95230340652561,TRUE,NA
11737,1.22547351221438e-05,9.17166417824772e-06,FALSE,NA
11738,0.00311627217523731,0.000426731519252195,FALSE,NA
11739,7.40382895778434e-06,0.000667445079936265,TRUE,NA
11740,0.00010399764159573,9.58689729149089e-08,FALSE,NA
11741,0.00264294304432947,0.791286071816115,TRUE,NA
11742,1.66104991142315e-08,0.00186768921576508,TRUE,NA
11743,0.0369469703797637,0.0114627505636999,FALSE,NA
11744,4.42893773468851e-06,0.165592545035975,TRUE,NA
11745,0.00232817874268485,6.38758531348802e-07,FALSE,NA
11746,0.000167467833159795,0.372179478380922,TRUE,NA
11747,1.52432673166476e-06,0.000164193578014574,TRUE,NA
11748,1.48991861070574e-08,1.2395171224244e-06,TRUE,NA
11749,1.4914697272962e-06,3.69171291018453e-06,TRUE,NA
11750,4.18781307787121e-05,4.02136330351614e-05,FALSE,NA
11751,0.0151992816879849,0.00194466203862193,FALSE,NA
11752,0.000137409552258714,0.00117690736926785,TRUE,NA
11753,2.14484208194941e-10,3.71123447804028e-05,TRUE,NA
11754,0.011405501104759,9.15987232493385e-08,FALSE,NA
11755,3.8293886411532e-05,3.84737403474761e-06,FALSE,NA
11756,5.65476282370378e-05,0.00198943737489495,TRUE,NA
11757,0.0483929706398682,0.000946914458851833,FALSE,NA
11758,0.083121904149465,0.00423312089346964,FALSE,NA
11759,8.45589470667954e-06,0.00012186247581081,TRUE,NA
11760,2.84361601401008e-05,8.45523464206541e-07,FALSE,NA
11761,2.4571933687554e-06,7.83332102441826e-06,TRUE,NA
11762,0.000434874342593676,0.00843763357685949,TRUE,NA
11763,0.00434580467076845,7.67637654471827e-05,FALSE,NA
11764,0.000315056521691471,0.0179797283184839,TRUE,NA
11765,0.00465284866335031,0.000948995868717511,FALSE,NA
11766,0.000413356429081974,0.00160535084792093,TRUE,NA
11767,0.127907902998342,0.0275438080550044,FALSE,NA
11768,7.66051734207533e-05,2.46148315937561e-07,FALSE,NA
11769,2.38863384912587e-09,0.00710748616644548,TRUE,NA
11770,5.37993117871799e-08,0.141566273083946,TRUE,NA
11771,4.88824557470907e-05,0.000115005243353397,TRUE,NA
11772,2.79866933496953e-05,0.000299252983124978,TRUE,NA
11773,0.000153967773811502,0.0119878017551665,TRUE,NA
11774,1.0316449806488e-05,0.000423303188843563,TRUE,NA
11775,2.96105248639212e-07,7.35221792526065e-05,TRUE,NA
11776,0.00178108114152177,2.34796528584355e-07,FALSE,NA
11777,0.000808459107916639,0.00800955774209139,TRUE,NA
11778,0.000328308367902421,3.86449632274351e-06,FALSE,NA
11779,0.0133498455240276,0.0035165625940441,FALSE,NA
11780,6.90208152682408e-07,0.000245683103537306,TRUE,NA
11781,0.164984305646757,0.000367682112118896,FALSE,NA
11782,7.88643242711829e-09,0.000378965315018279,TRUE,NA
11783,0.000242732115021947,0.532190278238099,TRUE,NA
11784,0.000950339384197682,0.000658500553089749,FALSE,NA
11785,1.85606710554079e-05,0.0738966228932015,TRUE,NA
11786,0.000514281581776963,0.0131996862324456,TRUE,NA
11787,2.50087603861407e-06,0.0497871743316175,TRUE,NA
11788,0.113355873424365,1.17693915306729e-08,FALSE,NA
11789,0.0250844983437979,0.0945207981318686,TRUE,NA
11790,1.48811080003386e-05,1.85018279482861,TRUE,NA
11791,0.000204528961193427,5.35128704918049e-05,FALSE,NA
11792,0.0039083479998416,0.000383041029156393,FALSE,NA
11793,8.071114719771e-05,9.20423655119105e-05,TRUE,NA
11794,0.00338486624560698,0.000107422263554468,FALSE,NA
11795,0.118649200040669,0.0211112287790264,FALSE,NA
11796,0.000243097591368658,0.00474300328019468,TRUE,NA
11797,0.0261109517025094,0.0031035720840993,FALSE,NA
11798,0.0129784342589454,0.00122728763962578,FALSE,NA
11799,0.000192022477324114,0.00658565019834827,TRUE,NA
11800,0.018909616120932,0.0379666163583972,TRUE,NA
11801,1.55820101387757e-09,1.5974328258852,TRUE,NA
11802,0.00578834799733758,0.0987499985196894,TRUE,NA
11803,0.00473552679522545,1.10351127864435e-05,FALSE,NA
11804,3.40386052322005e-07,5.47321551365803e-05,TRUE,NA
11805,5.98224224902221e-05,0.00289523507885563,TRUE,NA
11806,2.59559259165641e-06,0.00643592649653948,TRUE,NA
11807,5.69829555665306e-06,0.000192617909495672,TRUE,NA
11808,0.0072433334965505,0.106364865477551,TRUE,NA
11809,1.0648591224063e-06,0.430562305584311,TRUE,NA
11810,0.000246491340576353,0.0167571118132427,TRUE,NA
11811,5.81112935566184e-11,1.46649299243516e-07,TRUE,NA
11812,1.63309900615033e-07,0.0121816624268385,TRUE,NA
11813,0.0717052421922602,0.00725043021775601,FALSE,NA
11814,0.0103587852296943,0.000723226171046721,FALSE,NA
11815,0.000636359364390808,2.22541207708708e-10,FALSE,NA
11816,5.50301888381494e-05,0.0025187958939842,TRUE,NA
11817,0.000261815223990869,0.0166709785308591,TRUE,NA
11818,5.7125078164427e-09,0.000819508891123467,TRUE,NA
11819,0.00788379924355479,0.00475390815937613,FALSE,NA
11820,2.07135021939425e-05,0.00755851387184134,TRUE,NA
11821,0.00252282025751041,0.0188017050224295,TRUE,NA
11822,6.29541306694534e-08,5.40698712527589e-05,TRUE,NA
11823,0.00181363160626567,0.0044420523311748,TRUE,NA
11824,0.037764282192978,1.36366301676396e-05,FALSE,NA
11825,3.93036714896487e-05,8.80270301134464e-11,FALSE,NA
11826,0.000446526796067755,4.96923467156362e-05,FALSE,NA
11827,0.0288865760618838,0.00219256146940872,FALSE,NA
11828,0.000386163296424243,0.000228731964594399,FALSE,NA
11829,4.21343340212543e-08,9.93768092168662e-05,TRUE,NA
11830,0.00365401931544664,0.0764444605929701,TRUE,NA
11831,0.000400913278890805,1.26185086138441e-05,FALSE,NA
11832,0.000121351169260836,4.70761070733396e-05,FALSE,NA
11833,3.42842085696393e-05,0.000124419359333049,TRUE,NA
11834,0.130566394916974,3.74408962274184e-05,FALSE,NA
11835,0.0151675836526276,0.048724804722095,TRUE,NA
11836,4.21608611970374e-07,2.64331808765962e-05,TRUE,NA
11837,0.00103577073540139,0.286317483140596,TRUE,NA
11838,0.00300933752783902,0.00318082974248447,TRUE,NA
11839,4.25044026508559e-05,0.000137792383060506,TRUE,NA
11840,0.000125745887868078,2.1548514461601e-06,FALSE,NA
11841,0.140736723845109,6.42776804214458e-05,FALSE,NA
11842,0.00227406708076465,1.9501433486329e-06,FALSE,NA
11843,0.0473636444348494,0.000350055245083194,FALSE,NA
11844,0.000624428054300524,5.12560634595618e-05,FALSE,NA
11845,0.00061035863083866,1.87854003980488,TRUE,NA
11846,0.0015356427459035,0.00108329264847658,FALSE,NA
11847,0.0132377619139385,0.000400372296739315,FALSE,NA
11848,2.48423260606319e-08,0.000207758179087289,TRUE,NA
11849,0.000114823868009401,0.00025258272052132,TRUE,NA
11850,0.000790061505086168,0.00428313442904521,TRUE,NA
11851,7.63684819756323e-05,0.000667659992297867,TRUE,NA
11852,7.34449956009211e-06,1.51954809178767e-07,FALSE,NA
11853,0.0293769514237756,0.000152667943350555,FALSE,NA
11854,1.08444362452716e-05,0.000142742591935142,TRUE,NA
11855,5.1774484833537e-09,0.00151110178822837,TRUE,NA
11856,0.0255904387548222,0.000253084971172866,FALSE,NA
11857,0.0156092500066649,0.00131171121773567,FALSE,NA
11858,0.011921858837719,2.74935161323118e-05,FALSE,NA
11859,0.0101847886905743,4.23963917411966e-08,FALSE,NA
11860,0.0131705746675305,3.96388385781854e-05,FALSE,NA
11861,0.000238196613118801,0.0324966133531696,TRUE,NA
11862,2.89316818390005e-05,0.000427778366897319,TRUE,NA
11863,0.00140105454931858,3.13174031178437e-06,FALSE,NA
11864,0.00477257335876335,0.000128222117049709,FALSE,NA
11865,0.000577103375721706,0.00416041559490126,TRUE,NA
11866,0.000530132103543271,1.93245053344479e-05,FALSE,NA
11867,0.000324585631937653,2.41706654691435e-12,FALSE,NA
11868,2.49075029085942e-06,3.34830940963029e-07,FALSE,NA
11869,5.22647111416766e-05,0.00083749571062618,TRUE,NA
11870,0.000563191405145262,0.0023249322896664,TRUE,NA
11871,0.0223162928154899,4.17633705404991e-11,FALSE,NA
11872,9.56990673044998e-05,0.262849917071128,TRUE,NA
11873,0.000209310698653408,0.08547019611295,TRUE,NA
11874,2.76440652554221e-05,1.2860869301413e-05,FALSE,NA
11875,0.000578443323406185,1.65880845551924e-05,FALSE,NA
11876,6.25039233436641e-09,0.00149873816675695,TRUE,NA
11877,0.0455383364761481,3.54910203557578e-06,FALSE,NA
11878,1.14776478531173e-06,0.00273440287506904,TRUE,NA
11879,0.00214299089523534,0.0196499380864634,TRUE,NA
11880,1.97952809660565e-06,0.00794443556563793,TRUE,NA
11881,0.000257541392379001,1.99502912674095,TRUE,NA
11882,0.000226801582683623,0.11474016736565,TRUE,NA
11883,0.00839736396013113,0.00016552786206322,FALSE,NA
11884,7.044065998117e-05,1.24947911687269e-08,FALSE,NA
11885,3.17506525005058e-08,0.0466419109163365,TRUE,NA
11886,0.00117848422478776,0.0024966251003537,TRUE,NA
11887,8.4167254310406e-05,0.19621451342429,TRUE,NA
11888,0.00548124995496567,1.02089537465635e-06,FALSE,NA
11889,8.97981689047884e-11,3.23959751927951,TRUE,NA
11890,0.0016598286573211,1.24705870745198e-07,FALSE,NA
11891,3.26608690866203e-05,1.89826723001239,TRUE,NA
11892,5.90083288346079e-06,2.37581140066301e-06,FALSE,NA
11893,0.000374267851843623,1.72126382247709e-06,FALSE,NA
11894,0.0105842695508688,9.86793078753669e-06,FALSE,NA
11895,0.0044187316528739,0.000112520143699433,FALSE,NA
11896,0.00354083228921652,5.35101211739088e-05,FALSE,NA
11897,0.000230236703252595,6.55993080481554e-05,FALSE,NA
11898,0.0111368468456168,0.00169588352806675,FALSE,NA
11899,0.00106707998759497,0.00442713392081153,TRUE,NA
11900,0.000184472305942807,0.00810836702504272,TRUE,NA
11901,4.50828492647126e-06,0.305914158233783,TRUE,NA
11902,0.013008377265271,0.000472393777274891,FALSE,NA
11903,0.0102948025435868,0.00858688407498573,FALSE,NA
11904,2.97077717332292e-06,0.00544698265754727,TRUE,NA
11905,0.000147736746151456,0.00146141708630583,TRUE,NA
11906,2.22079540991789e-07,0.063065405571441,TRUE,NA
11907,0.000150702816482715,5.69481229679373e-07,FALSE,NA
11908,3.36741701266241e-07,5.32383269556437e-05,TRUE,NA
11909,0.00491762866642185,0.00870811059434003,TRUE,NA
11910,0.0032332257121647,1.39033688740282,TRUE,NA
11911,1.27404213458796e-05,2.62944080772987e-07,FALSE,NA
11912,4.55401214773175e-06,0.000195441698922126,TRUE,NA
11913,2.49230430198748e-06,2.2141492828762e-05,TRUE,NA
11914,4.97504466240126e-05,0.000844995764691327,TRUE,NA
11915,0.0266399138937601,5.33778372631406e-07,FALSE,NA
11916,0.00170856838456957,0.000281553631323159,FALSE,NA
11917,0.000582948547632805,0.000969930088745426,TRUE,NA
11918,3.11607098396053e-06,0.000954317414484816,TRUE,NA
11919,8.11540321627927e-05,0.0242826460869825,TRUE,NA
11920,0.000124062766837402,0.00923597342110448,TRUE,NA
11921,7.18915846622853e-05,0.0407665103821062,TRUE,NA
11922,7.7024084079563e-08,0.0505347885043655,TRUE,NA
11923,0.000339530569084822,1.33735995986625,TRUE,NA
11924,0.0084464780595484,0.00332091354519439,FALSE,NA
11925,0.000421277121947355,0.00166248688233682,TRUE,NA
11926,1.10585939252978e-05,0.00546197361894496,TRUE,NA
11927,0.00941568861491422,1.44879642872697e-06,FALSE,NA
11928,0.000371363681966599,0.0796518911423961,TRUE,NA
11929,0.00020347000182132,0.000399092153971777,TRUE,NA
11930,0.000806316682821217,3.40432524427393e-05,FALSE,NA
11931,0.000291353327070871,9.16473673006987e-06,FALSE,NA
11932,0.000146718087944446,0.0615658826919994,TRUE,NA
11933,0.0228841406887081,0.00198937614202539,FALSE,NA
11934,0.00337157121582447,5.24516684451903e-05,FALSE,NA
11935,0.00216038138213621,0.00128887062621661,FALSE,NA
11936,0.00223708413317537,8.38896550774366e-08,FALSE,NA
11937,0.00813234453934692,9.37382523200141e-06,FALSE,NA
11938,6.96505056057876e-09,5.91209422446581e-05,TRUE,NA
11939,0.0227831743177549,0.00185872650892298,FALSE,NA
11940,1.54828138176457e-08,0.000746427858830134,TRUE,NA
11941,7.39646715223367e-05,0.00055062957527402,TRUE,NA
11942,5.65863619967877e-07,3.96197676776372e-05,TRUE,NA
11943,0.00926696393406407,0.000186019418202388,FALSE,NA
11944,0.000603499542984306,2.7177260323443e-05,FALSE,NA
11945,0.000608131798452485,9.85739171534025e-06,FALSE,NA
11946,2.50159958753495e-06,0.00130273232048735,TRUE,NA
11947,0.00111379145022951,1.3379138170844e-07,FALSE,NA
11948,2.89663999114796e-06,1.10726042058332e-05,TRUE,NA
11949,0.00310721071954989,1.38312792392555e-05,FALSE,NA
11950,9.84262766805033e-05,0.00387539119695939,TRUE,NA
11951,0.00425724980720797,6.71245416241514e-08,FALSE,NA
11952,0.000809159045188295,0.0117625096507268,TRUE,NA
11953,8.12403736474704e-09,0.000464667105036179,TRUE,NA
11954,0.00309620679149003,6.77208289675035e-10,FALSE,NA
11955,0.000263294088962377,1.60117535276713e-06,FALSE,NA
11956,5.60530385876611e-06,8.2555872158139e-06,TRUE,NA
11957,2.67817664520561e-05,0.0448805681390121,TRUE,NA
11958,0.010503104373129,0.00034208912920157,FALSE,NA
11959,1.12034784284661e-05,0.000491501810673627,TRUE,NA
11960,0.0020756341218994,2.09905104214805e-05,FALSE,NA
11961,1.68152817449442e-05,2.23126115630611e-08,FALSE,NA
11962,1.34911186298882e-05,0.0134001005220812,TRUE,NA
11963,0.00331282352364193,0.00858279512870807,TRUE,NA
11964,0.000332860060765717,0.0354811240430404,TRUE,NA
11965,0.000585371262675289,3.62790274170155e-05,FALSE,NA
11966,0.000385528789826213,0.0114879351955056,TRUE,NA
11967,0.002261024584121,7.7375118623564e-05,FALSE,NA
11968,4.98079106433003e-07,0.0314164005291026,TRUE,NA
11969,5.2663249584991e-06,0.000703222146378284,TRUE,NA
11970,4.25749143088445e-07,2.34313813530531e-06,TRUE,NA
11971,0.00400598923664668,0.272511936539759,TRUE,NA
11972,0.000227897014457776,0.00209559043114735,TRUE,NA
11973,0.00142964880050935,8.18223030608745e-08,FALSE,NA
11974,0.0205945685218629,3.5487119862964e-05,FALSE,NA
11975,1.34139977132224e-06,2.85925429389131e-05,TRUE,NA
11976,0.0436286179870707,0.000460849385155662,FALSE,NA
11977,5.26883541897252e-05,0.051212575630951,TRUE,NA
11978,5.51055961064167e-05,1.42017753213911e-09,FALSE,NA
11979,0.000442928359883214,0.000382725904251039,FALSE,NA
11980,0.000821397279966866,0.000202577223106073,FALSE,NA
11981,0.000775764307222554,7.62509800679852e-06,FALSE,NA
11982,0.000170795521418037,0.00011160564982319,FALSE,NA
11983,5.47503928275079e-05,3.25171861704552e-05,FALSE,NA
11984,2.36870195645183e-07,4.60488352049709,TRUE,NA
11985,0.00529320938227119,0.0502107683817138,TRUE,NA
11986,0.0474730372257417,0.00343141904673764,FALSE,NA
11987,1.02059631845993e-06,0.00380100208441143,TRUE,NA
11988,8.85696669612648e-05,3.57883029346623e-06,FALSE,NA
11989,0.0157317767931438,0.210509927158732,TRUE,NA
11990,0.01478045863149,0.018281150151192,TRUE,NA
11991,0.00512434497234262,0.0173410908642165,TRUE,NA
11992,3.19492845265997e-06,0.000126911310090867,TRUE,NA
11993,0.000185914546696263,0.0186292397166789,TRUE,NA
11994,0.0141893938105482,2.21202039132904e-06,FALSE,NA
11995,2.3544149759716e-05,0.0221664746261728,TRUE,NA
11996,2.84996282994865e-07,0.49221283126896,TRUE,NA
11997,8.08383368500517e-08,0.117494155039163,TRUE,NA
11998,0.013891500326876,0.0668477678792107,TRUE,NA
11999,2.90064305010849e-07,5.0677107752051e-05,TRUE,NA
12000,0.0145110553428776,3.18557328243864e-05,FALSE,NA
12001,0.0268268164128324,0.00764349670274391,FALSE,NA
12002,0.0279606508358859,0.024426948608237,FALSE,NA
12003,1.68957051293228e-05,0.553111211475421,TRUE,NA
12004,0.000148566045860996,1.87656422383341e-06,FALSE,NA
12005,1.80341971042334e-05,9.91652995479908e-05,TRUE,NA
12006,0.0203155831519881,2.33359456402764e-05,FALSE,NA
12007,0.025869664843331,0.00332642965529909,FALSE,NA
12008,0.0132976586556936,5.49102560719414e-05,FALSE,NA
12009,2.78098922055552e-09,6.74727717841718e-07,TRUE,NA
12010,0.108007125810026,0.000125061289348251,FALSE,NA
12011,1.06332069270909e-08,0.00070003167685344,TRUE,NA
12012,0.000305816179332037,0.000301318196337194,FALSE,NA
12013,0.000534902479180968,0.00274924595649978,TRUE,NA
12014,4.25948418954345e-05,0.0300383039531888,TRUE,NA
12015,8.07346698103426e-06,0.000188208556947789,TRUE,NA
12016,0.011199724368668,0.000876293722344291,FALSE,NA
12017,0.0300504157902098,2.44796634140957e-06,FALSE,NA
12018,0.00128397424813466,0.000120310220860721,FALSE,NA
12019,0.00403055140516916,1.6327085498677e-05,FALSE,NA
12020,0.00421697193008744,0.00109081716459935,FALSE,NA
12021,8.5740311045156e-06,0.0033091156971929,TRUE,NA
12022,0.00228362752218853,0.000185766494846333,FALSE,NA
12023,1.34630541303504e-06,6.83781389484285e-05,TRUE,NA
12024,0.0787161127933657,0.0187334880665813,FALSE,NA
12025,2.23894476508442e-05,0.000106701986413582,TRUE,NA
