"Seed","MinLossMember","MinLossNonMember","Success","Error"
651282,7.21445307787189e-05,3.33345045924289,TRUE,NA
828301,0.0115599222311587,7.06928074213679e-05,FALSE,NA
49743,0.000139772261039736,0.298550627801925,TRUE,NA
184367,NA,NA,NA,"Error in rep(1, N): invalid 'times' argument
"
575527,0.0393658522721053,2.8206115871763e-06,FALSE,NA
720440,0.0638822389728099,0.000154732819782931,FALSE,NA
666684,0.452250987651562,0.00138079573690484,FALSE,NA
363538,2.84750716379119e-05,0.572295251878131,TRUE,NA
60219,1.20813995286079,0.00213184057784285,FALSE,NA
755137,0.0327867051859394,0.000257635770688368,FALSE,NA
844728,0.0320754151843149,0.428032656737404,TRUE,NA
461990,0.00253318008044949,3.12225426139977,TRUE,NA
768123,NA,NA,NA,"Error in glmnet(x, y, weights = weights, offset = offset, lambda = lambda, : x should be a matrix with 2 or more columns
"
74993,0.244659917477771,4.06757756722267e-05,FALSE,NA
320175,0.0243146942250669,1.05455557335375e-06,FALSE,NA
49320,0.102610526431626,0.07203851395837,FALSE,NA
803176,0.013905476465812,0.188621304281452,TRUE,NA
663610,0.593200227328156,0.784657558584421,TRUE,NA
878391,NA,NA,NA,"Error in glmnet(x, y, weights = weights, offset = offset, lambda = lambda, : x should be a matrix with 2 or more columns
"
626192,0.0287729641098087,0.161438941783784,TRUE,NA
806449,0.00300254980863947,3.98805929258253,TRUE,NA
584619,0.0082077382171444,0.0857801492189262,TRUE,NA
22571,0.000554164200489187,0.336609130728161,TRUE,NA
132176,0.2261812797147,1.23299678126729,TRUE,NA
987147,0.245361937091062,0.0207302245759512,FALSE,NA
698949,0.0273351294585166,0.00257464464054324,FALSE,NA
490611,0.0972029539976368,0.0879794098522205,FALSE,NA
438599,NA,NA,NA,"Error in glmnet(x, y, weights = weights, offset = offset, lambda = lambda, : x should be a matrix with 2 or more columns
"
634523,0.00413645008612484,0.0799372112630744,TRUE,NA
942515,0.0889060126567958,0.474689244308547,TRUE,NA
658673,0.082232245486017,0.000558140206234067,FALSE,NA
666222,0.0331834575991685,1.12416122140541,TRUE,NA
61751,0.448258037642672,0.020090931455786,FALSE,NA
971122,0.0109312229764918,0.411265852905791,TRUE,NA
501141,0.0745968626740766,0.0555050523441868,FALSE,NA
583064,NA,NA,NA,"Error in rep(1, N): invalid 'times' argument
"
116549,0.037605095533324,1.30161105563883,TRUE,NA
370781,0.00105333058239761,0.00537254017619016,TRUE,NA
294868,0.0011843959205627,0.275516550294225,TRUE,NA
579666,0.0116042593623809,0.671781932351503,TRUE,NA
508533,5.54857456726566e-05,3.59985084779003,TRUE,NA
573940,0.00356224733800176,9.82174710836642e-07,FALSE,NA
130011,0.00572675947346683,0.306030857655183,TRUE,NA
853141,0.68775068788401,0.0431886049473506,FALSE,NA
37525,NA,NA,NA,"Error in glmnet(x, y, weights = weights, offset = offset, lambda = lambda, : x should be a matrix with 2 or more columns
"
625448,0.150132497121276,0.157093940429265,TRUE,NA
723047,2.55995643518168e-08,0.33619905861538,TRUE,NA
272462,7.81103688394772e-05,2.29176143081993,TRUE,NA
104488,0.00593574999810054,0.00271184385964078,FALSE,NA
617395,0.172467889519831,1.13050894586319,TRUE,NA
305083,0.233120650442962,0.00108690069200468,FALSE,NA
450677,NA,NA,NA,"Error in glmnet(x, y, weights = weights, offset = offset, lambda = lambda, : x should be a matrix with 2 or more columns
"
60378,9.14746207841101e-05,0.365449172999049,TRUE,NA
731621,0.0023977905723536,0.0110811268570251,TRUE,NA
128101,0.0164285752504391,0.179752221033527,TRUE,NA
397065,0.0137386048518414,0.00151694393913487,FALSE,NA
689273,0.0263768554824463,0.123582726704626,TRUE,NA
406152,0.108003849153781,0.700762732253601,TRUE,NA
622538,0.0167206931855427,0.00764810535738005,FALSE,NA
5874,NA,NA,NA,"Error in glmnet(x, y, weights = weights, offset = offset, lambda = lambda, : x should be a matrix with 2 or more columns
"
739959,NA,NA,NA,"Error in glmnet(x, y, weights = weights, offset = offset, lambda = lambda, : x should be a matrix with 2 or more columns
"
796209,2.77938117352218e-09,0.0215717161934793,TRUE,NA
16756,1.01482049757008,0.0418409022165703,FALSE,NA
615426,0.0737450489638617,0.000130869397609978,FALSE,NA
808671,0.199835663144475,0.0617160180899968,FALSE,NA
267207,0.113574236246064,0.00182844020897648,FALSE,NA
991480,0.000634570331646916,1.31132079643746,TRUE,NA
673465,1.94008329236441e-07,0.0372112950202692,TRUE,NA
257420,2.55646593831189e-08,0.00345987115602318,TRUE,NA
490786,1.99479104753864e-05,2.45543255386179e-05,TRUE,NA
920162,0.0102004823959756,0.321019994789333,TRUE,NA
743445,0.0166473338149476,0.0452136476674565,TRUE,NA
539421,0.0119855400617284,0.0393185719074753,TRUE,NA
474340,0.000148205802313253,0.0145045031578782,TRUE,NA
147046,0.0176327453383618,1.18020935542559e-05,FALSE,NA
305114,0.0976559117969119,0.737976860671413,TRUE,NA
91955,0.00315209757426164,3.07134800206873,TRUE,NA
175103,2.68125726040633e-07,1.8417312761425,TRUE,NA
12748,0.0146108472416455,0.00859382694852337,FALSE,NA
238134,0.0178170148324153,7.17257613424557e-06,FALSE,NA
379600,0.00791590793944409,0.963644778323143,TRUE,NA
980609,0.0461345326351191,0.000106113172689,FALSE,NA
640890,0.164505725049521,5.90615558819131e-05,FALSE,NA
672972,0.000764914064321866,0.00360547295406502,TRUE,NA
42886,6.89898111600658e-06,0.3189967589346,TRUE,NA
399116,0.0798505540268676,0.475621390253258,TRUE,NA
394122,0.368383460353489,0.0228770551771328,FALSE,NA
271050,0.0129500617164956,0.0845741608476758,TRUE,NA
322731,0.201550881621554,0.513704667031983,TRUE,NA
542828,0.00879445736633961,3.50315787629768e-06,FALSE,NA
204971,2.48249627078243e-05,0.00740486937097729,TRUE,NA
653636,0.123800651909256,0.388512861548099,TRUE,NA
717671,2.612958062434,2.34093111125553,FALSE,NA
765303,0.168147186828868,0.00611827727730921,FALSE,NA
805501,0.0506943826774483,0.318035648007276,TRUE,NA
793898,0.158584345327776,0.131051010349718,FALSE,NA
549140,0.00131484583048948,0.00153136935585274,TRUE,NA
314843,0.89239917089023,0.0101921594329635,FALSE,NA
973321,0.0576506298771872,0.0363963878034821,FALSE,NA
256110,0.0357253594169869,3.74770025941003e-05,FALSE,NA
398805,NA,NA,NA,"Error in glmnet(x, y, weights = weights, offset = offset, lambda = lambda, : x should be a matrix with 2 or more columns
"
335569,0.0675042812029777,0.00542961892457033,FALSE,NA
390484,5.04010222803233e-05,0.000191761125271275,TRUE,NA
950854,0.00193520411350474,0.00237950982707531,TRUE,NA
679616,0.000186489757472232,3.30525330456494,TRUE,NA
339369,1.64645075486729e-09,0.897393871886475,TRUE,NA
467702,0.00558042611583834,0.000841063560937761,FALSE,NA
10907,0.00245685552746099,3.54025388612352e-05,FALSE,NA
891240,0.00134203480229727,0.000649329907407495,FALSE,NA
481836,0.00152768132986064,0.011510216818577,TRUE,NA
779070,9.41017288429949e-05,0.00044112896340602,TRUE,NA
20200,0.0115885426660669,1.63687093026997,TRUE,NA
56341,0.00140686772467757,1.94737474096342,TRUE,NA
771926,NA,NA,NA,"Error in rep(1, N): invalid 'times' argument
"
894259,0.00940966775437666,5.37597240067188,TRUE,NA
945290,0.102277124935982,0.00380827963128833,FALSE,NA
299900,1.67074955593168,0.405285144849348,FALSE,NA
815901,0.0410797270463373,2.2256442621693e-06,FALSE,NA
283432,0.00292509542121457,0.00116377005274391,FALSE,NA
620530,0.00925104239042495,5.63457348575541,TRUE,NA
247382,0.00761746845532795,7.62142248531076e-05,FALSE,NA
20235,0.044778342158371,1.29047314849113,TRUE,NA
673197,NA,NA,NA,"Error in rep(1, N): invalid 'times' argument
"
357129,0.235699199643256,0.0299128782882682,FALSE,NA
566686,0.0110411170907352,0.00142451721431318,FALSE,NA
479701,0.00258840498658804,0.000485573185166003,FALSE,NA
525199,NA,NA,NA,"Error in glmnet(x, y, weights = weights, offset = offset, lambda = lambda, : x should be a matrix with 2 or more columns
"
235316,0.000931149795279373,0.0178769252524932,TRUE,NA
483400,0.0387750060393259,1.91258715694428,TRUE,NA
515981,0.30370679054745,0.171876314561021,FALSE,NA
335855,0.00747209178050185,0.953971663759858,TRUE,NA
243843,0.00190759062149152,0.0213307046454208,TRUE,NA
448196,0.032635217215645,0.3239553608578,TRUE,NA
993707,0.365430135137062,0.0017651244829244,FALSE,NA
672668,0.000382608721967049,0.0213263288104574,TRUE,NA
762917,0.000386836089978779,0.204801972451012,TRUE,NA
252885,NA,NA,NA,"Error in rep(1, N): invalid 'times' argument
"
385507,0.000133086054597763,1.96589773404792,TRUE,NA
525418,1.3559981379092e-05,0.00398645919409829,TRUE,NA
55274,0.0108678157313214,0.00116133076477361,FALSE,NA
620356,0.0014889795967495,0.00263826536319601,TRUE,NA
205610,0.10793991411583,0.0794791092383418,FALSE,NA
497331,0.000796579204046161,1.21847290781489,TRUE,NA
861572,0.173791442971139,0.835895504485224,TRUE,NA
336922,0.000858516672028307,0.103548737546504,TRUE,NA
614690,0.275054247625358,5.40794076201635e-11,FALSE,NA
238407,0.0185927964851694,0.00839944342179893,FALSE,NA
575881,0.0812966891572137,0.819342317121871,TRUE,NA
221340,0.0677466983605009,0.153807448666167,TRUE,NA
400168,0.000977210892579181,0.000911145108137438,FALSE,NA
335240,0.0214004540319171,0.00888853654404743,FALSE,NA
795931,0.000846115058111944,0.0148962273611566,TRUE,NA
762286,0.00248286730049963,0.000348606141286461,FALSE,NA
504567,0.292062841265769,0.00184959088889693,FALSE,NA
885025,0.00428521376962591,1.66518920638755,TRUE,NA
59034,0.0244919445287623,0.000243969648133048,FALSE,NA
838973,0.0495665278839749,8.12180616188147e-06,FALSE,NA
168138,0.0856622062972213,1.07834156239976,TRUE,NA
366752,0.0238379371495797,8.20035226408896,TRUE,NA
68400,0.575172694720667,0.221218469141229,FALSE,NA
669192,0.0385674084769799,0.151584669868945,TRUE,NA
984202,0.000424350023098541,0.00520670387643512,TRUE,NA
110933,NA,NA,NA,"Error in rep(1, N): invalid 'times' argument
"
437366,0.00101461160473108,0.0129049143006024,TRUE,NA
820874,0.0166363886084926,2.38178632221168,TRUE,NA
335091,0.00443261448232811,6.57008362386364,TRUE,NA
526334,0.00039804024867747,2.98426911847888,TRUE,NA
961478,0.00941172778836641,5.25251817983852e-07,FALSE,NA
778518,NA,NA,NA,"Error in glmnet(x, y, weights = weights, offset = offset, lambda = lambda, : x should be a matrix with 2 or more columns
"
167680,0.283610108195764,0.0246036666316269,FALSE,NA
227414,0.171906786597691,5.98803274188429,TRUE,NA
773862,NA,NA,NA,"Error in rep(1, N): invalid 'times' argument
"
280762,3.09422931720963e-05,0.000627205700210292,TRUE,NA
402759,0.0481306344509774,0.00035707934136242,FALSE,NA
365564,0.00433940572298886,0.337254875078841,TRUE,NA
15661,0.389250348623673,0.313231406464561,FALSE,NA
174970,0.000919277508917905,1.61432511346528,TRUE,NA
700176,0.0539012183349626,0.565995692517833,TRUE,NA
380176,0.0711584672987273,3.455399264675,TRUE,NA
844841,0.122873148309354,0.000688998424284405,FALSE,NA
862238,8.17849353690712e-05,0.0213676887133218,TRUE,NA
984931,0.0836251275735438,3.46545525876471,TRUE,NA
748121,0.00288600902834763,0.0155450563857924,TRUE,NA
50286,0.00234034936466609,1.6831588486963e-08,FALSE,NA
173160,0.0675119016789883,0.0246333755381713,FALSE,NA
852334,0.00216562174702755,0.0287854648943759,TRUE,NA
663913,0.0095935086147323,1.30694900551479e-05,FALSE,NA
32960,0.0750444916216769,1.70285644875655e-06,FALSE,NA
221368,0.000707839824577945,6.60770639000309,TRUE,NA
461969,NA,NA,NA,"Error in rep(1, N): invalid 'times' argument
"
797620,0.0266736672359024,2.49057173912984e-06,FALSE,NA
8151,0.191386789997407,0.00574859103811639,FALSE,NA
286894,0.00253753281893717,0.0593379526930726,TRUE,NA
660354,0.037213525415162,3.75406372661698e-11,FALSE,NA
807157,4.20810543800179e-07,0.0897629276009861,TRUE,NA
573800,NA,NA,NA,"Error in rep(1, N): invalid 'times' argument
"
811090,3.2165848135857e-05,0.0465207776553106,TRUE,NA
710228,0.0384583272667193,0.0299996800402043,FALSE,NA
86599,1.0672655004039e-06,2.50937424363709e-05,TRUE,NA
250659,NA,NA,NA,"Error in rep(1, N): invalid 'times' argument
"
514894,0.00414239289490325,0.0611777655863017,TRUE,NA
119329,0.938827217599786,1.05327694141494,TRUE,NA
165364,0.000291202168085602,0.000870321685236034,TRUE,NA
844323,0.0130662147613031,0.00109887388250436,FALSE,NA
536283,0.00304257696937713,0.940062590698134,TRUE,NA
675855,1.89467414210647,0.0441003362274923,FALSE,NA
829369,0.0823189243185972,0.166477887680081,TRUE,NA
287666,0.00171791324536635,0.000516279328206433,FALSE,NA
23494,0.000771058155469398,0.111315194561956,TRUE,NA
184060,0.000899569907474338,0.161090852489271,TRUE,NA
495576,0.0375105253078519,0.0107933822299913,FALSE,NA
444823,6.37713079270393e-05,0.0194910019771881,TRUE,NA
321445,0.0644558914858445,0.00825498905513356,FALSE,NA
112012,0.00468190186696326,0.0292989353344482,TRUE,NA
424860,0.000755819399057078,5.78904174006508,TRUE,NA
428915,0.00288291533121861,1.28604528466041e-06,FALSE,NA
818285,0.000319503937779695,0.973615994648723,TRUE,NA
677200,0.123672032289228,1.11867088236948,TRUE,NA
113391,1.28677887616041,1.18355199845729,FALSE,NA
139082,0.119953467139514,1.44078508222213,TRUE,NA
641461,0.000518411922640293,0.012480392895992,TRUE,NA
615052,0.0340770845808769,0.00164633538078828,FALSE,NA
419554,0.000918863639404456,0.0040499886208414,TRUE,NA
570559,NA,NA,NA,"Error in rep(1, N): invalid 'times' argument
"
847651,0.810252110117683,0.190419595119851,FALSE,NA
688758,0.00479030677469144,0.0286451167243219,TRUE,NA
214126,0.00909157333266568,0.00936503268534425,TRUE,NA
45627,0.450169368629885,1.53852271194986,TRUE,NA
563498,0.33882690655698,0.0870277956994397,FALSE,NA
75956,2.79463684674063e-05,0.00325538082518567,TRUE,NA
288721,0.0463418352224318,0.00669288137229069,FALSE,NA
403641,0.00261437052871448,0.0028326596305781,TRUE,NA
627265,0.00570151312687128,0.22499316465193,TRUE,NA
380780,0.000142420093158426,4.87239571748815e-06,FALSE,NA
471306,0.244925122336396,0.000640240553535987,FALSE,NA
381040,0.243341582189936,0.0732028716779926,FALSE,NA
931233,0.100856201134733,0.00181290739790038,FALSE,NA
940856,0.00960650394466791,0.000651554302782779,FALSE,NA
328054,0.0579772088541796,0.0479321061591597,FALSE,NA
740351,0.0253232970427744,0.00297106323926729,FALSE,NA
166169,4.42133908701943e-05,2.42858693085556,TRUE,NA
421672,0.010627832541044,0.0377131649292816,TRUE,NA
247293,4.09643937748467e-06,0.00274153957656406,TRUE,NA
105504,0.134415766379499,0.041199159649251,FALSE,NA
656205,0.00195287699954802,0.00146876321863293,FALSE,NA
33779,0.0320631208933753,0.0881239726164234,TRUE,NA
537800,1.65476550263043,5.69990333557523,TRUE,NA
341275,0.000102419460072223,0.0114075114929803,TRUE,NA
310901,0.0742740304355642,0.0173874163381943,FALSE,NA
168421,0.858525162894803,2.50065136678087,TRUE,NA
446059,3.2685710236591e-05,0.013292659346611,TRUE,NA
438551,0.069467830970072,0.010791671145836,FALSE,NA
179794,0.00918323235176119,0.000407012345723312,FALSE,NA
238598,0.0389974035058097,0.0307185552816222,FALSE,NA
693023,NA,NA,NA,"Error in rep(1, N): invalid 'times' argument
"
374134,0.0167242518954579,0.126022460057459,TRUE,NA
559042,0.283109015311102,3.166490434451e-05,FALSE,NA
904597,0.026783485457907,0.63829241142938,TRUE,NA
229969,0.0291611075870466,0.0402604330133449,TRUE,NA
180648,0.309049656194241,0.00361826566792047,FALSE,NA
909740,NA,NA,NA,"Error in rep(1, N): invalid 'times' argument
"
215893,0.0114838694012358,3.52883604752466,TRUE,NA
310626,NA,NA,NA,"Error in rep(1, N): invalid 'times' argument
"
55437,0.00133285386685417,2.80559729742766e-06,FALSE,NA
937790,0.00236802138688761,0.940743902554633,TRUE,NA
158431,9.18243882135354e-05,0.180174727591222,TRUE,NA
131404,NA,NA,NA,"Error in glmnet(x, y, weights = weights, offset = offset, lambda = lambda, : x should be a matrix with 2 or more columns
"
207850,8.47675818237515e-05,0.0124388787668184,TRUE,NA
936725,NA,NA,NA,"Error in glmnet(x, y, weights = weights, offset = offset, lambda = lambda, : x should be a matrix with 2 or more columns
"
895769,0.0148253834532105,0.000187822259377697,FALSE,NA
757940,0.0704284016836913,0.00700925887045286,FALSE,NA
597735,0.0815183625058332,0.0766340343728254,FALSE,NA
348569,0.0020589140828446,6.77576180147011,TRUE,NA
567979,0.00308203003020448,0.102274517188165,TRUE,NA
415886,0.202846666256517,0.803604433629583,TRUE,NA
592685,NA,NA,NA,"Error in rep(1, N): invalid 'times' argument
"
986935,7.46929159239326e-05,0.00237553758246572,TRUE,NA
180880,0.0677059506522609,0.0108355861575504,FALSE,NA
920185,0.00589567986958736,3.27375792068698e-05,FALSE,NA
954975,0.14715659387723,3.12725594877935,TRUE,NA
683737,9.77941125788568e-06,3.39674460102643,TRUE,NA
537639,NA,NA,NA,"Error in rep(1, N): invalid 'times' argument
"
163592,0.0053308589747962,8.26226309501923e-05,FALSE,NA
981736,0.0882864114892602,5.08455326152858e-06,FALSE,NA
714467,0.0572630210175891,4.10718853100287,TRUE,NA
127035,0.00850788363602547,0.799287631177875,TRUE,NA
191258,0.168467247176726,0.00548463515698199,FALSE,NA
637923,0.0696174456180846,2.23505957724333,TRUE,NA
352952,1.76839668863354e-05,0.00478069985713095,TRUE,NA
857769,0.00546112810108922,0.000294664007681167,FALSE,NA
912794,0.000886841845930008,0.00123827115249528,TRUE,NA
409590,0.00131264677874667,0.0372954068384576,TRUE,NA
882837,0.00247205208179393,1.12270909876286e-07,FALSE,NA
320577,0.00873854194048245,0.563955727732396,TRUE,NA
576169,0.0022810172597873,6.46500998939561,TRUE,NA
93229,NA,NA,NA,"Error in rep(1, N): invalid 'times' argument
"
415300,0.00489831405129083,0.0243008068157612,TRUE,NA
713479,0.00222090431928352,0.0128431175103231,TRUE,NA
969287,0.0194760531963344,0.288704017600442,TRUE,NA
863181,0.000462131047775352,1.79005402089865e-05,FALSE,NA
156948,0.0690904031166827,0.82841401114753,TRUE,NA
823489,3.27270523055308e-07,0.125576324413352,TRUE,NA
5731,0.00671616484598377,0.392561731482312,TRUE,NA
177405,NA,NA,NA,"Error in glmnet(x, y, weights = weights, offset = offset, lambda = lambda, : x should be a matrix with 2 or more columns
"
392075,0.000632823551099813,4.4273309076859,TRUE,NA
781440,0.00295964787022662,3.91353556890479e-05,FALSE,NA
851923,8.5931638810966e-07,0.881244921238155,TRUE,NA
582775,0.378591408611374,1.0130046995811e-05,FALSE,NA
841836,0.0670705908659259,0.000460122751360889,FALSE,NA
881757,0.0879525791052929,5.27623067207458,TRUE,NA
772708,0.0729627143255111,0.0120484317305562,FALSE,NA
182003,9.69601259853472e-05,0.0262444674839376,TRUE,NA
764119,0.000211587844672641,0.000219418746053753,TRUE,NA
875937,0.0248206416872753,1.895436450614,TRUE,NA
30305,0.000156847073034049,8.54344791849424e-05,FALSE,NA
403722,0.0221907633251144,0.0990080564185124,TRUE,NA
824973,1.11778108956562,1.46441469938247,TRUE,NA
782339,0.00352832494032412,0.0699105678170573,TRUE,NA
970518,0.239318448333611,0.60349653381241,TRUE,NA
266372,0.111276215186072,0.0135320799121772,FALSE,NA
414637,0.00291627476569821,0.0996661538459057,TRUE,NA
459436,0.564086592404135,6.93288762137647e-09,FALSE,NA
955105,0.00104665522792965,0.0732714585716862,TRUE,NA
296396,0.0227604498653221,0.0413070061585447,TRUE,NA
332662,0.0275210390455553,1.71842552252675,TRUE,NA
114124,6.87457370710166e-05,1.24603379745136,TRUE,NA
112213,2.29084617740318e-05,0.206164861856403,TRUE,NA
72594,0.791803868323144,0.47330050127043,FALSE,NA
239606,0.00118767023289958,0.0123274162000744,TRUE,NA
530564,0.0164316888843875,3.00368631877932,TRUE,NA
21494,3.44019335351866e-07,1.01390617301862,TRUE,NA
393855,0.0204640173607763,0.0124960992548281,FALSE,NA
173347,0.0158934508707184,2.91792447018186,TRUE,NA
409214,0.187208336061754,0.0357739330991319,FALSE,NA
624173,0.00985238297550106,0.0842637613871735,TRUE,NA
526130,0.589067520660598,2.85871529789933e-05,FALSE,NA
600512,0.0842687896877503,0.387681816219102,TRUE,NA
305699,0.00012844441571804,0.00183502616115482,TRUE,NA
647592,0.192343633222619,0.403017316588684,TRUE,NA
874166,0.0412299996107767,0.397115218441384,TRUE,NA
954852,0.025651197658374,0.538235160488205,TRUE,NA
434624,0.100125108681292,7.74029153332539,TRUE,NA
149586,0.00314282704205259,0.84062312118964,TRUE,NA
550472,0.0347415678662798,0.432552134829507,TRUE,NA
225232,0.00224377177914406,0.0596686143888061,TRUE,NA
363970,0.0272370023063428,1.03455257101711,TRUE,NA
851261,0.145402564393124,0.000464492398847091,FALSE,NA
758391,0.00395358708274292,0.075685412971791,TRUE,NA
7986,3.47172055374246e-05,0.0167951461591397,TRUE,NA
927917,0.16267466917089,5.78604766118691,TRUE,NA
607927,0.00160545330961211,0.0264947517935518,TRUE,NA
105926,NA,NA,NA,"Error in glmnet(x, y, weights = weights, offset = offset, lambda = lambda, : x should be a matrix with 2 or more columns
"
500402,0.00288645589254318,0.0347317025450774,TRUE,NA
907304,0.00565080670720791,0.0575633517512531,TRUE,NA
146940,0.425386020955361,1.99686595419621,TRUE,NA
880075,0.0344609985514567,0.167299547859613,TRUE,NA
933086,2.47593034641722,0.0344085140064675,FALSE,NA
357212,2.98345474421587e-07,6.42132569545705e-10,FALSE,NA
440535,0.0260229517639804,4.81134204397662e-05,FALSE,NA
67101,1.13238865589986e-07,0.591163988271246,TRUE,NA
55571,1.4809047420288e-06,2.87622800084618e-07,FALSE,NA
693930,0.0559065589299836,0.193814791189228,TRUE,NA
663942,5.73169484192098e-05,1.1838082495471,TRUE,NA
523104,0.0318492069574834,0.83221263808826,TRUE,NA
816843,0.165900871528965,0.228646115331942,TRUE,NA
667673,3.78545509949384e-06,0.040082298713918,TRUE,NA
207532,0.101718714249746,0.531676771410148,TRUE,NA
795142,0.124936098987864,0.717587983572055,TRUE,NA
332816,2.36359152398432,0.0342880878768276,FALSE,NA
219086,5.36231814588788e-06,0.393804031649644,TRUE,NA
523274,0.00177093184448867,0.0752113413700307,TRUE,NA
744734,0.0453774791549354,0.0042826531987278,FALSE,NA
752537,0.0658729132764841,0.000135473819481541,FALSE,NA
177936,0.352215738669878,4.53142108125566,TRUE,NA
602910,0.000390834243637011,0.000177547518651408,FALSE,NA
125043,0.000124769787946661,0.00297274728374897,TRUE,NA
539569,0.000284353120966017,0.159328918620267,TRUE,NA
312879,0.0395482419933057,0.237237958682959,TRUE,NA
142704,0.0254162504824103,0.833751957005435,TRUE,NA
664423,0.108703538845252,0.25604475027107,TRUE,NA
776712,0.00485620599080314,7.02638587395333e-05,FALSE,NA
669134,3.90967658396267e-05,0.0101751445315648,TRUE,NA
639047,0.333251176099044,0.15984575105036,FALSE,NA
79078,0.223931861464018,0.492363988271458,TRUE,NA
956825,0.000252245429479534,2.28866537218929,TRUE,NA
938272,1.06533571440636,1.5051008246851e-05,FALSE,NA
577276,0.0214294807981149,0.431293572232556,TRUE,NA
494921,0.038130486431888,0.000422948012301032,FALSE,NA
374237,0.0196983538017205,0.983062168107133,TRUE,NA
494444,0.625965461657619,0.962149364883052,TRUE,NA
660060,0.196737321645576,0.0265971089354953,FALSE,NA
654783,NA,NA,NA,"Error in rep(1, N): invalid 'times' argument
"
228483,0.0598259103079374,0.623613005820002,TRUE,NA
494131,0.000370237167914697,0.0003898218419947,TRUE,NA
293180,0.580925316975286,1.34808308290161,TRUE,NA
855720,7.12122310055735e-06,4.418411878741,TRUE,NA
693136,0.0246309206437166,8.13247217710217,TRUE,NA
585886,0.0124971742459381,0.00141834834122218,FALSE,NA
250631,1.88485041130184e-07,0.359995276735111,TRUE,NA
957335,1.37676692363714e-09,0.0272474462714531,TRUE,NA
917367,0.101334372535152,3.04243080258405,TRUE,NA
696581,0.00371148997484293,1.60715925604095e-07,FALSE,NA
722233,0.165061525905905,0.00790207440272247,FALSE,NA
574995,0.092913942055735,0.00866357376231673,FALSE,NA
69764,0.000490917368380651,0.000329301046356933,FALSE,NA
481853,NA,NA,NA,"Error in rep(1, N): invalid 'times' argument
"
232951,0.000149598994293702,8.29473582026846e-08,FALSE,NA
660150,0.101349212449417,0.00160216736170005,FALSE,NA
478852,0.00353943820237677,0.00997049956640973,TRUE,NA
196509,0.0619599701616795,0.133514184743414,TRUE,NA
667446,0.116862975090047,0.39866848161118,TRUE,NA
591634,0.00127434185715662,0.548243602334336,TRUE,NA
181777,0.0220108215596688,2.1991294427877,TRUE,NA
506360,0.00427409543782185,0.00226044852105768,FALSE,NA
196939,0.122016423082072,0.1665907272244,TRUE,NA
664068,NA,NA,NA,"Error in glmnet(x, y, weights = weights, offset = offset, lambda = lambda, : x should be a matrix with 2 or more columns
"
578389,5.60683452064151e-08,0.000256248371353366,TRUE,NA
735912,0.00133359098307088,0.0042890448815947,TRUE,NA
338327,0.0854961704748184,3.00921012864288,TRUE,NA
469258,0.347337051237034,0.77323325577106,TRUE,NA
325736,0.0198334923346049,0.00352134252328099,FALSE,NA
931368,1.89727098543168e-05,3.37323724833403e-05,TRUE,NA
40756,0.00189560283758812,0.747631719946867,TRUE,NA
78259,0.100769390256444,0.41977546323294,TRUE,NA
753881,0.463820950179043,0.135604135102126,FALSE,NA
678397,0.12217799382352,0.144835195479198,TRUE,NA
547346,NA,NA,NA,"Error in glmnet(x, y, weights = weights, offset = offset, lambda = lambda, : x should be a matrix with 2 or more columns
"
283495,0.640701486751933,0.00862932644814858,FALSE,NA
541110,0.000866911045310423,0.00655488944381841,TRUE,NA
26439,0.00375920417102035,3.31700973444276e-06,FALSE,NA
244455,0.00344243263003874,0.00138639970738189,FALSE,NA
681408,0.000197891251763343,0.0622635694702307,TRUE,NA
845863,0.0145536615700064,0.000533514799044372,FALSE,NA
544314,0.112729651499847,0.322714263311233,TRUE,NA
542795,0.00975118515259498,0.0169469181963867,TRUE,NA
803611,0.0701139058703773,0.000811420351871775,FALSE,NA
400046,0.024346005296967,3.82444658905416e-05,FALSE,NA
849073,0.0700029801099601,1.3422502559574,TRUE,NA
196589,NA,NA,NA,"Error in rep(1, N): invalid 'times' argument
"
944530,0.000570828352532434,0.000249139190385226,FALSE,NA
938457,0.0012805499249099,0.003154706098962,TRUE,NA
403026,0.0695994560436634,3.57698210073225e-05,FALSE,NA
282486,0.253459595992985,3.6721483390174e-06,FALSE,NA
533405,0.0398111564735115,0.00520134510211521,FALSE,NA
172174,NA,NA,NA,"Error in rep(1, N): invalid 'times' argument
"
889381,NA,NA,NA,"Error in glmnet(x, y, weights = weights, offset = offset, lambda = lambda, : x should be a matrix with 2 or more columns
"
813955,0.000369014591133848,0.0210302292494358,TRUE,NA
983914,1.35966536732397e-08,3.45950159011951e-05,TRUE,NA
144241,0.10661746572324,0.54803849341602,TRUE,NA
143479,0.197683763975886,0.286969829514472,TRUE,NA
209937,0.121518817066916,1.05786238035326,TRUE,NA
59488,3.3919417554305,0.367368173699978,FALSE,NA
305822,0.0126255294018264,0.153973415388253,TRUE,NA
138050,0.0646554691799579,0.00818897375990378,FALSE,NA
931461,0.156758327137383,0.00828398193945872,FALSE,NA
140789,0.0788945109067348,0.702686094576869,TRUE,NA
62603,0.0587321054175946,0.0032412575932081,FALSE,NA
417581,0.000992498360151537,0.62906704619632,TRUE,NA
706205,1.67436640399849e-08,0.0959432845419387,TRUE,NA
334497,0.00456115935248799,0.204160528411264,TRUE,NA
589659,0.418006153289981,3.29082393135665,TRUE,NA
720603,1.12172987831765,0.0285709790307363,FALSE,NA
173404,0.00537734424664086,1.52542031676092,TRUE,NA
545228,0.320189729717977,0.000392671646168464,FALSE,NA
31492,0.00796039967630401,1.54793151089413,TRUE,NA
439929,2.52646756652228,0.110327275478108,FALSE,NA
236889,0.00771622392574957,0.00978389008745319,TRUE,NA
682578,0.705678943675655,0.104384164660997,FALSE,NA
871276,0.262909028772676,2.83312357688507,TRUE,NA
165286,8.51342888216607e-05,0.0550437564714204,TRUE,NA
602537,0.0940586452448837,0.0162043614877701,FALSE,NA
849262,1.833235518427,0.491873495244514,FALSE,NA
917460,0.0256299137377187,0.356942384304257,TRUE,NA
773169,0.00195598926114629,0.315028760703368,TRUE,NA
216860,0.00281894382957626,0.952384669140597,TRUE,NA
148972,0.0022784392477974,0.0115034050033241,TRUE,NA
42927,0.345311298388356,0.279343534307811,FALSE,NA
264870,0.0071492057928905,0.611902262066433,TRUE,NA
350059,0.500092130090618,1.27173451234541,TRUE,NA
529000,0.00454248904833416,1.01935156848298e-07,FALSE,NA
378805,0.193584799546036,0.00095968477223076,FALSE,NA
506057,0.000205455407909875,1.00061444384751,TRUE,NA
248636,0.00117267689848612,0.0179682420350625,TRUE,NA
760569,0.00279427987578043,0.00530645430476492,TRUE,NA
490018,0.00137732810397398,0.00254400414472616,TRUE,NA
424881,0.000186618676830309,0.032522842393759,TRUE,NA
372287,2.40684812400755e-05,0.075162376046342,TRUE,NA
801409,0.042960366937587,0.0550520937747723,TRUE,NA
918891,0.0198976135472995,3.39718165853934,TRUE,NA
498175,0.126435809219445,6.13475105692142,TRUE,NA
820836,0.00835334086965703,0.150348441912279,TRUE,NA
144798,1.33956423820985e-09,0.240348623901761,TRUE,NA
720963,0.0108208827682168,2.73333194182799,TRUE,NA
74937,1.65246533974383,0.0444597229240746,FALSE,NA
931712,0.423694085354248,0.0705230890830419,FALSE,NA
177262,0.0486716453853994,0.0132412309519098,FALSE,NA
265013,0.00558583607824621,0.0148064821791252,TRUE,NA
671917,0.00552011058191346,1.63217685992831,TRUE,NA
4581,0.0032325751616627,2.37317115292388e-06,FALSE,NA
916473,0.0894465240713479,0.0100965218812772,FALSE,NA
11570,0.221589040551162,0.134457404127691,FALSE,NA
797269,0.670625730328963,2.21575869027183,TRUE,NA
752592,0.0248322999314573,1.4256448388498,TRUE,NA
678921,0.0178408012839155,0.0223641444012332,TRUE,NA
18440,0.0096187066908756,5.7541687730616e-05,FALSE,NA
956906,7.59534097518871e-05,0.184629563034214,TRUE,NA
980796,0.00350163350472931,0.0191452502054585,TRUE,NA
925785,NA,NA,NA,"Error in rep(1, N): invalid 'times' argument
"
379124,0.00306862490390736,7.62826413671093,TRUE,NA
492670,0.036541599656903,0.0548982203382645,TRUE,NA
980874,0.105259540416429,9.26280079728224e-05,FALSE,NA
528442,NA,NA,NA,"Error in rep(1, N): invalid 'times' argument
"
812778,0.000113355478902727,1.11441578897591,TRUE,NA
962865,0.0389481499511226,0.151340886894594,TRUE,NA
824932,0.0928989025974699,0.0626331055815935,FALSE,NA
630095,0.0667426216670503,1.47614143039117,TRUE,NA
73724,0.00175203342419703,0.0341590206402139,TRUE,NA
644986,0.000313142134952365,1.89483385462262,TRUE,NA
570552,NA,NA,NA,"Error in rep(1, N): invalid 'times' argument
"
612455,0.0196679596147218,0.000407806514155343,FALSE,NA
884896,1.03665632092111,0.436917654714071,FALSE,NA
103670,0.000549387611594755,0.00438215106681998,TRUE,NA
687015,9.43990947177737e-06,1.72012524868149,TRUE,NA
595650,0.0238913952641296,0.000486704638774973,FALSE,NA
482220,1.3769690952502e-09,0.0889726548646657,TRUE,NA
998931,NA,NA,NA,"Error in rep(1, N): invalid 'times' argument
"
51447,0.266004517022499,0.106783451150202,FALSE,NA
173286,0.00227275351629701,2.81521918627687,TRUE,NA
121500,5.46072964773598e-10,0.000490710237213018,TRUE,NA
437924,NA,NA,NA,"Error in rep(1, N): invalid 'times' argument
"
476118,0.0113212636584185,0.000743925622621038,FALSE,NA
325538,0.000629505611948047,0.0226719580248733,TRUE,NA
995072,0.00421302185682518,0.0845354014705207,TRUE,NA
470909,0.0037264605167414,0.000244441063104855,FALSE,NA
281265,0.000508211066245125,0.000128495556370847,FALSE,NA
747888,0.000492823670189238,2.72307979389996,TRUE,NA
662087,NA,NA,NA,"Error in glmnet(x, y, weights = weights, offset = offset, lambda = lambda, : x should be a matrix with 2 or more columns
"
546866,0.000713603697075701,0.0298509784329536,TRUE,NA
80321,0.10794631235075,1.31547878557242,TRUE,NA
372144,1.08563896346232,3.37677274644498e-05,FALSE,NA
666994,2.25721539521114e-05,0.000158442999751936,TRUE,NA
864770,0.0035657847891753,3.03188515836389,TRUE,NA
741412,2.31404167071458,0.14872765878595,FALSE,NA
648017,6.97103288636633e-09,4.48053225248099e-06,TRUE,NA
619338,NA,NA,NA,"Error in rep(1, N): invalid 'times' argument
"
51942,0.294873947460064,1.02840537285174,TRUE,NA
191577,0.172646947433171,4.24203020484302,TRUE,NA
173441,0.00405435363934496,0.000964264587672996,FALSE,NA
208477,9.59274368952455e-06,4.12913089885917,TRUE,NA
251363,0.102153590116357,0.0712853486386535,FALSE,NA
387778,0.000938724660871874,1.52027369135893,TRUE,NA
68110,3.53883776507297e-05,0.0745898937957515,TRUE,NA
42783,5.40619029598099e-05,0.00344611475508571,TRUE,NA
718017,0.00669640108944333,0.0283612334473547,TRUE,NA
270853,0.00133902771427284,1.3608339644276,TRUE,NA
437241,0.00162099718620179,0.000263268023396738,FALSE,NA
605385,8.07592182442293e-06,0.0729581677064694,TRUE,NA
620027,NA,NA,NA,"Error in rep(1, N): invalid 'times' argument
"
476182,0.000568257853548543,0.00536201214976061,TRUE,NA
310396,0.311243179913742,0.0157850279348377,FALSE,NA
722773,0.000705864008904371,0.000316831106483085,FALSE,NA
664485,0.204373575872145,2.29843608263137,TRUE,NA
145889,0.000866694980244133,3.23975054352364e-05,FALSE,NA
577650,0.00173832911185443,4.65479497641246,TRUE,NA
166860,0.000729612808520966,0.544933475400458,TRUE,NA
853391,0.00372484407295696,0.00163869967733971,FALSE,NA
235215,0.0142414097479971,0.94268455649402,TRUE,NA
961091,7.31262845831758e-05,0.00530654718980812,TRUE,NA
346912,9.34692575803039e-06,0.123713606881557,TRUE,NA
577584,0.22469456225316,0.230602199458504,TRUE,NA
719552,0.0109696451096339,0.0419931464640742,TRUE,NA
453503,0.0184733763152305,0.0352655784958879,TRUE,NA
136816,0.000157337492812347,2.46140958593182,TRUE,NA
67042,0.178634237215982,0.536484218469174,TRUE,NA
520104,3.80851315679841e-05,0.179943080969546,TRUE,NA
898580,0.192855990588976,2.89048152022799,TRUE,NA
441649,0.000509915522001823,6.12241495528717,TRUE,NA
889818,0.704009828343135,1.36892786554358,TRUE,NA
613132,0.00430891498379157,0.00807746930397255,TRUE,NA
751692,5.90468909095364e-05,0.00033943902185755,TRUE,NA
212222,0.0143818198474102,0.0397356574961153,TRUE,NA
832056,0.00462588437124677,0.142287615718917,TRUE,NA
885406,0.00160833966111408,9.03962250881316e-06,FALSE,NA
705948,0.564425676841249,0.0510953952839321,FALSE,NA
278882,0.000408749735510501,0.200608151868054,TRUE,NA
87435,0.000610467418028651,0.0012065450726729,TRUE,NA
44407,0.0204634208501782,0.559702670931918,TRUE,NA
236139,1.43070466687362e-09,1.21287210414246e-05,TRUE,NA
930390,0.029456589524554,0.0117612202939438,FALSE,NA
414211,0.0019850946908654,0.000107774220259203,FALSE,NA
133526,0.0886875413557518,0.391893077743322,TRUE,NA
953430,0.0207615555492358,0.0112194668361586,FALSE,NA
156401,0.328094443296236,0.0012764586236306,FALSE,NA
638137,0.470731505512696,1.00631902291215,TRUE,NA
45929,3.03069679195921,0.0472149700081759,FALSE,NA
771292,0.226687333693434,2.90028166769973e-05,FALSE,NA
423108,0.00607221156148422,0.00410633666638791,FALSE,NA
680118,0.00209090891079538,0.10150662944232,TRUE,NA
368603,0.101419843066144,0.0884015152932524,FALSE,NA
563608,0.0282796269590085,0.000167583070769973,FALSE,NA
207367,0.000161021453605745,0.172693153465939,TRUE,NA
710391,0.0276866287398898,0.0399153827811558,TRUE,NA
466183,0.259957468871164,0.224951354755224,FALSE,NA
900872,1.3576074320971,1.76831885243434,TRUE,NA
667066,NA,NA,NA,"Error in rep(1, N): invalid 'times' argument
"
892191,0.155420790954236,1.04697078318088,TRUE,NA
388643,0.000882893063135005,0.938708817067054,TRUE,NA
519904,1.45073740769852e-06,6.6353134432894e-05,TRUE,NA
854836,0.00554708084769735,0.000225713843295852,FALSE,NA
928363,0.0820352746404809,1.88093984832171e-12,FALSE,NA
365788,0.0116718563448274,0.838667200712367,TRUE,NA
242561,0.000249992091034049,0.000276755331077198,TRUE,NA
793862,0.0304212927631618,0.238512508628348,TRUE,NA
856675,0.000231711964341632,0.000164198632510476,FALSE,NA
915579,0.00228831401648699,0.0708372841046142,TRUE,NA
652186,0.157755671559471,0.858721869567137,TRUE,NA
291816,3.18309156861075e-10,0.00788063963436167,TRUE,NA
504563,4.15364506039503e-06,0.73532984644929,TRUE,NA
846496,5.99385325592044e-07,0.229574972886544,TRUE,NA
289187,0.000262126935038073,0.166193360280564,TRUE,NA
121851,0.0298120690357091,4.80588017158939e-05,FALSE,NA
902086,0.00178865989619762,6.1554808997157,TRUE,NA
763172,0.00752645668338836,1.10415101934426e-06,FALSE,NA
739790,0.000972148331855486,8.37188756486707e-07,FALSE,NA
622772,NA,NA,NA,"Error in glmnet(x, y, weights = weights, offset = offset, lambda = lambda, : x should be a matrix with 2 or more columns
"
348800,0.408186242239425,0.469434508432544,TRUE,NA
792427,0.00197462885116243,0.0016464295464516,FALSE,NA
989726,3.59035625178063e-06,0.358654057068476,TRUE,NA
420396,0.0057201527155628,0.00323726658632148,FALSE,NA
147663,0.00326941931671243,0.0112227862660014,TRUE,NA
386950,0.279020248429163,1.71479199321157,TRUE,NA
86011,1.22184330522641,0.631853568726334,FALSE,NA
528891,0.624036744516604,0.793500493880782,TRUE,NA
710236,0.00159808580472952,1.1760011112514e-07,FALSE,NA
272867,0.919883631605937,0.0371999059707503,FALSE,NA
600963,0.265691145690762,0.177376961084035,FALSE,NA
294554,0.00644078339196327,0.193242274605981,TRUE,NA
682453,0.53232253578479,0.023296144185641,FALSE,NA
633960,0.0129546898997175,2.5207906696006e-06,FALSE,NA
876288,0.00974811166850891,0.00278635572519462,FALSE,NA
198906,0.000566930503202753,1.17990754151679,TRUE,NA
495207,0.191900019550236,0.00161104569567036,FALSE,NA
437663,0.655013258451126,0.27776178961966,FALSE,NA
643532,0.142720361772021,0.0125539135296712,FALSE,NA
656029,0.00235553579575282,0.108778094604173,TRUE,NA
581093,2.54723696412379e-05,9.96440656733229e-06,FALSE,NA
285019,0.00601257007767348,0.0124249491799739,TRUE,NA
924110,0.000884509667842216,0.0534400321972433,TRUE,NA
235584,4.83382073704448e-05,0.933527660637329,TRUE,NA
473376,0.20196052909869,0.0283303762832667,FALSE,NA
296278,0.00165146770826562,0.415096294115572,TRUE,NA
205518,5.23178524248326e-07,0.000352388116157063,TRUE,NA
34221,0.00494275561306438,0.395565762246719,TRUE,NA
613432,0.0019864780838192,2.25203857988276,TRUE,NA
44775,0.00170038677677779,0.0222673320217745,TRUE,NA
547368,0.000709358270398766,0.00647515852595288,TRUE,NA
101553,0.025319852948449,3.45860097794654e-05,FALSE,NA
175735,0.000514784966574879,0.199267966210182,TRUE,NA
246428,0.00356610739838102,0.00477923493478285,TRUE,NA
729822,0.000309643135091928,0.000198239140904413,FALSE,NA
546417,2.34674534441328e-06,6.49167693685759,TRUE,NA
905883,0.233933753914461,0.0791449479803075,FALSE,NA
518007,0.0506580377918741,0.0718291550532405,TRUE,NA
185407,0.156355338523424,0.00167386860396898,FALSE,NA
891207,NA,NA,NA,"Error in rep(1, N): invalid 'times' argument
"
328400,0.0490498339516192,7.99156902851903,TRUE,NA
867557,8.62132920318303e-05,0.0015473261434479,TRUE,NA
696467,0.0132992460021875,0.0106590832956577,FALSE,NA
686436,0.771263956615235,5.5163772270403,TRUE,NA
9054,0.00495749682420735,0.00118466229647127,FALSE,NA
584400,0.0135700337488615,0.000479519482460721,FALSE,NA
377058,0.0172871658336877,0.599024652257295,TRUE,NA
395395,0.00436584106380211,0.0198811484404919,TRUE,NA
103222,0.000108754173179725,0.0359211449793761,TRUE,NA
775431,3.05271895416265e-05,4.69439549237772,TRUE,NA
199972,0.00363643951734589,1.95416303417357,TRUE,NA
555185,0.0122896924984268,0.000794769377384266,FALSE,NA
590800,NA,NA,NA,"Error in rep(1, N): invalid 'times' argument
"
927632,0.000734404448763017,0.0527729576179531,TRUE,NA
216245,0.0220541600824042,0.0305924528009374,TRUE,NA
261085,NA,NA,NA,"Error in rep(1, N): invalid 'times' argument
"
416079,0.000750269161028497,0.275612651189165,TRUE,NA
182268,0.000695905255190268,0.143821824735275,TRUE,NA
556089,1.11729209187653,0.00283540107037791,FALSE,NA
36778,0.00323302541375404,0.456145782918118,TRUE,NA
183369,0.126663548120678,0.0050192741358477,FALSE,NA
10789,0.674641978374066,0.00950275941232636,FALSE,NA
604801,0.0292794020259849,0.261923502473001,TRUE,NA
610616,0.00118185374445244,0.0164060052081228,TRUE,NA
97470,0.0120964556654247,4.18760563938274e-06,FALSE,NA
184489,0.0326312885460809,0.824356432873034,TRUE,NA
562366,0.0882056630201294,0.130574326914314,TRUE,NA
857156,0.0857968948077793,0.184147931022919,TRUE,NA
726418,0.000889461111618207,2.06013167222833,TRUE,NA
685370,0.00217798958839611,0.0134173918985527,TRUE,NA
164833,0.0522862194977755,1.0089933594345,TRUE,NA
404939,0.00150991946588952,3.22336259753048,TRUE,NA
532381,0.00659089643344769,0.86848245323897,TRUE,NA
224465,0.000452670919586583,0.000292720718483078,FALSE,NA
688302,0.00729219533412476,0.00875357430934947,TRUE,NA
822032,0.0300407341265315,0.0132324068635287,FALSE,NA
941962,0.346886547382258,0.0289741822505139,FALSE,NA
85011,0.00105099525802341,0.000234811703501924,FALSE,NA
594070,0.0772551626208711,0.00141835479117032,FALSE,NA
292200,0.0530615450437599,0.0744709794072179,TRUE,NA
718420,0.106715279941592,0.722979975187637,TRUE,NA
555742,0.169907035779642,0.0227406311217064,FALSE,NA
440495,0.951254680853084,0.0202834273275884,FALSE,NA
770310,0.00522874366843847,0.538175522005266,TRUE,NA
882341,0.249816687420089,0.200844722104228,FALSE,NA
24539,0.00545212316621025,1.47822675517517,TRUE,NA
36304,0.00415550521831757,0.741400938655693,TRUE,NA
461533,0.0204142498382631,0.152404600195613,TRUE,NA
312725,0.00879539209534479,0.00459727277838863,FALSE,NA
950193,0.0207725360710774,4.97924338526465e-05,FALSE,NA
434827,1.6701035443563e-05,0.0126682762262644,TRUE,NA
21514,0.0058225080953098,1.41312507769259,TRUE,NA
542102,0.00372792906734618,2.50531576618993,TRUE,NA
382125,0.000137144145606006,0.000438774693478564,TRUE,NA
819323,NA,NA,NA,"Error in rep(1, N): invalid 'times' argument
"
50678,1.7400555219962,0.302819765921485,FALSE,NA
462312,NA,NA,NA,"Error in glmnet(x, y, weights = weights, offset = offset, lambda = lambda, : x should be a matrix with 2 or more columns
"
229152,0.119240525191404,2.1342984527503,TRUE,NA
560496,0.105199715999918,7.13613168811625e-10,FALSE,NA
736252,NA,NA,NA,"Error in glmnet(x, y, weights = weights, offset = offset, lambda = lambda, : x should be a matrix with 2 or more columns
"
978395,1.01296301227732,0.0310610692003813,FALSE,NA
363262,2.73950951816306,7.52030823753452e-05,FALSE,NA
763171,0.0297534762290389,1.63907010416948,TRUE,NA
866688,0.397457630130528,4.5664618295287e-05,FALSE,NA
602864,0.0539245820218125,0.48495828280673,TRUE,NA
846577,0.00154798935052984,0.0273048012941379,TRUE,NA
942728,0.00134955366783101,0.00055360460056463,FALSE,NA
117265,0.00860961268413486,3.0571930801566,TRUE,NA
608616,0.00121226961411142,0.8751922161143,TRUE,NA
149656,NA,NA,NA,"Error in rep(1, N): invalid 'times' argument
"
909901,0.013830534823147,0.149697841553216,TRUE,NA
328625,0.000388971306497324,0.0249100967939407,TRUE,NA
315905,0.0195877903984606,0.000405459911310611,FALSE,NA
560594,9.00542496164298e-07,0.0811813608038632,TRUE,NA
23593,0.00463656252645426,8.83322496665628e-05,FALSE,NA
110396,6.53344624981681e-09,0.0357982036010588,TRUE,NA
895511,0.00197969859399596,9.80434318186315e-07,FALSE,NA
951467,0.000604426741032943,0.0018147272308616,TRUE,NA
643148,0.076831841032341,0.0170336767879707,FALSE,NA
538115,0.0360385885838966,0.000299973290551197,FALSE,NA
490351,0.637635073950685,0.746000566074298,TRUE,NA
351251,NA,NA,NA,"Error in glmnet(x, y, weights = weights, offset = offset, lambda = lambda, : x should be a matrix with 2 or more columns
"
762284,9.87730468715967e-05,0.0118365774226692,TRUE,NA
657937,0.0751550439494608,0.00235513100995203,FALSE,NA
328940,0.0152073723195644,0.00262612357070571,FALSE,NA
905376,0.124732386975222,0.310656524890899,TRUE,NA
601175,5.57357396951158e-05,0.00353840164939552,TRUE,NA
822256,0.000216500380430118,0.690821760280998,TRUE,NA
268590,0.00311081131604305,1.04918469500517,TRUE,NA
894866,9.25401895182612e-05,0.00013485091219307,TRUE,NA
51620,0.00319988618856198,0.000142084632648452,FALSE,NA
504240,0.0312165726523454,5.36783362063261,TRUE,NA
145771,0.00539871287558882,1.82333071204406,TRUE,NA
473553,0.00309521549975281,0.0185994538608639,TRUE,NA
928121,0.041355431567669,4.44750985003475e-05,FALSE,NA
971353,0.000327567352848033,0.000601808958115365,TRUE,NA
341503,0.570653220024201,1.0450628376765e-05,FALSE,NA
177953,0.0290639685581896,0.400286065320348,TRUE,NA
215508,0.0419547459257112,0.00705555586547621,FALSE,NA
671715,0.00628360884929971,0.678827577141931,TRUE,NA
155859,0.00410069816895673,0.34128110730627,TRUE,NA
757084,0.0110323577405199,0.000218922443824835,FALSE,NA
171915,0.000542302555138375,0.000187564321392206,FALSE,NA
697356,0.0776051393437629,0.778605721660853,TRUE,NA
732226,7.91824707744801e-05,2.69605173284483,TRUE,NA
177567,0.00158014488407678,0.000810699504206107,FALSE,NA
384816,NA,NA,NA,"Error in rep(1, N): invalid 'times' argument
"
454997,0.0319280110240026,3.64839766248994,TRUE,NA
508522,0.000683347727924458,0.00901059209668552,TRUE,NA
54624,1.31437071870939e-05,0.00820426357938829,TRUE,NA
478265,6.50364809406818e-05,0.000266928072969145,TRUE,NA
34364,NA,NA,NA,"Error in glmnet(x, y, weights = weights, offset = offset, lambda = lambda, : x should be a matrix with 2 or more columns
"
361242,0.00447003787634587,2.60353668446711,TRUE,NA
30887,0.011481978919004,0.248699851448798,TRUE,NA
767566,0.013096735666532,0.515743912877302,TRUE,NA
786334,0.00670215084463028,0.495598668462001,TRUE,NA
944401,0.000113921020318649,1.97620403118187,TRUE,NA
94072,0.000242579101533071,0.343452705034303,TRUE,NA
87667,0.0545060154126399,2.0277737757537e-05,FALSE,NA
800758,0.00378427626838264,0.00489174829434187,TRUE,NA
997931,0.00210356170714404,0.00153144473366165,FALSE,NA
640984,0.000846631093537603,0.0454712063660697,TRUE,NA
885545,6.8369604140257e-06,0.187150352459636,TRUE,NA
882211,0.000118980864647583,0.0893183578482119,TRUE,NA
398241,0.020471841172849,0.00258324880167745,FALSE,NA
883909,0.00157557072522221,0.202258827913863,TRUE,NA
774198,0.101752016479911,0.0292576374637162,FALSE,NA
501829,NA,NA,NA,"Error in rep(1, N): invalid 'times' argument
"
529641,NA,NA,NA,"Error in rep(1, N): invalid 'times' argument
"
347915,0.0128598180775571,0.0100991139021331,FALSE,NA
439262,0.0429386751797422,0.0239700154284142,FALSE,NA
823112,0.0250596489305591,0.00021892650669262,FALSE,NA
729640,0.0404062544725991,1.2683720851688,TRUE,NA
213389,0.0091647953553881,0.065960863814584,TRUE,NA
24188,0.250168326828129,0.146190076854186,FALSE,NA
837342,0.0965084136060226,0.000225858947816384,FALSE,NA
436973,0.0698023352842916,4.71795262433495e-06,FALSE,NA
522499,0.0472544504218091,0.0329523478000923,FALSE,NA
386915,0.057423929358383,0.0172052180000571,FALSE,NA
512213,1.5331476309203,0.544907728741783,FALSE,NA
867572,NA,NA,NA,"Error in rep(1, N): invalid 'times' argument
"
724436,0.451411666054688,0.12154087211868,FALSE,NA
373393,0.000693035822988946,4.59871397543867,TRUE,NA
652072,0.162653970371222,3.0473877602886,TRUE,NA
528584,0.00159956766823232,2.86568628187405,TRUE,NA
826809,0.000178685849635518,0.149811884209721,TRUE,NA
951745,0.000551460926275346,2.4801712841098e-05,FALSE,NA
563733,8.34502397908998e-05,0.0532468326039299,TRUE,NA
311295,NA,NA,NA,"Error in rep(1, N): invalid 'times' argument
"
435175,0.128271915264101,3.60819765288298,TRUE,NA
491384,0.000852317335946899,0.0416538424651896,TRUE,NA
206406,0.000116916233854401,0.419544754022936,TRUE,NA
856396,NA,NA,NA,"Error in glmnet(x, y, weights = weights, offset = offset, lambda = lambda, : x should be a matrix with 2 or more columns
"
351768,NA,NA,NA,"Error in rep(1, N): invalid 'times' argument
"
363443,0.0027788384267143,0.0590185644560661,TRUE,NA
493692,0.00148323498698076,0.181073153847247,TRUE,NA
38444,0.00134677653761137,0.0104164045261776,TRUE,NA
130624,NA,NA,NA,"Error in rep(1, N): invalid 'times' argument
"
901849,0.170737812287563,0.0051035531954347,FALSE,NA
799975,NA,NA,NA,"Error in glmnet(x, y, weights = weights, offset = offset, lambda = lambda, : x should be a matrix with 2 or more columns
"
532147,0.0327193456901199,0.211150860447553,TRUE,NA
856366,0.0111231075992944,1.81056489355806,TRUE,NA
535403,NA,NA,NA,"Error in glmnet(x, y, weights = weights, offset = offset, lambda = lambda, : x should be a matrix with 2 or more columns
"
431709,0.000110067475032837,7.69180665883166e-07,FALSE,NA
999269,0.0551092439027095,0.0143436511496961,FALSE,NA
157225,1.04287134489065e-10,5.28391552850166,TRUE,NA
414711,0.0010407017589365,3.38168097004025,TRUE,NA
569605,0.00423351662002267,0.307777823338573,TRUE,NA
122911,0.19952009233816,0.543862949292824,TRUE,NA
273591,0.000924256770400005,0.00370625784410144,TRUE,NA
768921,0.000185019708226687,0.0011431186448815,TRUE,NA
315724,0.00146346747857401,4.98404450806968,TRUE,NA
380929,0.097727900984498,2.46095204273845,TRUE,NA
148700,9.90618097925533e-06,1.49808170662248,TRUE,NA
807993,0.0337873443238142,0.0355926156097152,TRUE,NA
659111,0.000852503669753278,6.74659028198576e-05,FALSE,NA
246063,0.056404646863195,1.60565409593244,TRUE,NA
337118,0.00324182474727591,1.50352608277047,TRUE,NA
393940,0.0993810845443547,0.000151597790431783,FALSE,NA
411466,0.059033455284999,0.440760065697128,TRUE,NA
953987,0.00784973788223697,4.24826544013307e-05,FALSE,NA
531687,5.16464891766598e-05,0.310532879199641,TRUE,NA
582418,0.0332964197380596,0.00295287939448202,FALSE,NA
867171,NA,NA,NA,"Error in rep(1, N): invalid 'times' argument
"
255392,0.0166152834896282,0.000280783625039423,FALSE,NA
623309,0.0315671945902494,0.146200671490127,TRUE,NA
955542,0.134337325858492,1.29099914760259,TRUE,NA
91007,0.323646729993353,1.68628692607736,TRUE,NA
924345,0.0111573254972392,0.430373361880796,TRUE,NA
33764,2.04924211143624e-09,0.000456710009017559,TRUE,NA
185578,0.00257115642087913,0.00226389567399431,FALSE,NA
400906,0.00107217396750146,0.00178574801573775,TRUE,NA
552736,0.0112412999790909,0.0221018378586057,TRUE,NA
554822,0.000578512027271168,0.00362236394886797,TRUE,NA
346096,0.00257241006059118,0.0698588805770047,TRUE,NA
903517,0.0170282340928201,0.000114425607243934,FALSE,NA
558575,0.0272606134874273,1.75902621624398,TRUE,NA
774942,0.000226146209620894,0.157252023417041,TRUE,NA
703335,9.65423226560521e-05,0.0862620054777198,TRUE,NA
797895,NA,NA,NA,"Error in glmnet(x, y, weights = weights, offset = offset, lambda = lambda, : x should be a matrix with 2 or more columns
"
680832,0.000100317554132117,0.00106498555708621,TRUE,NA
31994,0.0753736153032014,5.07969661455701,TRUE,NA
512180,0.000153218230390971,0.537778676559767,TRUE,NA
93691,0.00414510279843883,0.545812802126616,TRUE,NA
244925,0.0345368768053278,0.0513820022917823,TRUE,NA
623734,0.00913703659238582,0.00156548596643558,FALSE,NA
846114,0.00135054719785121,3.01261739671974e-05,FALSE,NA
23814,4.57725732101212e-05,0.0100383225659815,TRUE,NA
433855,0.143834631258052,0.0164086063103272,FALSE,NA
168009,0.000207352336386757,3.21271206812264,TRUE,NA
471026,0.0126925104372704,0.082136839548019,TRUE,NA
337205,0.0145367520116859,0.0218941356338506,TRUE,NA
769082,0.144756359718168,2.48824663094515,TRUE,NA
423144,0.0359427705000332,1.05061764897058,TRUE,NA
413017,1.35593458550222e-07,0.487364201696262,TRUE,NA
892148,0.00714660352763421,1.44205656864051e-06,FALSE,NA
265876,0.00789435930473916,8.45799366998802e-05,FALSE,NA
744627,0.130204307573039,9.12091352865129e-05,FALSE,NA
14268,0.0123608906917693,0.149810508547439,TRUE,NA
945041,0.0271216864830126,0.0561603326069173,TRUE,NA
982044,2.09438607421557e-06,1.04314916485506,TRUE,NA
488183,0.804638544318485,0.00612265719922824,FALSE,NA
435114,0.0630211406645979,0.670328717134813,TRUE,NA
142880,0.141600203441185,3.39008827762981,TRUE,NA
522791,0.000588403701436122,0.000478714705032173,FALSE,NA
164495,0.108740280437089,0.876843924892937,TRUE,NA
50149,0.0280095132995427,1.13636652542045,TRUE,NA
824599,0.895654161343493,5.56035740835883e-05,FALSE,NA
726582,0.0405005795430464,0.019111652725836,FALSE,NA
442485,0.0287615497940804,0.0597037507329474,TRUE,NA
574840,1.23730292754749e-09,7.47210929257745e-09,TRUE,NA
71649,0.0769987910284656,3.08842103980438,TRUE,NA
158340,0.204113047487925,3.86840575403899,TRUE,NA
356660,NA,NA,NA,"Error in rep(1, N): invalid 'times' argument
"
725102,5.57012998608244e-05,9.61263793201924e-05,TRUE,NA
900174,0.000173072230456965,0.272107937613045,TRUE,NA
112816,0.000272461810774529,0.153080682460468,TRUE,NA
773150,0.0280180079973401,0.00330425362786923,FALSE,NA
82968,0.00168103537021939,2.22294379534992,TRUE,NA
407797,0.00315712433241558,1.645418549525,TRUE,NA
965022,0.154279082523258,0.0884549387874819,FALSE,NA
958319,0.117466446955379,2.81618562025169,TRUE,NA
79459,0.0001074659999638,3.88453844320005e-06,FALSE,NA
431767,0.0270898126536677,0.380197324854804,TRUE,NA
409275,NA,NA,NA,"Error in glmnet(x, y, weights = weights, offset = offset, lambda = lambda, : x should be a matrix with 2 or more columns
"
562556,0.000126886401133169,0.0439891504963227,TRUE,NA
582449,0.0834593560019737,0.0023053145973963,FALSE,NA
453157,3.22596909816842e-07,4.83226837243406e-05,TRUE,NA
36974,0.0120876653503035,7.60173822819531e-05,FALSE,NA
397849,0.0038183223413326,1.4873766304997e-05,FALSE,NA
679268,5.45574093422003e-05,1.52885182454991,TRUE,NA
546065,0.679837146007171,0.000701454603882602,FALSE,NA
971425,6.00204085054298e-05,0.000690815357619632,TRUE,NA
113372,0.00274403030325831,0.000225116061938881,FALSE,NA
917545,0.729362087947298,1.27726368303121,TRUE,NA
300199,0.583587633744086,0.000465830308139682,FALSE,NA
578296,0.143352559910637,0.0600616301496734,FALSE,NA
197567,NA,NA,NA,"Error in rep(1, N): invalid 'times' argument
"
917585,0.00211662489556041,2.13591408354074,TRUE,NA
338005,0.00491624238853641,3.93394104044557,TRUE,NA
684720,0.0458051987664875,1.6200750408664,TRUE,NA
140325,0.00783207642855282,0.366907879976958,TRUE,NA
557195,0.462828051896169,0.896095972441037,TRUE,NA
122536,0.0119644650390915,0.0147154289533389,TRUE,NA
849605,0.00160532719539533,0.000571473957345349,FALSE,NA
175265,0.000894578950790574,0.00571189445870014,TRUE,NA
869652,0.135906071538081,0.0548238778640761,FALSE,NA
398314,9.39972456220481e-07,0.00676781028282431,TRUE,NA
971001,6.37047511997904e-05,0.756925308501315,TRUE,NA
523053,0.0518114291049671,0.156812048837561,TRUE,NA
425632,0.00450691487372931,0.000647503445367166,FALSE,NA
501408,0.205798157872888,0.0331465111532277,FALSE,NA
330544,0.03780976162974,1.51563668495098,TRUE,NA
659818,0.274655057943803,0.657434580412632,TRUE,NA
531278,0.00219138043427654,1.50593388519573e-06,FALSE,NA
344,NA,NA,NA,"Error in rep(1, N): invalid 'times' argument
"
853873,0.000665078123965453,0.0619020775349735,TRUE,NA
342714,0.00344028612225025,0.000455307949274751,FALSE,NA
349317,0.00618279175751005,0.215409280064085,TRUE,NA
730141,1.77554238665257e-06,0.00128749373244863,TRUE,NA
649766,0.127459939661442,4.57423115148715,TRUE,NA
22734,0.0820359854250693,0.0372465798886583,FALSE,NA
854384,0.00158667244177087,0.0408250191975276,TRUE,NA
15256,0.0150395817241687,0.0732070201604975,TRUE,NA
711351,0.297968149965278,0.0174565872428458,FALSE,NA
646733,0.00566653839516001,0.0568262093591285,TRUE,NA
784533,0.000577784457824561,0.000184302700934484,FALSE,NA
224692,6.47293132533599e-07,0.183292127541991,TRUE,NA
907362,NA,NA,NA,"Error in rep(1, N): invalid 'times' argument
"
562786,0.0462080108517645,0.787582318366458,TRUE,NA
523261,4.92291273206941e-08,0.00432960235318207,TRUE,NA
848310,0.0126507835781821,0.00101463651312469,FALSE,NA
367751,0.0156795199989071,5.5538514918352,TRUE,NA
682202,0.0363756286978388,1.41296043048676,TRUE,NA
987762,0.0410502077896736,0.00480997357842188,FALSE,NA
377640,0.00993539801906599,0.038409625584283,TRUE,NA
723144,0.0501108613242093,8.62080015474496e-05,FALSE,NA
941148,NA,NA,NA,"Error in rep(1, N): invalid 'times' argument
"
435349,0.00189094041722501,1.33586927940149,TRUE,NA
112192,0.466973213755154,1.08603426488922,TRUE,NA
286531,0.00411057792200428,6.52118349333298e-05,FALSE,NA
885886,0.0182746248129904,1.80592265419342,TRUE,NA
925990,0.000214952117805558,3.5884233488883e-06,FALSE,NA
757063,0.0764390878495809,0.224376649625929,TRUE,NA
106561,1.62176496315424,0.00212590754013127,FALSE,NA
513168,0.00403153985884862,0.00976662907902248,TRUE,NA
522702,1.80902344781564e-05,0.410502275707728,TRUE,NA
700362,2.32501383378355e-05,0.0322569080868275,TRUE,NA
943707,0.00243902323950989,0.429037786818073,TRUE,NA
602063,0.000119928358831572,0.705584216381368,TRUE,NA
315758,4.24335624206522e-05,0.0197462825188784,TRUE,NA
44307,0.00870351324357769,7.06731847769219e-05,FALSE,NA
821942,NA,NA,NA,"Error in rep(1, N): invalid 'times' argument
"
274114,7.79999187458708e-05,0.0369272333201335,TRUE,NA
579938,0.561535105169781,1.0131980164565,TRUE,NA
281366,0.00279900792771649,0.197057806716099,TRUE,NA
278149,0.0372823273706007,1.90452982727264,TRUE,NA
416502,1.18388881833576e-06,0.0118906919692264,TRUE,NA
488207,0.141954600660826,0.0832343321528613,FALSE,NA
232907,0.000742659812644556,0.107152152241182,TRUE,NA
809605,1.24932353647956e-05,0.0236785289456665,TRUE,NA
331589,0.00219730052797277,0.203828891856696,TRUE,NA
28303,0.0113496356942179,1.84757459063866,TRUE,NA
364963,0.000216477733233628,0.372940695581594,TRUE,NA
761143,1.47214238057835,0.332877589255003,FALSE,NA
598979,0.0169726358195068,0.00138437615330849,FALSE,NA
724931,0.00474398472584822,0.573870345898323,TRUE,NA
686298,NA,NA,NA,"Error in rep(1, N): invalid 'times' argument
"
826328,0.124726119183868,0.718191887126117,TRUE,NA
246332,0.000924261509481972,0.0024322087708918,TRUE,NA
131093,2.92813702504496e-06,0.499282575292226,TRUE,NA
678092,1.05609265014782,0.408700019806369,FALSE,NA
636392,0.097354671225832,7.75732250059517e-06,FALSE,NA
954378,0.0310151885602267,0.000504172255839263,FALSE,NA
595708,1.17480605360036e-05,0.0108704232373702,TRUE,NA
219533,0.00081774356811781,0.225962272297174,TRUE,NA
730437,0.471448861756936,0.561841561692257,TRUE,NA
775188,0.000650195267424476,0.513189231597301,TRUE,NA
780533,0.0618720528872672,0.346388813570821,TRUE,NA
278012,2.9417385480501e-05,0.00478634939238688,TRUE,NA
395779,0.00157557395757369,0.0465294600975128,TRUE,NA
891499,0.440563604868875,0.0713022146399474,FALSE,NA
617507,NA,NA,NA,"Error in glmnet(x, y, weights = weights, offset = offset, lambda = lambda, : x should be a matrix with 2 or more columns
"
612192,6.88224015793948e-06,0.00102129130157218,TRUE,NA
727780,0.163355497327986,0.270785252117492,TRUE,NA
197234,0.179041553878458,0.32449334210073,TRUE,NA
168253,NA,NA,NA,"Error in rep(1, N): invalid 'times' argument
"
474625,2.70889628150255e-06,4.62996041386695,TRUE,NA
816819,1.45606071312939,0.171607450647786,FALSE,NA
221975,0.0410605412940206,0.737902464793994,TRUE,NA
834676,NA,NA,NA,"Error in rep(1, N): invalid 'times' argument
"
708564,0.0297939136365427,0.720480414378095,TRUE,NA
821438,NA,NA,NA,"Error in rep(1, N): invalid 'times' argument
"
892879,0.0305430437045716,0.00182305678804894,FALSE,NA
49700,0.000157044383494059,0.000727209024644273,TRUE,NA
976605,0.000924850303904341,0.510775463841203,TRUE,NA
230939,0.000151632705188201,0.0245118847325325,TRUE,NA
721208,0.00114403103375613,0.00228312093318556,TRUE,NA
384928,0.000130992565117013,0.099747819540254,TRUE,NA
340414,0.0186492559688553,0.00101133033622045,FALSE,NA
972990,0.232340195372188,0.994132234976803,TRUE,NA
488071,0.292192735169565,0.706036611212146,TRUE,NA
629605,0.104092030121984,0.23424833670472,TRUE,NA
798016,0.00748218483554317,0.190569954825643,TRUE,NA
702222,4.73899592612922e-06,0.485423570467262,TRUE,NA
21414,NA,NA,NA,"Error in glmnet(x, y, weights = weights, offset = offset, lambda = lambda, : x should be a matrix with 2 or more columns
"
73313,0.0122533620651085,3.84104214900039,TRUE,NA
298769,0.00295206723025771,1.83256766123652,TRUE,NA
118576,3.55786893260277e-05,0.02044586121055,TRUE,NA
305093,0.0107132384995126,0.0184013413910136,TRUE,NA
649854,0.00281692533465734,1.23366196367471,TRUE,NA
833259,0.00460454884454797,0.0010514025317084,FALSE,NA
50786,0.00408938814248601,1.39167901045501,TRUE,NA
519469,0.00240300512607842,3.04036063331547,TRUE,NA
188289,0.00172832966174726,0.0320006894185617,TRUE,NA
826222,8.68291294637511e-05,0.00041324768696833,TRUE,NA
78635,0.206727073415348,0.304446680206941,TRUE,NA
747127,0.0590929881830242,0.0133215295597621,FALSE,NA
459265,0.00467765866421463,1.56743436096405e-05,FALSE,NA
389201,0.0288575032920152,0.138218967997308,TRUE,NA
375920,0.014251634392216,0.776588076228934,TRUE,NA
263907,0.000165666748611434,0.0590861452734573,TRUE,NA
521894,0.862996708733471,0.227284326736457,FALSE,NA
152742,0.0563828706942226,0.122665241315215,TRUE,NA
976028,0.0111614571247619,0.000973428161575936,FALSE,NA
772231,4.91101597477215e-06,1.92573087621675e-05,TRUE,NA
889094,0.173087934051209,0.00586525278611376,FALSE,NA
341185,0.000119332004819219,0.00115856619111918,TRUE,NA
743783,0.00725226066112267,0.000109771911498291,FALSE,NA
108155,NA,NA,NA,"Error in rep(1, N): invalid 'times' argument
"
87584,0.13440582812809,0.0106498828903802,FALSE,NA
817165,0.0093695223281402,0.0810389519310691,TRUE,NA
808773,NA,NA,NA,"Error in rep(1, N): invalid 'times' argument
"
165878,0.00133535572504225,0.0191585590463971,TRUE,NA
538656,0.000173298847603486,0.00109256055206941,TRUE,NA
781817,0.00347170199955683,0.00501677040091356,TRUE,NA
49296,0.0268624368890253,0.392975686878291,TRUE,NA
671479,0.0184503798977438,0.163846911059605,TRUE,NA
818427,0.000554465109105989,0.606513863507509,TRUE,NA
516202,0.001540045487837,0.0457618119497195,TRUE,NA
291086,0.0141097907932708,1.25266763366652,TRUE,NA
589143,0.016120585255347,7.03949331401329e-08,FALSE,NA
279816,0.0681946061473748,2.02862590232922,TRUE,NA
344456,0.102132669335131,0.409007757528689,TRUE,NA
27498,0.000105709573758302,1.73886070279165,TRUE,NA
431159,0.00146361327464471,1.26994321684399e-07,FALSE,NA
767845,0.000294720429524514,1.50933145310467e-06,FALSE,NA
173445,NA,NA,NA,"Error in rep(1, N): invalid 'times' argument
"
809386,0.0385620480294128,0.00240285951773565,FALSE,NA
501240,0.0647658152987287,0.920954633874507,TRUE,NA
357687,0.0478697352696637,0.126942241581361,TRUE,NA
533506,6.64738521087883e-06,9.46714902343965e-06,TRUE,NA
228937,0.00017765681247491,3.92119436833929e-06,FALSE,NA
568507,0.0187384267650453,3.66394390931917,TRUE,NA
642796,4.8485787051201e-05,1.29807439583306,TRUE,NA
154134,0.00614578219646744,0.0159996388292482,TRUE,NA
587597,0.000130794182951225,0.0119847071612194,TRUE,NA
397525,1.46569044854843e-06,0.00815720705833592,TRUE,NA
770572,0.0958159814480729,3.84859700218465e-06,FALSE,NA
598660,0.00169714713478445,0.00428432895054197,TRUE,NA
398436,0.240945183650791,0.0514377595201577,FALSE,NA
890020,0.000318632186258899,0.000222002947659368,FALSE,NA
201094,7.60346987270099e-06,0.0149746584036043,TRUE,NA
728096,7.26834790373912e-05,0.432149088556613,TRUE,NA
282084,0.145967605836156,8.80718553203502e-06,FALSE,NA
421694,0.000143600086971019,0.0696105579813563,TRUE,NA
40952,0.0920910206441372,0.0141763768879951,FALSE,NA
327252,0.00274985322898876,2.25030335261214,TRUE,NA
412425,0.164908287534109,0.653058841077891,TRUE,NA
511574,0.202050875472995,0.243057953929374,TRUE,NA
627793,3.78516508076693e-05,1.25878950270841,TRUE,NA
168707,0.126943820695667,0.00176766106841114,FALSE,NA
73639,0.0104256618505744,3.30084650097166,TRUE,NA
818820,0.00825543894608257,2.39525847004466e-05,FALSE,NA
477973,0.0129759164752178,1.61762453615649,TRUE,NA
613693,0.0390288152407135,0.000931065613955281,FALSE,NA
216845,0.186243997242052,4.89998423631882,TRUE,NA
516149,0.0190137487661255,0.000165897031644094,FALSE,NA
853554,0.00388713983415871,0.00336929690854692,FALSE,NA
519459,0.00642660885756813,6.65430774496214,TRUE,NA
13557,0.360635439177025,0.0275251365921494,FALSE,NA
408692,0.000373852544451433,3.34627988462446,TRUE,NA
952704,8.86602078205207e-05,0.0050925570750166,TRUE,NA
228289,0.00530896538062051,3.36232320402709,TRUE,NA
866026,0.00716448074467092,0.224806371016799,TRUE,NA
287803,0.000274623447725326,0.0153049326552237,TRUE,NA
136509,0.40100745000172,0.295083869846259,FALSE,NA
945012,0.003312393508847,1.01301996687064e-06,FALSE,NA
901045,0.21409230531065,0.0105277951622877,FALSE,NA
402466,7.16425556881092e-05,0.000624410309561289,TRUE,NA
619091,0.0427889306742046,0.00105820508321318,FALSE,NA
174538,0.00572230431275061,0.0640443470181253,TRUE,NA
258241,0.00590692116238178,3.65247208840158,TRUE,NA
377111,NA,NA,NA,"Error in rep(1, N): invalid 'times' argument
"
145521,1.30590448142429,1.96145189045414,TRUE,NA
275666,1.60969157906334e-06,0.680422024323781,TRUE,NA
951161,0.0934985915760593,6.85254910637066e-06,FALSE,NA
994608,NA,NA,NA,"Error in glmnet(x, y, weights = weights, offset = offset, lambda = lambda, : x should be a matrix with 2 or more columns
"
799360,0.451664963885117,0.202221479004867,FALSE,NA
332069,0.000275751707767255,0.549987422369092,TRUE,NA
95637,0.0161427366996577,0.597589600873148,TRUE,NA
353961,0.00112115724544278,8.4982305009517e-05,FALSE,NA
378119,0.218304093630403,0.141253370123726,FALSE,NA
663591,0.00605361833195526,0.000162875436819794,FALSE,NA
462078,0.000450217208709011,0.22269147623167,TRUE,NA
150128,0.157643417859793,0.102490647794431,FALSE,NA
752445,NA,NA,NA,"Error in rep(1, N): invalid 'times' argument
"
964970,0.0880380615282973,6.8979202266799,TRUE,NA
513388,0.00368518521816743,1.63314583848594e-05,FALSE,NA
303090,0.00329672987386811,0.00475580464292956,TRUE,NA
864887,8.64179819636225e-06,0.889194986098421,TRUE,NA
37207,0.00821720516719123,1.30928060323534,TRUE,NA
135158,0.0212817657844981,1.67969468414045,TRUE,NA
266013,0.000153933699615164,0.0855921485838156,TRUE,NA
144344,0.00131339629568218,0.162434573888008,TRUE,NA
450196,0.055869877176595,0.441146881846078,TRUE,NA
276917,0.0219264567893313,1.56093271453707,TRUE,NA
397310,0.32719674466318,0.0855758607207201,FALSE,NA
805179,0.000136070655773043,6.79290167635946e-05,FALSE,NA
797218,0.0347278824144828,0.000605350749343983,FALSE,NA
510821,NA,NA,NA,"Error in rep(1, N): invalid 'times' argument
"
226507,NA,NA,NA,"Error in glmnet(x, y, weights = weights, offset = offset, lambda = lambda, : x should be a matrix with 2 or more columns
"
840198,0.0636644663749316,0.462727368587093,TRUE,NA
586907,0.219964161896197,1.98413439246926e-05,FALSE,NA
333458,0.000858828196958656,2.1121126179373,TRUE,NA
840859,0.327693286394489,0.199714932228152,FALSE,NA
278999,0.00622454428739725,0.0263148248929666,TRUE,NA
751246,0.00060097196425449,1.0450402250587,TRUE,NA
419848,0.200062189247898,0.000117713549123271,FALSE,NA
43712,0.16443500463951,8.1648797114139,TRUE,NA
466300,0.0109807100012356,0.00251732492680172,FALSE,NA
392394,0.00174578105877837,0.074946967371637,TRUE,NA
812854,0.3271684540533,0.380862244595546,TRUE,NA
145752,0.00598237622574369,0.258141780991864,TRUE,NA
566160,0.0431135898500294,0.0251579099266012,FALSE,NA
383591,0.0140177434182741,1.04850445192175,TRUE,NA
811526,2.08537200607945e-05,0.00111572481388842,TRUE,NA
407158,0.023561355910209,2.0675265591291,TRUE,NA
275419,0.476985994674637,3.07865042123301,TRUE,NA
281026,0.00141455019776142,0.288405342184961,TRUE,NA
346645,0.0422472081828659,0.00838180695891193,FALSE,NA
827597,0.0071554947507411,0.00146207115115813,FALSE,NA
681872,0.000252816188896017,0.00321190721939458,TRUE,NA
727580,0.322266302747478,0.0687171814532392,FALSE,NA
724889,3.06277582977683e-06,8.89258860982538,TRUE,NA
270086,0.0165080430209206,1.58559901233933e-07,FALSE,NA
893245,0.0363918057322516,2.7166851649117,TRUE,NA
51370,2.75637390666622e-05,3.46656846401818,TRUE,NA
420235,3.39034580332431e-05,0.751825301122856,TRUE,NA
651954,2.36232444521048e-05,1.55409252392273,TRUE,NA
765218,6.38953262498979e-05,0.00243918910706941,TRUE,NA
876094,0.00957312315202592,0.464093547133569,TRUE,NA
254811,0.00367408804712882,1.98563531040375,TRUE,NA
424303,NA,NA,NA,"Error in rep(1, N): invalid 'times' argument
"
489599,0.748628264083475,0.0109357010828101,FALSE,NA
548061,0.000214759108132056,0.00704136714150172,TRUE,NA
124616,0.398225255142118,0.0987094596895172,FALSE,NA
827313,0.00727951458039925,0.0243869911523791,TRUE,NA
725054,0.0503064703211061,0.0129906021376194,FALSE,NA
418059,0.0598710992881056,0.011664697074412,FALSE,NA
444779,0.0150815764294429,3.69103368755268e-06,FALSE,NA
593727,0.0137163402142848,0.121184469270382,TRUE,NA
603767,0.0155381797455157,0.00337672843703182,FALSE,NA
786746,0.0938193748882353,1.93623686519576,TRUE,NA
834682,0.0021204793593956,0.00641525942524934,TRUE,NA
219490,4.62968799997064e-07,0.0428862688887655,TRUE,NA
918651,NA,NA,NA,"Error in glmnet(x, y, weights = weights, offset = offset, lambda = lambda, : x should be a matrix with 2 or more columns
"
791331,0.00438898532726577,0.00179013338277391,FALSE,NA
110776,0.081522884242875,0.00600862790227691,FALSE,NA
635192,0.0227105974110875,0.000875629563722722,FALSE,NA
561315,1.36353335814739e-07,0.0017770206783013,TRUE,NA
610453,0.00575962899451895,0.0141480437209004,TRUE,NA
208742,0.00652709254389484,0.43223706784691,TRUE,NA
502969,0.154481071602235,2.56955989266536,TRUE,NA
546342,0.000335404736818737,2.10303668530236,TRUE,NA
420661,0.0709986996299322,6.0064560579004e-06,FALSE,NA
68276,0.000224482119322678,1.87620640003009e-05,FALSE,NA
378321,0.012862409784235,0.472914314815048,TRUE,NA
539768,3.08817295782341e-05,0.226298769660409,TRUE,NA
171320,NA,NA,NA,"Error in glmnet(x, y, weights = weights, offset = offset, lambda = lambda, : x should be a matrix with 2 or more columns
"
137462,9.76259347507086e-07,0.000206655609153892,TRUE,NA
313026,0.0570161414267168,1.29982214272995,TRUE,NA
747785,0.00420274683944852,1.42311012762958,TRUE,NA
526442,NA,NA,NA,"Error in glmnet(x, y, weights = weights, offset = offset, lambda = lambda, : x should be a matrix with 2 or more columns
"
319953,0.00230578330840469,0.10101605852076,TRUE,NA
207145,0.00632525455889236,0.000342859670672354,FALSE,NA
473727,NA,NA,NA,"Error in glmnet(x, y, weights = weights, offset = offset, lambda = lambda, : x should be a matrix with 2 or more columns
"
381996,0.850735652149141,0.00213986106435173,FALSE,NA
905089,0.0180013241542376,0.00694000927369556,FALSE,NA
52580,NA,NA,NA,"Error in glmnet(x, y, weights = weights, offset = offset, lambda = lambda, : x should be a matrix with 2 or more columns
"
177659,0.638550168755649,4.68871871447545,TRUE,NA
617098,0.016979645999523,0.0185927910689018,TRUE,NA
454693,0.140913823199606,1.17309103483338,TRUE,NA
486374,4.35775131894333e-07,2.10395145971273e-09,FALSE,NA
464104,0.0158909778563642,0.439441152448705,TRUE,NA
211409,0.818901726952039,0.208801225379752,FALSE,NA
941819,4.3469363331377e-06,0.038283585940088,TRUE,NA
379835,0.00476205014239166,2.92529662607001,TRUE,NA
838962,0.0104407616203621,1.0672836904023,TRUE,NA
160467,0.204128409299197,0.00100789328161591,FALSE,NA
712850,NA,NA,NA,"Error in rep(1, N): invalid 'times' argument
"
614222,0.00218506343132323,0.204883242080687,TRUE,NA
551174,0.0025260941190587,0.713026405902198,TRUE,NA
189437,0.00369763845449941,1.92632096989587,TRUE,NA
686316,0.000844712689451205,1.81298951854614e-07,FALSE,NA
56442,0.0623066101386291,1.06415077611936,TRUE,NA
955067,0.000368797023325329,0.0671007468426302,TRUE,NA
63150,4.11441335997706e-05,0.0217102210873138,TRUE,NA
752055,0.0170727622314903,0.485047217887345,TRUE,NA
336258,1.77279188377318,2.87913877695919,TRUE,NA
486234,NA,NA,NA,"Error in rep(1, N): invalid 'times' argument
"
751491,0.0943075805805589,0.0187615472744414,FALSE,NA
876418,0.000238154660679761,8.15098371034753e-07,FALSE,NA
623978,0.0959118893783546,0.00763522939772946,FALSE,NA
662645,0.124104626381653,0.341838248413019,TRUE,NA
320837,0.0031930243819831,0.0158447844634595,TRUE,NA
658649,0.0239387320476837,5.08860354146274,TRUE,NA
447232,0.0459682230649711,0.00379070720753298,FALSE,NA
332065,0.00268084772771685,0.0268884766833488,TRUE,NA
951825,0.0013895098570948,0.0266465509800999,TRUE,NA
970598,0.106109199752575,0.047148622728336,FALSE,NA
430946,0.00112170915236704,0.0306958703142977,TRUE,NA
594605,0.000113253144771931,0.863070198799317,TRUE,NA
326647,0.00392345978358369,2.36353190164358,TRUE,NA
521286,0.0939699682824472,0.375492456373211,TRUE,NA
281571,2.69747466652499e-05,2.79730795005168,TRUE,NA
92332,0.128639627373667,1.43961656265594e-05,FALSE,NA
778522,0.0575353883600701,1.4221166244904,TRUE,NA
229140,0.0184650936378909,1.21546878560992e-05,FALSE,NA
535686,0.702874983826386,0.243158223932076,FALSE,NA
889046,1.24841831195816e-06,3.14678183077471,TRUE,NA
637883,NA,NA,NA,"Error in rep(1, N): invalid 'times' argument
"
692263,0.000563256058303928,0.0601364457057017,TRUE,NA
367982,0.0682547036957979,0.0995454414727663,TRUE,NA
762935,0.00185726489874621,2.0159985574726e-05,FALSE,NA
739630,6.75614784668626e-05,0.0133113657180453,TRUE,NA
910481,0.0982415478033406,0.0406542490588532,FALSE,NA
869882,4.55776874277033e-05,0.285654366512722,TRUE,NA
352324,0.309040045283109,3.66268199048815,TRUE,NA
812393,2.6815208170565e-05,0.107218261205252,TRUE,NA
475583,0.0256410824405891,0.113735501571222,TRUE,NA
712114,0.147152265793286,0.574071760725469,TRUE,NA
741428,0.0203132231550709,0.301419719415922,TRUE,NA
629419,0.00266598323271706,1.99404467623542,TRUE,NA
749533,3.20289236013406e-06,0.00103581187587037,TRUE,NA
394155,0.030694869307331,0.591393283669936,TRUE,NA
886138,0.00114124388162225,0.724485949234046,TRUE,NA
15909,0.126180671815329,0.26391905947842,TRUE,NA
486670,1.05637609776361e-10,0.00620077240629283,TRUE,NA
391553,0.00479621333941227,0.547626589268502,TRUE,NA
276832,0.00563948667140769,0.00051568813194035,FALSE,NA
575835,0.0254183870790186,0.581599296739636,TRUE,NA
264848,2.27195938586004e-05,2.53216919529791e-08,FALSE,NA
229385,0.00353558183786618,4.58584012974499,TRUE,NA
157499,1.61370136839164e-07,0.632577274878393,TRUE,NA
435087,1.89644431549568e-06,5.66918247288317e-09,FALSE,NA
513086,NA,NA,NA,"Error in rep(1, N): invalid 'times' argument
"
821682,0.157470631694207,7.81457612153044e-05,FALSE,NA
442120,0.202891091812253,0.191075856385849,FALSE,NA
861966,0.0148999485525577,3.0408079589373e-06,FALSE,NA
896296,0.228465953654536,0.0467975580435529,FALSE,NA
493204,0.344437893791536,4.29207206908629e-05,FALSE,NA
641481,6.8980080170953e-05,0.0199847542487817,TRUE,NA
227778,0.0364029539239017,0.123828471726591,TRUE,NA
479414,0.844048957143455,0.157017002965809,FALSE,NA
172923,0.00137121003650562,0.382321289403245,TRUE,NA
288799,0.109149190659003,0.182459643870455,TRUE,NA
15915,0.330037876400924,1.62482321585921e-07,FALSE,NA
535601,1.09577951805147,0.586653457758487,FALSE,NA
868234,0.00635714103808539,4.85969567378647,TRUE,NA
923430,0.119854446021532,0.906172459106553,TRUE,NA
535513,0.0651447522921726,0.00119435364399252,FALSE,NA
659258,0.0351094313582005,0.0776177864237126,TRUE,NA
307852,0.00127822997385161,0.000494215845804036,FALSE,NA
530397,0.137461274567525,0.0141192559052906,FALSE,NA
878751,9.06577506640913e-05,0.000115622539288617,TRUE,NA
169775,1.40258558730501e-05,0.519951315814454,TRUE,NA
521583,0.00165121803921012,0.00740926613070731,TRUE,NA
994371,2.66003254150393e-06,0.0361179525786949,TRUE,NA
352592,0.0150184888909977,0.486665334028012,TRUE,NA
959190,NA,NA,NA,"Error in glmnet(x, y, weights = weights, offset = offset, lambda = lambda, : x should be a matrix with 2 or more columns
"
339113,0.000335301798337865,0.848068386830269,TRUE,NA
438745,NA,NA,NA,"Error in rep(1, N): invalid 'times' argument
"
186293,0.000549699759710635,3.32513362613563,TRUE,NA
175362,6.79627739661966e-07,6.88043700837671,TRUE,NA
199840,0.00648220438288628,0.00101734169556943,FALSE,NA
662625,0.27218393210691,0.282033498063298,TRUE,NA
686041,0.0235467343244957,0.627248746028831,TRUE,NA
274469,0.00146909857768097,0.0450631698153336,TRUE,NA
386168,3.61649880048028e-05,0.174265491693672,TRUE,NA
95327,2.42287746463218e-07,0.161438898939055,TRUE,NA
986564,0.0688269547112543,0.348236058008769,TRUE,NA
292476,0.00651104369741224,0.00280474498576521,FALSE,NA
511788,0.00580219707888869,0.000377820402042656,FALSE,NA
518427,0.0855797733998426,2.25652612328513,TRUE,NA
912121,5.25675034431655,8.13178444086617e-05,FALSE,NA
693531,0.00031102237092489,0.00845213276244497,TRUE,NA
911979,0.193481856470213,0.0460465017947483,FALSE,NA
849440,0.0139946432747316,0.11285608293598,TRUE,NA
563258,3.47486137388827e-05,1.94695773403992,TRUE,NA
718355,5.11873299954931e-05,0.200296409684213,TRUE,NA
18794,NA,NA,NA,"Error in glmnet(x, y, weights = weights, offset = offset, lambda = lambda, : x should be a matrix with 2 or more columns
"
469538,0.358913258104073,1.33136741113182,TRUE,NA
290530,3.13053094373411e-05,0.0165687517707814,TRUE,NA
355832,0.0325808502495073,0.000204754323254515,FALSE,NA
467628,0.0534897070212308,0.436682509812775,TRUE,NA
372378,0.00814720183946508,0.0311387892624186,TRUE,NA
40516,0.105504043109441,0.0119339170103739,FALSE,NA
120586,0.0930001963297623,0.794468266565052,TRUE,NA
158320,0.0579393986073544,5.13441261687781,TRUE,NA
716295,0.00138623364916103,0.0250633248343481,TRUE,NA
59685,0.0104808315303733,0.00310850348962393,FALSE,NA
400995,0.000531341436044068,0.000785864029365448,TRUE,NA
967352,0.00200666268032657,1.69088607343492,TRUE,NA
749936,1.33496126793631e-05,0.0134330692026459,TRUE,NA
339199,0.00136791121004935,5.67309720825023,TRUE,NA
169633,0.106245011327926,0.00871726459876787,FALSE,NA
696411,0.00962376942324158,0.0296158281499067,TRUE,NA
29528,2.59293720257366,0.00468220132564775,FALSE,NA
65796,0.0130251487276682,0.0293034572573974,TRUE,NA
10482,0.237273681471818,0.0491435305502923,FALSE,NA
546265,1.82444625303937e-06,2.26736327173027,TRUE,NA
472357,0.00918449425158734,0.0343839417588002,TRUE,NA
798594,0.000129669055015512,3.6514086659336e-07,FALSE,NA
195810,0.00246309857498012,0.751745857887542,TRUE,NA
392151,0.00256839831275345,2.02748952693892e-05,FALSE,NA
375595,0.00845036697446665,0.445315691900939,TRUE,NA
314829,3.02799479405242e-06,0.00933122417901987,TRUE,NA
78993,0.00160443468475154,0.569821328179331,TRUE,NA
583166,0.000230892850220961,0.00206186584025545,TRUE,NA
824830,0.000555923591165918,0.00504332875662485,TRUE,NA
741154,0.270516506614735,0.292076764261429,TRUE,NA
971838,0.0186467716771679,0.103012683121803,TRUE,NA
659264,2.70251567001939e-08,0.600428019637817,TRUE,NA
350817,0.0350804275008269,6.97944781474497,TRUE,NA
490229,0.844343270965679,1.67449061013507,TRUE,NA
482558,0.00702982894678109,3.14762091889334,TRUE,NA
21239,0.000388158293984794,0.00193587385947019,TRUE,NA
604193,0.0010777449467703,5.07346192995992,TRUE,NA
86447,0.00254481818506853,3.93099649176301,TRUE,NA
531701,3.44288497914589e-07,1.1109943954623e-06,TRUE,NA
873895,NA,NA,NA,"Error in glmnet(x, y, weights = weights, offset = offset, lambda = lambda, : x should be a matrix with 2 or more columns
"
521336,0.0352359941257844,0.315929555668459,TRUE,NA
604903,0.00161131859439383,0.0600652443959674,TRUE,NA
446080,0.19703806566564,0.005951675880066,FALSE,NA
320893,0.00386025600436092,0.000884498025334735,FALSE,NA
627332,0.0605040764121254,4.39786098430068,TRUE,NA
398127,0.0293273756395007,6.79839465946394,TRUE,NA
289568,1.31260913854191e-06,0.000183548572495715,TRUE,NA
561461,NA,NA,NA,"Error in glmnet(x, y, weights = weights, offset = offset, lambda = lambda, : x should be a matrix with 2 or more columns
"
19867,0.0178484417065634,0.279949690018491,TRUE,NA
701773,3.10234372904591e-05,4.96471026124679e-06,FALSE,NA
518774,0.000589346217779711,5.42249978326524,TRUE,NA
656476,0.0150018848056076,0.0101885193273689,FALSE,NA
223050,0.00115788342790995,0.0433396486747158,TRUE,NA
195329,0.0248434410258502,1.76152118143878,TRUE,NA
449430,0.0466610663134011,5.62668508733341,TRUE,NA
531491,0.050155321856795,0.0055223328303959,FALSE,NA
312256,0.00220902776733363,2.6983165561042,TRUE,NA
705233,0.00414900452406987,0.0250179338819421,TRUE,NA
237076,0.00509362980419734,0.0138716426261523,TRUE,NA
18225,0.00299141536655998,0.0697713220091345,TRUE,NA
745802,0.0332975254329905,0.0838469512740088,TRUE,NA
123069,0.0132845388833346,0.606730273968492,TRUE,NA
315213,NA,NA,NA,"Error in rep(1, N): invalid 'times' argument
"
611959,0.000321882411761922,5.16042286526625,TRUE,NA
570738,1.13550071616792,0.00652734614488246,FALSE,NA
152057,9.56234075606597e-05,0.000832118630353142,TRUE,NA
210304,0.00647231545628501,3.16297826390376,TRUE,NA
97913,0.00229860081124728,0.092044474739065,TRUE,NA
902035,0.00512786256036599,0.00756531947893419,TRUE,NA
332973,0.207035049097614,0.302186550548018,TRUE,NA
382946,0.0766172889394549,0.196271983610393,TRUE,NA
485300,5.39450680927733e-05,0.230809522589288,TRUE,NA
429150,0.00208432468269779,0.262604849727473,TRUE,NA
359851,0.00905585899199631,0.0436862620337998,TRUE,NA
471720,0.00280602311896321,0.0310328306147744,TRUE,NA
867541,0.0089439926834611,2.94430908072221,TRUE,NA
234334,0.105169718963495,0.004321138118988,FALSE,NA
799572,0.0568043182708662,0.00166687223700988,FALSE,NA
938031,0.000850102742309338,0.00172153686482769,TRUE,NA
948729,1.95737726219111e-09,4.1113839224145,TRUE,NA
699095,0.0534973896988585,0.0996100700126793,TRUE,NA
733822,0.124242959552471,0.0100205886855544,FALSE,NA
15429,0.00642679432299414,0.133366364397514,TRUE,NA
420019,0.000567199120286368,0.00423865049894551,TRUE,NA
378922,NA,NA,NA,"Error in rep(1, N): invalid 'times' argument
"
204925,4.29019058381164e-07,1.82842368280635e-06,TRUE,NA
362492,0.0115336941554621,1.02423273771352,TRUE,NA
898663,0.00123443422297794,7.14294420701742e-07,FALSE,NA
185892,0.0127299552387747,1.13915755719002,TRUE,NA
181133,0.00687866971249675,5.95124405264875,TRUE,NA
74721,0.000516767841516961,0.0601448764398824,TRUE,NA
766866,0.106047842127822,1.48397261164802,TRUE,NA
200216,0.0146426616584184,0.205470469696943,TRUE,NA
501268,0.000847502936201186,0.000814771236197146,FALSE,NA
969342,0.0554489507842598,0.0731730932897908,TRUE,NA
728087,1.34939584744553e-06,5.54987653970067,TRUE,NA
932827,0.123746251446362,0.00229812097457849,FALSE,NA
518928,0.149087282414881,0.615923634558195,TRUE,NA
574414,0.162858353532295,0.00165787659464129,FALSE,NA
370705,0.00160259331584787,0.104576143094612,TRUE,NA
573088,0.00265119318682415,1.95860967684941,TRUE,NA
852914,0.00443572896083485,0.000412848188404481,FALSE,NA
682901,0.000205200806148858,0.000948329229933439,TRUE,NA
604090,0.00253817672517346,0.870886233144151,TRUE,NA
40805,0.26459952957888,0.000835679875813034,FALSE,NA
960134,5.61845237241916e-08,5.31931788677315,TRUE,NA
500912,0.00536108031180972,0.185804989780135,TRUE,NA
910660,0.00108906862621007,0.0124889893620479,TRUE,NA
158793,0.568690596112552,0.20972589410647,FALSE,NA
795091,0.0391518943514904,0.0254361752020511,FALSE,NA
90485,4.62863842593239e-05,2.21048921603137,TRUE,NA
596408,3.81976702381011e-05,1.63729546817422e-08,FALSE,NA
209786,0.000198569241996979,0.00069424331662417,TRUE,NA
104454,1.9700087702808e-05,2.44020470526537e-10,FALSE,NA
757246,0.0183583376501844,5.35195035581519e-05,FALSE,NA
637509,0.000701771149506834,7.00195870300913,TRUE,NA
573663,0.000756608848352526,0.000393457710928207,FALSE,NA
548979,0.0249073610888925,0.00581977931149337,FALSE,NA
929186,0.00296336474320785,3.49394282860427,TRUE,NA
254090,0.261741381969052,0.00798270207535809,FALSE,NA
394917,0.300678772638797,1.33897682817623,TRUE,NA
955459,0.00294267032953077,8.05907594164391,TRUE,NA
513733,0.00032398543493124,0.645400051343192,TRUE,NA
192318,0.365979739247094,0.0175784272380221,FALSE,NA
326009,1.17529822652399e-05,4.51036099759864e-08,FALSE,NA
21891,0.150946552349827,4.81200765770311e-07,FALSE,NA
464925,0.0473741854706015,0.0467252700915255,FALSE,NA
694823,0.0117375030060583,0.0225164728124673,TRUE,NA
548329,8.57501133169658e-05,0.0169772854334763,TRUE,NA
576078,1.23634359074749e-05,0.0585027832993159,TRUE,NA
252316,0.218889167278696,0.00339854226034619,FALSE,NA
192798,0.100030872616297,0.00120087347388594,FALSE,NA
54584,0.203256761535638,0.000395193281071566,FALSE,NA
496560,7.10174723737195e-07,0.00164662269148931,TRUE,NA
486211,0.302817496195613,0.0889230405430958,FALSE,NA
195922,NA,NA,NA,"Error in rep(1, N): invalid 'times' argument
"
598652,0.00020826014885312,4.14611369229236,TRUE,NA
610534,0.000776596006539529,0.000702186671332784,FALSE,NA
607661,0.00211372379410897,0.00363957559297542,TRUE,NA
957572,0.00931503259410843,0.00617132698328577,FALSE,NA
448510,NA,NA,NA,"Error in glmnet(x, y, weights = weights, offset = offset, lambda = lambda, : x should be a matrix with 2 or more columns
"
876183,NA,NA,NA,"Error in glmnet(x, y, weights = weights, offset = offset, lambda = lambda, : x should be a matrix with 2 or more columns
"
462319,2.17413904857571e-05,1.02592754946295,TRUE,NA
699064,0.0405875441286884,0.00289297719986358,FALSE,NA
80606,0.0176187808928992,1.0110000487064,TRUE,NA
790795,0.00102481193579298,5.89838662813591,TRUE,NA
340722,0.0069399678903473,6.15645883892913e-05,FALSE,NA
128533,0.000180033878710568,2.55222935214938,TRUE,NA
379575,0.0031976208121,2.98620851186667,TRUE,NA
217520,0.00084175423325818,0.0246121258546283,TRUE,NA
64087,0.0216949553304815,0.0521098397962811,TRUE,NA
663832,0.338517212665989,0.0156118156390969,FALSE,NA
992899,0.366594134295165,2.84613123060578e-06,FALSE,NA
862304,0.419123084043182,0.0111442413276144,FALSE,NA
9395,0.0138891059936847,0.0103072627086204,FALSE,NA
275545,0.00158857620518491,1.52452605300466,TRUE,NA
655396,0.00381279123171839,4.46743089794354,TRUE,NA
84205,0.0243652602509053,3.66353539286859e-05,FALSE,NA
594929,0.00826832620583556,0.0127937716564452,TRUE,NA
435965,0.00216592199634353,0.0262538520949419,TRUE,NA
152324,0.178680694792315,0.480711624539234,TRUE,NA
997982,0.0770053697819122,0.136616988446087,TRUE,NA
996852,0.00277088397992221,0.354121215672507,TRUE,NA
586886,0.0127855560872201,0.0662948756078884,TRUE,NA
638580,0.10222433590412,0.385248009965302,TRUE,NA
482689,0.0265318534439251,0.0419631554207322,TRUE,NA
317244,0.113477679087865,0.212431001667874,TRUE,NA
361553,0.200784323415193,0.181445882013344,FALSE,NA
968516,0.00327453428156953,0.0232673177746408,TRUE,NA
812302,0.00938248704726833,3.56218649116944,TRUE,NA
625804,NA,NA,NA,"Error in rep(1, N): invalid 'times' argument
"
936595,2.79056494280658,0.0102126491743015,FALSE,NA
351420,0.000424958926898656,6.12615705407041e-06,FALSE,NA
466600,0.417842605096934,3.50954770280151,TRUE,NA
909743,0.000256782371422524,0.00129523545414172,TRUE,NA
719747,NA,NA,NA,"Error in glmnet(x, y, weights = weights, offset = offset, lambda = lambda, : x should be a matrix with 2 or more columns
"
65122,0.121957241797483,0.592480902821336,TRUE,NA
929647,0.112612523497794,1.23224489777683e-05,FALSE,NA
395662,0.000587013274197161,5.83728031043395,TRUE,NA
710145,NA,NA,NA,"Error in rep(1, N): invalid 'times' argument
"
846485,0.48882883949007,0.516285599573399,TRUE,NA
32475,0.000249065628035415,2.51366155919003e-05,FALSE,NA
100413,0.0727709599952601,0.643374737524316,TRUE,NA
9623,NA,NA,NA,"Error in glmnet(x, y, weights = weights, offset = offset, lambda = lambda, : x should be a matrix with 2 or more columns
"
471608,0.880977654189308,0.111517795275635,FALSE,NA
23244,0.0582635928179978,3.51777012293595e-06,FALSE,NA
369438,2.65004562700567,4.95720070646703,TRUE,NA
730859,0.006002402318612,0.207497353088963,TRUE,NA
514363,0.244805367757762,0.000251750312904733,FALSE,NA
784272,0.244173289796439,3.88452265534329,TRUE,NA
668106,0.0905331473838836,0.0497418081885774,FALSE,NA
788541,NA,NA,NA,"Error in glmnet(x, y, weights = weights, offset = offset, lambda = lambda, : x should be a matrix with 2 or more columns
"
858146,0.0132905981626414,0.0314542978488427,TRUE,NA
639014,0.000378071973222101,0.00168756598500193,TRUE,NA
537585,0.410607200644111,0.0089120908444449,FALSE,NA
909159,6.06036200712995e-08,0.00155042216997277,TRUE,NA
344577,0.122582124708001,0.131273383761859,TRUE,NA
672045,0.255118801432263,0.00469160617580087,FALSE,NA
351498,0.00607167716539977,0.00100196547984722,FALSE,NA
542306,0.000796334300533547,4.58278399361284,TRUE,NA
249254,9.37555449695879e-05,0.13632198561887,TRUE,NA
586341,0.000377747049132113,2.62950956371578,TRUE,NA
717563,8.88985374777462e-07,0.322773745649125,TRUE,NA
480939,7.13107529488184e-06,0.293921303862313,TRUE,NA
771716,8.27244793329436e-07,0.264316901071099,TRUE,NA
769421,0.0137016381890153,0.0925591750482945,TRUE,NA
911063,0.0132905719234059,7.99462308085531,TRUE,NA
103124,0.0393598410065325,0.0547002525144032,TRUE,NA
484126,0.000287456515050092,0.0192764991921682,TRUE,NA
93371,0.0082638506603594,0.0135024979467071,TRUE,NA
267339,0.370794313767645,5.42077602874087e-06,FALSE,NA
174208,0.0097115877251523,0.0205786381611726,TRUE,NA
753257,0.00220260123355801,2.40392155292687,TRUE,NA
768956,0.00872530157880407,0.0617801951999748,TRUE,NA
664200,0.267981233598956,0.00606947342628263,FALSE,NA
140059,0.147342833622816,0.0159070609631896,FALSE,NA
665638,NA,NA,NA,"Error in glmnet(x, y, weights = weights, offset = offset, lambda = lambda, : x should be a matrix with 2 or more columns
"
475270,0.00514534208170263,0.00123656125650068,FALSE,NA
116121,0.00251761078486172,0.00369554459371717,TRUE,NA
270197,0.0900669828623238,0.661735452958409,TRUE,NA
486205,NA,NA,NA,"Error in glmnet(x, y, weights = weights, offset = offset, lambda = lambda, : x should be a matrix with 2 or more columns
"
804194,0.0010078535823018,0.311399773528938,TRUE,NA
843080,2.69279399047747e-06,0.0172948496343666,TRUE,NA
133083,1.77330774408461,2.34858975665098,TRUE,NA
59241,1.18037880944472e-05,5.99029697757421,TRUE,NA
967857,0.982282990339788,0.121617896953864,FALSE,NA
473351,0.000156623153320541,0.00917589511900446,TRUE,NA
799547,2.43303715039566e-06,0.0740993556589716,TRUE,NA
882129,0.537471895869337,0.0908638630743629,FALSE,NA
138480,0.000878049777881266,0.00306196173388794,TRUE,NA
100462,0.269977739070219,0.154901836999815,FALSE,NA
383327,0.0013531367894604,3.39103374645712,TRUE,NA
176402,0.0025300081297059,0.12203630328932,TRUE,NA
877225,0.204052405813894,0.00154473926568701,FALSE,NA
753335,0.047987393006298,0.11586743757835,TRUE,NA
563334,0.0205899535574859,0.00792743872763771,FALSE,NA
984047,NA,NA,NA,"Error in glmnet(x, y, weights = weights, offset = offset, lambda = lambda, : x should be a matrix with 2 or more columns
"
178964,0.143078562901247,3.87892861837754,TRUE,NA
716230,0.0165142237223227,1.81820637816959,TRUE,NA
329634,0.141272275160691,0.000334898683552155,FALSE,NA
913929,7.86945133609811e-05,0.0642647270184026,TRUE,NA
127057,0.115801985072993,0.00595838865222736,FALSE,NA
760589,0.00131897129392117,1.69006684280061,TRUE,NA
82278,1.83490817030926e-05,0.00335526712538902,TRUE,NA
657580,0.0055955930937779,0.000215804501557735,FALSE,NA
345531,1.41344713412192,0.338099981872242,FALSE,NA
753858,0.000232371121468607,2.91616010457493,TRUE,NA
196952,NA,NA,NA,"Error in rep(1, N): invalid 'times' argument
"
829760,0.00138708428972516,0.0162534057876161,TRUE,NA
895032,0.0859987903921178,0.00536277095241902,FALSE,NA
35814,0.000683979307218421,0.00126207015908245,TRUE,NA
786686,0.0143530509470673,4.17675522084324e-05,FALSE,NA
524966,0.0049000004197029,1.50922485167228,TRUE,NA
178430,0.0653325516993409,0.0147445120548117,FALSE,NA
14895,0.121791424589423,4.04145288702216,TRUE,NA
831303,0.0325075343303732,5.69371067626003e-07,FALSE,NA
421253,0.0117976158274994,0.00824837253832206,FALSE,NA
248653,0.487744389103011,0.0478003306636242,FALSE,NA
982825,0.123280038074206,4.18288490513937e-06,FALSE,NA
427465,0.138565468970045,2.21801359970224e-05,FALSE,NA
954000,0.000276266615769541,0.00050831324647786,TRUE,NA
309013,0.00178325104672161,0.038486482967117,TRUE,NA
268531,8.12200658085863e-06,4.45630029737151,TRUE,NA
656815,0.0119576718048858,0.0210488527248656,TRUE,NA
50183,0.677584024870067,0.769224085646684,TRUE,NA
960170,NA,NA,NA,"Error in glmnet(x, y, weights = weights, offset = offset, lambda = lambda, : x should be a matrix with 2 or more columns
"
476655,0.000202516617693925,0.154829591088974,TRUE,NA
680356,0.177218680539935,0.109006500114257,FALSE,NA
128129,0.0955312951266756,0.000129475288680355,FALSE,NA
320956,1.1962618213882,0.000439970039244495,FALSE,NA
840410,0.00172646540236725,0.166812054897851,TRUE,NA
382434,0.0536822837358226,5.40893808102528,TRUE,NA
636454,0.0879433891934613,0.237293622840186,TRUE,NA
5373,0.157973949251526,1.32950900155617,TRUE,NA
635921,1.49070935040006e-06,0.00842066302635728,TRUE,NA
228620,0.202053628332756,0.126310268176968,FALSE,NA
195528,0.301227214146789,0.0953221002886946,FALSE,NA
696349,0.0327674956773283,4.31932554715999e-05,FALSE,NA
840232,NA,NA,NA,"Error in glmnet(x, y, weights = weights, offset = offset, lambda = lambda, : x should be a matrix with 2 or more columns
"
62128,0.000195457501575325,0.000683859139022289,TRUE,NA
735158,0.00113352748197674,0.0689219640669412,TRUE,NA
366437,0.000175701725980187,2.15248990140206,TRUE,NA
248242,0.175329057376897,1.97036133098683,TRUE,NA
285029,NA,NA,NA,"Error in rep(1, N): invalid 'times' argument
"
346465,0.000944264878216416,0.00213122205500784,TRUE,NA
594611,NA,NA,NA,"Error in rep(1, N): invalid 'times' argument
"
384657,0.194477824959426,1.7670391043935e-05,FALSE,NA
662842,0.0387078661472799,0.0500352522701829,TRUE,NA
315393,0.00552055918608485,0.000475299553140102,FALSE,NA
348734,0.0217222092356612,0.454021849344458,TRUE,NA
448387,0.000979574238803994,0.00300627398753763,TRUE,NA
958899,0.396749781417107,0.764340740540005,TRUE,NA
821243,0.112291225128422,0.00311494011651145,FALSE,NA
532111,0.202948284877307,4.91537866477012,TRUE,NA
357145,0.0300391980939147,0.262102506583517,TRUE,NA
794123,0.0111381240217441,1.79779962242597,TRUE,NA
767961,0.0327370581011722,8.24202262334965e-10,FALSE,NA
827150,0.0711070820886909,0.0152352276536757,FALSE,NA
702684,0.1978617500541,2.78050632821122e-06,FALSE,NA
751494,0.000682705164041017,2.27793225987614,TRUE,NA
842687,0.00125233816260432,0.250295457879576,TRUE,NA
6769,0.061296600217958,1.2093638353845e-06,FALSE,NA
177390,0.602805060933706,1.14417513743555,TRUE,NA
47467,0.00235049858532748,0.255348109129292,TRUE,NA
466471,0.073138266943309,0.000663950590490205,FALSE,NA
536969,0.000442034816576002,0.0107459520300116,TRUE,NA
304893,NA,NA,NA,"Error in rep(1, N): invalid 'times' argument
"
466168,4.35274293128459e-06,5.07039253210687,TRUE,NA
798774,0.000163426413034294,0.390937025598801,TRUE,NA
707881,0.00729191346167816,2.09218997900978e-09,FALSE,NA
727831,8.6797210402155e-05,2.91532000109099,TRUE,NA
577882,0.0228055487956061,1.59815459516257,TRUE,NA
278691,0.0211311215076602,0.044649211913219,TRUE,NA
674239,0.0917021319591457,0.000564644421246883,FALSE,NA
141250,0.0102730564079625,0.183509112087551,TRUE,NA
417694,0.00286561348587545,2.90691557818213,TRUE,NA
682567,1.16690164078678,0.0195157303663139,FALSE,NA
234443,9.30707329803221e-06,0.0440864782806592,TRUE,NA
216476,1.24614365177158e-05,0.569331122952685,TRUE,NA
159099,0.00712506391505525,0.00308803802360876,FALSE,NA
14547,1.31479866000139,0.0734484435158448,FALSE,NA
995171,0.656192114524739,0.000212224849070921,FALSE,NA
508143,0.0655395398706084,6.25869647240788,TRUE,NA
923335,2.82737928183456e-07,1.66456850296973,TRUE,NA
555545,0.000182372449574514,0.00365960160145846,TRUE,NA
265861,0.0222302622317333,0.00843175340217282,FALSE,NA
543900,0.0049252478238601,0.122543272493727,TRUE,NA
541078,0.24169127006276,0.034190379367972,FALSE,NA
60971,0.00686071197586934,0.43594409314296,TRUE,NA
74916,0.000397773254101135,5.87760660789017e-07,FALSE,NA
943982,0.15124905529998,1.14034895061859,TRUE,NA
541443,0.842363353764875,9.2210594757939e-10,FALSE,NA
575117,8.7763899446645e-08,2.90722997014921,TRUE,NA
822442,0.000436653890330572,0.00767384030027184,TRUE,NA
203322,0.227928457139784,0.00891030103664923,FALSE,NA
113985,0.353797652209433,4.89332289902814,TRUE,NA
117657,NA,NA,NA,"Error in rep(1, N): invalid 'times' argument
"
954743,0.373001374997615,0.000435941009752678,FALSE,NA
697548,0.633508110993132,0.00534434015292019,FALSE,NA
958201,0.0132494875495176,7.22011071829001e-05,FALSE,NA
131027,0.0013424113960346,0.00105412914459627,FALSE,NA
579813,0.107194130414029,0.131687412317411,TRUE,NA
421416,0.102814323163186,1.07657345840253e-08,FALSE,NA
618283,0.051059598682238,1.19127593032238,TRUE,NA
796,0.481045130743289,0.0352378718234767,FALSE,NA
445456,0.000627205548274931,1.41358606597039e-07,FALSE,NA
755624,0.0292051471889119,0.761081952055992,TRUE,NA
833821,4.78528518420236e-05,0.021722762416892,TRUE,NA
400601,0.000756072880715369,0.000285988770874145,FALSE,NA
531945,0.151670809949131,0.00119460136961245,FALSE,NA
115995,0.00457756867750158,0.0202538531573152,TRUE,NA
746682,0.0180436217601946,0.115447083704783,TRUE,NA
276042,0.0089633103537101,0.638455788038268,TRUE,NA
672821,0.000429897324709411,0.0164549441752046,TRUE,NA
319053,0.00168913407056281,0.790181037103893,TRUE,NA
188306,0.00454217151136282,8.67424195096641e-07,FALSE,NA
709612,0.0739624765034594,0.003727507395461,FALSE,NA
921824,0.0448112447232889,0.0350114045125706,FALSE,NA
433706,0.129961863995877,0.0384876709540012,FALSE,NA
885788,0.17503300088854,0.00413293925752295,FALSE,NA
53849,0.0709842044357223,0.297490818138757,TRUE,NA
843318,0.00819937140479183,0.0197573255521661,TRUE,NA
709301,9.20728439206207e-06,1.2386814429985,TRUE,NA
996317,2.07247393142645e-06,0.0025663168932106,TRUE,NA
124983,0.0149961708785737,8.85900364129654e-05,FALSE,NA
220165,5.62524379197258e-06,0.000371430284564119,TRUE,NA
261552,0.00468629993455866,0.0115954335232044,TRUE,NA
403712,0.00349554024972648,0.00554729028086244,TRUE,NA
699862,0.0227486866894567,4.05969949256653,TRUE,NA
574582,0.240311235057873,0.715053302084467,TRUE,NA
297590,0.00141497593852908,0.339979785300183,TRUE,NA
140607,0.00197908761375282,0.00161089899045515,FALSE,NA
420584,0.0186463891493473,4.41193205372818,TRUE,NA
962606,NA,NA,NA,"Error in glmnet(x, y, weights = weights, offset = offset, lambda = lambda, : x should be a matrix with 2 or more columns
"
902712,0.0140414863581769,0.0630450778826358,TRUE,NA
290991,0.357084987670491,1.72626782488068,TRUE,NA
199904,0.00865664740935766,0.78013251113629,TRUE,NA
916529,0.202513052267188,0.0146972406775701,FALSE,NA
362009,4.88117848063388e-08,1.86874069503221,TRUE,NA
646663,0.00174940055901129,0.828830115955603,TRUE,NA
701353,0.00091170956472148,0.359251481346603,TRUE,NA
369836,0.26701206321326,0.999572996766836,TRUE,NA
17337,0.0077142143480612,0.031504941888104,TRUE,NA
507791,0.0611351152760213,0.0632165240487793,TRUE,NA
386056,7.21335474224494e-05,0.13085187125466,TRUE,NA
671465,0.0139611663681333,0.0255725340196391,TRUE,NA
506366,0.00830976660786852,0.0077122859029527,FALSE,NA
832551,0.13047846692738,0.124216854536634,FALSE,NA
803710,0.0670710885177185,0.608212911444416,TRUE,NA
501784,7.63841709732566e-07,5.58646055807645,TRUE,NA
725608,8.86641852317137e-06,4.72243986200625,TRUE,NA
394525,0.0236220223113908,0.00735894816226831,FALSE,NA
278111,0.0318716377642581,0.20861162633782,TRUE,NA
940223,0.115656716698436,5.23143330345558,TRUE,NA
161178,0.0638150947192671,0.447021215295506,TRUE,NA
141821,NA,NA,NA,"Error in rep(1, N): invalid 'times' argument
"
201293,0.12864500613457,4.73206092877412,TRUE,NA
729893,0.000278686406265193,0.00483810264169297,TRUE,NA
187624,0.543313701104415,0.0241211005028354,FALSE,NA
968530,NA,NA,NA,"Error in rep(1, N): invalid 'times' argument
"
2786,0.422861456103365,1.97966237901213,TRUE,NA
453570,0.00841657552361347,0.00941044515678076,TRUE,NA
563580,0.00132024495656885,0.00258909997334486,TRUE,NA
397145,0.0127946735295591,4.35973514982626,TRUE,NA
614141,0.000573885058358458,0.0269656349033659,TRUE,NA
361888,0.0145484029744903,2.06546971660904e-08,FALSE,NA
263996,0.00711640528263678,0.000291728614806847,FALSE,NA
963927,7.20899174139211e-08,4.74693807558978,TRUE,NA
203756,0.0221411392751118,3.25079713991162e-08,FALSE,NA
600465,0.741303657724385,0.00735766656858476,FALSE,NA
980597,0.00340554368942226,0.0181802265014904,TRUE,NA
265937,4.82935271673589e-05,3.23455121392186,TRUE,NA
580659,0.000171198377552535,0.000329917497224897,TRUE,NA
628363,0.000138185282336624,0.000101066369108306,FALSE,NA
201283,NA,NA,NA,"Error in glmnet(x, y, weights = weights, offset = offset, lambda = lambda, : x should be a matrix with 2 or more columns
"
935918,0.00147858315468323,0.0048228108389493,TRUE,NA
840795,0.000501057774299763,0.067237813578155,TRUE,NA
941925,3.70526748982796e-07,0.195598705007975,TRUE,NA
71543,0.00449438798963073,2.68873276775102e-05,FALSE,NA
493206,0.154951445917458,0.0420227520450123,FALSE,NA
974429,NA,NA,NA,"Error in glmnet(x, y, weights = weights, offset = offset, lambda = lambda, : x should be a matrix with 2 or more columns
"
842668,6.56337848329936e-06,0.00054252673030641,TRUE,NA
656885,0.0263120912113198,0.00391239557854456,FALSE,NA
869453,NA,NA,NA,"Error in rep(1, N): invalid 'times' argument
"
214549,0.0521706515142808,0.289880248880436,TRUE,NA
202113,0.00783393550622165,0.387710179881738,TRUE,NA
113885,0.836950361915486,0.00907712065101248,FALSE,NA
719527,0.016632395206985,0.000959499772158182,FALSE,NA
831072,0.104008347753917,0.00675136337012817,FALSE,NA
259462,0.240845802575931,2.07189410461836e-05,FALSE,NA
948305,0.0832735507965002,0.704067293311015,TRUE,NA
420252,0.000310771474129802,0.0099567410876895,TRUE,NA
871750,0.096957143869019,7.05457093678432e-05,FALSE,NA
434151,0.0205027427746658,5.11633937521616,TRUE,NA
15416,0.0657956018636416,3.08813262768868,TRUE,NA
691794,1.94495481566687e-05,0.00160171360933411,TRUE,NA
674464,0.415135743252924,0.20311273239443,FALSE,NA
822008,0.0401906962727478,0.000338068450478955,FALSE,NA
787853,0.00658373989130267,3.3650030576233e-05,FALSE,NA
876724,0.00116816371300397,0.000466813264032495,FALSE,NA
738477,0.00240677524143159,0.076877853385337,TRUE,NA
1011,1.68060141492245e-07,0.000265900404506796,TRUE,NA
942439,0.347305961101863,0.00243029663094164,FALSE,NA
308141,0.0419589690658441,0.0109832130532604,FALSE,NA
936818,0.000812141326002644,2.53120078984651,TRUE,NA
394428,1.538169591709e-11,0.00327217677294089,TRUE,NA
750334,0.115575748563508,0.278326221049703,TRUE,NA
105045,0.00823218804321223,1.18389666050573,TRUE,NA
974839,0.0401425071876434,2.43937204849743,TRUE,NA
563448,0.793432879385583,0.0951495453362569,FALSE,NA
992731,9.94383113622739e-05,0.457039437466791,TRUE,NA
432798,0.000971142465143493,4.17944714902691,TRUE,NA
867069,0.1231662227062,0.0337945371683558,FALSE,NA
227595,0.0143814672319308,0.000188449462207995,FALSE,NA
947443,NA,NA,NA,"Error in glmnet(x, y, weights = weights, offset = offset, lambda = lambda, : x should be a matrix with 2 or more columns
"
334355,0.00300819529257723,0.476274144243562,TRUE,NA
6632,0.786920938187056,0.374594919437962,FALSE,NA
96756,0.00487809836485277,0.000320376061990496,FALSE,NA
174996,0.162135316255354,0.0311728427635136,FALSE,NA
173293,0.000432749452334741,0.00104442978378548,TRUE,NA
369389,0.0778453247323163,0.0159175338135001,FALSE,NA
235477,0.00456393077021948,0.00252482194425978,FALSE,NA
473568,0.0782373881909992,1.05358493085257,TRUE,NA
919639,0.123845907300587,0.484874527541198,TRUE,NA
525789,0.10618419672241,1.1949891006659,TRUE,NA
310162,0.01684688633412,0.00157683058722529,FALSE,NA
664179,0.393167508206071,0.722950271835654,TRUE,NA
582781,NA,NA,NA,"Error in rep(1, N): invalid 'times' argument
"
660389,2.2910917912416e-05,1.37967183684583,TRUE,NA
507298,0.023769291920136,0.00368596118985177,FALSE,NA
460992,0.000590601547048665,0.000815970792995751,TRUE,NA
232505,0.0118934495398286,0.674932908489357,TRUE,NA
89844,1.06047588644511,5.61425442351805,TRUE,NA
220513,0.00219788140559623,4.65884078097204,TRUE,NA
68384,NA,NA,NA,"Error in glmnet(x, y, weights = weights, offset = offset, lambda = lambda, : x should be a matrix with 2 or more columns
"
998597,0.125549855659627,0.124728878553595,FALSE,NA
821688,0.166956177759325,2.35009509346959e-05,FALSE,NA
834331,0.0693049396069468,7.71273733535532e-08,FALSE,NA
281447,1.52502637114402e-05,1.27849937371057,TRUE,NA
862605,0.000123479737776436,0.000478180944322853,TRUE,NA
666605,0.00313186322904837,0.0857131117489101,TRUE,NA
23668,0.00294728806208832,0.630375087080062,TRUE,NA
46515,0.120515783308033,0.00921169135999577,FALSE,NA
533557,0.00460379570498712,0.263611029661599,TRUE,NA
99988,3.1587617731322e-06,2.38481010292101,TRUE,NA
417634,0.382573762482282,0.168406407111982,FALSE,NA
295130,0.828289924002418,0.0661331938543977,FALSE,NA
117652,0.566458856661825,3.10305808362529e-05,FALSE,NA
254823,NA,NA,NA,"Error in glmnet(x, y, weights = weights, offset = offset, lambda = lambda, : x should be a matrix with 2 or more columns
"
257027,0.0278153101030322,0.166983581112394,TRUE,NA
911966,0.0246308594824424,0.299269387221114,TRUE,NA
754755,0.0760640568010805,0.0460945369344456,FALSE,NA
231486,0.000248525823714675,7.13878333141424e-05,FALSE,NA
804451,0.042401157945999,0.111539685097644,TRUE,NA
825761,0.0105976481975472,0.319777701094601,TRUE,NA
366967,0.0392051576260937,0.0369879933876153,FALSE,NA
277941,0.020808329901354,6.96682301623103,TRUE,NA
401037,0.0135563445033066,0.282619963521459,TRUE,NA
176911,0.0096176857069591,0.0719642760042465,TRUE,NA
31464,0.0300395605769191,0.00521612022246037,FALSE,NA
539522,0.00239663624048092,0.416329615476089,TRUE,NA
181789,0.0134773388209531,0.18591474426819,TRUE,NA
195353,0.000130544470463807,1.96304713469838,TRUE,NA
269397,2.48984879938155,1.78350602091383,FALSE,NA
271299,0.0062845476173692,1.00605780986387,TRUE,NA
174590,NA,NA,NA,"Error in glmnet(x, y, weights = weights, offset = offset, lambda = lambda, : x should be a matrix with 2 or more columns
"
282826,0.00917233527509602,7.2959647579015e-06,FALSE,NA
772073,0.0190877960632552,0.749015312237627,TRUE,NA
447471,0.0493139728134285,0.0231350605713015,FALSE,NA
662155,0.0011088011630061,0.536393833526022,TRUE,NA
476860,1.32839297064246e-06,2.88380515424243,TRUE,NA
289921,0.00411874811685569,0.0676306977072359,TRUE,NA
183596,0.000271404377654844,0.902310544698274,TRUE,NA
923218,0.000407797033337614,0.738323154285754,TRUE,NA
316179,0.0336155463310934,0.265925260741028,TRUE,NA
838349,0.0115306582790242,0.317063656975995,TRUE,NA
714503,0.0702527576001279,0.136681365835481,TRUE,NA
622577,0.00327631456752985,0.157862414549543,TRUE,NA
791570,0.0145145049703683,0.00455921998763269,FALSE,NA
334260,0.000262022323851198,0.0541376314644252,TRUE,NA
495765,0.0596796489764283,0.0695502600960956,TRUE,NA
58724,0.444360885511282,3.42690291984512e-06,FALSE,NA
256182,0.385143597726967,6.55115620725536,TRUE,NA
904231,0.000202660717649415,0.000941059821492144,TRUE,NA
664669,0.0130632810813883,7.21256519789979e-05,FALSE,NA
463154,0.0866257088976605,0.0592692669678983,FALSE,NA
440185,2.06176448595837e-05,1.26249543254827,TRUE,NA
718044,0.00375329025046931,0.00143959895488635,FALSE,NA
875361,0.00821810805509501,0.00014574102485645,FALSE,NA
588743,1.36478970496451,1.19967666490582,FALSE,NA
390745,5.07757922698455e-05,5.85468229239749,TRUE,NA
980377,0.0848649280885969,0.00780139608072925,FALSE,NA
800545,0.0488770861682541,0.186062236719428,TRUE,NA
325632,0.936954021910395,1.90594911911032,TRUE,NA
649634,0.0236892862420605,0.0523055700596286,TRUE,NA
363184,0.000273871860809856,2.59569293321438e-05,FALSE,NA
401456,0.000489325731469113,0.000757533468412601,TRUE,NA
460889,0.0511036779945297,2.10421762593601,TRUE,NA
873412,0.0646058318733755,0.24722054239917,TRUE,NA
192924,0.000618176604311922,0.00307175348336582,TRUE,NA
514405,0.0794382947223946,0.405652519849701,TRUE,NA
473268,6.82598207021009e-05,1.8020524020293,TRUE,NA
800597,0.143592887667887,4.96035587687304,TRUE,NA
424901,0.13609948335616,2.34886252249273,TRUE,NA
659200,0.0303361318876963,2.38403171204857,TRUE,NA
406236,0.00013699944113708,0.0542987196406085,TRUE,NA
407033,0.103739605976544,0.00161347994879258,FALSE,NA
812016,0.0023446675329651,0.0110245783574373,TRUE,NA
298791,0.00631227860973995,0.0973583142704345,TRUE,NA
297260,0.0266991651371253,0.0140180912972061,FALSE,NA
971308,0.549665121993709,0.0676471058379217,FALSE,NA
25587,0.00692505079395232,0.00126656826407951,FALSE,NA
132766,7.7453469790095e-06,0.228163664242454,TRUE,NA
578121,0.0178087868341159,0.0745875695119982,TRUE,NA
861176,0.0151117538065005,4.52454489300646e-06,FALSE,NA
718050,0.00619361334984665,0.0312842308354282,TRUE,NA
182505,NA,NA,NA,"Error in glmnet(x, y, weights = weights, offset = offset, lambda = lambda, : x should be a matrix with 2 or more columns
"
320126,4.93755479643924e-05,0.00717697483688109,TRUE,NA
852486,0.00723082543222607,0.140196439135431,TRUE,NA
453612,0.00153502316213303,0.11985462499377,TRUE,NA
953691,2.07711838576851,0.0727611970374135,FALSE,NA
903729,0.214712519856,0.0601245942303974,FALSE,NA
614010,0.731384000353422,0.181031111635958,FALSE,NA
447341,0.00314326888716857,0.0453352156854862,TRUE,NA
633484,0.926161891127752,0.0200226445336765,FALSE,NA
493137,0.00395226841590087,0.293962149645093,TRUE,NA
183603,0.000307984326157124,0.203748639092244,TRUE,NA
430923,0.00503588460051642,0.0588395311720719,TRUE,NA
482112,NA,NA,NA,"Error in rep(1, N): invalid 'times' argument
"
658078,1.07662349892068,2.2510164908861,TRUE,NA
853714,0.0641283769241994,0.0516237131530373,FALSE,NA
78934,0.0730371278537337,0.0164543981595956,FALSE,NA
121989,5.18507073012522e-05,2.40268445831223e-05,FALSE,NA
697489,2.93517734428729e-08,1.25486441565469,TRUE,NA
738963,0.000133279698095465,0.236824835051794,TRUE,NA
628675,1.16172276595758,1.31309064523666,TRUE,NA
501809,0.000555786740950276,4.12671469890411e-05,FALSE,NA
651191,0.00784173073522582,0.170447799210473,TRUE,NA
70014,0.00153340646432262,0.12009063705789,TRUE,NA
886778,0.0064391840383273,3.22649935918403,TRUE,NA
65680,6.60577571630286e-06,2.72808356835289e-06,FALSE,NA
652321,0.277287311080085,3.93073396626623e-06,FALSE,NA
714300,0.0474946805705941,0.094004778674178,TRUE,NA
972792,0.0571382714289728,0.00116969112962936,FALSE,NA
250427,0.0199007537627888,0.0575737163464418,TRUE,NA
83662,0.00218791798983407,1.93696900472951,TRUE,NA
583720,0.000782722311374708,0.497538029103081,TRUE,NA
601470,0.0271267344769645,4.32421886901616,TRUE,NA
520150,0.665467309846318,4.07946360863157e-05,FALSE,NA
999612,0.0246449892369273,0.0482982486305279,TRUE,NA
475395,0.000725395884940841,1.14516056822768,TRUE,NA
321695,0.0406610564174058,2.25241174329299,TRUE,NA
968575,0.00750290448381709,0.000799597382959312,FALSE,NA
999608,0.000719526993326858,0.0535802648687596,TRUE,NA
43473,0.0191452665962326,0.337591292188892,TRUE,NA
714470,0.0594195546248214,0.0010693474415869,FALSE,NA
624737,0.0126325173878819,0.0222183595226388,TRUE,NA
749112,NA,NA,NA,"Error in glmnet(x, y, weights = weights, offset = offset, lambda = lambda, : x should be a matrix with 2 or more columns
"
440322,0.211334988720331,1.43549695766034,TRUE,NA
901773,0.174067839267407,1.2121041888817e-05,FALSE,NA
894543,0.000130102680116947,3.20842641254371,TRUE,NA
292991,0.0142635637851753,5.40218448654233,TRUE,NA
594028,0.398103218569371,0.00372680912563331,FALSE,NA
220900,0.00620914420410996,4.90534956617605,TRUE,NA
880265,0.0476981340754346,5.61485400006156,TRUE,NA
77417,0.0780001535742092,1.88229464867504,TRUE,NA
171043,3.6522567147146e-05,1.3341915871435,TRUE,NA
219117,0.00646894145164013,0.0370413621721651,TRUE,NA
462418,0.00250645531581413,0.612065590079494,TRUE,NA
176468,0.717175588630359,1.06627504958503,TRUE,NA
375798,4.0909600741322e-05,0.761707657343383,TRUE,NA
365394,0.189491203310755,0.103019096280589,FALSE,NA
893218,0.629207682816282,1.08444006908973,TRUE,NA
70022,0.236167147652605,0.56821200454135,TRUE,NA
968876,0.146161116179968,1.76898168194653,TRUE,NA
728255,NA,NA,NA,"Error in rep(1, N): invalid 'times' argument
"
322246,6.78339599636439e-07,0.00214982734915741,TRUE,NA
970702,0.266063455688301,0.00202731574008634,FALSE,NA
858435,4.33478692998433e-06,0.00252988782981157,TRUE,NA
760142,0.000689387373140985,0.341032627178025,TRUE,NA
136705,9.15485234503735e-06,0.00188312308879649,TRUE,NA
846995,0.00015059924004975,0.0559057526175495,TRUE,NA
995792,3.16266590816383e-06,2.15639053992942e-07,FALSE,NA
460696,0.00015197227561571,0.695141543807672,TRUE,NA
342341,0.495972070634024,0.00802306131613111,FALSE,NA
740762,0.000360185587306732,1.48780256655841,TRUE,NA
118560,0.00877998965402082,0.00118829984734466,FALSE,NA
66800,0.273051357303341,1.25371264156764e-08,FALSE,NA
119714,0.0561882448255005,4.12125909512644,TRUE,NA
522060,0.00135555904268001,0.0417268300531018,TRUE,NA
930029,8.6410443201033e-06,0.00764777679512557,TRUE,NA
568376,0.00159775573296546,0.283754755847352,TRUE,NA
475018,0.0119512023704195,0.00123507539901417,FALSE,NA
277667,0.0532608864518176,1.32606273454316e-06,FALSE,NA
380935,3.38342153688594e-07,0.0704508358655103,TRUE,NA
121904,0.000224303468067046,4.45122928107497e-07,FALSE,NA
962019,NA,NA,NA,"Error in glmnet(x, y, weights = weights, offset = offset, lambda = lambda, : x should be a matrix with 2 or more columns
"
321211,0.000113563419237673,0.00039556085324693,TRUE,NA
440500,0.00487635465935999,0.0633588010920593,TRUE,NA
831336,0.000308806924342823,3.19758770601517,TRUE,NA
802873,0.000857583529505007,6.33915682027984,TRUE,NA
134753,NA,NA,NA,"Error in glmnet(x, y, weights = weights, offset = offset, lambda = lambda, : x should be a matrix with 2 or more columns
"
949929,5.82717100778623e-06,1.76785407745748,TRUE,NA
775063,0.00779881235973261,6.10602232008243e-05,FALSE,NA
722690,0.0111391068606011,0.0142173835061847,TRUE,NA
458491,0.00387623603802283,3.35499308036667e-05,FALSE,NA
690946,2.63136812550814e-05,2.22878283648492,TRUE,NA
624030,0.0860113233406735,0.10970702384198,TRUE,NA
594424,0.179031276481504,1.64975321313216,TRUE,NA
301903,0.443492450193548,0.00698536023360658,FALSE,NA
674626,0.961808925020046,0.211157116663719,FALSE,NA
167262,0.101270744967796,0.462228211246236,TRUE,NA
499012,0.0311277627877221,0.0267830402791618,FALSE,NA
605451,0.321165164450235,0.199819414711096,FALSE,NA
710739,0.00595522620384471,1.01820210445833,TRUE,NA
602749,0.182671435892562,1.00415896144482,TRUE,NA
636387,9.95964606489862e-07,0.00826320825747707,TRUE,NA
591538,0.358107589566616,0.164114125007637,FALSE,NA
766637,0.0232157430891819,3.62653044035817e-05,FALSE,NA
378635,0.00149629279790375,8.17380576527981,TRUE,NA
62132,0.184396842900228,0.251316006889068,TRUE,NA
506390,NA,NA,NA,"Error in glmnet(x, y, weights = weights, offset = offset, lambda = lambda, : x should be a matrix with 2 or more columns
"
503561,0.0814455824555495,0.197415167162825,TRUE,NA
877093,0.490397273599098,0.229709802970808,FALSE,NA
838699,8.13211668749059e-05,0.218634725477905,TRUE,NA
951300,0.296236605512477,0.382692460400086,TRUE,NA
400779,0.13288296819941,0.00338346072667361,FALSE,NA
635167,6.91726675962677e-11,8.17691942155508e-06,TRUE,NA
145240,0.199720953841591,0.00420865694319296,FALSE,NA
187106,0.00311077935187127,0.369867598469145,TRUE,NA
681071,1.49893838706832e-05,0.00825886318990944,TRUE,NA
870189,0.000171874075769625,0.000717308893018857,TRUE,NA
387058,0.00489026343935735,0.00445669320754039,FALSE,NA
133921,1.6181666566882e-05,0.00570628833954204,TRUE,NA
617923,0.191592844066911,0.0109506895694333,FALSE,NA
343115,2.09968737387191,4.84330238062357e-05,FALSE,NA
407499,0.000343860018881552,0.0589830296957291,TRUE,NA
121723,0.236460203885762,0.0662803834170954,FALSE,NA
421848,1.32895802584624,0.228952719378073,FALSE,NA
335501,0.2700459324841,0.00353379705745951,FALSE,NA
339529,0.0026127962298191,0.000964006165714609,FALSE,NA
818871,0.636943046695026,0.00122860345759645,FALSE,NA
615612,0.164994688384977,0.00178606888543082,FALSE,NA
947119,0.0363531725065839,0.278755259628734,TRUE,NA
27055,0.039550885564204,0.00960996229473725,FALSE,NA
438235,2.79545185661607e-06,0.0180904046972158,TRUE,NA
447436,0.00133960305196403,0.00570244366758483,TRUE,NA
989900,0.0120143203415185,0.322153950027735,TRUE,NA
867822,1.62806230324184,0.00474192004560568,FALSE,NA
126870,0.000132775532115207,0.048248014008129,TRUE,NA
365698,1.65626575625962e-07,1.92457447727074,TRUE,NA
583644,5.15382012871125e-07,14.0350452293241,TRUE,NA
323087,0.0388506399247055,0.0058605510448429,FALSE,NA
399430,0.00154265200604756,5.28239222230174,TRUE,NA
823035,0.0996858480500078,0.00612371085606427,FALSE,NA
898839,2.09856482496871e-05,0.100357733854202,TRUE,NA
218843,0.0368465577979799,3.87916042175515,TRUE,NA
593468,0.105682601655122,2.19896169372516e-05,FALSE,NA
286976,NA,NA,NA,"Error in glmnet(x, y, weights = weights, offset = offset, lambda = lambda, : x should be a matrix with 2 or more columns
"
155187,0.000241207668476378,9.97044925264074e-05,FALSE,NA
239308,0.00084114946994358,0.0624144442671595,TRUE,NA
412365,0.0165901675269148,1.03094662105643,TRUE,NA
724410,0.0483756738160843,0.0915505076112572,TRUE,NA
488438,0.220685796209101,0.00525709463309143,FALSE,NA
185220,5.85253525783917e-06,0.00261582062027246,TRUE,NA
263974,0.00216462610889392,2.58645956589717,TRUE,NA
492569,0.000441513878939756,0.751855664364964,TRUE,NA
507818,0.0413231356297369,0.0158742649651032,FALSE,NA
976531,0.000670374440776238,0.143109821310329,TRUE,NA
599958,NA,NA,NA,"Error in glmnet(x, y, weights = weights, offset = offset, lambda = lambda, : x should be a matrix with 2 or more columns
"
164775,0.000668675341318238,0.000135723461921773,FALSE,NA
123817,0.0067866684354682,0.0120517415890583,TRUE,NA
70008,0.0120114437226305,0.0113411237967864,FALSE,NA
355459,0.00598465200207198,1.00227608342818,TRUE,NA
348353,0.0634623906134928,0.00154484130489313,FALSE,NA
622172,0.670421113339351,2.16324573318854,TRUE,NA
758036,0.000711965609159947,0.00268909660899753,TRUE,NA
826524,0.22476008556291,1.82469831840005,TRUE,NA
464573,NA,NA,NA,"Error in rep(1, N): invalid 'times' argument
"
674948,0.017125610787335,0.255508193874943,TRUE,NA
470461,1.17440401475586e-06,0.0210498900144935,TRUE,NA
693989,0.000243097124198822,0.0122857120470725,TRUE,NA
777468,0.00177211048297021,0.268034342630743,TRUE,NA
696470,9.49314777714647e-06,0.0361679533425324,TRUE,NA
315452,0.000304719559606259,0.00946900655833308,TRUE,NA
618499,1.58552660736113,1.69070702856857,TRUE,NA
49211,7.03691120643287e-06,0.000593402707508102,TRUE,NA
80172,0.000150897236204998,0.19646523114036,TRUE,NA
831519,0.544459669137709,0.0694397352130662,FALSE,NA
305295,NA,NA,NA,"Error in glmnet(x, y, weights = weights, offset = offset, lambda = lambda, : x should be a matrix with 2 or more columns
"
357193,0.38804922120868,2.17569566105185,TRUE,NA
161415,0.00189662515024152,0.573241032151176,TRUE,NA
918832,0.0157533480268137,0.0346421431510338,TRUE,NA
699956,0.00251029692826109,0.000186457853085452,FALSE,NA
867016,0.024788694456657,5.07696655510229,TRUE,NA
578762,0.00181111591096901,0.125170285288105,TRUE,NA
143954,6.33362386521536e-06,0.0380231452189137,TRUE,NA
274111,NA,NA,NA,"Error in rep(1, N): invalid 'times' argument
"
93575,0.000244978164133669,1.00312510216083,TRUE,NA
309387,0.0441146150169401,0.0283248401537522,FALSE,NA
383178,5.61402348408414e-09,0.0272478521857257,TRUE,NA
263196,0.0308921476740544,0.231462245120671,TRUE,NA
208005,0.0310543520400365,0.0318581431901737,TRUE,NA
873326,0.0884249914310327,0.431028828717206,TRUE,NA
869505,NA,NA,NA,"Error in rep(1, N): invalid 'times' argument
"
532048,1.25207378756538e-06,0.00945349801492956,TRUE,NA
140328,3.00720554900716,0.0333117181678164,FALSE,NA
287484,1.74367187357049e-11,0.817789124099,TRUE,NA
134243,0.387786173362249,6.90088334237319e-05,FALSE,NA
108505,2.4152621681193e-06,0.0027858533216397,TRUE,NA
28599,2.06533300789938e-06,0.000999737219063347,TRUE,NA
962159,0.0251929995793,0.0536877851857253,TRUE,NA
169661,0.00981302852511316,0.00154812716137849,FALSE,NA
37273,2.99518935754223e-05,0.0154338986840549,TRUE,NA
163479,0.000327897053867098,1.14560246215185,TRUE,NA
884192,6.5325671204811e-06,2.46646347294598e-06,FALSE,NA
406981,0.000186945406213707,0.00164645010665559,TRUE,NA
634564,0.0953631828545523,3.2322031675561,TRUE,NA
361111,1.63784552209664e-05,6.04958162711436e-05,TRUE,NA
594495,0.0597584562800038,1.99090391433681,TRUE,NA
819405,2.19517332224278,0.0402884898923,FALSE,NA
516962,NA,NA,NA,"Error in rep(1, N): invalid 'times' argument
"
785494,0.00463771713516487,0.202605671460102,TRUE,NA
597543,0.000131244603740976,0.000135353152545093,TRUE,NA
109662,8.48396091888325e-07,2.4710600647693,TRUE,NA
631384,1.90510327734957,0.000825955114494243,FALSE,NA
606554,0.107023235201957,1.39067586372791,TRUE,NA
396931,0.0146274853435107,0.00257377819199717,FALSE,NA
823231,0.0179025424127059,0.00021388393886502,FALSE,NA
269158,0.000424342903803898,7.02890676520591e-06,FALSE,NA
392261,0.00193412429112403,1.7247358804387e-06,FALSE,NA
840475,0.301509918259965,0.000920644465463756,FALSE,NA
377839,0.00234648471931012,0.00620781616604725,TRUE,NA
183406,0.0021882457322966,3.22265230822765,TRUE,NA
156684,NA,NA,NA,"Error in rep(1, N): invalid 'times' argument
"
473364,0.000258224419350022,1.1985186423377,TRUE,NA
683996,1.88335902721953,0.895041829780876,FALSE,NA
577804,0.29249645440692,2.62244782083016,TRUE,NA
379743,0.0256689698244374,0.00375202965221145,FALSE,NA
269540,NA,NA,NA,"Error in glmnet(x, y, weights = weights, offset = offset, lambda = lambda, : x should be a matrix with 2 or more columns
"
309794,0.00309936136094612,3.37263482126819e-05,FALSE,NA
828868,NA,NA,NA,"Error in glmnet(x, y, weights = weights, offset = offset, lambda = lambda, : x should be a matrix with 2 or more columns
"
228597,0.0583382882371006,0.121535483741547,TRUE,NA
876215,0.537738372323477,0.183332833425872,FALSE,NA
619249,0.00854800415530126,0.0376429684521843,TRUE,NA
174269,NA,NA,NA,"Error in rep(1, N): invalid 'times' argument
"
110634,0.00271344385366025,0.00432697027690178,TRUE,NA
688038,0.00570690942122724,0.000847969182768116,FALSE,NA
198940,0.0365196255627135,1.16775643423224e-07,FALSE,NA
941534,0.0255228407636212,5.81760518416332e-05,FALSE,NA
199408,0.000176579323751311,0.00852280702936963,TRUE,NA
602125,0.0778190902720646,0.032588715642273,FALSE,NA
267318,0.358164412942644,0.034037147641542,FALSE,NA
810350,0.000962026169948305,0.102267571525153,TRUE,NA
282610,0.000188451700283118,0.535609184708568,TRUE,NA
943655,NA,NA,NA,"Error in glmnet(x, y, weights = weights, offset = offset, lambda = lambda, : x should be a matrix with 2 or more columns
"
937031,0.254431987831018,0.0240223938780125,FALSE,NA
38708,0.00645284788491907,5.22295321263577,TRUE,NA
27398,0.00767354081311087,0.101478051754805,TRUE,NA
55674,0.0581713575821035,0.00106415068436327,FALSE,NA
529408,NA,NA,NA,"Error in glmnet(x, y, weights = weights, offset = offset, lambda = lambda, : x should be a matrix with 2 or more columns
"
847302,4.05221186174132e-05,3.87887970766161,TRUE,NA
868329,0.19639750758381,0.102826987144448,FALSE,NA
891675,0.146926471163237,0.51578349565998,TRUE,NA
173654,0.00284198656657107,0.274882299929393,TRUE,NA
322590,0.0590230895663426,8.72111857246067e-06,FALSE,NA
714874,0.00772825407205538,0.000134013857287173,FALSE,NA
816107,0.110200304811131,3.27930143885405,TRUE,NA
582819,0.0157975868885545,2.73095476548231,TRUE,NA
989806,8.52899895596037e-05,2.35837215555357,TRUE,NA
45976,0.103492841147208,0.258624543646007,TRUE,NA
179665,1.00604179462492e-05,4.21422986345688,TRUE,NA
962195,0.196399331529204,0.0341698280815981,FALSE,NA
328618,0.00160213827590189,0.574851403544888,TRUE,NA
144863,0.103741818655674,0.560566934647196,TRUE,NA
165654,NA,NA,NA,"Error in rep(1, N): invalid 'times' argument
"
98532,0.00746467429532648,0.00082490346159189,FALSE,NA
865474,0.322282058655852,0.355368439947487,TRUE,NA
229708,0.000878499946477871,2.980776631591,TRUE,NA
833057,0.139537747795865,0.277110366194031,TRUE,NA
364569,0.00147155143313648,0.41700449441421,TRUE,NA
433846,0.0161895100472851,0.644704058754532,TRUE,NA
810203,0.000819566506789217,0.00317904606141642,TRUE,NA
69515,0.00017878446032585,0.705612459664008,TRUE,NA
366714,0.00293872406831712,0.000103808903314089,FALSE,NA
949481,0.128585746107473,3.38870319861181,TRUE,NA
165004,0.00312356131492169,0.000180708760159494,FALSE,NA
897989,5.18549930349728,1.04641701894911,FALSE,NA
781548,0.0144053886448696,0.00146293118515907,FALSE,NA
226483,NA,NA,NA,"Error in glmnet(x, y, weights = weights, offset = offset, lambda = lambda, : x should be a matrix with 2 or more columns
"
216748,0.934583256583381,0.000402453360183897,FALSE,NA
725473,0.00244099969629652,0.0319609032036739,TRUE,NA
271018,0.471297171677586,0.00154116412914542,FALSE,NA
769824,0.465046870888477,0.160780362285157,FALSE,NA
557591,0.00658549636415818,0.0215814154144801,TRUE,NA
606312,0.0532533548698569,0.0239327858437109,FALSE,NA
481479,0.00566561388120514,0.301634921490271,TRUE,NA
706473,0.0200138273156482,2.80390782886964,TRUE,NA
354167,0.062482000997821,2.49898765703947,TRUE,NA
716740,0.618225611587288,0.0013202556543529,FALSE,NA
789601,0.00102885008125386,0.000376178324254427,FALSE,NA
419777,0.00283532468098632,0.952464149099541,TRUE,NA
731217,0.0483195790665776,1.59373760938183,TRUE,NA
491027,NA,NA,NA,"Error in glmnet(x, y, weights = weights, offset = offset, lambda = lambda, : x should be a matrix with 2 or more columns
"
621894,6.36356514939729e-05,0.674753566930594,TRUE,NA
75386,0.127070437328631,2.89477407775858,TRUE,NA
239395,0.0169214444338044,0.295378670737479,TRUE,NA
358866,0.246668187417153,0.0422664902102005,FALSE,NA
25746,0.00376296208887203,0.127370731445792,TRUE,NA
886505,1.19002496343536e-08,0.00771739756501642,TRUE,NA
489637,NA,NA,NA,"Error in rep(1, N): invalid 'times' argument
"
926535,4.47865594528879,0.0560647888870849,FALSE,NA
13832,7.99438004157028e-07,0.833633238161101,TRUE,NA
512757,0.00150263261647277,0.0140824681978215,TRUE,NA
238650,0.312394933697465,0.0412027730457631,FALSE,NA
349563,0.0660065163474607,2.90403142349542,TRUE,NA
250112,1.26903917150381,0.070091319287787,FALSE,NA
575673,0.00648420058702861,0.866371875516209,TRUE,NA
262775,0.00933797740042635,0.0626607936480657,TRUE,NA
194299,4.55421114511078e-05,0.00385690426073961,TRUE,NA
412159,0.0401701251954473,0.00321485016915504,FALSE,NA
312255,0.623933751463994,0.0122938806653128,FALSE,NA
51402,0.00142846060252317,0.000775829860782561,FALSE,NA
25675,0.147399898826756,0.0131185496891575,FALSE,NA
429243,9.69549327101017e-07,0.111541642913247,TRUE,NA
203997,0.0028852135846661,0.000605978653476124,FALSE,NA
592871,0.00075820372718879,0.00507550640935566,TRUE,NA
405305,0.136589521598645,0.498832108491805,TRUE,NA
267553,0.00745462141227634,3.74975170162578e-07,FALSE,NA
384362,9.78024597543635e-05,0.919996979424662,TRUE,NA
740464,1.34507029313434e-05,0.0935439039262115,TRUE,NA
120679,0.00522175215050059,0.00334382873532387,FALSE,NA
198849,0.00100139762869589,0.0982299771019873,TRUE,NA
967403,0.0668614504526653,4.49864160015076,TRUE,NA
713165,0.671755726263304,1.05015589121252e-06,FALSE,NA
717039,2.82067018688021e-05,0.00065258173920362,TRUE,NA
966043,NA,NA,NA,"Error in rep(1, N): invalid 'times' argument
"
397585,NA,NA,NA,"Error in glmnet(x, y, weights = weights, offset = offset, lambda = lambda, : x should be a matrix with 2 or more columns
"
160002,0.0152004903016974,0.00049610044219018,FALSE,NA
230425,0.0273890228280727,0.349841678898965,TRUE,NA
447366,0.00145311554102132,1.44228146391869,TRUE,NA
911747,0.0928765668471781,0.0400555349701111,FALSE,NA
109551,0.00081781451122388,0.0323726440256186,TRUE,NA
22701,0.118146385538743,0.392755837043413,TRUE,NA
769392,8.50644106527636e-05,0.205708890505677,TRUE,NA
152018,0.0697029741379123,1.63407318358146,TRUE,NA
895913,0.00012414062404187,2.53044599969927,TRUE,NA
343705,0.220652190729025,0.055939857681634,FALSE,NA
68549,3.31947084558074e-05,2.51889844571516e-05,FALSE,NA
42759,0.387706739606054,0.385609716869813,FALSE,NA
5333,0.172283211204504,0.0297390329549633,FALSE,NA
235023,0.000408022137615735,0.00040045568920589,FALSE,NA
286508,0.0378073999040536,0.137390052339841,TRUE,NA
208442,0.00658393885491266,0.103519718345475,TRUE,NA
587322,0.138156493842694,0.00768794058524088,FALSE,NA
663422,0.00186131945037264,0.0242566659530343,TRUE,NA
607740,0.00223505126055254,0.102089186556183,TRUE,NA
587900,NA,NA,NA,"Error in rep(1, N): invalid 'times' argument
"
519123,0.0811990523593232,0.593795885799919,TRUE,NA
358164,0.00364010178820008,0.231200784663433,TRUE,NA
889500,NA,NA,NA,"Error in glmnet(x, y, weights = weights, offset = offset, lambda = lambda, : x should be a matrix with 2 or more columns
"
244080,0.124666102434419,6.22156506932072,TRUE,NA
802976,0.138460776528839,7.43710178651767e-05,FALSE,NA
37695,2.51814902295153e-10,0.0216445122093635,TRUE,NA
73802,0.08361600554029,0.502230197339564,TRUE,NA
456620,0.0492735939370024,0.629669057569572,TRUE,NA
451952,0.429867703113824,0.119157218496263,FALSE,NA
676911,0.000900622614342386,0.647403482921288,TRUE,NA
682566,0.034857191145936,0.000137491819199111,FALSE,NA
605194,0.336231695510788,0.857341081632497,TRUE,NA
140044,0.000711191344497022,0.189269750881471,TRUE,NA
407309,0.176937892146698,1.12138605117155,TRUE,NA
668143,3.3207834455236e-05,0.0477956890030492,TRUE,NA
100752,0.518563091331856,2.26679643345055,TRUE,NA
808354,0.079275616784873,6.68653614973409,TRUE,NA
98304,0.259789273789393,0.000915926346665354,FALSE,NA
54154,0.000218537443619123,0.0868336926188716,TRUE,NA
948355,0.00560180038609051,0.00513403634363305,FALSE,NA
99660,0.0506065976366848,0.840336001314609,TRUE,NA
180012,0.00146834216317364,0.000116167688915888,FALSE,NA
443166,0.104657898167432,0.00577791073741296,FALSE,NA
486442,0.0057922619298624,6.26087421916432,TRUE,NA
182741,0.00201184386503382,0.00200890134725163,FALSE,NA
189962,0.0313541422429604,0.00097542047025339,FALSE,NA
337576,0.0815593762104526,0.000303131111368113,FALSE,NA
381482,0.0148627432487302,0.132475827103997,TRUE,NA
688051,2.09012847647055e-06,2.19341188749743,TRUE,NA
398809,0.0100730209369666,0.0201666498211237,TRUE,NA
118068,0.00592771345243036,0.000654632735379768,FALSE,NA
126908,0.287416183398936,3.87953995221602,TRUE,NA
911716,0.294276897173682,1.60611187465892e-06,FALSE,NA
725666,4.08044893034338e-05,0.000297918658152663,TRUE,NA
807162,9.85322982210356e-05,5.29765884756831,TRUE,NA
389945,1.21351924678372e-05,0.99694387980396,TRUE,NA
828572,0.676521155328907,0.0089863167730991,FALSE,NA
28982,0.0646629067278086,0.00760077656686522,FALSE,NA
318079,3.31400126629319e-05,2.12738548435958e-05,FALSE,NA
434824,0.740965017522578,0.116725277354058,FALSE,NA
465807,0.103709332425248,0.0306133938432478,FALSE,NA
701663,0.0262280034165246,2.38645717519493,TRUE,NA
46389,0.00047900804615412,0.000756159075934283,TRUE,NA
694542,0.0755495220801689,1.61356371997757,TRUE,NA
286099,0.029552902207757,0.000508564031822205,FALSE,NA
856237,0.0192311187782729,0.987468978724801,TRUE,NA
397778,1.37258017582208,0.270520756543774,FALSE,NA
559655,0.0168662748778003,0.00995589106221976,FALSE,NA
158310,NA,NA,NA,"Error in glmnet(x, y, weights = weights, offset = offset, lambda = lambda, : x should be a matrix with 2 or more columns
"
225835,3.89909280732041e-05,6.54912581404897,TRUE,NA
171114,4.04170932722565e-06,4.930356776061,TRUE,NA
157387,0.000113899812044873,0.0111203153100888,TRUE,NA
354995,0.246253699494514,0.135442272138037,FALSE,NA
917836,0.000196261650955652,0.00997127987220849,TRUE,NA
566099,0.000781203341897924,0.73649188321502,TRUE,NA
251131,0.62585508538786,0.0414003358441238,FALSE,NA
706999,7.51962224656711e-05,0.0477119826747028,TRUE,NA
513120,8.11402787022984e-05,3.883851664341e-06,FALSE,NA
453535,0.256717415505415,0.471370456539258,TRUE,NA
905195,9.62740998038585e-12,4.35392308039808,TRUE,NA
761284,4.06482980465764e-06,0.878520943593925,TRUE,NA
317028,NA,NA,NA,"Error in glmnet(x, y, weights = weights, offset = offset, lambda = lambda, : x should be a matrix with 2 or more columns
"
507061,0.26365989946106,0.273555039716958,TRUE,NA
828984,0.0359689869313989,0.0403172503243387,TRUE,NA
916609,0.00023875945632516,1.04278714438118e-07,FALSE,NA
592839,0.0406775121988928,0.0436571503248709,TRUE,NA
491391,0.00146234379323378,5.42512164454586,TRUE,NA
955814,0.0101507802152317,0.19443969042478,TRUE,NA
905486,0.000381892555265525,0.0168114036410372,TRUE,NA
5556,NA,NA,NA,"Error in glmnet(x, y, weights = weights, offset = offset, lambda = lambda, : x should be a matrix with 2 or more columns
"
159060,0.00280492816973172,0.0139331638681078,TRUE,NA
200881,0.366817412674567,2.54457822972672e-05,FALSE,NA
18027,1.11019157009712e-06,0.100975964661317,TRUE,NA
243416,0.000644867989693061,0.0215641048007625,TRUE,NA
218122,0.784748843826173,0.471648920925899,FALSE,NA
837323,3.16193165740209e-06,2.87591422223246,TRUE,NA
13910,0.00111017490293469,0.917096928556242,TRUE,NA
971050,0.102036894584153,0.00654173611863889,FALSE,NA
947154,0.0281459000216667,7.94387263511915,TRUE,NA
875416,0.00363642183625232,0.0866848485858875,TRUE,NA
227413,1.57572834761151e-05,2.71205858139169e-09,FALSE,NA
62144,0.00374645731262177,0.10352180520175,TRUE,NA
133507,0.0277919019912447,0.24573326756498,TRUE,NA
801413,0.00682844124363857,0.405577318935188,TRUE,NA
510069,0.0128797282434715,0.000497385444448988,FALSE,NA
448809,0.0500597100924777,0.299451798038835,TRUE,NA
52787,0.125994600270295,0.00150090008061372,FALSE,NA
824590,0.00319083424042901,0.00394141305777294,TRUE,NA
700151,NA,NA,NA,"Error in rep(1, N): invalid 'times' argument
"
40589,0.125963085419594,0.034091958506841,FALSE,NA
793256,0.348667280839261,0.00266897576302545,FALSE,NA
670038,0.0374160438851894,0.00154896388304542,FALSE,NA
63761,0.140977641610739,0.0208949817937404,FALSE,NA
117525,0.0666460333756112,1.22348736985096,TRUE,NA
616913,5.11983631436667e-07,0.00735682553374911,TRUE,NA
944419,0.0406128821670639,0.46800419957,TRUE,NA
285548,0.339420646137343,0.00751678960068708,FALSE,NA
998370,0.0245237247022739,0.0608943056215452,TRUE,NA
378969,0.000543837691978007,0.0456710410162398,TRUE,NA
67834,0.399435414490398,1.95139333566375,TRUE,NA
597948,0.112845538918811,2.31330954609962,TRUE,NA
620843,0.0153650159818867,1.52595733025467,TRUE,NA
637649,0.067697439356915,0.00407313403229968,FALSE,NA
668771,0.000273503813691605,0.000663354432411043,TRUE,NA
78546,0.0112080612279228,0.737304368301219,TRUE,NA
450192,9.2830657960505e-07,0.0636928987278585,TRUE,NA
675578,2.69373630365953e-08,0.0613117789861705,TRUE,NA
450439,0.000567845957337976,0.00121816079259804,TRUE,NA
13185,6.05951857064703e-08,0.00697984590650638,TRUE,NA
537935,0.13014755817115,3.53444694180325e-05,FALSE,NA
968154,0.173196579261648,0.0960309409856517,FALSE,NA
87534,2.41207800566886e-05,0.00520363824438888,TRUE,NA
394299,0.0554477533852577,0.00658668233609957,FALSE,NA
664228,0.0161467993151481,0.115087021307101,TRUE,NA
603309,4.20199436433358e-06,0.342082346549662,TRUE,NA
199108,0.0403932686332363,2.4823154660306e-06,FALSE,NA
558498,0.000630106620264725,3.19627714400752,TRUE,NA
676988,0.000161715308733344,2.1836351880389e-06,FALSE,NA
565877,0.246787655475885,0.215704620388702,FALSE,NA
42538,0.000963027082208517,1.46293307002706,TRUE,NA
663353,0.00150396904544834,0.550522209992761,TRUE,NA
70649,NA,NA,NA,"Error in rep(1, N): invalid 'times' argument
"
536076,0.00180971184259878,1.45116379729265e-05,FALSE,NA
221045,1.04688319056712e-05,0.00252026655360929,TRUE,NA
309212,0.255988377518834,0.523554408585658,TRUE,NA
134706,0.0604342010397322,0.000682747529911827,FALSE,NA
54203,0.0268314198776163,0.00122721974492083,FALSE,NA
140585,1.54201730727373e-07,2.33676396174472e-06,TRUE,NA
185826,0.0463765189548755,0.00337082456446411,FALSE,NA
444860,0.0667036931056362,1.26290629003916,TRUE,NA
156864,0.0202918212477715,1.0855300143565,TRUE,NA
266033,NA,NA,NA,"Error in rep(1, N): invalid 'times' argument
"
129110,0.0665511182016335,0.215417048720511,TRUE,NA
105457,0.106257926087264,0.0766140797989667,FALSE,NA
619450,0.0848302982336119,0.0965513294869331,TRUE,NA
776109,0.000460780974926204,0.000940755263609965,TRUE,NA
28459,1.47767691665737,0.554776911106524,FALSE,NA
127218,0.0070316518082741,0.101336691075392,TRUE,NA
963560,NA,NA,NA,"Error in rep(1, N): invalid 'times' argument
"
621764,0.0516246621267769,0.119729182525846,TRUE,NA
987292,0.00513992410992442,4.15614468490396,TRUE,NA
820404,0.0159077028271486,2.23072787478356,TRUE,NA
245815,0.0367342417595011,0.00104328626897854,FALSE,NA
352696,8.87799919519836e-06,2.61453542577876e-07,FALSE,NA
840451,0.59238007852654,1.90217626549646e-05,FALSE,NA
707935,0.0274434174114459,0.0145511864138696,FALSE,NA
310234,0.00932089931629774,0.734949740882197,TRUE,NA
977528,0.0463919367089424,0.00246285044749406,FALSE,NA
347934,0.000412849101207387,1.9056610250547,TRUE,NA
407850,0.372582617228593,0.283971598301542,FALSE,NA
646661,NA,NA,NA,"Error in glmnet(x, y, weights = weights, offset = offset, lambda = lambda, : x should be a matrix with 2 or more columns
"
763569,NA,NA,NA,"Error in rep(1, N): invalid 'times' argument
"
972019,0.000123203059011733,0.0174770130692604,TRUE,NA
312058,0.0743195897024228,0.0167733199848555,FALSE,NA
368993,0.000276228715267729,1.28593953541979,TRUE,NA
554905,3.43097945623957e-05,0.00515985387996739,TRUE,NA
195855,0.020722854231758,0.1000593134818,TRUE,NA
162780,0.00971003469145458,0.66025847752884,TRUE,NA
112344,NA,NA,NA,"Error in glmnet(x, y, weights = weights, offset = offset, lambda = lambda, : x should be a matrix with 2 or more columns
"
967381,0.653205427423831,1.16900978613576,TRUE,NA
162039,0.122582756256381,0.364867898826718,TRUE,NA
266873,0.535150297271927,1.60144037863998e-07,FALSE,NA
30069,0.0419427384523725,0.000290853089230272,FALSE,NA
783226,0.144360988992616,3.08663770628043,TRUE,NA
891566,0.000772943471950324,0.911327612314121,TRUE,NA
535696,0.0305026977935796,0.33934075816784,TRUE,NA
843212,0.0400734774677554,0.00413202992558554,FALSE,NA
855623,0.00669611552137366,0.0227152578943007,TRUE,NA
934545,0.206375238521932,0.414564557749071,TRUE,NA
176377,0.00714816110156335,1.20930205035681,TRUE,NA
207735,NA,NA,NA,"Error in glmnet(x, y, weights = weights, offset = offset, lambda = lambda, : x should be a matrix with 2 or more columns
"
431997,0.0464498458829509,0.0313926630734517,FALSE,NA
898360,NA,NA,NA,"Error in rep(1, N): invalid 'times' argument
"
334964,0.00879066585319212,0.482179894946247,TRUE,NA
299098,0.00310521181371484,0.0274538222441588,TRUE,NA
988395,0.0167608501878003,0.0895456703846128,TRUE,NA
556485,0.0519027203547359,2.43602360786863,TRUE,NA
471038,0.618231626966297,3.85127258022568,TRUE,NA
797885,0.0989394211295488,2.68754919627394,TRUE,NA
362457,1.76122189803925e-05,1.14029923702797,TRUE,NA
838546,0.00256638802267544,0.00681621521759092,TRUE,NA
858349,0.00365642933184549,0.0388923632401116,TRUE,NA
22315,0.000283579329272488,0.00956193316363565,TRUE,NA
173818,0.00176232697896378,2.16657775073999e-05,FALSE,NA
266456,0.0118310995837958,0.0121745633592939,TRUE,NA
277689,1.82200549965992e-05,0.575317115059347,TRUE,NA
870863,1.97354136474093e-05,0.0686651504969237,TRUE,NA
718739,0.00984164378038812,0.0087803127508148,FALSE,NA
290878,0.000142910477758514,0.000352849547695273,TRUE,NA
604914,0.0101843081798228,4.37446260092771,TRUE,NA
671418,0.00116035512807811,5.51476708301288e-05,FALSE,NA
781133,0.00241090271700871,0.379108168107255,TRUE,NA
201547,0.020546434681923,0.298395017447092,TRUE,NA
986889,0.101653092945386,0.160244199283423,TRUE,NA
50763,0.0306789216248607,0.00508760242098238,FALSE,NA
73065,1.08520686995143,1.72435663836863e-06,FALSE,NA
780249,NA,NA,NA,"Error in rep(1, N): invalid 'times' argument
"
575902,0.12816515550095,0.616320607028418,TRUE,NA
903027,0.010267865461844,0.00119587238029661,FALSE,NA
522208,0.000984262319452031,0.00011099259824436,FALSE,NA
664711,0.119661907215675,0.0708450071024754,FALSE,NA
605076,4.89555774097402e-05,0.0461239199741402,TRUE,NA
809092,0.00260634255449268,0.317134474525527,TRUE,NA
652064,3.27167271460736e-06,0.016061794091626,TRUE,NA
334222,0.0158633039070598,0.0155738151433201,FALSE,NA
351751,1.58208155340835,0.754377684538546,FALSE,NA
544299,0.0140731342543538,0.504126003502023,TRUE,NA
663793,6.12959541979908e-05,0.00697268388813141,TRUE,NA
976578,0.756675821806293,0.316039192890848,FALSE,NA
965326,0.000305092669930161,0.451989523077691,TRUE,NA
915449,0.00496625712288728,1.83751884419482,TRUE,NA
862057,0.000202272258339869,0.00791665318413036,TRUE,NA
332704,0.000218373659164902,1.61386183292465e-05,FALSE,NA
579664,0.0447472230595433,0.00114336989009762,FALSE,NA
533993,NA,NA,NA,"Error in rep(1, N): invalid 'times' argument
"
464880,0.00925611270098881,0.000694121277311194,FALSE,NA
865699,6.38317314314225e-05,1.01276394110649,TRUE,NA
871875,9.54406703773334e-05,0.00437291154947722,TRUE,NA
90630,0.000109026943250038,4.33479084223991e-05,FALSE,NA
441509,0.395652211388711,0.670311270126746,TRUE,NA
571786,0.00796866755211403,0.00861518883386893,TRUE,NA
333447,0.0335617879857463,6.10304371557582,TRUE,NA
103270,0.0476851796256129,0.000462760734581017,FALSE,NA
889400,0.0355625199782128,0.0155213537920813,FALSE,NA
101969,0.000145691221687128,0.794008834506364,TRUE,NA
527306,0.00316996104296926,2.8844704562585e-05,FALSE,NA
995398,0.0277930167439947,0.00915850904580714,FALSE,NA
91217,NA,NA,NA,"Error in rep(1, N): invalid 'times' argument
"
274503,0.0447680860201901,0.437909426530166,TRUE,NA
908227,0.034688364964198,0.443933530533798,TRUE,NA
308737,0.102229070819557,0.00369603848431206,FALSE,NA
273674,NA,NA,NA,"Error in rep(1, N): invalid 'times' argument
"
342071,0.453988233807447,10.205903599212,TRUE,NA
228616,2.45743732110256e-06,0.000252237979185167,TRUE,NA
5726,0.0141936697042767,0.00207077342878,FALSE,NA
122206,1.01705996642069e-06,3.23796576083747,TRUE,NA
156751,8.31081273537396e-05,1.73947089961084,TRUE,NA
935224,0.00565817620898309,0.00019829661564265,FALSE,NA
533372,0.0145942887268138,0.00209271936534441,FALSE,NA
815104,0.00419277292573801,0.00334668458547062,FALSE,NA
771085,0.510389873753051,0.665466078833573,TRUE,NA
206930,0.00985360254703252,2.7520957531784e-05,FALSE,NA
795789,0.134252172334814,0.0694435349159182,FALSE,NA
788191,9.70312203723096e-05,0.308699876480002,TRUE,NA
778788,0.0390627774239196,0.0473088979125714,TRUE,NA
237012,NA,NA,NA,"Error in rep(1, N): invalid 'times' argument
"
893663,0.00558752400267043,0.122827903587162,TRUE,NA
404357,0.0494420642613116,0.496612580292446,TRUE,NA
974508,0.0509635398308564,0.0477293998671124,FALSE,NA
297679,2.22185625660685,1.75142538641297,FALSE,NA
32126,0.0226518768421654,0.000128364079620403,FALSE,NA
989231,0.421673486907598,0.000168620019716842,FALSE,NA
862021,0.0710761210380567,2.73523894433438,TRUE,NA
769548,0.00152201597751508,0.23072536106946,TRUE,NA
703626,0.000173297835273039,0.194603276729284,TRUE,NA
764217,0.00292483194061291,0.169763107387435,TRUE,NA
702325,0.000114772165999144,0.00808511872809965,TRUE,NA
657816,2.21111876084282,0.734500415169519,FALSE,NA
594033,0.124814786748337,1.30620416508709,TRUE,NA
400312,0.135527687483892,0.000514986488405087,FALSE,NA
230688,0.603055506648239,9.81865573427047e-05,FALSE,NA
190599,0.000495377215672058,0.29086390173289,TRUE,NA
717679,0.189313749756001,4.08749761664542e-06,FALSE,NA
539843,NA,NA,NA,"Error in glmnet(x, y, weights = weights, offset = offset, lambda = lambda, : x should be a matrix with 2 or more columns
"
549132,0.030348527411991,0.0525659446321956,TRUE,NA
794142,0.00170528280218682,0.000813615865937789,FALSE,NA
654037,0.47347415336832,0.445454181619206,FALSE,NA
54164,0.0307487150422061,0.000541995939025298,FALSE,NA
569370,0.0293833272223924,0.101602384647334,TRUE,NA
201171,0.00032560618963601,1.66715835382205,TRUE,NA
116645,0.0135720601927803,0.000190726307937216,FALSE,NA
477070,0.00944800029817513,2.18469377661209,TRUE,NA
808898,0.0856036122706533,0.854667404141508,TRUE,NA
700326,0.000884836779378862,0.0322349262473007,TRUE,NA
856611,0.000121094481718556,0.00895408948524604,TRUE,NA
396115,0.0655405700335503,0.0399293231045521,FALSE,NA
422771,1.01802125209428e-05,0.00556209697243338,TRUE,NA
132457,NA,NA,NA,"Error in rep(1, N): invalid 'times' argument
"
625395,0.0864518743623993,0.0248513735418842,FALSE,NA
348702,0.0014926493585117,0.000448331089020179,FALSE,NA
436687,0.00118753223683786,1.83653411215415,TRUE,NA
86184,0.569230802101238,4.70892588982365,TRUE,NA
277121,0.0160095288289595,0.032287088182108,TRUE,NA
428478,8.26517063210544e-05,5.07810543246824e-06,FALSE,NA
627462,9.75146526912967e-06,1.6550602156482,TRUE,NA
474792,0.0209394877631807,0.591166334299418,TRUE,NA
875441,0.0750867530727571,0.00689147474529409,FALSE,NA
682585,0.0945876375790179,0.0298374655685949,FALSE,NA
613385,8.78017291893069e-08,0.00167306822997788,TRUE,NA
758373,0.000150552455454928,0.294422713030963,TRUE,NA
530627,0.100317061852482,0.000113350588122483,FALSE,NA
603848,0.00520799375867856,1.69381210595388e-05,FALSE,NA
831373,0.096159398159284,0.000183994546264503,FALSE,NA
65034,0.0378394076225875,0.00134911386267513,FALSE,NA
626871,0.00478120592539625,0.0117851726252143,TRUE,NA
995432,8.01897089672082e-05,0.443788362041857,TRUE,NA
581303,0.045042204808113,0.0977069513636952,TRUE,NA
214900,0.172582973719606,0.245119464270151,TRUE,NA
607168,3.79611978553238e-06,0.000325393900497597,TRUE,NA
932062,NA,NA,NA,"Error in glmnet(x, y, weights = weights, offset = offset, lambda = lambda, : x should be a matrix with 2 or more columns
"
718162,1.32016405392853e-05,3.13838859037814,TRUE,NA
319217,1.05478165990984e-07,3.07018821008102,TRUE,NA
625685,0.0175696097493895,0.0445513526171128,TRUE,NA
918118,0.0196964469889807,2.9675305390158,TRUE,NA
411524,0.587474487705809,0.00323489816897669,FALSE,NA
100869,8.08979278345497e-06,0.0215524862858971,TRUE,NA
708782,0.0806543212314767,0.0911196303829088,TRUE,NA
58380,4.40309253404749e-07,0.0681985173910924,TRUE,NA
632206,0.0635491028403995,0.0480384127186089,FALSE,NA
715634,0.00286523316084581,0.735180287943521,TRUE,NA
935491,0.303495056707917,0.000669949207755539,FALSE,NA
958564,0.00118122735217624,0.0642738517962684,TRUE,NA
420480,NA,NA,NA,"Error in rep(1, N): invalid 'times' argument
"
759537,0.00217697495311427,0.0473517212492036,TRUE,NA
744987,0.00677475810644859,0.554951870263253,TRUE,NA
177108,0.0766814295547109,1.12942157259892,TRUE,NA
335703,1.14355154859965e-05,9.34298253057585,TRUE,NA
697229,0.644075255826017,0.00497114012905763,FALSE,NA
723899,NA,NA,NA,"Error in glmnet(x, y, weights = weights, offset = offset, lambda = lambda, : x should be a matrix with 2 or more columns
"
288236,0.00572175684067678,7.36647766272041e-05,FALSE,NA
282525,7.44581349660578e-06,0.000266903093148653,TRUE,NA
278230,0.0053077431568522,4.39174585807054,TRUE,NA
58756,0.00345468717943087,2.2949076927491,TRUE,NA
915778,0.000700920832773336,0.000106243922852926,FALSE,NA
16036,NA,NA,NA,"Error in glmnet(x, y, weights = weights, offset = offset, lambda = lambda, : x should be a matrix with 2 or more columns
"
937267,0.0221427777956773,0.00504189732927562,FALSE,NA
955302,0.000206259829452296,0.547052604755391,TRUE,NA
813287,1.05079018276298e-05,9.4604441529336e-05,TRUE,NA
734967,0.0242267782468564,2.43705839147348,TRUE,NA
372721,0.0186518570679779,3.14566416598226,TRUE,NA
457869,0.00485295857272547,2.29113842673322,TRUE,NA
329157,0.0385826735955667,0.113073996922384,TRUE,NA
266463,0.239400047879192,0.0152306563450653,FALSE,NA
251368,0.0572734270632365,0.00402993399267225,FALSE,NA
651671,0.000780482259192246,0.00101834329133658,TRUE,NA
236626,0.00901155569186055,1.38976219146764,TRUE,NA
38096,0.0351487900070643,1.78328022066017,TRUE,NA
9378,3.2919533274068e-06,0.0781409091606452,TRUE,NA
961685,4.95643408947192e-05,0.0153155094962745,TRUE,NA
313905,0.0563812154074373,5.91743050613048,TRUE,NA
57215,0.0703463641592111,0.000334782683083574,FALSE,NA
495206,3.68702004614699e-05,0.00275145964910432,TRUE,NA
913673,0.011553090943951,0.782939247254501,TRUE,NA
186098,3.01371573704811e-05,0.0941880343569417,TRUE,NA
297895,1.41813508111289e-07,0.00471770899978579,TRUE,NA
7955,0.0192983568187553,1.59578112668523,TRUE,NA
147789,0.0143858928040342,1.81674840174753e-05,FALSE,NA
645824,0.0281347801242516,5.53530043248775,TRUE,NA
200993,0.00646054322118114,5.32274890412203,TRUE,NA
21668,0.0430133893935502,0.0117528774783167,FALSE,NA
601573,0.000920971845251404,5.24632800975242e-08,FALSE,NA
441180,1.06144222683427,0.703596912509196,FALSE,NA
688008,0.0132440207921453,0.321523110137747,TRUE,NA
931035,NA,NA,NA,"Error in rep(1, N): invalid 'times' argument
"
57863,NA,NA,NA,"Error in glmnet(x, y, weights = weights, offset = offset, lambda = lambda, : x should be a matrix with 2 or more columns
"
594759,0.00169175836705736,3.32285521807311e-06,FALSE,NA
798859,0.0430462093139127,0.00504540297294957,FALSE,NA
861170,0.480037845569206,0.103170287508312,FALSE,NA
435851,2.94339730458614e-05,3.20474131664022,TRUE,NA
70591,0.202490838660677,0.218541507171138,TRUE,NA
109648,0.0076198194118686,0.112037551192132,TRUE,NA
896746,0.00209808581488604,0.00110562121034525,FALSE,NA
347660,0.0734881013006329,0.00176429598184146,FALSE,NA
853047,0.000244531907529455,5.65770968576674,TRUE,NA
499328,3.62782426090806e-05,4.35976042605031,TRUE,NA
505897,0.000188701500001202,0.000137836711981676,FALSE,NA
992351,1.27181407186901,0.00686269834371709,FALSE,NA
88285,0.00133497343744639,0.166412244466958,TRUE,NA
21254,NA,NA,NA,"Error in rep(1, N): invalid 'times' argument
"
501903,NA,NA,NA,"Error in rep(1, N): invalid 'times' argument
"
211730,0.00479994493605479,0.362161031031862,TRUE,NA
492705,0.392156412187983,0.17582193012494,FALSE,NA
825150,2.47366099671926e-05,3.39209874952397,TRUE,NA
840192,NA,NA,NA,"Error in glmnet(x, y, weights = weights, offset = offset, lambda = lambda, : x should be a matrix with 2 or more columns
"
445961,0.00670431197802361,0.0447730470843264,TRUE,NA
783301,0.0188838066157172,0.00198927548945971,FALSE,NA
504151,0.53289230586089,5.27918080250243,TRUE,NA
81175,NA,NA,NA,"Error in glmnet(x, y, weights = weights, offset = offset, lambda = lambda, : x should be a matrix with 2 or more columns
"
989890,0.0521356284459926,0.0495770894422179,FALSE,NA
186841,NA,NA,NA,"Error in glmnet(x, y, weights = weights, offset = offset, lambda = lambda, : x should be a matrix with 2 or more columns
"
574108,0.108066973781034,0.400790771748778,TRUE,NA
378374,0.00140277573580565,0.163577337590544,TRUE,NA
23997,0.00433697005765914,0.011414582929947,TRUE,NA
300647,0.0240016541791903,0.000615646212151428,FALSE,NA
119268,0.00729705038167835,0.00257139801095211,FALSE,NA
539967,2.50460542194034,7.22227455375823,TRUE,NA
744583,NA,NA,NA,"Error in rep(1, N): invalid 'times' argument
"
408228,0.0117249811950586,0.000347608418151779,FALSE,NA
106768,2.64437488299593e-06,1.14099386373362e-06,FALSE,NA
924247,0.00256409385897867,0.775771039963094,TRUE,NA
581197,0.308509099548806,0.0264905345018027,FALSE,NA
495041,0.0140322187963309,0.444738736992048,TRUE,NA
101092,0.565960493369471,1.34132134066523,TRUE,NA
4218,0.00624335707986861,0.00195005801858126,FALSE,NA
32912,NA,NA,NA,"Error in rep(1, N): invalid 'times' argument
"
240313,0.012954482259389,0.0595122694604657,TRUE,NA
633266,0.034542337032171,0.254874198010188,TRUE,NA
920039,2.32919679514615e-05,0.00239634793540226,TRUE,NA
843754,0.0142414590199986,1.41910006571095,TRUE,NA
490744,0.0711604333333857,0.400559429403573,TRUE,NA
320792,0.0134832781143292,0.0152125972631566,TRUE,NA
31166,0.00103806037007217,0.0291490633703145,TRUE,NA
743357,0.0986027523017774,0.0499297841265848,FALSE,NA
105830,0.000233904310142294,0.860222307149773,TRUE,NA
573020,0.0304986144456924,7.29192570658844,TRUE,NA
371530,4.07014590760228e-05,0.135187207447004,TRUE,NA
838159,0.322441815521498,1.92917643427158,TRUE,NA
540440,0.000264239077799968,1.83287911776541e-05,FALSE,NA
327345,1.47138275320876e-06,0.395508432186005,TRUE,NA
973172,0.000554135734592704,0.580329408452513,TRUE,NA
572054,0.00496749461272744,0.00909467962587274,TRUE,NA
963294,0.00321654960197202,0.00784228056672371,TRUE,NA
715490,0.229813321511864,1.67424900123832,TRUE,NA
116760,NA,NA,NA,"Error in rep(1, N): invalid 'times' argument
"
650872,0.00325250397086392,1.19272013988157,TRUE,NA
917261,0.00189071660055329,0.0337779840803418,TRUE,NA
887301,0.133751869180756,0.119183160272131,FALSE,NA
156059,0.00102692735241194,0.0125195549696995,TRUE,NA
476820,0.0067022231282511,0.00592830567777458,FALSE,NA
689506,0.000634672084507506,0.000247152366612628,FALSE,NA
512805,0.12311224710909,0.0900094740230204,FALSE,NA
578038,0.00122661439871288,0.000680693391933881,FALSE,NA
815343,0.270847469425363,8.22877510989236e-05,FALSE,NA
705953,0.626493119115781,0.370785415146714,FALSE,NA
707830,0.181522267550014,8.92457709718642,TRUE,NA
651804,0.00189397669786479,3.39355356514136,TRUE,NA
220101,0.0535415145003483,0.168554761583411,TRUE,NA
703556,0.000777993001857988,0.00651620520576692,TRUE,NA
976444,0.0434086944109847,0.000103642499477891,FALSE,NA
391890,0.120500721377274,0.924908537008689,TRUE,NA
241152,1.6278018819934e-06,1.57525558030976,TRUE,NA
486785,0.0725467602949091,0.517124276674158,TRUE,NA
419638,0.288140860771789,0.0277591443231034,FALSE,NA
934672,0.000502957782446304,0.297804840580998,TRUE,NA
537519,0.00171569954021959,0.00788781736318687,TRUE,NA
696935,0.000117568385926459,0.006741218271944,TRUE,NA
239724,0.00739925208527599,0.0248324884367696,TRUE,NA
342065,0.000346182119383822,0.000512488114335265,TRUE,NA
158337,NA,NA,NA,"Error in rep(1, N): invalid 'times' argument
"
191681,0.0473571514769161,4.29910473630703,TRUE,NA
138099,0.000993087925118292,7.95337915611419,TRUE,NA
203228,0.0423783192110902,1.11087985547473,TRUE,NA
429239,0.012296117666163,1.30288537543384,TRUE,NA
704490,0.0569043723562532,3.17835026290483,TRUE,NA
291282,0.155552050764869,0.263970739858312,TRUE,NA
173489,NA,NA,NA,"Error in glmnet(x, y, weights = weights, offset = offset, lambda = lambda, : x should be a matrix with 2 or more columns
"
337181,NA,NA,NA,"Error in glmnet(x, y, weights = weights, offset = offset, lambda = lambda, : x should be a matrix with 2 or more columns
"
201234,0.000722843628253508,4.14533594780222,TRUE,NA
310773,1.6107987819743e-07,0.134458848150816,TRUE,NA
413399,0.125816769867732,7.55879755802827e-06,FALSE,NA
35381,0.0104492555728126,0.0161280112582747,TRUE,NA
54832,NA,NA,NA,"Error in rep(1, N): invalid 'times' argument
"
181380,0.00126053759683335,0.300484241683723,TRUE,NA
795911,0.0333837900168543,0.00316802340502525,FALSE,NA
315704,1.20502811735805,8.03358477368977,TRUE,NA
110805,0.035576618046868,0.00915677702121784,FALSE,NA
702233,0.15302931409909,1.41896189717953e-06,FALSE,NA
874663,0.000369105381004882,0.631458754423689,TRUE,NA
363716,0.00825079556011536,0.657655514206058,TRUE,NA
429363,0.169779199582148,1.42615935465212,TRUE,NA
630001,0.0168155640639281,6.36876492737507e-05,FALSE,NA
861021,0.228176283171844,3.1032645885802,TRUE,NA
556587,0.063522371000429,0.00484037922705073,FALSE,NA
347624,0.143875473120251,0.0224858496367784,FALSE,NA
986974,0.0160799789188459,0.0820198195104712,TRUE,NA
640089,NA,NA,NA,"Error in glmnet(x, y, weights = weights, offset = offset, lambda = lambda, : x should be a matrix with 2 or more columns
"
862522,1.30339717488747,1.02482832527138,FALSE,NA
390166,0.00902356972541651,0.0142236235728448,TRUE,NA
257588,0.0328141310748742,0.884471918505206,TRUE,NA
792529,0.000299569378298099,2.92839066743941e-05,FALSE,NA
938042,NA,NA,NA,"Error in glmnet(x, y, weights = weights, offset = offset, lambda = lambda, : x should be a matrix with 2 or more columns
"
291860,0.192255696841082,1.66096169934733,TRUE,NA
255377,0.00257377661852313,2.4425540100766,TRUE,NA
821702,0.00285518485313673,0.954677078944445,TRUE,NA
319273,0.0123309775316167,0.0659131885054281,TRUE,NA
631432,0.000296686262234205,0.0512751872278765,TRUE,NA
274356,3.17972436432661,5.45168588519416,TRUE,NA
249067,0.075317077121744,3.14928169616407e-07,FALSE,NA
208736,0.00775174903747642,0.0410883644823257,TRUE,NA
537443,0.0021376341786978,5.79213976353849,TRUE,NA
277800,0.0676850794547015,0.113479228655252,TRUE,NA
219824,0.20956532327475,3.66820036545215,TRUE,NA
605580,0.000235004400319682,0.00390859168439394,TRUE,NA
540629,0.276608151292607,0.893340733326151,TRUE,NA
607228,0.0543023915029612,1.83821193749948,TRUE,NA
76779,0.185322123152364,0.0187568773913092,FALSE,NA
475547,0.000281661871443926,0.0952906961073734,TRUE,NA
99851,0.00541389843678131,3.77751539212124,TRUE,NA
209742,2.28484607135579e-07,0.113324416059352,TRUE,NA
7235,0.0215326785811589,1.17261006032431,TRUE,NA
600964,0.004539393220643,0.0578500008512065,TRUE,NA
541898,2.27172512600096,0.00366023574949625,FALSE,NA
558373,0.266691288044092,0.82115324117868,TRUE,NA
170996,0.593696837603917,0.000904002284328758,FALSE,NA
412633,0.0171416909229194,0.158422172229968,TRUE,NA
598148,NA,NA,NA,"Error in glmnet(x, y, weights = weights, offset = offset, lambda = lambda, : x should be a matrix with 2 or more columns
"
332372,5.26393483436066,1.14029614393296,FALSE,NA
677965,0.194010028374999,0.703798266542634,TRUE,NA
332951,0.425970255278353,0.00334640245362388,FALSE,NA
912607,0.00113635361959988,0.723672467771,TRUE,NA
810033,0.107202780260438,0.123575418715922,TRUE,NA
133840,0.000173365970624964,0.0636662781436858,TRUE,NA
938581,0.220197633317976,0.623011346980684,TRUE,NA
366686,3.9561387494721e-06,0.000816071593790155,TRUE,NA
797652,0.129874087326216,0.299945206381002,TRUE,NA
333560,0.0185165673213636,0.0637702501693534,TRUE,NA
997699,NA,NA,NA,"Error in glmnet(x, y, weights = weights, offset = offset, lambda = lambda, : x should be a matrix with 2 or more columns
"
652034,0.468591645725215,0.659009423854627,TRUE,NA
124619,0.000113622640291165,0.00161662848164483,TRUE,NA
615431,0.00438199613243818,2.59530495625663,TRUE,NA
289899,0.0850354055643735,2.45028258084267e-06,FALSE,NA
817101,0.0101955598519547,3.37418190245269,TRUE,NA
534149,NA,NA,NA,"Error in glmnet(x, y, weights = weights, offset = offset, lambda = lambda, : x should be a matrix with 2 or more columns
"
842853,0.0406180988965209,0.778438311869604,TRUE,NA
999666,0.0207919503981843,2.99237826494538,TRUE,NA
605824,0.0378424935249402,3.56541087840732,TRUE,NA
62666,0.00543723876236317,1.64016635863223,TRUE,NA
943339,3.86256423783361e-05,0.0266275200932051,TRUE,NA
355562,0.0436866968843409,0.218059541140836,TRUE,NA
678424,0.0158351230136952,0.000524453060292636,FALSE,NA
7154,0.0432022579569471,1.32452479408901,TRUE,NA
928830,0.00308358014535437,0.00285154137534305,FALSE,NA
144903,0.0179183417864478,0.995269422139073,TRUE,NA
210797,4.71224161974716e-05,0.0227829270889313,TRUE,NA
296929,0.0175652064853139,1.93411077361261e-05,FALSE,NA
935243,0.0241220772615463,0.000375910043471136,FALSE,NA
184655,9.31450370364894e-05,0.0518242387249764,TRUE,NA
421063,0.0023667241481932,0.00168381262319058,FALSE,NA
889586,5.36916801656654e-05,0.000207113581711885,TRUE,NA
550156,1.93651737500954e-05,0.000414907681480959,TRUE,NA
312430,NA,NA,NA,"Error in glmnet(x, y, weights = weights, offset = offset, lambda = lambda, : x should be a matrix with 2 or more columns
"
982634,0.105399757620849,5.98892796537776e-06,FALSE,NA
120158,0.0203327431955113,2.72353207308898,TRUE,NA
858026,0.000997179801534544,0.00141964957384943,TRUE,NA
41247,6.87799842974531e-08,0.00027403266347838,TRUE,NA
328379,0.273506192478431,1.58633548747833,TRUE,NA
150147,0.000100945443711167,0.430191677824722,TRUE,NA
381425,0.0063011533951812,0.155853534814558,TRUE,NA
772968,0.0663364759089418,4.35180520185386e-05,FALSE,NA
491739,NA,NA,NA,"Error in rep(1, N): invalid 'times' argument
"
670198,0.0179258956913499,0.00366747964633673,FALSE,NA
41367,0.000103475938852696,5.21336049470695e-05,FALSE,NA
638103,3.39830987139255e-07,0.00617257151952173,TRUE,NA
849205,0.000438856954378435,0.00697032995112346,TRUE,NA
140705,0.207975824609698,0.0732580763665838,FALSE,NA
855532,0.411082163007113,1.59382394606416,TRUE,NA
451882,0.0427658571380362,6.46538505522021,TRUE,NA
540887,0.0116342765565279,0.117113837812562,TRUE,NA
207040,0.227190155431265,0.250025691114691,TRUE,NA
688926,0.0272577107211261,0.0418039005292074,TRUE,NA
185367,3.40863674299512e-05,0.00807202297831938,TRUE,NA
381213,0.00349780401349655,5.62866472821611e-06,FALSE,NA
210497,1.17947508834975,0.00277353400011218,FALSE,NA
173133,0.0258678859116571,2.4666561999453,TRUE,NA
874310,NA,NA,NA,"Error in glmnet(x, y, weights = weights, offset = offset, lambda = lambda, : x should be a matrix with 2 or more columns
"
610493,NA,NA,NA,"Error in glmnet(x, y, weights = weights, offset = offset, lambda = lambda, : x should be a matrix with 2 or more columns
"
112063,0.996498473657857,0.15203513185055,FALSE,NA
282835,0.0586678505821356,3.04203301356659,TRUE,NA
977655,0.00671070675852033,0.0057057324553872,FALSE,NA
687570,0.0573709157878368,1.59180524443985e-09,FALSE,NA
879122,0.0289491154985433,0.100405610235939,TRUE,NA
96895,0.00478300764434089,1.36164441921883e-06,FALSE,NA
813962,0.0313585356519371,0.0576321096988513,TRUE,NA
369741,NA,NA,NA,"Error in rep(1, N): invalid 'times' argument
"
377008,0.0121751664440089,0.000396002788584061,FALSE,NA
736171,0.0677463872504023,3.41701816395008,TRUE,NA
93496,0.000130955220484196,0.76602366833406,TRUE,NA
783110,NA,NA,NA,"Error in rep(1, N): invalid 'times' argument
"
453787,0.26977358548912,0.00346769778152821,FALSE,NA
512097,0.000991342371707379,0.0122012350336427,TRUE,NA
830634,0.0994178213101789,0.570425466885219,TRUE,NA
165273,9.8293640947712e-05,0.0339126692668316,TRUE,NA
181123,2.70075791132968,0.00786928604376696,FALSE,NA
22339,0.00747413615241919,0.00903464310375824,TRUE,NA
188775,0.181576761575297,0.333686924292529,TRUE,NA
817514,0.0273516121880222,0.0056506964069334,FALSE,NA
132527,0.000513196492187824,1.56984445591219e-05,FALSE,NA
355964,1.47731253877669e-08,0.000154616034252676,TRUE,NA
40978,0.599943931322755,1.46928820443424,TRUE,NA
539698,0.00235541777819718,0.829631162429096,TRUE,NA
266552,0.0209958077726886,0.128373061241909,TRUE,NA
886126,0.00108424132344216,0.0111640885033483,TRUE,NA
906440,0.0328323176357482,0.00960065380067581,FALSE,NA
705868,0.00164660553610857,0.00262387736056681,TRUE,NA
445325,0.000138457205383255,0.0112117013434438,TRUE,NA
191381,0.195958705988636,0.550322460547314,TRUE,NA
502853,0.00298579100412546,0.000238963911024286,FALSE,NA
426149,0.00810628712420394,0.0368349651030161,TRUE,NA
932274,0.00365987227102325,0.409150867860331,TRUE,NA
137182,0.00182067897540903,3.99997480501963e-05,FALSE,NA
187127,0.0002518721757229,0.631702547280624,TRUE,NA
367511,0.0198086781855011,0.00298746138819201,FALSE,NA
594525,0.0164086255403008,0.0868650985171141,TRUE,NA
896590,0.0218896657725338,0.687778764424207,TRUE,NA
271811,NA,NA,NA,"Error in glmnet(x, y, weights = weights, offset = offset, lambda = lambda, : x should be a matrix with 2 or more columns
"
197714,0.062629519765241,0.296913605006932,TRUE,NA
495901,1.59997471860414,0.0762879127297525,FALSE,NA
969796,0.0563049065120506,0.00759020222264266,FALSE,NA
670813,0.0258816272886584,1.60843577833742,TRUE,NA
718880,7.89205145990684e-10,0.000123814469569328,TRUE,NA
267673,0.00139431287853753,1.40469366200221,TRUE,NA
974668,0.414686807916864,6.09145980318952,TRUE,NA
639984,NA,NA,NA,"Error in glmnet(x, y, weights = weights, offset = offset, lambda = lambda, : x should be a matrix with 2 or more columns
"
609200,3.03306331751173e-07,0.0140756659243617,TRUE,NA
677632,0.0733224646597869,0.247286284004832,TRUE,NA
494657,0.00615917308700785,0.0437943803993004,TRUE,NA
615822,0.00296064430182626,0.220617864891179,TRUE,NA
265248,0.000111490748796846,0.0241506050959288,TRUE,NA
274398,0.11403780641611,0.161346372551349,TRUE,NA
725720,0.00940433453787794,0.0166772543177261,TRUE,NA
645264,0.000112595018978457,1.18376653442243e-05,FALSE,NA
708531,0.00176039407291308,6.57240516842437,TRUE,NA
677330,0.00636843837997681,0.686638617852333,TRUE,NA
890257,0.234089096154596,0.0331432953296271,FALSE,NA
445839,0.00277948389834455,0.0434685184432442,TRUE,NA
915509,8.82659928587943e-05,0.0431559974799202,TRUE,NA
788459,0.00101853186362458,4.87807090727949,TRUE,NA
736214,6.84633152515589e-09,2.93314456738161e-05,TRUE,NA
149228,0.00585657636338073,7.04729943947549e-06,FALSE,NA
606006,0.00328078698469817,0.00149371345514641,FALSE,NA
503399,0.000422691350501374,6.88982272458871,TRUE,NA
709987,NA,NA,NA,"Error in rep(1, N): invalid 'times' argument
"
140595,NA,NA,NA,"Error in rep(1, N): invalid 'times' argument
"
955386,0.00200361090495184,0.00174586491307047,FALSE,NA
93148,0.0684610085030103,0.00902473196329724,FALSE,NA
705764,0.0681246758102057,0.183357979517169,TRUE,NA
635286,0.0637710347821466,0.00182326566088201,FALSE,NA
909357,NA,NA,NA,"Error in rep(1, N): invalid 'times' argument
"
294164,0.0081649361748163,0.00419162076017698,FALSE,NA
354000,0.00982426082276971,0.826635245660425,TRUE,NA
115908,0.0591992781342598,0.0456440260703553,FALSE,NA
449177,0.145156350675745,0.245852319203966,TRUE,NA
880949,2.24777961371541e-06,0.108394865084051,TRUE,NA
730521,0.13835935076382,0.000986710842164758,FALSE,NA
702021,0.00410178905482742,0.0942453157588927,TRUE,NA
742314,1.44625707781031e-05,0.0544730749707316,TRUE,NA
722267,6.86465031835549e-06,3.73802312058018e-06,FALSE,NA
894467,0.000498950924516385,0.156089962396849,TRUE,NA
106854,0.00149765791867274,0.000559217701484948,FALSE,NA
667310,0.00297830204009337,1.53656448641655e-05,FALSE,NA
424515,NA,NA,NA,"Error in glmnet(x, y, weights = weights, offset = offset, lambda = lambda, : x should be a matrix with 2 or more columns
"
913292,0.11260350599914,0.16708603498823,TRUE,NA
908380,0.00167984541662997,0.000189743434786944,FALSE,NA
430559,4.23926747143526e-08,0.149091820196759,TRUE,NA
357812,0.0040779434414129,0.193814786743915,TRUE,NA
554229,0.0400344944788986,0.00622915329107523,FALSE,NA
881072,0.00140651215757562,0.0573913222154567,TRUE,NA
954707,0.00151011682831152,0.0265026723491075,TRUE,NA
260471,6.93249571264606e-09,0.064098719269397,TRUE,NA
53516,0.0270652749546249,0.581988470505043,TRUE,NA
830655,0.0550535841716869,0.113891401513443,TRUE,NA
608042,0.00327276443108552,0.0545662253854389,TRUE,NA
768637,1.71370153981393e-08,0.0871435970592022,TRUE,NA
831334,0.00549026654953241,0.000621297750463187,FALSE,NA
866474,0.0218631599073834,8.00731150160055e-06,FALSE,NA
800433,0.0537868702294494,0.00376991735887346,FALSE,NA
178409,0.00255204926930388,0.257903425827794,TRUE,NA
573658,4.406745600703e-05,0.000617273534563175,TRUE,NA
751513,0.0602789476431985,3.83717683324003,TRUE,NA
123150,0.267841503413973,2.84168510662349,TRUE,NA
106288,0.0478434372768933,7.12183776001907,TRUE,NA
285644,0.00627878163126113,1.61756810572804,TRUE,NA
604120,0.0186925379882156,0.00154561956984743,FALSE,NA
51949,NA,NA,NA,"Error in glmnet(x, y, weights = weights, offset = offset, lambda = lambda, : x should be a matrix with 2 or more columns
"
5211,0.0536032429867646,0.00358495517749048,FALSE,NA
35494,0.00979469211419163,1.51441166192092,TRUE,NA
599865,0.0454086420887076,1.62723534925398,TRUE,NA
550961,0.00998359062055531,0.00390860946097111,FALSE,NA
281748,0.00629840612468347,0.000213999597968439,FALSE,NA
973447,0.0184426457756421,0.160743025559717,TRUE,NA
48148,0.00756377861656221,2.46007146785821,TRUE,NA
759213,0.0209775971904812,0.663658537733999,TRUE,NA
171472,0.0105611292255524,0.0163788341507723,TRUE,NA
573798,1.09411192618477e-05,0.0023348482693378,TRUE,NA
595878,0.00821318940266768,0.158090545838659,TRUE,NA
159247,0.00174644990149145,1.3084253481542,TRUE,NA
960524,0.0542961550157926,0.0446866512813615,FALSE,NA
795655,0.00149634216006549,8.91150679530659e-07,FALSE,NA
32289,1.53421567735094e-06,0.00838309509581239,TRUE,NA
254262,2.73062494981055e-05,5.65315722112377,TRUE,NA
476853,0.000336758577833172,0.00571715034842543,TRUE,NA
200329,0.000346885758001847,0.00459767950043598,TRUE,NA
677027,0.0147200881819685,0.0557965561775175,TRUE,NA
575987,0.000168955279247356,0.00287960808525689,TRUE,NA
617232,0.0879386882770041,4.50163661105177,TRUE,NA
765864,0.00864555976957761,3.4893183944156,TRUE,NA
247652,0.303529443161032,0.00201028286611362,FALSE,NA
406768,0.00203777153274201,0.0274031348077806,TRUE,NA
545504,9.4366126953405e-06,0.00111178883598931,TRUE,NA
898543,0.00579662500658575,0.0264675775457929,TRUE,NA
526791,0.00358521559121723,1.26791475533262,TRUE,NA
79589,0.00442685074947779,1.28392701340809,TRUE,NA
709223,0.013291385941606,3.1414090461912,TRUE,NA
823103,NA,NA,NA,"Error in rep(1, N): invalid 'times' argument
"
12476,0.00734256617962393,0.0421762777455724,TRUE,NA
783507,0.0748011509942684,0.00152769870180476,FALSE,NA
997664,0.0112454994204632,1.49376610286031,TRUE,NA
556093,0.129444517757768,1.43244076084673,TRUE,NA
303823,NA,NA,NA,"Error in rep(1, N): invalid 'times' argument
"
166767,1.04797401504826,0.00307829986442536,FALSE,NA
402800,0.0534986426256183,2.18988732077254,TRUE,NA
658693,0.0190178392937373,0.549368716388861,TRUE,NA
232771,1.50509283947334e-08,0.0199228502554327,TRUE,NA
553296,0.0270587944290425,1.74107751228592,TRUE,NA
394912,0.00023075990774308,1.43572661923642,TRUE,NA
219898,0.0045995815735269,0.000271447552938867,FALSE,NA
234474,0.146392688461443,0.110991413731752,FALSE,NA
915057,0.683621906692114,0.868961364115359,TRUE,NA
598063,0.0125388228497726,0.564139160008944,TRUE,NA
679361,0.167353341435985,0.436070125653309,TRUE,NA
890901,0.277949898535955,0.000599725007507948,FALSE,NA
482400,NA,NA,NA,"Error in glmnet(x, y, weights = weights, offset = offset, lambda = lambda, : x should be a matrix with 2 or more columns
"
440287,0.000253062028732774,0.0025777990824709,TRUE,NA
540534,0.00374193158053608,0.448549373577289,TRUE,NA
438103,4.99765182420036e-05,0.62583220638588,TRUE,NA
221501,4.48878605789137e-05,0.133762692508768,TRUE,NA
100350,0.000376182679099455,1.75719439001066e-11,FALSE,NA
778519,NA,NA,NA,"Error in rep(1, N): invalid 'times' argument
"
83908,0.00297897832006583,0.780210164849818,TRUE,NA
774423,0.0464018760962032,0.190630742490428,TRUE,NA
737704,NA,NA,NA,"Error in glmnet(x, y, weights = weights, offset = offset, lambda = lambda, : x should be a matrix with 2 or more columns
"
504907,0.0903032902561938,1.13199783990897e-06,FALSE,NA
332314,5.9919197509112e-06,0.000129438093353035,TRUE,NA
483647,0.00140456991267413,0.000400269559501848,FALSE,NA
500259,0.00217514221145943,0.00666239812763329,TRUE,NA
974290,0.00632149151145596,0.0076236320283236,TRUE,NA
908780,3.60041325142357e-06,5.35355892143442,TRUE,NA
918127,0.0179625844936287,0.0086945676711868,FALSE,NA
402497,0.000275904479526467,0.0038885005353465,TRUE,NA
287093,0.160445662733373,1.17396824608457,TRUE,NA
818473,0.00150079525500039,0.00290505357490376,TRUE,NA
919290,0.0208915676982346,0.430615613931849,TRUE,NA
588913,NA,NA,NA,"Error in glmnet(x, y, weights = weights, offset = offset, lambda = lambda, : x should be a matrix with 2 or more columns
"
336011,0.00591327220343371,7.29097485611903e-07,FALSE,NA
425963,0.000188534552047574,0.000587940694796202,TRUE,NA
162737,0.0289987515005852,0.278745685919332,TRUE,NA
594014,0.0265652240442696,0.243272127773953,TRUE,NA
746587,0.00297242060310983,6.69799678280491e-05,FALSE,NA
994984,0.0753209058179877,0.110903593972947,TRUE,NA
770531,0.0992713870947428,0.000305139702583423,FALSE,NA
594173,0.0193476956104548,0.000240309743524627,FALSE,NA
943082,NA,NA,NA,"Error in glmnet(x, y, weights = weights, offset = offset, lambda = lambda, : x should be a matrix with 2 or more columns
"
748140,4.39185315603045e-05,0.0823481855454967,TRUE,NA
156331,1.54688549987907,1.73555683823037,TRUE,NA
786073,5.82617920099388e-07,0.00140376441646045,TRUE,NA
722698,0.0556715345675623,0.000486890901406527,FALSE,NA
118400,0.147450999753936,3.29207552479334,TRUE,NA
569598,NA,NA,NA,"Error in glmnet(x, y, weights = weights, offset = offset, lambda = lambda, : x should be a matrix with 2 or more columns
"
430390,2.25113686170569e-05,0.158319813726898,TRUE,NA
251914,0.000352716752464558,0.00901249932904117,TRUE,NA
210784,NA,NA,NA,"Error in rep(1, N): invalid 'times' argument
"
561162,0.0118475014873247,0.949866371628058,TRUE,NA
331698,0.331825561445259,0.00590764262126826,FALSE,NA
164567,NA,NA,NA,"Error in glmnet(x, y, weights = weights, offset = offset, lambda = lambda, : x should be a matrix with 2 or more columns
"
483467,0.0934821320829502,0.0656401611359991,FALSE,NA
223784,0.0105732889296844,0.108045577027673,TRUE,NA
130489,6.81790430938983e-05,0.000152180414485093,TRUE,NA
35786,0.000153337128527696,0.000887488150643639,TRUE,NA
70038,7.10193751308015e-07,7.02984266367406e-05,TRUE,NA
19707,0.125710773790326,0.00456958985449213,FALSE,NA
111107,0.0172494220238291,1.50293328047048e-05,FALSE,NA
941563,2.83174836565211,0.81009810259723,FALSE,NA
751152,0.125706207333107,0.213025221839007,TRUE,NA
583884,1.51620683825154e-08,5.74219265624586e-05,TRUE,NA
279723,0.0307872878944413,0.00166365489014537,FALSE,NA
841291,0.0145344619650877,0.0148305226813145,TRUE,NA
748064,0.015167295587702,0.000811060140412701,FALSE,NA
436729,1.11994306892115e-06,1.81542836273233,TRUE,NA
413697,0.092349220420902,0.0155910736565702,FALSE,NA
987003,0.000106171235925781,0.134759983130385,TRUE,NA
479469,0.00373850246277758,6.55847871634756e-05,FALSE,NA
888271,0.0334677846992076,2.40166925226369,TRUE,NA
723319,0.0003648946885091,0.0107860719684964,TRUE,NA
777940,NA,NA,NA,"Error in rep(1, N): invalid 'times' argument
"
607677,0.00169307863525735,1.05562939804708,TRUE,NA
310765,0.0813407021529744,0.0110989314255986,FALSE,NA
34440,0.0701916848366497,0.0518026977206284,FALSE,NA
614677,0.00849951718593338,4.13270560662131e-06,FALSE,NA
75593,0.15483138056164,0.179634069020954,TRUE,NA
566760,3.0873118600099e-05,4.58621178418447e-06,FALSE,NA
215704,NA,NA,NA,"Error in rep(1, N): invalid 'times' argument
"
900782,0.0609972774282905,0.0162201495097132,FALSE,NA
435233,0.00880664116052104,0.931219076696968,TRUE,NA
605572,0.000875140102584361,3.1476943441085,TRUE,NA
944756,0.0145174336812847,0.217306243593698,TRUE,NA
169552,0.00144689397091745,1.71118155490916,TRUE,NA
451468,0.0126775220932543,5.01040731838954,TRUE,NA
65896,0.0185997880465498,0.00025910263968536,FALSE,NA
143826,0.478145276115393,0.0436965661311506,FALSE,NA
255874,0.119510067006775,0.000589255215275696,FALSE,NA
68584,0.167843766326129,1.04621578085656,TRUE,NA
57232,0.0500429233417404,6.8506001106702e-09,FALSE,NA
914476,0.0185426553177227,5.71830171947161,TRUE,NA
60981,0.0114315795351339,0.320758462058278,TRUE,NA
582921,3.73742053734278e-06,0.0433669814573709,TRUE,NA
11234,0.00216496714070361,4.84700126361968,TRUE,NA
126650,5.83969427671768e-05,0.0446706341581115,TRUE,NA
289736,0.0480934202317568,0.17620758898661,TRUE,NA
419136,0.0256068211393682,0.321616446229453,TRUE,NA
564830,0.00728764930813454,9.15908372481372,TRUE,NA
306146,0.419181872957355,0.0168243602949528,FALSE,NA
294155,0.0664997502983759,0.222809827910097,TRUE,NA
74713,0.369483875444501,0.315787402133092,FALSE,NA
663022,0.00783823644653296,2.57574626339362,TRUE,NA
285950,6.76960369189022e-05,0.999127277397059,TRUE,NA
231295,0.000165465116858741,5.83600625004365,TRUE,NA
335900,2.25670423326366e-05,0.00339266947014086,TRUE,NA
442313,0.00137923188837935,3.26534718323734,TRUE,NA
527571,0.00013371012139591,0.998527725823794,TRUE,NA
367397,NA,NA,NA,"Error in glmnet(x, y, weights = weights, offset = offset, lambda = lambda, : x should be a matrix with 2 or more columns
"
463036,0.000937010690472594,0.00326209928327731,TRUE,NA
288333,0.000909506949253221,0.0616365575035573,TRUE,NA
899212,9.72594602924202e-06,1.44974215662492,TRUE,NA
29404,0.00306420404749888,0.696964574927705,TRUE,NA
500345,0.239423396264575,0.283901752593885,TRUE,NA
444327,0.0118240814864572,0.00173752212047816,FALSE,NA
461383,0.00061535104570122,0.573799744195756,TRUE,NA
874276,0.0038383113036189,4.98259755415773,TRUE,NA
902789,0.124857827159496,0.000123332076111324,FALSE,NA
636054,0.0512526832303446,0.00322424214709359,FALSE,NA
871448,0.012580991630521,0.419404030010143,TRUE,NA
628607,0.0579745108235585,0.0216168722444693,FALSE,NA
769984,0.132147732524462,0.0688415781365949,FALSE,NA
920051,0.0381958430716148,0.00225143584007567,FALSE,NA
540688,0.314672869476905,0.0032047111933871,FALSE,NA
721710,0.0514798028218642,1.92618221244514,TRUE,NA
19249,0.000457622878372611,3.36182835623727e-05,FALSE,NA
175322,0.275494461150481,0.0145153839056972,FALSE,NA
468051,NA,NA,NA,"Error in rep(1, N): invalid 'times' argument
"
75220,0.299811252941841,0.0506364380318223,FALSE,NA
175107,NA,NA,NA,"Error in rep(1, N): invalid 'times' argument
"
661605,0.00504053660294135,2.60839215647963,TRUE,NA
882630,0.00034663807736339,0.0221055637322588,TRUE,NA
670727,0.00214656492011978,0.0355521848772108,TRUE,NA
289498,0.129043670130926,0.0053700803952696,FALSE,NA
319074,0.0302261261349029,0.00033334605975337,FALSE,NA
959487,0.339702863539927,0.00102117199451459,FALSE,NA
548438,NA,NA,NA,"Error in glmnet(x, y, weights = weights, offset = offset, lambda = lambda, : x should be a matrix with 2 or more columns
"
870126,0.00483621499578103,0.0963480442796481,TRUE,NA
280529,0.000854083623313195,0.116694970679596,TRUE,NA
800740,0.324774031443947,0.840729557887841,TRUE,NA
886004,0.313499455563134,0.590011110766618,TRUE,NA
900849,0.00359474875291541,0.0149270947314777,TRUE,NA
589737,0.00386097347412354,0.445453047496062,TRUE,NA
995621,0.000591617305691762,1.53595849101609,TRUE,NA
403370,0.53356299386692,0.00378293571695946,FALSE,NA
420789,0.000126704393351134,0.00555111147909677,TRUE,NA
125466,5.06035825635073e-09,0.24189982255657,TRUE,NA
993069,0.0440804481906103,0.0108934580682656,FALSE,NA
274909,0.0041433827509843,0.0119295241327957,TRUE,NA
358597,0.00343884245625197,0.00929049816344409,TRUE,NA
626653,0.00210153639771191,0.283980421972294,TRUE,NA
596923,1.71259937797555e-05,0.0460606548582439,TRUE,NA
365754,0.00975491623733443,0.555537905153459,TRUE,NA
51612,0.223213581337928,0.217616764263723,FALSE,NA
892793,NA,NA,NA,"Error in rep(1, N): invalid 'times' argument
"
467543,5.06501612885051e-05,0.471017894550184,TRUE,NA
596909,0.269179949706353,0.435117048381786,TRUE,NA
333012,0.00110622633924156,0.00376418482962374,TRUE,NA
509886,0.000863847386479438,0.0078955998408431,TRUE,NA
802661,0.693799957065578,4.554024335029,TRUE,NA
735280,5.25042370664742e-05,3.60886255717368e-07,FALSE,NA
966066,0.305565186299126,0.0444743444671653,FALSE,NA
475068,0.000264422736401352,2.0810815641389,TRUE,NA
3589,NA,NA,NA,"Error in glmnet(x, y, weights = weights, offset = offset, lambda = lambda, : x should be a matrix with 2 or more columns
"
243859,0.0912370739963109,0.696736960537305,TRUE,NA
614570,0.0062775974061607,0.00333970584985073,FALSE,NA
849141,5.967878305206e-05,0.00219467900106738,TRUE,NA
608472,NA,NA,NA,"Error in glmnet(x, y, weights = weights, offset = offset, lambda = lambda, : x should be a matrix with 2 or more columns
"
812030,0.000114819612296719,0.00493410798465917,TRUE,NA
247679,0.00360920760544547,0.783523768934335,TRUE,NA
605792,0.0180981216165483,0.000260166521879711,FALSE,NA
874782,0.107379495099437,0.00220873845670736,FALSE,NA
600472,0.0220478198188659,3.76992061346839e-08,FALSE,NA
267103,0.0987108774990441,0.130851255484975,TRUE,NA
277153,NA,NA,NA,"Error in glmnet(x, y, weights = weights, offset = offset, lambda = lambda, : x should be a matrix with 2 or more columns
"
660246,0.55348010658149,0.374864068610294,FALSE,NA
948381,0.000120208317833856,1.04687214507578e-09,FALSE,NA
718062,3.14778654838067,0.00060927306073687,FALSE,NA
253853,0.00198016234024361,7.34012825592253e-05,FALSE,NA
51604,0.000454650499643464,1.65713061461207,TRUE,NA
555238,0.00335953168737362,0.0117398814073056,TRUE,NA
743559,2.39537411666028e-08,0.193264600088066,TRUE,NA
949725,0.000266909624743959,0.943027898026913,TRUE,NA
875797,0.109123364117754,0.15845170849566,TRUE,NA
369204,0.0122055423331267,0.0444513439537816,TRUE,NA
438782,1.82648362683445e-07,0.00217483582569769,TRUE,NA
312945,0.695738573784044,2.30848173721206,TRUE,NA
944021,0.160189943806381,0.669097540364384,TRUE,NA
227938,0.000129518677732254,4.46324337574919,TRUE,NA
258343,0.0112234703660042,0.00290201129097001,FALSE,NA
384687,0.0698918097227524,0.000963098888807463,FALSE,NA
750580,0.00232828641669973,0.0391832713657594,TRUE,NA
985294,0.836175147831694,0.315576983520727,FALSE,NA
439056,0.00150888258106998,3.53482520466753,TRUE,NA
457818,0.000395314929873073,0.000954283762840092,TRUE,NA
642664,0.00193754528703402,0.185940382665414,TRUE,NA
923115,NA,NA,NA,"Error in glmnet(x, y, weights = weights, offset = offset, lambda = lambda, : x should be a matrix with 2 or more columns
"
601787,0.0978130128066985,0.39334612746234,TRUE,NA
607426,0.000123979012652326,0.00116138406232649,TRUE,NA
185732,0.690927914313657,1.45358736989903,TRUE,NA
675098,0.000952614449598764,1.03479915125473,TRUE,NA
167260,0.0177299674809326,0.102879247099315,TRUE,NA
908638,0.253054385567186,0.717682959492885,TRUE,NA
510868,0.000103201485081733,0.934436159991828,TRUE,NA
895381,0.0366628247867205,0.188592684314721,TRUE,NA
294409,NA,NA,NA,"Error in rep(1, N): invalid 'times' argument
"
810336,0.000153810016708615,9.38968749203354,TRUE,NA
155422,0.773890633616226,0.00087457861656143,FALSE,NA
749073,0.004300954177917,0.293818567983615,TRUE,NA
337587,0.00216727004335082,0.00133942745046035,FALSE,NA
934001,NA,NA,NA,"Error in rep(1, N): invalid 'times' argument
"
520286,8.21258091078627e-06,2.70520452282426e-06,FALSE,NA
464761,0.0146676624886209,0.604040996021002,TRUE,NA
689844,NA,NA,NA,"Error in glmnet(x, y, weights = weights, offset = offset, lambda = lambda, : x should be a matrix with 2 or more columns
"
631668,1.26604623132748e-05,0.00577913976111124,TRUE,NA
34894,0.00322750102101941,3.48224885426601,TRUE,NA
503382,3.5681176348025e-05,3.10046216008726,TRUE,NA
432671,0.0128594659978612,1.47620579721303,TRUE,NA
492427,1.2459879400932,0.0656356078257857,FALSE,NA
30617,0.0303131865791534,2.18002101833077,TRUE,NA
919607,0.116082370725436,1.03706875691138e-07,FALSE,NA
599541,0.1657321831154,4.14534781235923,TRUE,NA
918233,6.53910883136862e-09,2.03895620294979,TRUE,NA
827585,0.000311571335490607,0.00626850084111551,TRUE,NA
966813,0.000127612998328483,6.38804753493115e-05,FALSE,NA
974033,0.0160787997188401,1.23563788573078,TRUE,NA
315743,0.000373952554837572,0.503032303873278,TRUE,NA
12418,0.0506721843901283,1.61582726771452e-05,FALSE,NA
433670,0.0184872004400889,0.00618428854847614,FALSE,NA
283259,0.000865588883629823,0.0424634112961478,TRUE,NA
201019,7.19065678124368e-05,2.52609279883767e-06,FALSE,NA
389754,5.08935015139046e-06,0.568462757760755,TRUE,NA
248808,NA,NA,NA,"Error in glmnet(x, y, weights = weights, offset = offset, lambda = lambda, : x should be a matrix with 2 or more columns
"
54193,0.00990245073872883,0.00221562116966013,FALSE,NA
551200,0.000801169602543174,0.550117973589001,TRUE,NA
915838,0.00105199265755881,0.0586668351060644,TRUE,NA
755068,0.00312628324829834,0.412053321177502,TRUE,NA
455230,0.699688053160108,0.00522500356246515,FALSE,NA
410683,0.204952878207414,0.0150404032644021,FALSE,NA
308283,0.0245237593670589,8.1722688524935e-07,FALSE,NA
678870,1.19460831460941,1.85703506266,TRUE,NA
362573,0.00236490649820916,0.213295801519722,TRUE,NA
909690,NA,NA,NA,"Error in glmnet(x, y, weights = weights, offset = offset, lambda = lambda, : x should be a matrix with 2 or more columns
"
131900,0.000214993612510197,5.39640469553636e-06,FALSE,NA
452848,0.00662649471282188,0.122374895838035,TRUE,NA
5480,0.577197933707662,0.0619643823011346,FALSE,NA
594419,0.00017602163219378,2.17567377715868,TRUE,NA
649958,0.480861138101763,0.000270267152688705,FALSE,NA
89450,0.00286715801972776,0.989458811141259,TRUE,NA
78354,0.00022618724817027,0.235201942444213,TRUE,NA
75996,0.00152584851771724,2.29915289342997,TRUE,NA
444720,1.7203872000682e-05,0.000201080485398529,TRUE,NA
791129,0.00278867548925393,0.0071092333013026,TRUE,NA
203283,0.170177309280562,1.09197946837078e-08,FALSE,NA
370708,0.0118933108377908,0.0296653510597396,TRUE,NA
359338,0.0272265220566447,0.0477190513344328,TRUE,NA
544196,0.12841196478182,0.00612899075012035,FALSE,NA
573396,0.0247670944658405,0.00135833505186436,FALSE,NA
298600,0.132478083647445,0.000430956751612497,FALSE,NA
567920,8.38703986633098e-05,2.15295835464501,TRUE,NA
717416,0.00111650879302696,0.0168774788162228,TRUE,NA
294497,0.0153581728244174,0.000697863279446408,FALSE,NA
99196,0.126720836677407,6.48903104633376,TRUE,NA
590761,0.0017148251657847,0.00655393135847951,TRUE,NA
48020,0.787264931919546,1.60720523918591,TRUE,NA
708472,0.590493918290897,0.00912984633903807,FALSE,NA
545775,0.0263969972586074,1.23027520942795,TRUE,NA
945757,0.0161047403553863,1.34383095394203,TRUE,NA
925682,0.44878252460312,7.54866268025981,TRUE,NA
922204,0.0861296529376796,0.0370133706564374,FALSE,NA
795939,NA,NA,NA,"Error in glmnet(x, y, weights = weights, offset = offset, lambda = lambda, : x should be a matrix with 2 or more columns
"
510626,0.00041953288673755,0.260234814001266,TRUE,NA
297073,5.93548829821299e-07,8.3678862730626,TRUE,NA
530736,0.0125932755358492,9.02408661893376e-05,FALSE,NA
641714,0.016146680605203,5.89641529260225,TRUE,NA
454977,1.061773928035,0.462177003829407,FALSE,NA
660399,0.00597160779000057,0.376633320643124,TRUE,NA
830861,3.50360951121218e-07,0.14152385109851,TRUE,NA
821268,0.0340915300325404,0.216064085837072,TRUE,NA
4624,4.86781469360007e-06,0.516935854156753,TRUE,NA
773,0.000877095762248917,0.572020492640124,TRUE,NA
899569,9.18753906338406e-06,0.0030937086912831,TRUE,NA
234350,0.498857972788599,1.45951106580798,TRUE,NA
731707,0.831723758925016,0.640242922562554,FALSE,NA
283906,0.0127171338409963,2.20444529793991,TRUE,NA
632573,1.85338524286165e-05,0.000606082215547984,TRUE,NA
87769,7.75648620339341e-05,2.58395194464241e-09,FALSE,NA
604420,2.12635139577793,0.0056343332837523,FALSE,NA
786850,0.196417957102093,0.0070079348822142,FALSE,NA
43154,0.81963392458816,0.000167403894407417,FALSE,NA
672198,0.000196009507254899,0.212588056442389,TRUE,NA
555520,0.00838884223407202,2.75125537399389,TRUE,NA
521444,1.45183882576864,0.411256890334196,FALSE,NA
110342,4.39176352851904e-05,6.47599624602797e-06,FALSE,NA
605293,0.00736188721171671,0.0851563903410054,TRUE,NA
251466,0.000382643952746436,0.00868632906127313,TRUE,NA
236998,6.30016189334902e-05,0.0164690250273479,TRUE,NA
10511,0.00203763660641776,0.000183888343403395,FALSE,NA
293328,0.144931599512961,0.73371618499901,TRUE,NA
942012,0.00287895575328425,0.773931791461726,TRUE,NA
132545,8.88332320486094e-06,1.9741790343769e-05,TRUE,NA
106938,2.46372611463881e-07,0.197836613796047,TRUE,NA
133019,6.46376358108558e-05,1.25327238869281,TRUE,NA
821923,0.000295319801513915,0.00142580218649148,TRUE,NA
505329,0.000680903467456969,0.000309768250300116,FALSE,NA
299378,4.93859517882196e-07,7.39049624231925e-09,FALSE,NA
928684,0.00306654967128005,0.000373914156844808,FALSE,NA
276686,0.00264775760388684,3.11078898183376,TRUE,NA
339057,0.0226233203598691,0.373588571209626,TRUE,NA
169125,2.20132108414899e-06,6.53517752753227e-05,TRUE,NA
969900,0.0179274226212651,4.34395558389147,TRUE,NA
481226,0.00502498820983271,0.506910540912879,TRUE,NA
815979,0.000398933467112914,5.77092563734505e-08,FALSE,NA
67586,0.0476447326026979,0.0408264395045782,FALSE,NA
466395,0.41138729076766,0.00558720094145159,FALSE,NA
812164,0.106514767504576,0.904028039264675,TRUE,NA
248743,0.0360699902356153,0.226139817886075,TRUE,NA
479241,NA,NA,NA,"Error in rep(1, N): invalid 'times' argument
"
368644,0.0044406474647066,4.58345527825591,TRUE,NA
865559,4.06604228548436e-06,0.325357221723983,TRUE,NA
273492,NA,NA,NA,"Error in glmnet(x, y, weights = weights, offset = offset, lambda = lambda, : x should be a matrix with 2 or more columns
"
518846,0.0789383717464059,0.055515743736009,FALSE,NA
61737,NA,NA,NA,"Error in glmnet(x, y, weights = weights, offset = offset, lambda = lambda, : x should be a matrix with 2 or more columns
"
244103,0.0733257383914327,0.00312249865865771,FALSE,NA
68207,0.00249144628067659,0.0252120050091618,TRUE,NA
39635,0.000284014371679259,1.47188800609931,TRUE,NA
841471,0.000121016357622248,0.0178906511602458,TRUE,NA
363451,0.00851498480285345,0.00411314459154256,FALSE,NA
841672,NA,NA,NA,"Error in glmnet(x, y, weights = weights, offset = offset, lambda = lambda, : x should be a matrix with 2 or more columns
"
42694,0.0275877382340631,0.00442291770492184,FALSE,NA
240692,NA,NA,NA,"Error in glmnet(x, y, weights = weights, offset = offset, lambda = lambda, : x should be a matrix with 2 or more columns
"
510640,0.27433550813203,0.0054184127567539,FALSE,NA
283438,0.241273117936519,0.304972725997585,TRUE,NA
104675,0.00127674442128152,5.02416290540534,TRUE,NA
175456,0.575663201257454,0.0426245435746707,FALSE,NA
923650,0.192647188135237,3.70810359674334,TRUE,NA
163645,0.207004980709389,6.63269309751527e-05,FALSE,NA
194120,0.0259029723467731,3.04810173285654e-06,FALSE,NA
645641,0.000398706586698903,0.000183671818953639,FALSE,NA
636549,0.213101739879799,0.278193259437394,TRUE,NA
880881,0.0055006488681814,0.455708992707385,TRUE,NA
758986,0.000438789608649971,0.0420164407707088,TRUE,NA
250959,0.00269514555663835,0.0917604560464957,TRUE,NA
617853,0.0174932170212997,0.737723089509134,TRUE,NA
408839,0.0793313415027613,0.202474544346005,TRUE,NA
865534,0.000727799072413979,0.00124000846461667,TRUE,NA
353229,NA,NA,NA,"Error in rep(1, N): invalid 'times' argument
"
203898,0.0655628737541273,0.000501493249418166,FALSE,NA
480501,0.00129369952526288,0.000488301314370606,FALSE,NA
871855,3.47748254709899e-05,0.0247784674339734,TRUE,NA
627537,0.00353654688599105,0.466462801941972,TRUE,NA
226580,0.00222347768434717,1.37641788696297,TRUE,NA
991615,0.00469074108624106,0.000632309449884234,FALSE,NA
60560,0.00130897613278175,0.00461923727638932,TRUE,NA
517006,3.65117371601045e-07,0.000945535585425987,TRUE,NA
930144,0.17186804260629,0.880821804436618,TRUE,NA
506855,0.00953543335277663,0.000172739263346638,FALSE,NA
740798,0.00338858497394631,1.51628987138202,TRUE,NA
330032,0.0290607379671879,0.0934678565676003,TRUE,NA
868029,0.00120944957906082,0.0310871522434667,TRUE,NA
506368,0.145682446719363,0.580741272073247,TRUE,NA
660411,0.138021640859074,0.810813152340718,TRUE,NA
964774,0.721305962516907,6.77617871830263,TRUE,NA
920049,0.000894179936042723,0.000267745598957231,FALSE,NA
38213,0.00182654333289793,0.436101663535257,TRUE,NA
678807,3.37613639637535e-07,8.14236273062949e-06,TRUE,NA
399563,0.0242514103176437,0.908441736071627,TRUE,NA
98650,7.31622059584975e-05,2.4610564737654e-06,FALSE,NA
705432,0.325670947868106,0.230840619493561,FALSE,NA
740414,0.00128484799976708,1.39030163162396,TRUE,NA
478154,0.00388003266292661,0.1807469653525,TRUE,NA
79221,0.0429877588841364,2.03023343833364,TRUE,NA
693302,0.287793920625907,0.0259736257707401,FALSE,NA
498994,0.0326234366157385,0.00019050562206242,FALSE,NA
2961,0.000737071477902297,0.0508527272597296,TRUE,NA
328778,0.000218190769217741,0.15196241491784,TRUE,NA
438742,0.110668189885042,0.244198815990574,TRUE,NA
331822,2.7458878584248e-05,0.254934292949774,TRUE,NA
298954,0.129932785867886,1.1493792218594,TRUE,NA
106406,7.64824027188441e-06,0.000740802564177766,TRUE,NA
886497,0.825087970446398,0.000138585461504279,FALSE,NA
96372,0.0837566060874334,0.147579382283672,TRUE,NA
262320,0.158189594112502,4.85581016400386,TRUE,NA
317583,0.000922416695190802,0.0336242585887316,TRUE,NA
105993,0.0317039210890913,0.0764663442713901,TRUE,NA
739609,NA,NA,NA,"Error in rep(1, N): invalid 'times' argument
"
467962,NA,NA,NA,"Error in glmnet(x, y, weights = weights, offset = offset, lambda = lambda, : x should be a matrix with 2 or more columns
"
155666,0.00740532708154912,0.00195992964530195,FALSE,NA
145524,0.0390032430473995,0.0211940884299136,FALSE,NA
705954,0.00458760930848236,0.0138331041541665,TRUE,NA
49882,0.000612577748614446,2.10228030456841,TRUE,NA
586915,0.087524086793823,0.000301967099535612,FALSE,NA
923421,0.251734918907698,0.387498718589416,TRUE,NA
522679,0.0638543048697078,0.00515819784495057,FALSE,NA
621149,0.000333023768340735,0.593655559843085,TRUE,NA
662034,2.49102370892861e-05,0.022988244247555,TRUE,NA
136538,0.000353612289615492,0.315691926316236,TRUE,NA
761704,0.285398910698321,2.15497690475657e-05,FALSE,NA
169381,NA,NA,NA,"Error in glmnet(x, y, weights = weights, offset = offset, lambda = lambda, : x should be a matrix with 2 or more columns
"
857596,0.0068763757166385,0.00054890953686302,FALSE,NA
139868,0.00240472683637438,0.0291409690532655,TRUE,NA
660707,5.61482337183602e-06,0.00787199704623564,TRUE,NA
820141,0.0940564777756649,0.634913281519419,TRUE,NA
124359,0.0591006671441329,0.650003758041148,TRUE,NA
852679,0.161680801832826,0.000245635924899693,FALSE,NA
776225,0.00604324160299733,0.000271991800295398,FALSE,NA
708474,0.000195028866491164,0.0057896526544018,TRUE,NA
799275,0.00251423290024996,0.000881722265577292,FALSE,NA
257459,5.47299800104732e-05,0.00127314534187351,TRUE,NA
275402,0.00014650161765857,0.467525095610223,TRUE,NA
590528,0.0262829143321085,3.10803535259586,TRUE,NA
928827,0.00278268426503312,0.0214519509547859,TRUE,NA
727364,0.00635132043928139,0.00019163173198805,FALSE,NA
948642,0.129386240298903,0.0817076666564807,FALSE,NA
851084,0.116962994574717,0.00186413698253947,FALSE,NA
328310,NA,NA,NA,"Error in glmnet(x, y, weights = weights, offset = offset, lambda = lambda, : x should be a matrix with 2 or more columns
"
509766,0.107269005646052,1.88623566234486,TRUE,NA
767017,0.0600312741225796,4.47929208168603e-05,FALSE,NA
683156,0.00176822966858466,1.18329033085357,TRUE,NA
195332,0.0207627147135845,0.0413271149900008,TRUE,NA
929196,0.00357909378244584,0.00147090614122315,FALSE,NA
521109,0.00409123486399576,0.00169375396465805,FALSE,NA
123894,0.0934406729222872,5.33412838610928e-07,FALSE,NA
766756,0.789048382688138,0.0246289290333132,FALSE,NA
286762,0.0797619247984288,5.64986501491361,TRUE,NA
681699,0.00119098904149094,0.0016295761650743,TRUE,NA
473611,0.00103728828610536,5.40872776874285e-05,FALSE,NA
563780,NA,NA,NA,"Error in glmnet(x, y, weights = weights, offset = offset, lambda = lambda, : x should be a matrix with 2 or more columns
"
819799,0.00185030297306841,1.63611178004507,TRUE,NA
289061,0.009151381732194,0.00780231746700265,FALSE,NA
46245,0.280693689788606,0.000873453791694346,FALSE,NA
973868,2.11212092336854,0.0502523518836248,FALSE,NA
494223,0.00536261369901749,0.0048552721859302,FALSE,NA
871236,NA,NA,NA,"Error in rep(1, N): invalid 'times' argument
"
971087,0.0932986309396983,6.07304020649125,TRUE,NA
125336,0.0361457889791162,0.00296115565025936,FALSE,NA
555097,0.208404137828342,0.0323848450103618,FALSE,NA
515973,0.0205071244613793,0.331901604205072,TRUE,NA
686222,0.00112695678262218,2.44015104736283,TRUE,NA
418852,0.0157384261477663,0.884658635041115,TRUE,NA
982879,0.467773763560369,1.32863503603364,TRUE,NA
825788,0.184237604509939,1.09973120437287,TRUE,NA
910395,0.000297323551419922,2.94389542353993e-05,FALSE,NA
113778,0.00740233740301433,7.52740401133181,TRUE,NA
483868,0.0844353090515115,1.36593302410932,TRUE,NA
408452,0.0109190683040978,0.809379024231094,TRUE,NA
490679,0.003474023868444,1.44910210365584e-05,FALSE,NA
431730,0.00236358865399308,2.34796263173519,TRUE,NA
967813,1.02188171994092,0.00270573830889351,FALSE,NA
773357,0.000215388530359133,1.29172849017146,TRUE,NA
905527,0.845178411991848,0.123590792800311,FALSE,NA
932119,0.00199099909145813,0.000223060774686093,FALSE,NA
480075,NA,NA,NA,"Error in glmnet(x, y, weights = weights, offset = offset, lambda = lambda, : x should be a matrix with 2 or more columns
"
55081,0.136672425055736,0.25471925504393,TRUE,NA
251426,0.0675929078861117,0.0210013411384883,FALSE,NA
262761,0.0120360315977861,2.287482739786,TRUE,NA
575044,0.00416747873835218,7.74986297321655e-05,FALSE,NA
529156,0.00771733553043533,8.41478216949155e-05,FALSE,NA
506677,1.77757630607949e-06,3.61858330858839,TRUE,NA
834043,0.0043711380371383,2.10831098412446,TRUE,NA
794947,0.0010473800485005,1.92129222081541,TRUE,NA
194295,3.14975641924171e-06,0.768773203854916,TRUE,NA
705407,NA,NA,NA,"Error in glmnet(x, y, weights = weights, offset = offset, lambda = lambda, : x should be a matrix with 2 or more columns
"
33207,0.00454993507085434,0.0488304475803189,TRUE,NA
339109,4.18003555204764,0.3550828147259,FALSE,NA
473978,0.00030447993649917,0.000709111304593702,TRUE,NA
912621,0.0427233230390338,1.26594070517143,TRUE,NA
230169,0.00755006296644436,0.000484993524500034,FALSE,NA
746802,0.000151901868317829,0.000631637876744844,TRUE,NA
373316,0.000492681952501664,0.103800658705514,TRUE,NA
482830,0.00914149984442722,0.207008857075838,TRUE,NA
163348,0.542996045010301,0.042907466822462,FALSE,NA
173043,0.162654277086794,0.000473483901747644,FALSE,NA
500751,0.00044296575492077,4.15706532862722e-05,FALSE,NA
869697,0.00432488576388345,0.218291165731425,TRUE,NA
741923,0.212899510152183,2.32201990117717,TRUE,NA
971274,0.0381192386046466,0.0579097782719605,TRUE,NA
603289,6.13287821845187e-05,2.41412397172047e-06,FALSE,NA
768498,3.36801759464081e-05,0.000553233319922293,TRUE,NA
225543,0.183322338421418,0.500642117235377,TRUE,NA
12124,0.134584585983872,1.15395687978145,TRUE,NA
480257,0.030659752854882,0.00168972789263759,FALSE,NA
659104,0.107054572889695,1.51832079919131,TRUE,NA
94877,0.185038287350344,0.0411456104358043,FALSE,NA
768326,0.0518319386643097,0.410883718636686,TRUE,NA
615714,0.0383935590292432,9.33620744559492e-05,FALSE,NA
193428,0.598782077681455,4.96287044350098e-05,FALSE,NA
834442,0.0479598971618067,0.0772354583144285,TRUE,NA
100715,0.0483092459795241,0.045563584099335,FALSE,NA
314656,0.337733818583517,2.44645638265439,TRUE,NA
23082,0.0276133130895624,1.10171148833078e-07,FALSE,NA
638464,1.54105018985071e-05,0.733555827521333,TRUE,NA
261558,0.280719055158067,2.48697859839772e-05,FALSE,NA
103178,0.0178875099057725,0.0632647248729932,TRUE,NA
466098,0.0318071205392649,6.66888610954358e-06,FALSE,NA
345244,0.0013480395703482,0.0019248395623527,TRUE,NA
645094,0.000885204359449586,0.689221132620244,TRUE,NA
149023,0.00988008503203301,1.14543130656177,TRUE,NA
794269,9.97023553023442e-06,0.00143327697928574,TRUE,NA
255477,0.526716873479321,0.864046956858443,TRUE,NA
748971,0.0120896665908604,0.00381068649851996,FALSE,NA
584199,0.00378938558079664,0.0231584311861471,TRUE,NA
57138,0.627342863012728,0.0055306382128385,FALSE,NA
781945,0.000126282527614891,0.00181087716824267,TRUE,NA
970537,0.00531899667827138,5.72021351545333e-05,FALSE,NA
582448,0.00258737021166639,0.0635698261691688,TRUE,NA
364397,0.139433898498967,0.0332001170411244,FALSE,NA
629645,0.000253295490182331,0.00234750738928828,TRUE,NA
254727,0.00733465041625001,1.13701406426857,TRUE,NA
971992,0.0184254604002113,0.00646235590460486,FALSE,NA
278256,NA,NA,NA,"Error in rep(1, N): invalid 'times' argument
"
701592,0.00943435682851291,0.468806599493852,TRUE,NA
963503,NA,NA,NA,"Error in glmnet(x, y, weights = weights, offset = offset, lambda = lambda, : x should be a matrix with 2 or more columns
"
579218,0.004896519640311,4.64629689433838,TRUE,NA
556519,0.00158101970950359,0.000495289624466964,FALSE,NA
867711,NA,NA,NA,"Error in rep(1, N): invalid 'times' argument
"
345843,0.0399736108208721,0.0501846822417058,TRUE,NA
490962,0.11969643706312,2.33905515991355,TRUE,NA
13263,0.0255644194020925,0.0117259538831112,FALSE,NA
419529,0.000820723661034333,0.00109018472098148,TRUE,NA
915543,0.0401715839429388,2.54283744466566,TRUE,NA
806435,0.0490872958151713,0.0132385278817307,FALSE,NA
813960,0.018609774222663,0.0113514049870779,FALSE,NA
512118,NA,NA,NA,"Error in glmnet(x, y, weights = weights, offset = offset, lambda = lambda, : x should be a matrix with 2 or more columns
"
775654,0.0676743848905121,0.0236373683327885,FALSE,NA
470105,0.0121193579542529,0.0221934526725524,TRUE,NA
200478,0.00209248781591427,0.000511881064351412,FALSE,NA
966301,0.035966126692494,0.000110518912427411,FALSE,NA
171428,5.61311663973435e-10,1.58219698183577e-05,TRUE,NA
577788,0.000160680830038063,7.15953784108771e-05,FALSE,NA
536769,NA,NA,NA,"Error in rep(1, N): invalid 'times' argument
"
99921,9.84866763807495e-06,0.053022373660551,TRUE,NA
38145,0.623513656193714,1.08972024979646,TRUE,NA
207981,8.85866356398059e-05,0.0224101730138538,TRUE,NA
793786,0.143973879583036,0.00458047364519519,FALSE,NA
655447,NA,NA,NA,"Error in rep(1, N): invalid 'times' argument
"
862439,0.0018668339181924,3.04378359987788e-07,FALSE,NA
814878,0.27933360471202,0.0108081396257118,FALSE,NA
453734,0.0773032483984435,0.569589009161151,TRUE,NA
819715,0.00533787020452215,0.727111665002311,TRUE,NA
243078,4.99644010545573e-05,0.00320855394025656,TRUE,NA
31053,3.56653889766536e-05,0.0427987833270776,TRUE,NA
477903,0.00619344167589324,0.317155367203868,TRUE,NA
279101,0.00427366198290032,1.28915642012987e-06,FALSE,NA
823319,0.0137738843928082,0.898962304411364,TRUE,NA
679310,0.0119878992022026,0.000260341086278788,FALSE,NA
795525,0.00994397599088451,0.416045598857099,TRUE,NA
413870,0.01384880913686,2.22631950084469,TRUE,NA
8457,0.00230455455237669,0.937726268230143,TRUE,NA
311921,0.000742829980604024,0.00757988366818544,TRUE,NA
236002,0.130506301074259,0.687298863471471,TRUE,NA
897067,0.0351459427129933,0.0723448886407605,TRUE,NA
78739,0.0684349200373901,0.0112017440197935,FALSE,NA
800162,0.00325647332963649,0.00159255433580108,FALSE,NA
439290,1.65212612939185,0.101469196783658,FALSE,NA
220331,0.00342888898496288,0.721765602789592,TRUE,NA
631800,0.114791219900399,5.85953035664807,TRUE,NA
43399,0.000490589148777796,0.0516147409026236,TRUE,NA
173789,0.224633335894742,1.38145662792211e-07,FALSE,NA
15856,0.00982051533969718,0.217993336995034,TRUE,NA
881169,0.0959298509883903,2.40735601393342,TRUE,NA
952918,0.00633733120080956,0.0136263094442368,TRUE,NA
116196,0.0313349076454775,3.10007522836326,TRUE,NA
46702,0.0156253378115566,0.0260560032759561,TRUE,NA
261140,0.00370537804590204,0.377444588079004,TRUE,NA
169351,0.175908044524188,0.677614042375901,TRUE,NA
437433,0.340960567010395,0.0546384518335461,FALSE,NA
210037,0.0206893642143036,0.0796877412508093,TRUE,NA
116206,0.00123696456990585,0.0479540442232925,TRUE,NA
142230,0.00618033360430781,1.38330933992076,TRUE,NA
394879,0.0307942058913112,0.563139414731443,TRUE,NA
266877,0.00026291170658958,0.024992189629955,TRUE,NA
636980,0.0324398085703252,0.719341817491003,TRUE,NA
101663,0.0558221572016156,0.00311928010286834,FALSE,NA
797602,0.0221484072759122,0.138291793543592,TRUE,NA
495025,0.0103430696703979,1.92840712646323e-05,FALSE,NA
609822,1.05076403649711e-06,1.70650293209289e-06,TRUE,NA
713209,0.0677835695345088,1.12728604419319,TRUE,NA
483048,0.142896019338972,0.88719537441979,TRUE,NA
519000,NA,NA,NA,"Error in glmnet(x, y, weights = weights, offset = offset, lambda = lambda, : x should be a matrix with 2 or more columns
"
140184,0.154976348273833,1.17561140798712,TRUE,NA
94917,0.00297079228550454,0.452546836879372,TRUE,NA
766803,0.0269008184679947,0.933812310139716,TRUE,NA
889924,0.000482568605979042,0.135014770818775,TRUE,NA
96371,1.42925341648423e-06,0.0187290999943363,TRUE,NA
357037,5.59812799285765e-06,0.0302618430402083,TRUE,NA
629656,0.065876734625679,0.687830581640825,TRUE,NA
96423,0.00901387167500557,0.0168452961548371,TRUE,NA
732442,0.000496701654070276,0.000799753693717299,TRUE,NA
813894,3.73354124294632e-05,1.49709123939981,TRUE,NA
852346,0.0252266543852915,4.4910406792791e-05,FALSE,NA
252068,0.0513458452174662,0.0034573598913303,FALSE,NA
526396,0.436903481095866,0.137341064213006,FALSE,NA
905609,1.08677441746956e-06,0.00168406035810496,TRUE,NA
866506,0.156965758528303,0.0198937739181639,FALSE,NA
10119,0.00239198559676017,0.0169869021276603,TRUE,NA
970069,0.00153094057656284,0.00988284525519417,TRUE,NA
621985,0.00570216285304939,8.05947872253436e-07,FALSE,NA
763073,NA,NA,NA,"Error in glmnet(x, y, weights = weights, offset = offset, lambda = lambda, : x should be a matrix with 2 or more columns
"
459134,0.000116036502810628,4.97887531186112e-06,FALSE,NA
908316,0.0173244112194448,0.327303744685762,TRUE,NA
166052,5.26756496491077e-07,5.09716569672113,TRUE,NA
912957,0.000116877625949591,2.00966342156911,TRUE,NA
56091,0.00912575059418956,0.00118248434379804,FALSE,NA
398966,0.00211674986601907,0.297879922610799,TRUE,NA
312692,0.244119167554468,0.512226440627409,TRUE,NA
991318,2.04041380069445e-07,0.00218054209497382,TRUE,NA
37112,0.00382719951969446,0.279367245305038,TRUE,NA
287423,0.00998036475929058,0.00743521758091312,FALSE,NA
44278,0.00124619472702094,2.79020590487456,TRUE,NA
613821,1.62399250423121e-05,2.11000377055946,TRUE,NA
243635,0.000393090397094951,0.983958292442815,TRUE,NA
552919,0.000595432887171847,4.20104298930736,TRUE,NA
382680,0.00105014660497104,0.00133011569169881,TRUE,NA
916068,0.000684996000531346,6.31944939347346,TRUE,NA
924614,0.190839895063255,2.83960731815045,TRUE,NA
617396,0.997517240372687,0.171091892797212,FALSE,NA
475324,0.00915843179913258,0.000421346387803006,FALSE,NA
31908,0.0897046196747666,0.621977386925808,TRUE,NA
420399,0.373510109107776,2.20105404945752,TRUE,NA
425870,0.0664949543389115,0.0536088286923846,FALSE,NA
806218,0.0692542589836088,0.0356856758014601,FALSE,NA
771840,0.00918962498309443,0.649868141077953,TRUE,NA
312819,0.0228403026333997,0.038567814496733,TRUE,NA
645127,0.0271581368029354,0.0482812624093626,TRUE,NA
825311,NA,NA,NA,"Error in glmnet(x, y, weights = weights, offset = offset, lambda = lambda, : x should be a matrix with 2 or more columns
"
528768,0.0487783355204843,0.726700080890732,TRUE,NA
812166,0.000240609023467033,2.27397081149309,TRUE,NA
180275,0.000711696756284635,0.000742360634112421,TRUE,NA
435002,0.000249881220446569,3.19626533139854e-07,FALSE,NA
972171,0.231122097781777,0.918788519435413,TRUE,NA
869019,6.65027571557446e-05,8.36521573607986e-06,FALSE,NA
395374,0.00128756553655495,6.65350612276411e-05,FALSE,NA
193662,0.310026178244327,6.16691624278677e-05,FALSE,NA
922545,0.00175330088705827,0.0915361616720434,TRUE,NA
205126,0.00811509532875171,0.000510552763749441,FALSE,NA
182583,0.00722048101222094,0.582514893051949,TRUE,NA
990508,0.0585759761727503,0.138020667131752,TRUE,NA
197630,0.0076449334817871,1.07992353998405,TRUE,NA
83340,0.131153510476051,0.0021648417601113,FALSE,NA
807005,0.0176285293568529,0.0124846515624402,FALSE,NA
588495,0.00709310490025421,0.000832137085144697,FALSE,NA
826223,0.00272170718421075,0.365556642035952,TRUE,NA
821033,0.115970361541568,0.0273453404343611,FALSE,NA
613559,1.93766692652732,3.23339468253225,TRUE,NA
83188,0.0387303332496546,1.5324952761688,TRUE,NA
449098,0.000771110160901643,0.180972735200652,TRUE,NA
539721,0.000667602998295519,2.46275909078558e-06,FALSE,NA
764904,0.0512369808442368,0.256585077495509,TRUE,NA
46454,0.000774758766730467,2.30614484946495,TRUE,NA
949266,0.677139167109901,0.321280813069964,FALSE,NA
869242,0.0376078971037697,0.116923289648105,TRUE,NA
143873,0.0203066527079231,1.53216950742221e-06,FALSE,NA
314504,0.0165890329799247,0.0630219406059503,TRUE,NA
920414,0.0488592987622371,0.00147510536154136,FALSE,NA
521450,0.0749628882135755,0.0447282021998237,FALSE,NA
464654,3.13366951345234,0.00738730962403685,FALSE,NA
996243,0.00970474922150803,2.65317117096838,TRUE,NA
510,0.004740144434749,0.0149075611472776,TRUE,NA
217668,0.00018451026275127,0.240952201572347,TRUE,NA
500988,0.00256177343905234,5.84641883007921,TRUE,NA
852205,0.00409973961880473,0.526958408768181,TRUE,NA
703124,2.41744846655393e-09,0.000376059192541739,TRUE,NA
483444,0.00866831195298603,0.387080032500023,TRUE,NA
654324,NA,NA,NA,"Error in glmnet(x, y, weights = weights, offset = offset, lambda = lambda, : x should be a matrix with 2 or more columns
"
258261,0.00135496730097487,0.00306845014663875,TRUE,NA
355411,0.162820146377506,6.93091423858898e-06,FALSE,NA
806274,4.69852937692586e-07,1.99916237956313,TRUE,NA
412110,0.116073275832651,1.32173700391548,TRUE,NA
852504,0.0003127891272023,0.0868610795143719,TRUE,NA
210306,0.463877685693119,0.353771194029061,FALSE,NA
478571,4.94419624505956,2.02912797627488,FALSE,NA
678983,0.378759261761019,0.918829484475892,TRUE,NA
764360,0.838251034693527,1.48771945172704,TRUE,NA
554045,0.108627793652925,0.00062279922163912,FALSE,NA
506077,0.217748563773225,4.2338847307365,TRUE,NA
953583,NA,NA,NA,"Error in rep(1, N): invalid 'times' argument
"
667711,0.000446521775981303,0.134484974068251,TRUE,NA
837414,0.000199236958371381,0.0514361589574315,TRUE,NA
638037,0.00659892737370743,0.136409614485788,TRUE,NA
546044,0.0477762140155784,0.0162389574164783,FALSE,NA
284427,0.00236079168141962,3.20010813102129,TRUE,NA
24120,0.188283437516977,0.00575740982759493,FALSE,NA
548409,0.211154340939062,1.13793345531463e-05,FALSE,NA
102560,5.160387566564e-05,2.78420684696259e-06,FALSE,NA
157813,0.00749674307161907,0.0459619874220886,TRUE,NA
222500,6.15726659740652e-08,5.74445362718912e-05,TRUE,NA
816211,0.00255639646397626,3.08983486980824e-05,FALSE,NA
739920,1.40177738056197e-05,4.46616307230177,TRUE,NA
911685,0.00347572101041138,0.0354538573268413,TRUE,NA
624774,NA,NA,NA,"Error in glmnet(x, y, weights = weights, offset = offset, lambda = lambda, : x should be a matrix with 2 or more columns
"
814549,0.00672019559525798,0.00751642868672548,TRUE,NA
253966,0.0340215767462674,1.96951895824652,TRUE,NA
581080,0.00270658619650726,0.0322626628228823,TRUE,NA
634528,0.000250823522782509,2.18246488449025e-05,FALSE,NA
434671,0.0287429824270645,0.0943933523461973,TRUE,NA
198111,0.182588594769997,3.15870164925848e-06,FALSE,NA
874296,1.90225781900484e-07,0.00915486205728574,TRUE,NA
643960,0.0585977588325412,0.371965765186591,TRUE,NA
219180,0.0118468886961898,0.0498640098929375,TRUE,NA
21096,0.00515197959144404,1.09593604292001,TRUE,NA
488079,0.0031994768276566,0.00401701989361292,TRUE,NA
592763,0.00258677578523227,0.713155321483613,TRUE,NA
209019,0.00271012108798912,0.0123096708946489,TRUE,NA
580682,0.0500092118258641,0.369924442014818,TRUE,NA
311664,NA,NA,NA,"Error in rep(1, N): invalid 'times' argument
"
844236,0.640934724539368,0.0192612661596608,FALSE,NA
933715,0.011560274233732,10.9340899539467,TRUE,NA
616737,0.0159594723431245,0.00141503149580931,FALSE,NA
717436,0.0255667095257685,0.0724980548824901,TRUE,NA
528962,5.33445471741586e-05,3.52315668682772e-05,FALSE,NA
437782,0.0074788594783566,9.64176016427452e-05,FALSE,NA
723516,0.093809449042558,0.962653942833868,TRUE,NA
73125,0.00501476192446376,0.000103637660029779,FALSE,NA
247230,0.00825410152421034,0.0109384252891708,TRUE,NA
230705,0.0364910406528993,0.0307553485580278,FALSE,NA
654730,NA,NA,NA,"Error in glmnet(x, y, weights = weights, offset = offset, lambda = lambda, : x should be a matrix with 2 or more columns
"
62643,0.000121073180633425,7.70745550816187e-06,FALSE,NA
707151,0.000326294977480101,1.27687239927138e-05,FALSE,NA
960436,0.000166186315345447,0.0576079578816113,TRUE,NA
561923,0.0241146273951254,0.297767017481753,TRUE,NA
491639,0.570438982904487,4.33049496048213,TRUE,NA
387386,0.0185196705055339,0.237332699157216,TRUE,NA
129635,0.207748479161623,9.47755004530611e-06,FALSE,NA
933007,0.000630244287943596,9.12329521769908e-05,FALSE,NA
872704,0.00060265264235004,0.842919885553379,TRUE,NA
618584,NA,NA,NA,"Error in glmnet(x, y, weights = weights, offset = offset, lambda = lambda, : x should be a matrix with 2 or more columns
"
515631,3.73549610069758e-07,4.1020240662095,TRUE,NA
55449,0.00505599368313353,4.33471286307297,TRUE,NA
769397,0.00756098403311763,0.122511966715635,TRUE,NA
902945,0.00632857535703477,0.0955792988036326,TRUE,NA
627967,0.0177975737038616,0.0370521228434351,TRUE,NA
703081,0.0636219709676958,0.000360070144007921,FALSE,NA
510702,0.00399474191640588,0.012503466194711,TRUE,NA
976289,0.0181132029587434,1.20240576370642,TRUE,NA
64887,0.0100239882235935,0.000139966669130854,FALSE,NA
54496,0.0200970537009604,1.07867073460487,TRUE,NA
389257,0.00182294167739397,4.30755834040355e-06,FALSE,NA
860328,0.000933845930669012,0.0198921483262633,TRUE,NA
940432,0.00373968771178506,0.134927686527321,TRUE,NA
653956,4.55527615731923e-10,0.479621561105477,TRUE,NA
357723,0.00214209468953596,1.19990206264343,TRUE,NA
480119,1.68004266204764,0.618293624573138,FALSE,NA
145547,0.252386653119751,0.00100448099586727,FALSE,NA
224994,0.0152081423494866,1.27028042685235,TRUE,NA
837849,0.00245893792410565,0.00696802093146053,TRUE,NA
491278,NA,NA,NA,"Error in rep(1, N): invalid 'times' argument
"
953849,0.146343536179912,0.00290534524506703,FALSE,NA
643600,0.143281914210957,1.75153346847219,TRUE,NA
952466,0.00500165404371248,0.000263473459931533,FALSE,NA
208007,2.28840289617311e-05,0.0394228899792051,TRUE,NA
128343,4.54577718425913e-07,3.93272591621485,TRUE,NA
925065,0.00202059395667184,0.0582784898662114,TRUE,NA
290984,1.34722851778708e-05,6.09433915251595e-08,FALSE,NA
326766,0.00545385111115475,0.0386284841115983,TRUE,NA
150794,0.00634861405554077,0.0266171316714866,TRUE,NA
858522,0.153831718967685,0.67746993297341,TRUE,NA
671271,0.0382576933575054,0.582890256256736,TRUE,NA
960333,0.0266965163028434,0.139324153096712,TRUE,NA
845539,0.0503409745922612,0.0777551698392774,TRUE,NA
743538,NA,NA,NA,"Error in rep(1, N): invalid 'times' argument
"
66106,0.000250512642564186,4.59533673328808e-05,FALSE,NA
60645,0.00136449100340793,8.03847315843799,TRUE,NA
52534,9.7533699760672e-05,0.00109964967693268,TRUE,NA
53791,0.013778743182732,0.000168257176295292,FALSE,NA
421089,0.0144984533940021,0.910102363123358,TRUE,NA
29603,1.26537126854404e-06,3.23942879010626,TRUE,NA
293371,0.00863803809976368,0.0481167631364742,TRUE,NA
961376,0.0153601310250118,0.00132844150602211,FALSE,NA
835011,NA,NA,NA,"Error in glmnet(x, y, weights = weights, offset = offset, lambda = lambda, : x should be a matrix with 2 or more columns
"
114900,0.000971806521028771,7.82459973309486e-05,FALSE,NA
609533,0.00256714668195506,0.033718623012188,TRUE,NA
952578,0.00387255080180112,1.35368405214247e-05,FALSE,NA
452852,0.00397488404305024,0.16002156425185,TRUE,NA
137488,0.00414722269350838,1.01328137328831,TRUE,NA
934216,0.0021141697000012,9.17054925841834e-05,FALSE,NA
817484,0.114861179469408,0.0964479616681993,FALSE,NA
442173,0.0573570397957551,0.165804322356633,TRUE,NA
271600,0.00214429410782144,0.200541312442186,TRUE,NA
588335,0.00660762021658773,0.0388588089795479,TRUE,NA
987925,0.00719828873115251,0.0470745533096209,TRUE,NA
217406,0.00740023495448352,0.825870159791197,TRUE,NA
30440,0.0041040717934969,0.175777017542659,TRUE,NA
897768,0.15498212038359,0.0212851275041187,FALSE,NA
790462,0.0203328975956702,3.92325035934278e-06,FALSE,NA
547714,2.53957717071781e-05,0.00167183257250638,TRUE,NA
240403,0.0304750302227502,0.449050022872284,TRUE,NA
67476,0.556341255251053,2.55962980009853,TRUE,NA
343188,0.000851815972138308,0.283851607014954,TRUE,NA
813327,0.0741267152275817,4.8486114527272,TRUE,NA
129932,0.169893081686862,0.00404075083145932,FALSE,NA
854226,0.019745744459352,1.24375143711577,TRUE,NA
615937,0.0526204346030845,0.00222019590630871,FALSE,NA
290311,1.01113818861131,4.68115281720343,TRUE,NA
824166,0.000182713765406779,2.1219959323573,TRUE,NA
326240,0.000124799806191023,7.72866062270585e-07,FALSE,NA
781638,0.543653573231854,2.01371595937382,TRUE,NA
635092,0.00172067578757228,0.00826858195137572,TRUE,NA
399997,0.0171968106665368,3.16651957158769,TRUE,NA
511785,0.105987171857399,0.0638982759817705,FALSE,NA
636888,0.00163953465711611,0.00281001989439624,TRUE,NA
632653,0.0163678742834648,0.00119958222125569,FALSE,NA
502951,0.000890717475917032,0.00144200661271415,TRUE,NA
39850,0.822046058761434,0.30384585408688,FALSE,NA
784660,0.0906604929046904,0.00297361097824197,FALSE,NA
708195,0.0583382843782478,0.00232321154719101,FALSE,NA
67611,0.690649185874663,0.0620047990509674,FALSE,NA
199570,0.178933472467009,0.018343762376096,FALSE,NA
931270,NA,NA,NA,"Error in glmnet(x, y, weights = weights, offset = offset, lambda = lambda, : x should be a matrix with 2 or more columns
"
903638,0.0355797393424312,0.000554692556442001,FALSE,NA
508618,0.677652633384398,0.934730842515758,TRUE,NA
762098,0.00537938190156765,0.00319954925150911,FALSE,NA
461411,0.0823006278609109,0.000141594479422317,FALSE,NA
867631,0.0228336053260114,0.0689224013811281,TRUE,NA
201509,0.000411673961454475,0.000160963174679962,FALSE,NA
684742,0.00159464311730772,2.1614252712586,TRUE,NA
246367,0.0221183810323211,0.00124733347173723,FALSE,NA
548823,NA,NA,NA,"Error in glmnet(x, y, weights = weights, offset = offset, lambda = lambda, : x should be a matrix with 2 or more columns
"
97168,0.945362065459953,1.50334536478869e-06,FALSE,NA
37243,0.00051837804050515,0.156529567263211,TRUE,NA
954284,0.0107087095777709,0.150219933352838,TRUE,NA
68404,0.0169563326359107,0.00665430714101249,FALSE,NA
433314,0.00632161102872242,0.246980717741638,TRUE,NA
524674,0.03949373515586,0.00109461385412838,FALSE,NA
625442,0.00467446208333074,0.00350397000873706,FALSE,NA
99654,0.122801565310937,1.70973773613529,TRUE,NA
136985,8.47530964834452e-05,0.483459624803615,TRUE,NA
442385,0.0090309873884176,0.257104648334917,TRUE,NA
871362,0.128301470317697,9.22815155772541e-05,FALSE,NA
253652,0.0031614193380523,0.000400424242471594,FALSE,NA
281148,0.00622773484255808,0.00829179350385007,TRUE,NA
658429,0.000252901111546594,4.27853447639426e-05,FALSE,NA
306668,0.205725764907482,0.00609548779443164,FALSE,NA
494387,0.000914287738232594,0.0122403520072696,TRUE,NA
657732,3.12209981399295e-06,1.61799348077751,TRUE,NA
476723,0.198148025683969,0.294350628784855,TRUE,NA
115810,0.0046224981554111,0.000151832565629149,FALSE,NA
955731,1.24973786803748,0.00460855692271859,FALSE,NA
293051,0.0174851589178316,2.58011834869735e-05,FALSE,NA
105572,4.72850957089341e-05,0.000261749745414142,TRUE,NA
411241,1.35904722474834,0.178491001150915,FALSE,NA
868230,0.0969680200442016,0.00594630777373607,FALSE,NA
705929,0.0155896111925505,0.363033509190514,TRUE,NA
344695,0.0475918840167302,1.22891812273346,TRUE,NA
246840,0.042387415284935,0.318508390317326,TRUE,NA
582571,0.00113131083919706,0.00224454719215072,TRUE,NA
668883,0.288509527722876,7.15301798139696,TRUE,NA
578890,1.67165170734506e-09,0.212685579408381,TRUE,NA
810384,0.0345198533029292,0.14120153354816,TRUE,NA
173399,1.1321179399361,0.000275727530789761,FALSE,NA
203695,3.09654962363337e-06,0.0400566086641207,TRUE,NA
885725,0.0351898254266221,0.00727249307802794,FALSE,NA
516473,0.114540826497826,4.82610833888355,TRUE,NA
306034,0.0182648217161272,1.14724798072202,TRUE,NA
187553,0.00180118120517602,0.00556239388191759,TRUE,NA
531391,NA,NA,NA,"Error in glmnet(x, y, weights = weights, offset = offset, lambda = lambda, : x should be a matrix with 2 or more columns
"
758392,0.0389313143569914,0.736195163737642,TRUE,NA
328793,1.47471286698064,0.357260174899395,FALSE,NA
521432,0.000183417977637737,0.000149461545713115,FALSE,NA
207901,0.952462147490819,0.016648289064777,FALSE,NA
798879,NA,NA,NA,"Error in glmnet(x, y, weights = weights, offset = offset, lambda = lambda, : x should be a matrix with 2 or more columns
"
554908,0.00217853664099621,0.489160212161022,TRUE,NA
261648,0.083522650329315,0.0157224377596744,FALSE,NA
825291,0.175143543266484,0.171281732558515,FALSE,NA
149796,0.097811945926615,0.0151027230066627,FALSE,NA
116342,4.74282184618817e-05,5.22567413692297,TRUE,NA
882414,1.26532444349003,1.97537300314009,TRUE,NA
509765,0.143868020708382,2.81691526950432,TRUE,NA
53037,0.0173630828274805,8.52815662309013,TRUE,NA
716596,0.00718019211313756,0.107331781306099,TRUE,NA
282465,1.23975301449019e-05,0.415426055575616,TRUE,NA
344782,0.058833034510345,0.195476195474273,TRUE,NA
561360,2.33227852579432,0.00389527872501268,FALSE,NA
554163,0.00957186157564546,0.00440617626778364,FALSE,NA
210906,0.0111303359852122,0.000348719494771258,FALSE,NA
238203,0.087126543184173,0.00893452821513781,FALSE,NA
222321,3.31135800204916e-07,0.0171490043434924,TRUE,NA
740252,0.00833601415693672,0.000495043342513337,FALSE,NA
520459,0.104272138905274,0.145176183709017,TRUE,NA
858364,0.116778889633857,0.00187010581995107,FALSE,NA
257465,0.0418845144625223,0.104208852589868,TRUE,NA
519691,0.0019300489687,0.0435069841597943,TRUE,NA
57417,0.0126250695873991,4.89884612541209,TRUE,NA
512432,0.00764017808592009,0.327667998363464,TRUE,NA
672256,0.00816515687685732,0.00480528852658237,FALSE,NA
888523,0.138876093151575,0.634933153132872,TRUE,NA
483051,0.0148391742512174,0.052235212490639,TRUE,NA
53237,0.0299169612422374,0.0273272113415338,FALSE,NA
757364,0.000234594965568824,4.73590699527693,TRUE,NA
438933,0.0702293405309836,0.642692378166681,TRUE,NA
58496,0.443308189974542,0.00656443455068797,FALSE,NA
943093,0.000698841070501358,0.0549314255261815,TRUE,NA
335239,0.213858307273747,0.148208544801705,FALSE,NA
666922,2.07883757024802e-05,0.0202991335953392,TRUE,NA
399559,0.00810614642020522,0.201264035886166,TRUE,NA
299832,0.00596220711093333,0.00280381600339798,FALSE,NA
183306,0.316052010524314,0.000961546601701828,FALSE,NA
295066,0.127119996487534,0.00811692133062666,FALSE,NA
554876,0.000780375780189743,0.00995628149668584,TRUE,NA
547827,0.19371127736063,0.792989937722191,TRUE,NA
906417,0.00110810451054111,0.272326631679939,TRUE,NA
536319,4.99666272734927e-07,2.99344234367608,TRUE,NA
875961,0.00279784597530813,0.00211659961098907,FALSE,NA
284198,0.0272126998117225,0.346279022651043,TRUE,NA
673690,NA,NA,NA,"Error in glmnet(x, y, weights = weights, offset = offset, lambda = lambda, : x should be a matrix with 2 or more columns
"
941525,8.29519120412416e-06,0.216761331600782,TRUE,NA
617709,0.0661561031061387,7.10167324988099,TRUE,NA
479733,0.000653724677284019,4.8608898138655e-05,FALSE,NA
519816,0.354190211586616,0.09785189717736,FALSE,NA
473479,0.0236645069506682,0.0497345024886727,TRUE,NA
882906,0.0532601363128521,0.0278486512394945,FALSE,NA
642475,1.51350142911029e-05,3.56861555412309e-05,TRUE,NA
187855,0.000144111112208057,9.2088287365117e-05,FALSE,NA
18459,0.00307587225258295,0.00331452887054002,TRUE,NA
962691,0.0612660240220913,7.7873880210846e-05,FALSE,NA
49246,0.0221561017975147,0.0967305557225589,TRUE,NA
739483,0.00618643516505328,1.28495798648498,TRUE,NA
151157,0.86738658419577,1.06960562195026,TRUE,NA
256472,1.07717682509875,0.413776084023095,FALSE,NA
771685,0.017260343105061,0.130442585684063,TRUE,NA
408224,0.000386448846595323,0.00243013942141489,TRUE,NA
437078,0.0484377395361857,9.98265900989483e-05,FALSE,NA
679902,0.151507993761946,0.0709610990593186,FALSE,NA
802889,0.0716831965626299,0.0029394693910592,FALSE,NA
621429,4.59621294052797e-05,3.74517774026797e-06,FALSE,NA
81654,3.48501944072502e-05,0.251324129430924,TRUE,NA
194975,0.0155474216002545,0.227664202970827,TRUE,NA
320340,0.000568441779031629,0.000364226238100447,FALSE,NA
841434,0.111296868129837,2.70511197314657,TRUE,NA
247381,6.00089242916536e-05,0.000399034872808976,TRUE,NA
917549,0.446425993108081,1.51853424457508,TRUE,NA
848303,0.0109416227590053,0.0425313850130255,TRUE,NA
524420,1.51903661196252e-07,0.0296699790134778,TRUE,NA
522414,0.00264729381138473,1.20773688441976,TRUE,NA
272769,NA,NA,NA,"Error in glmnet(x, y, weights = weights, offset = offset, lambda = lambda, : x should be a matrix with 2 or more columns
"
614640,0.00445405495705612,0.141064162783303,TRUE,NA
259828,NA,NA,NA,"Error in rep(1, N): invalid 'times' argument
"
519093,0.00952599331842024,0.0161818002437047,TRUE,NA
453619,0.000786043363386312,0.0289167759114975,TRUE,NA
387076,0.0266212125548924,0.00960527935181036,FALSE,NA
957365,0.00086679680873053,0.101161292584357,TRUE,NA
703087,0.000724960176784409,1.02886208023413e-06,FALSE,NA
64494,0.0191489602942431,2.94234556612084,TRUE,NA
300856,0.0035777424632213,9.43860280702905,TRUE,NA
819912,7.85615653397615e-09,1.90465013384307,TRUE,NA
799905,0.214089781500613,0.525062661145586,TRUE,NA
662403,0.0830916395294254,0.000715754479596061,FALSE,NA
28733,0.0328104261243963,0.00911214753871157,FALSE,NA
281125,0.0080336347727877,0.608265678898014,TRUE,NA
683861,0.0599348692853701,0.00477471479317006,FALSE,NA
833241,NA,NA,NA,"Error in glmnet(x, y, weights = weights, offset = offset, lambda = lambda, : x should be a matrix with 2 or more columns
"
382397,0.026917969063003,0.149553976045811,TRUE,NA
342881,0.000846883573235907,0.0967892325014258,TRUE,NA
846569,0.0025354015517662,0.000367298972109441,FALSE,NA
725081,0.286936711017494,0.764845369280067,TRUE,NA
597014,0.117531424845218,0.000158312984578149,FALSE,NA
303386,0.0242135007792057,0.652302967407072,TRUE,NA
25176,1.33333023233497,0.001029490879564,FALSE,NA
992821,0.0029090358070698,1.47562369193452,TRUE,NA
421973,0.218094006170518,0.162365601401519,FALSE,NA
645080,0.000836884631308355,4.52473018957011e-05,FALSE,NA
783485,5.6646624323266,0.00905929879351051,FALSE,NA
93947,0.221804390526384,0.00140453256499156,FALSE,NA
542794,0.00764385023873224,0.000900422473837314,FALSE,NA
98023,0.00125301457501778,0.000991000913075198,FALSE,NA
447982,0.0196176331085083,0.0220506686996853,TRUE,NA
880151,0.0441419226203073,0.0211165866227726,FALSE,NA
328018,0.00028094273600848,0.295313157972699,TRUE,NA
180342,1.92657679280451e-05,0.00130150811605427,TRUE,NA
724025,0.582077672125829,0.442621003266702,FALSE,NA
730500,0.00715873580962466,0.0460162207868268,TRUE,NA
355720,NA,NA,NA,"Error in rep(1, N): invalid 'times' argument
"
114092,1.0240186492514,0.51863122961551,FALSE,NA
373923,1.5857034723521e-05,1.21708525994409,TRUE,NA
776142,NA,NA,NA,"Error in rep(1, N): invalid 'times' argument
"
504966,0.0319606589348249,1.79551396513754,TRUE,NA
197289,NA,NA,NA,"Error in rep(1, N): invalid 'times' argument
"
318291,1.93177652849215,0.000525371812124298,FALSE,NA
799415,0.512824545580088,0.000288759618263614,FALSE,NA
668720,2.37170469304404e-06,0.0320894701467446,TRUE,NA
989707,0.00112674297591086,0.00117367109382328,TRUE,NA
336872,0.0300647623390617,1.30067739052883,TRUE,NA
531829,NA,NA,NA,"Error in glmnet(x, y, weights = weights, offset = offset, lambda = lambda, : x should be a matrix with 2 or more columns
"
497760,0.00827567706969983,0.000254696969706231,FALSE,NA
85202,0.000348182937760756,5.91555279746304e-05,FALSE,NA
914267,NA,NA,NA,"Error in rep(1, N): invalid 'times' argument
"
952643,0.00341989291548968,1.7531705769348,TRUE,NA
310135,0.0165007411919802,0.0107034289842174,FALSE,NA
190109,0.0784894284713705,0.0722911498220609,FALSE,NA
543439,0.00319945785216014,0.000502511375870282,FALSE,NA
23469,0.00157069783402581,3.08107618270857e-05,FALSE,NA
724830,0.000184377446151678,0.000562726799005114,TRUE,NA
215025,0.251213985914845,0.243823444518303,FALSE,NA
472743,0.000515707447832797,0.627092754786783,TRUE,NA
338175,0.0217782285013988,1.60277310550342,TRUE,NA
723130,0.00036490733021027,0.0921529262454632,TRUE,NA
430294,0.0332059831603109,0.0129873693575904,FALSE,NA
105739,0.111992259741686,0.000507628399088594,FALSE,NA
851504,0.768638306004666,0.26145981041161,FALSE,NA
690014,0.00443145632453668,1.76448904238913,TRUE,NA
789509,0.00534957059856171,0.000107336835146789,FALSE,NA
551014,0.00125084000536609,0.0111290696987588,TRUE,NA
110340,0.000284172778452905,0.20519359016267,TRUE,NA
996127,0.109156358693545,0.0931808270778959,FALSE,NA
225310,0.00208742125095123,0.0187557067859633,TRUE,NA
681399,0.251874962322607,0.206402208676516,FALSE,NA
118020,NA,NA,NA,"Error in rep(1, N): invalid 'times' argument
"
359832,2.22923679540777e-10,1.29226108280003,TRUE,NA
437891,0.00141396316167268,0.0304697562502056,TRUE,NA
738570,0.110576270089985,2.08868485497107,TRUE,NA
534272,0.00522702470638022,0.730894097318655,TRUE,NA
387962,NA,NA,NA,"Error in rep(1, N): invalid 'times' argument
"
584543,NA,NA,NA,"Error in rep(1, N): invalid 'times' argument
"
617551,0.0350090329557598,1.69937806916192e-05,FALSE,NA
861018,0.000537970100138439,1.20592387676097,TRUE,NA
635044,0.257989376486892,0.000113149100875126,FALSE,NA
323509,0.0506875309760734,0.000845952920597455,FALSE,NA
665183,0.00254929949766222,0.018109221755082,TRUE,NA
871455,0.00151779440062518,0.000846554147415257,FALSE,NA
644706,0.00901686222433116,7.7769282704284,TRUE,NA
72104,0.00105546890535484,0.00064800600810111,FALSE,NA
761730,0.00126391286912312,2.77150481824838,TRUE,NA
154022,0.0217051302486447,0.306642353830761,TRUE,NA
861448,0.0693555572524284,0.204306687035824,TRUE,NA
577453,0.0518626759203241,0.0824998436222848,TRUE,NA
701519,0.000332071325008735,0.0931995205213819,TRUE,NA
809344,0.00612867869192321,1.46875400741337e-10,FALSE,NA
243371,7.18929079909514e-08,2.04289471068352,TRUE,NA
679923,0.00043417641536336,6.47953937429861,TRUE,NA
101172,4.89985622183552e-05,0.0138105380959888,TRUE,NA
657376,0.446870958170072,0.0208831322058253,FALSE,NA
843322,0.0191910462858864,0.110208306367593,TRUE,NA
221843,0.00462700162874635,0.326265138183438,TRUE,NA
756383,0.0295010730479687,0.000563666628136793,FALSE,NA
707276,NA,NA,NA,"Error in glmnet(x, y, weights = weights, offset = offset, lambda = lambda, : x should be a matrix with 2 or more columns
"
937065,0.00564954023176227,0.327944480293924,TRUE,NA
3286,6.93306523543132e-10,16.13012425444,TRUE,NA
406476,0.103734478334546,1.63149316412121e-09,FALSE,NA
192245,0.147308182862074,0.00576026460754466,FALSE,NA
119907,8.47232525444917e-06,2.97407992582784e-05,TRUE,NA
363891,3.59578161933401e-06,0.00329002926282227,TRUE,NA
793777,0.00040934375024844,2.54445683412769,TRUE,NA
194702,0.00760406331042932,4.16723564248659,TRUE,NA
415757,0.00150596516149693,0.000265363352341617,FALSE,NA
9223,2.07903870628509e-05,0.0289792726037627,TRUE,NA
83321,0.0468634371837327,0.0583752893639194,TRUE,NA
602185,0.00055367598332115,0.0569677271378231,TRUE,NA
257046,0.189765735501133,2.20481319825684,TRUE,NA
661289,1.45857668330871,3.25842599165082,TRUE,NA
789040,4.64024363456679e-07,8.91456172540814e-05,TRUE,NA
379958,0.03076467563597,0.097456794404238,TRUE,NA
191053,0.10381949077933,0.00209515995334703,FALSE,NA
128202,0.00399569599324638,3.38660017248865e-05,FALSE,NA
178799,0.343545099791142,7.78007787174685,TRUE,NA
795971,0.0261994279873175,0.0281735631165599,TRUE,NA
68531,9.55573993042976e-05,0.00113864752164209,TRUE,NA
741821,NA,NA,NA,"Error in glmnet(x, y, weights = weights, offset = offset, lambda = lambda, : x should be a matrix with 2 or more columns
"
79195,0.52427769342018,0.594271952027025,TRUE,NA
56945,0.00150920077560354,0.000326336115114241,FALSE,NA
667111,0.147973103266547,0.00124713776254382,FALSE,NA
975554,0.00618993775523748,0.0098807996253566,TRUE,NA
934300,0.00373487578631262,0.351280773361437,TRUE,NA
467102,0.0459646095339611,0.875723419936708,TRUE,NA
929446,0.000195117549110831,0.0071828789230424,TRUE,NA
300231,0.861223555530379,0.304763931797169,FALSE,NA
988919,0.0252875115843421,0.114430663845419,TRUE,NA
635898,0.0082282495734972,0.738271603396106,TRUE,NA
450231,0.000453529954351713,0.0022149585560256,TRUE,NA
970962,0.00162992676174866,0.190303030385477,TRUE,NA
462131,0.000461767828350369,3.14793662739683,TRUE,NA
796500,0.0241053604881843,2.79570989683152,TRUE,NA
489512,9.70441490082012e-05,0.00222713475787772,TRUE,NA
274552,0.00054455791726969,0.0670662571496258,TRUE,NA
920440,0.0205991254132988,0.00785642347082392,FALSE,NA
478438,0.00260901584291645,0.00202348423313531,FALSE,NA
15349,0.0178326551607387,4.89987673803139,TRUE,NA
300983,7.25252546924371e-05,0.0123681594691695,TRUE,NA
263648,7.78596523873201e-05,0.0222831687379053,TRUE,NA
533305,NA,NA,NA,"Error in rep(1, N): invalid 'times' argument
"
639812,0.00540766391079877,2.51632617982809e-07,FALSE,NA
663205,0.0319213503242563,0.073522854032292,TRUE,NA
438371,0.00225268542987641,1.29031865501739,TRUE,NA
720274,0.0977932439242274,4.74912025971428,TRUE,NA
416956,0.0484995937595675,2.38131168376298e-06,FALSE,NA
45181,0.187830311056187,0.0838516717871125,FALSE,NA
512128,0.209750837877495,0.0121830956415659,FALSE,NA
653311,2.01165928090213e-05,0.0709619239587103,TRUE,NA
857937,0.0106357131909085,0.0818992716058339,TRUE,NA
751370,NA,NA,NA,"Error in glmnet(x, y, weights = weights, offset = offset, lambda = lambda, : x should be a matrix with 2 or more columns
"
433316,0.0134420894349961,0.244254578984681,TRUE,NA
99241,0.138033803896782,4.99870696755607,TRUE,NA
783079,0.491816876269848,0.000703246166186878,FALSE,NA
760451,NA,NA,NA,"Error in glmnet(x, y, weights = weights, offset = offset, lambda = lambda, : x should be a matrix with 2 or more columns
"
80632,0.698381169265607,0.295023567940578,FALSE,NA
900474,0.00338469172946094,0.000522120277017042,FALSE,NA
336908,0.00397059990367112,0.000179889280043518,FALSE,NA
445787,0.0112090474078836,0.000932821576915534,FALSE,NA
944032,0.00017065855823888,5.21322293997516e-07,FALSE,NA
448144,0.000888084953436166,6.64206101462912e-05,FALSE,NA
959890,2.05569856093695,0.093396666568851,FALSE,NA
486854,1.00619068416423e-06,0.579913445380378,TRUE,NA
176900,0.000323144282379684,0.000110747865474088,FALSE,NA
875655,0.216119438669282,1.41047712282819,TRUE,NA
438706,0.0025711141689141,1.03598061107252e-05,FALSE,NA
57479,0.00150250986900083,5.14180756236949e-06,FALSE,NA
635431,0.0341962516917755,0.0221337150106166,FALSE,NA
58265,0.000762297410718021,0.0162590169539956,TRUE,NA
939843,0.305242690232012,0.0632789107752242,FALSE,NA
196500,0.0171025876857869,0.412477900546584,TRUE,NA
225210,0.00933267259796868,0.00543953126016712,FALSE,NA
904197,0.0119837830062672,0.00562938402531739,FALSE,NA
370341,0.0273754131948856,1.59021338499015,TRUE,NA
475037,0.00194217485377525,0.329230119054098,TRUE,NA
904666,0.503189494320632,0.0385436436559127,FALSE,NA
505755,0.00891729556049134,0.0011698022040403,FALSE,NA
489541,0.517579517642136,0.00847389147364321,FALSE,NA
527694,0.125899480247028,0.000128894245832665,FALSE,NA
591596,6.82654332261256e-06,1.99805343799248,TRUE,NA
285759,0.00378203417635359,0.557517145007293,TRUE,NA
927959,1.52165914779776e-05,8.15558959089391e-07,FALSE,NA
106149,0.0946344608478056,0.00232058053288226,FALSE,NA
900999,0.0180509858246628,0.00120272748686589,FALSE,NA
346291,0.0673992140751629,0.0379434272662377,FALSE,NA
107254,0.0182032211949881,0.0283659575328398,TRUE,NA
645317,1.66211617619138,0.00305238979039677,FALSE,NA
153810,0.223829917351398,0.0469597167751153,FALSE,NA
868023,0.231693137586406,2.719598388991,TRUE,NA
463578,0.424196270655958,3.97122499908768,TRUE,NA
340861,0.000226909770432456,0.000433737443224034,TRUE,NA
929338,0.242061271352982,0.0190561151201199,FALSE,NA
91277,0.000267801936858988,0.0228455137074838,TRUE,NA
501631,NA,NA,NA,"Error in glmnet(x, y, weights = weights, offset = offset, lambda = lambda, : x should be a matrix with 2 or more columns
"
92210,0.0300495482584717,0.957439588453728,TRUE,NA
109767,0.0035535887034686,0.416935805181854,TRUE,NA
306467,0.0231776060029152,0.234595328854602,TRUE,NA
192640,NA,NA,NA,"Error in rep(1, N): invalid 'times' argument
"
462467,1.46438437226906,0.000467927012424077,FALSE,NA
458691,3.05827902030233e-05,0.593740807334616,TRUE,NA
312451,0.0694289553287929,0.15695269274608,TRUE,NA
815093,0.0188874596166571,0.00116404829652859,FALSE,NA
724411,0.000627738573402333,0.00414913827244236,TRUE,NA
637101,0.129720738182654,3.4112269862963,TRUE,NA
308474,7.75045910756165e-05,0.00310961211465151,TRUE,NA
179605,1.5361700538874e-05,0.110702632297867,TRUE,NA
66193,1.48711782415791,0.0382307407181698,FALSE,NA
134640,NA,NA,NA,"Error in rep(1, N): invalid 'times' argument
"
67109,0.0977069457460488,0.0198736667405229,FALSE,NA
30027,0.00504877355785407,0.994451245666576,TRUE,NA
838493,0.0116767826027044,0.961281006484718,TRUE,NA
340984,NA,NA,NA,"Error in rep(1, N): invalid 'times' argument
"
799467,0.000855310513265192,0.000709613201611447,FALSE,NA
527288,0.0060345378530449,0.000203356313053429,FALSE,NA
133645,0.0628314187508094,0.000153789621484501,FALSE,NA
369114,0.0762436396416284,0.038516138617205,FALSE,NA
745708,0.0391669377361526,0.0523247815315183,TRUE,NA
462220,2.2708575371783e-05,0.137811509001501,TRUE,NA
645744,0.847641378270843,2.19116493890101e-06,FALSE,NA
468001,0.000499229040274081,0.011702292621956,TRUE,NA
840164,0.00181697570639392,3.50632651854677e-05,FALSE,NA
382995,0.00327712628178411,0.00170077370061818,FALSE,NA
106138,0.798702063056661,0.000826937277719537,FALSE,NA
341515,0.640338395277095,0.00880424520209416,FALSE,NA
298370,0.00993851923803002,0.0411604155305388,TRUE,NA
650948,0.29246975988013,0.000203246521644687,FALSE,NA
699498,0.0104070236280942,0.143299519008391,TRUE,NA
188003,0.743389611124736,0.0784640478687121,FALSE,NA
714544,0.0022810277826062,0.00831132846922037,TRUE,NA
562161,NA,NA,NA,"Error in glmnet(x, y, weights = weights, offset = offset, lambda = lambda, : x should be a matrix with 2 or more columns
"
5065,0.180344255877736,8.0459701598657e-06,FALSE,NA
643081,0.00128806832392619,0.000420669849427916,FALSE,NA
442056,0.0762461005887834,0.337967734195146,TRUE,NA
197537,0.00133256801343057,0.460048681136536,TRUE,NA
663673,0.0386926659917461,0.0024528611521238,FALSE,NA
870014,0.000196520960026536,0.000288674497111672,TRUE,NA
957364,0.0217947810300442,0.0018835882294679,FALSE,NA
595811,0.193503214983519,0.0447308253455159,FALSE,NA
620662,0.0155323487650978,1.64134261738906e-11,FALSE,NA
163937,1.23866326295284e-05,0.312345238298538,TRUE,NA
96959,0.00614798018269946,2.58865610784052,TRUE,NA
148202,2.42288641525572e-06,0.000922158837551547,TRUE,NA
562858,0.0763586376988275,2.32025122167649,TRUE,NA
404077,3.81939878285169e-05,0.00871960140448743,TRUE,NA
427383,3.04623851129442e-05,0.000415713058077679,TRUE,NA
875154,0.0224327474692423,0.00357945023332504,FALSE,NA
376368,0.0189468432585937,3.01520061896863,TRUE,NA
461097,1.87945222793583e-05,2.55802142401427,TRUE,NA
101027,0.128759513052407,0.862748808011678,TRUE,NA
859798,0.000398875807217893,1.15098667363935,TRUE,NA
589941,0.213252053256097,0.000154677212572054,FALSE,NA
391677,0.16874405350515,0.566292213510901,TRUE,NA
364084,0.0192365220130608,0.0444551302071846,TRUE,NA
898454,0.00609806192490054,3.37006941188793,TRUE,NA
572024,0.514408710098185,0.421380462316438,FALSE,NA
170343,NA,NA,NA,"Error in rep(1, N): invalid 'times' argument
"
269653,0.00864097352681556,0.00588388478378579,FALSE,NA
400897,0.0403745167188132,0.0473732302174365,TRUE,NA
845567,0.000990338413307537,0.154756062018643,TRUE,NA
155971,0.0247885677534375,0.00374264257129932,FALSE,NA
597190,0.235279694392704,2.23105377524924e-07,FALSE,NA
895506,0.000320070015482303,0.182467890380891,TRUE,NA
598734,0.165281571154568,0.000107357522682768,FALSE,NA
427110,0.00709265771211306,0.0573121415751171,TRUE,NA
865062,0.0199480143106688,0.749974037777402,TRUE,NA
587869,0.0204679910959128,1.63929452197472,TRUE,NA
26753,0.012971947044825,0.412045347543028,TRUE,NA
837901,0.00896682066406012,0.558170157235433,TRUE,NA
636202,0.00996096701527125,1.76381268954658,TRUE,NA
384132,0.0152236178857104,0.15779609370767,TRUE,NA
471643,0.00973573303081566,0.495366273770421,TRUE,NA
959373,0.000115158753665802,0.0366841160604512,TRUE,NA
545669,0.216036089461786,7.691447726992e-05,FALSE,NA
251575,3.23716784705182e-07,0.0329971947185149,TRUE,NA
581287,0.338731069057964,0.0839418029374232,FALSE,NA
909122,0.000614976469776782,0.0132797406912214,TRUE,NA
185066,NA,NA,NA,"Error in rep(1, N): invalid 'times' argument
"
121864,0.369823761424793,3.99037804613125e-06,FALSE,NA
154593,0.0283753296342781,0.0448973976127192,TRUE,NA
306366,1.18210883158893e-05,0.0101641487957493,TRUE,NA
422725,0.371829671720702,0.0492241780939136,FALSE,NA
467915,3.37597384523677e-07,0.0341945857687121,TRUE,NA
739322,0.123988865287239,0.100963338775901,FALSE,NA
214520,0.0195749258116995,0.00873177118253608,FALSE,NA
660058,0.0017056295143414,0.546450281391057,TRUE,NA
402040,0.0144790716997674,0.102511008271502,TRUE,NA
544495,2.73021434385234e-05,0.0278444408448906,TRUE,NA
128491,0.00344951407380722,4.01320930236655,TRUE,NA
701629,0.014524158333882,0.0915541395726069,TRUE,NA
94031,0.011929247742224,1.41293554004017e-05,FALSE,NA
380526,0.690583936545638,0.000180405269058469,FALSE,NA
473851,NA,NA,NA,"Error in glmnet(x, y, weights = weights, offset = offset, lambda = lambda, : x should be a matrix with 2 or more columns
"
570968,NA,NA,NA,"Error in glmnet(x, y, weights = weights, offset = offset, lambda = lambda, : x should be a matrix with 2 or more columns
"
502903,0.00040907007532106,0.000550778372764578,TRUE,NA
925267,0.026888157553654,0.0106504293537532,FALSE,NA
314531,0.937476222612101,0.308004537575085,FALSE,NA
23831,0.236076866800244,0.0125703726683925,FALSE,NA
519893,0.0861176188943075,0.0432845089380517,FALSE,NA
337867,0.781667285641856,0.0302645004626745,FALSE,NA
764694,0.27996306155993,0.0950956569188164,FALSE,NA
862966,0.013247721062427,2.56376735352695e-08,FALSE,NA
462645,0.000927650509436469,0.244929188695517,TRUE,NA
877594,4.06363529908234e-06,0.346599320001752,TRUE,NA
328116,0.000870642423511196,0.592023736493514,TRUE,NA
499000,0.151054419808672,0.0263476390281504,FALSE,NA
543151,0.00309120979136074,0.00108998404024659,FALSE,NA
600088,0.0444660235819785,0.0190392578286359,FALSE,NA
691185,0.0401397135032154,1.17137150599298,TRUE,NA
641517,0.0441024589196166,0.00042559749867767,FALSE,NA
26546,0.000381392148271549,0.00949643016997978,TRUE,NA
365248,0.0109448436337869,0.000360729309651078,FALSE,NA
997892,0.0125968614724361,1.31461133823946,TRUE,NA
447814,0.000385602660082141,2.86811500374372e-05,FALSE,NA
209550,0.0237900120489136,2.85975604818253,TRUE,NA
595120,0.0429281464392392,0.00156714218898262,FALSE,NA
556773,9.13551707903779e-07,0.0633842606779664,TRUE,NA
468042,0.470788596081952,0.000440131238720208,FALSE,NA
254888,0.000215439168488193,3.4453544164827,TRUE,NA
453712,0.0363752604219181,0.110741241144618,TRUE,NA
82466,0.143765359188732,0.147541212666034,TRUE,NA
267759,4.13438697721553e-05,0.00188738514525687,TRUE,NA
336247,0.0421499348040281,0.00328314993566589,FALSE,NA
538686,NA,NA,NA,"Error in rep(1, N): invalid 'times' argument
"
235108,0.000658513084654649,1.17715907155905,TRUE,NA
774968,NA,NA,NA,"Error in rep(1, N): invalid 'times' argument
"
323218,0.000135610469430728,0.0333794867956912,TRUE,NA
30166,0.0134204728987838,0.0282004126253524,TRUE,NA
970584,4.06225927807893e-06,0.00050964585904421,TRUE,NA
445880,3.51339549372397e-05,1.11524578194288,TRUE,NA
545558,0.0714753366754702,3.20517271937812e-05,FALSE,NA
232629,0.0218143812061418,1.32243403708683,TRUE,NA
618791,0.000150942567934229,0.0163924115658185,TRUE,NA
572757,0.347363693662176,0.254519955938407,FALSE,NA
33954,0.00241089746404419,3.79234978394915e-08,FALSE,NA
9446,0.220783810219069,0.00567042288137192,FALSE,NA
130322,0.0653882472981373,4.36972076657652,TRUE,NA
202851,0.0264012182504339,4.15754653013518e-10,FALSE,NA
929755,0.667967707684602,0.52539917445487,FALSE,NA
304943,0.0626457752303816,0.00496785927795553,FALSE,NA
958349,0.0069203315294489,0.0174966635085808,TRUE,NA
319795,0.480905507760196,0.109199820723507,FALSE,NA
598518,0.00817556497640733,4.27219713719658e-05,FALSE,NA
178971,7.18745186192323e-05,1.09419088225539e-07,FALSE,NA
866230,0.031528707553855,4.58228325470308e-05,FALSE,NA
312191,0.00931562916488443,0.00749991148453408,FALSE,NA
996277,0.00369861581687071,0.674145648068694,TRUE,NA
170174,0.00570516568806306,0.00200954472575658,FALSE,NA
474657,0.0882432011701025,0.104550071936529,TRUE,NA
55493,0.00180222001567146,2.59467507676493e-06,FALSE,NA
754409,0.00712170839123288,0.00133880351409243,FALSE,NA
943341,0.0185629727800441,0.0156870091782832,FALSE,NA
626458,0.0618722748217995,0.000173883779291812,FALSE,NA
535106,0.0191535759929342,0.809648855335831,TRUE,NA
635752,8.37487581562758e-05,5.89338364566981e-05,FALSE,NA
680091,0.00726707326638604,0.0023855417685619,FALSE,NA
223812,0.00102517891056837,0.278323446104875,TRUE,NA
351209,0.00398444270012215,2.39152450574262e-06,FALSE,NA
352247,1.42344595578715e-05,0.701438801329662,TRUE,NA
288812,0.00769365136558671,0.177050996686649,TRUE,NA
955583,1.08735723766302,0.00159442748971385,FALSE,NA
392511,0.091139884158741,0.152261811956643,TRUE,NA
284499,2.98996194660332e-05,0.0530793361983285,TRUE,NA
966229,0.467667862389812,0.0909343645294535,FALSE,NA
989403,0.104435213733843,0.0234912283620721,FALSE,NA
586134,0.0120218968506203,0.0228018389796502,TRUE,NA
620167,0.00660683072528447,0.0104486109210023,TRUE,NA
545198,0.00582580784904028,2.34682970791894,TRUE,NA
536979,0.00455569591625714,1.0357469915047e-05,FALSE,NA
614400,0.00298526140212268,0.226504569758442,TRUE,NA
985912,0.193056637317952,0.00740229262379318,FALSE,NA
605187,0.0161553663039692,2.55061082001639,TRUE,NA
183219,8.03274451709667e-06,2.334166379004,TRUE,NA
166844,0.00502101513476238,1.49156786344863,TRUE,NA
50325,0.00015159950388744,0.134320775757498,TRUE,NA
833542,0.0443998219091955,0.0116513855963799,FALSE,NA
314360,0.0105103545780963,0.000172360760486751,FALSE,NA
198029,0.186015433640446,0.0113431284348337,FALSE,NA
967630,0.00545378157894499,0.000276453838843386,FALSE,NA
561595,7.90754958621886e-05,0.00736209642094085,TRUE,NA
625426,0.000291788819956577,0.824453999159592,TRUE,NA
199594,0.232408419083903,9.69386742623215e-05,FALSE,NA
557338,0.0156935843770679,0.0136972119676918,FALSE,NA
346083,NA,NA,NA,"Error in glmnet(x, y, weights = weights, offset = offset, lambda = lambda, : x should be a matrix with 2 or more columns
"
667839,0.0154614037207409,0.327974338516311,TRUE,NA
349730,0.032287465011792,0.108707941740546,TRUE,NA
814764,0.00206041545592314,0.000847557001716954,FALSE,NA
923652,0.00050920481302225,0.0797541081699897,TRUE,NA
908003,0.0953331486102033,0.00707938342456294,FALSE,NA
97550,0.0295732739024493,0.005952099463958,FALSE,NA
944663,0.000193283459936726,0.178901035913114,TRUE,NA
337826,0.000496107746396843,5.01871998934265,TRUE,NA
320231,0.0781122724021073,1.37525092028896,TRUE,NA
574721,0.000301251281560208,0.541183161136365,TRUE,NA
755860,0.134541756086434,0.00235818508916822,FALSE,NA
341981,0.0176565309102263,3.54297581715423,TRUE,NA
137902,0.156812027001383,1.13439130020492,TRUE,NA
93468,0.291241737077046,0.0871673810054679,FALSE,NA
573398,0.00289802203211867,7.06069656213493e-05,FALSE,NA
867546,0.00354010400335711,0.106104596930992,TRUE,NA
180069,0.293431426817824,0.00531173670340598,FALSE,NA
540913,0.133242802782099,0.0149318270910294,FALSE,NA
806793,0.000222024037661936,2.80102918752432,TRUE,NA
475568,0.0114249801972068,0.044150618874191,TRUE,NA
375143,0.00719057724952461,0.856152528620409,TRUE,NA
970061,0.871361559714945,0.000703819154065841,FALSE,NA
335378,9.12161881628215e-06,3.08068218970226,TRUE,NA
409913,0.00840892335882052,1.29258751237403,TRUE,NA
236703,0.0239062294038172,3.06622525809031,TRUE,NA
316552,0.00251213383572301,0.579958012668537,TRUE,NA
83096,NA,NA,NA,"Error in rep(1, N): invalid 'times' argument
"
553607,0.0951571671480769,0.00016096624380618,FALSE,NA
287527,NA,NA,NA,"Error in glmnet(x, y, weights = weights, offset = offset, lambda = lambda, : x should be a matrix with 2 or more columns
"
397272,0.241654472962806,6.34494563513997,TRUE,NA
15240,4.40164892484593e-07,0.0252335482745427,TRUE,NA
421321,2.28431992709151,4.05694229535194,TRUE,NA
148067,0.429267487741964,0.00539539889195279,FALSE,NA
427727,0.00118457985110774,0.00147849464096778,TRUE,NA
305702,0.0424002952890641,2.68899013623494,TRUE,NA
210048,0.00204953203944138,0.0753753685441208,TRUE,NA
175984,0.931773241917277,0.000497888292688835,FALSE,NA
59494,0.0063529967385978,0.000838026701550746,FALSE,NA
219031,8.93795044618491e-08,8.25251060491861,TRUE,NA
846974,0.357210892611651,0.000503266280266311,FALSE,NA
979481,0.0014374027291167,2.60831511888145,TRUE,NA
852385,0.000321822539020989,0.0275950501790489,TRUE,NA
31770,0.0151499480543535,0.000651422678581277,FALSE,NA
785418,0.238438585100611,0.713434656786422,TRUE,NA
301445,0.0100907229345471,0.312665647832509,TRUE,NA
658526,0.375494985210181,0.472696828233714,TRUE,NA
193233,0.001493380760125,0.000672224540604237,FALSE,NA
700353,1.97529721770606e-07,0.000127193110203136,TRUE,NA
531170,0.00808263805510615,0.0311707035382219,TRUE,NA
143139,0.000658971780079889,2.43166375561641,TRUE,NA
362050,0.138172379800484,0.00745156585068506,FALSE,NA
393574,0.0153341338547186,0.00763285666993189,FALSE,NA
277264,5.75861239687565e-05,0.00902166166318238,TRUE,NA
908381,0.341978923490935,8.47502286612617,TRUE,NA
110762,0.00222981275740455,2.32127937225489,TRUE,NA
852600,0.0704670657351981,3.80505832525602,TRUE,NA
378210,1.60110459703026e-06,6.4816122726538e-05,TRUE,NA
537171,0.339672515143334,0.558710497786522,TRUE,NA
586700,0.00243381092769592,0.360165073116088,TRUE,NA
943520,0.167490041126545,0.0183075094907104,FALSE,NA
897945,0.0389481755435267,0.000781138962585873,FALSE,NA
247140,0.02705887671061,3.20815243715788,TRUE,NA
137259,0.556588575653003,0.016320801326952,FALSE,NA
912698,0.08687603037359,0.661326732339016,TRUE,NA
769913,0.120112066457073,0.0197807959209398,FALSE,NA
901103,0.0177766926261453,0.000161067272682711,FALSE,NA
125938,0.00663793049672102,0.0756716530622159,TRUE,NA
324077,0.000619428148547792,0.00357025157273811,TRUE,NA
182745,NA,NA,NA,"Error in glmnet(x, y, weights = weights, offset = offset, lambda = lambda, : x should be a matrix with 2 or more columns
"
115707,0.19070231106777,0.641030447006192,TRUE,NA
488995,0.0129448008067928,0.000352266379154351,FALSE,NA
330603,0.093881942994849,0.624712597994692,TRUE,NA
844279,0.287346970423116,0.225587634836077,FALSE,NA
990388,2.97422428564879e-05,4.6487327904192,TRUE,NA
996456,0.0420729689204749,0.35892467645995,TRUE,NA
500350,NA,NA,NA,"Error in glmnet(x, y, weights = weights, offset = offset, lambda = lambda, : x should be a matrix with 2 or more columns
"
742221,0.0528726897333204,0.575971675722818,TRUE,NA
390327,0.00295138546821528,0.512138893632504,TRUE,NA
378333,0.00395456286015789,0.00609688027054918,TRUE,NA
176209,0.127528684425184,7.04428786162315,TRUE,NA
993031,0.00414485232715029,0.940160353112426,TRUE,NA
479417,0.0104780291934128,3.5505814008957e-05,FALSE,NA
416320,0.225379603399904,0.243181573192132,TRUE,NA
650818,0.70692610059551,0.256906309513362,FALSE,NA
324037,NA,NA,NA,"Error in glmnet(x, y, weights = weights, offset = offset, lambda = lambda, : x should be a matrix with 2 or more columns
"
276082,1.16647534568787e-05,0.000237357952997448,TRUE,NA
440893,6.04748611309552e-05,1.0507787532989,TRUE,NA
230832,0.193281938472321,1.03881107814974,TRUE,NA
908779,0.0181285897138143,4.12863338067486e-06,FALSE,NA
715296,0.00588685699591695,2.00072017280573e-05,FALSE,NA
61366,3.66261047728967e-07,1.99103841174787,TRUE,NA
654642,0.0116779583180854,0.571552684441062,TRUE,NA
172549,0.155415681763143,0.31849829108117,TRUE,NA
881753,0.00364237561880104,0.000525907081669511,FALSE,NA
321615,0.0674207689300286,0.0142497811794379,FALSE,NA
724194,0.14670020706682,1.49616350032098,TRUE,NA
889382,0.0316120762541356,0.581762881805745,TRUE,NA
174559,2.48655393924545,0.000349178669686986,FALSE,NA
519834,0.0002651203939266,0.00643426651841904,TRUE,NA
933438,0.00773443215442263,0.00650409767731955,FALSE,NA
569870,NA,NA,NA,"Error in rep(1, N): invalid 'times' argument
"
823412,NA,NA,NA,"Error in glmnet(x, y, weights = weights, offset = offset, lambda = lambda, : x should be a matrix with 2 or more columns
"
208756,4.63189579570393e-05,0.00400612447453077,TRUE,NA
807463,0.0363682966431752,0.000251790292928702,FALSE,NA
187567,0.011365126771058,3.43158789284161,TRUE,NA
818726,0.000237198289124997,0.0199179134451039,TRUE,NA
481425,2.85487039459317e-07,0.0168182849413577,TRUE,NA
533152,0.00364865768654189,3.01552092884361,TRUE,NA
687300,2.11646887411291e-06,2.14745476344498,TRUE,NA
172547,0.12184696188892,0.00118257096535082,FALSE,NA
883099,3.60079524745711e-06,0.00118100314644507,TRUE,NA
734043,1.30840508125287e-05,0.000691763503206874,TRUE,NA
515947,0.0758561581468977,0.000175992393570946,FALSE,NA
88051,0.337975005797368,1.01190887015772e-07,FALSE,NA
612858,1.47384006105192e-05,3.11542702594317,TRUE,NA
464935,0.0393454680775599,0.983696720769597,TRUE,NA
531079,0.625427091224199,0.393512382083815,FALSE,NA
781635,0.000154228777022318,1.69077961678986,TRUE,NA
288685,8.91114739467951e-06,0.00210346930527809,TRUE,NA
397482,6.77222734534393e-05,7.67728200506426e-08,FALSE,NA
152444,0.00096489051426948,0.778023981838298,TRUE,NA
537019,0.000673241484568716,0.614963129345818,TRUE,NA
793095,0.000304887502550998,0.156544204850778,TRUE,NA
579272,0.190467336978268,0.198625070033264,TRUE,NA
928645,0.000358393179741314,0.000229279792864575,FALSE,NA
410719,0.111465035482635,0.00169030694704706,FALSE,NA
264987,0.00196260945213258,0.00900774568849703,TRUE,NA
58628,0.0942070042848059,0.0463396232378283,FALSE,NA
354320,1.06540136705354,0.0014916237808439,FALSE,NA
299555,0.000389119603421229,0.000215361331760697,FALSE,NA
834805,0.306839071587245,0.0900547763432561,FALSE,NA
830583,0.0127681405784858,0.118622105883232,TRUE,NA
323905,0.0228967778274815,0.00495267488908617,FALSE,NA
586982,0.984102164700319,0.0363477330253905,FALSE,NA
446699,NA,NA,NA,"Error in rep(1, N): invalid 'times' argument
"
190416,NA,NA,NA,"Error in glmnet(x, y, weights = weights, offset = offset, lambda = lambda, : x should be a matrix with 2 or more columns
"
41549,0.39970796102489,3.58215394825265,TRUE,NA
848087,0.000328969721502819,1.98771084288521,TRUE,NA
350200,0.0359351088657547,1.7332913936991,TRUE,NA
395671,0.00393380443940595,0.99738843246561,TRUE,NA
741078,0.137716903153646,0.00033558860753928,FALSE,NA
952398,3.07017611805303e-09,0.0238031369074255,TRUE,NA
989481,0.00386927677729487,0.518834524066564,TRUE,NA
679479,0.000166151786815171,0.377836688065128,TRUE,NA
851883,0.00017588679206525,0.052674092491165,TRUE,NA
735721,0.130273445103173,0.0194575380325796,FALSE,NA
846327,0.114514609910645,3.01916341081512e-06,FALSE,NA
15307,0.111849075099327,0.0104235300423701,FALSE,NA
865274,0.00220114862458721,6.55811931744278e-06,FALSE,NA
947402,0.0431840507492755,0.017358672415472,FALSE,NA
436092,0.970475095720535,0.0394960158056156,FALSE,NA
890535,0.00125414026145325,0.564523087175478,TRUE,NA
267688,0.0400170837418357,0.144385156327224,TRUE,NA
131875,0.00999344856490675,2.85873672915548,TRUE,NA
763469,0.180232867099972,7.47973742220591,TRUE,NA
183451,0.0329342412986722,0.012399475903157,FALSE,NA
73409,0.0431967761699097,1.0555473776493,TRUE,NA
490374,NA,NA,NA,"Error in rep(1, N): invalid 'times' argument
"
86452,0.124596288415373,0.131928686319629,TRUE,NA
859546,0.0821039524664512,0.000205911905111262,FALSE,NA
933061,0.133409649018476,2.64050047999548,TRUE,NA
412259,0.00469957871915971,2.57868441892551,TRUE,NA
988863,0.158777437601544,0.185672815126003,TRUE,NA
22880,0.0033177913772594,0.0175939078519174,TRUE,NA
179268,0.000187150964293466,0.0105511943122481,TRUE,NA
267438,0.0105006652683769,0.60552397573077,TRUE,NA
60803,0.00100517191870703,0.681973936525353,TRUE,NA
351416,0.000309646804579169,0.164971120094183,TRUE,NA
378316,0.56483028697327,2.18791679558463e-06,FALSE,NA
184577,6.80067923015435e-06,7.89192733774661e-05,TRUE,NA
57371,0.00140800409805827,1.1475155461164,TRUE,NA
88972,NA,NA,NA,"Error in glmnet(x, y, weights = weights, offset = offset, lambda = lambda, : x should be a matrix with 2 or more columns
"
69835,0.00644347474333181,0.0251285236305172,TRUE,NA
147823,0.0132499314774348,5.72660108755999e-05,FALSE,NA
493568,0.000186899640986838,0.000803776020187273,TRUE,NA
98247,0.00274860541969882,3.87772705040435e-06,FALSE,NA
19387,1.64405032150974,0.000151923647685875,FALSE,NA
671717,2.59454557546342e-06,0.00041115935580016,TRUE,NA
261873,0.000156466682190497,8.43202512279721e-08,FALSE,NA
821287,0.000222660469042015,0.000176787763938687,FALSE,NA
194247,2.58181674561225e-05,0.425945060487476,TRUE,NA
140663,0.00410221572307316,0.0100607922865157,TRUE,NA
75210,0.000870848012937575,2.30331741510866e-06,FALSE,NA
851619,0.127882036880734,0.192711044502117,TRUE,NA
545812,0.0604511419195872,1.24199510202367,TRUE,NA
194423,0.273637303442622,4.3839718251564,TRUE,NA
520974,0.0263682793138984,0.646362746780154,TRUE,NA
902247,0.000772311381210043,0.00125247037566374,TRUE,NA
33274,0.00808553854232298,3.68093551834481,TRUE,NA
671690,0.0366050136223532,1.68325105227966,TRUE,NA
931107,0.0192461271064264,2.54559325387615,TRUE,NA
331845,0.144955659567866,1.43155524709978e-05,FALSE,NA
406197,NA,NA,NA,"Error in glmnet(x, y, weights = weights, offset = offset, lambda = lambda, : x should be a matrix with 2 or more columns
"
806200,0.000325911658234817,0.00897598388310424,TRUE,NA
179331,0.043399365968228,4.01675566945032,TRUE,NA
30772,3.51048627167578e-07,1.44474156799344,TRUE,NA
60190,0.0404211685226974,3.01851442122334e-05,FALSE,NA
257932,0.17031171945705,0.87506691266938,TRUE,NA
234316,0.000372983191024613,0.047659810904134,TRUE,NA
374923,9.31600334827993e-07,0.0199822419678842,TRUE,NA
812982,0.107631176407851,0.523360783073321,TRUE,NA
88366,0.00252160907143408,0.868574473424387,TRUE,NA
337143,NA,NA,NA,"Error in glmnet(x, y, weights = weights, offset = offset, lambda = lambda, : x should be a matrix with 2 or more columns
"
331468,NA,NA,NA,"Error in rep(1, N): invalid 'times' argument
"
66013,0.284613910857567,0.00280791506299821,FALSE,NA
584225,0.0145819397993579,0.078602842966453,TRUE,NA
734513,0.0369326724484539,1.7843605957714,TRUE,NA
561350,0.137428481512829,6.42102647608983,TRUE,NA
332603,NA,NA,NA,"Error in rep(1, N): invalid 'times' argument
"
84480,0.250097208736863,1.3907742989528,TRUE,NA
313864,0.000276370855849432,0.0183836830712162,TRUE,NA
578545,0.00024990213024173,2.57636385146362e-05,FALSE,NA
228110,0.523882978735278,0.416023129866567,FALSE,NA
361450,NA,NA,NA,"Error in rep(1, N): invalid 'times' argument
"
958814,0.0743458852978526,0.0154257201798187,FALSE,NA
687860,8.20001853901875e-05,0.173699739240354,TRUE,NA
548557,0.000380651350154197,0.00396432688238191,TRUE,NA
815241,0.292492548607496,0.00457577560924115,FALSE,NA
117532,2.74311845892353e-08,3.23360738708651e-09,FALSE,NA
100018,0.000222519089362489,0.0375587158060456,TRUE,NA
480567,0.00402564420116769,0.0245937767547144,TRUE,NA
56636,0.00227125273819337,0.035110785508283,TRUE,NA
386408,0.0171237986654041,0.0169747250656965,FALSE,NA
326205,0.217670210635061,0.282864394944747,TRUE,NA
782238,0.0933128970258601,0.0766153806908243,FALSE,NA
833269,0.000129820058047589,0.0314295159572967,TRUE,NA
957933,0.00140876711250585,0.412776695026289,TRUE,NA
828342,0.000772167780965358,0.000667323115440108,FALSE,NA
122039,0.00324894483218073,2.44868258246975e-05,FALSE,NA
968662,0.00603444815352264,0.539945094910251,TRUE,NA
500908,0.000224457345257027,0.0748145734903099,TRUE,NA
408200,0.000637208961909688,0.297018639175089,TRUE,NA
695872,0.0820448688755193,1.28248538804449,TRUE,NA
377898,0.000641758270439338,0.40082504386031,TRUE,NA
95654,0.0046163118100673,0.00107882555752139,FALSE,NA
548709,0.000340106680091733,0.00582207032043091,TRUE,NA
876913,4.77580422634404e-06,6.45431537009593e-06,TRUE,NA
988156,4.6746789721734e-06,0.00254852850674556,TRUE,NA
357874,0.600356580227623,0.914381522840027,TRUE,NA
430887,0.101067728104859,0.338399419952331,TRUE,NA
87223,0.0314366171110938,1.78914942160026,TRUE,NA
964460,6.6436533826042e-05,0.0541655356188458,TRUE,NA
888872,0.143584455952197,0.123093254238398,FALSE,NA
390350,0.00151350214110493,2.15584681627647,TRUE,NA
409016,0.312181814306548,1.12765931430514,TRUE,NA
82033,NA,NA,NA,"Error in glmnet(x, y, weights = weights, offset = offset, lambda = lambda, : x should be a matrix with 2 or more columns
"
896221,0.000839763482160377,0.653813061478959,TRUE,NA
186050,0.00702158244890076,5.84987449153676e-05,FALSE,NA
584471,0.000403285505420865,6.84582878121922e-07,FALSE,NA
581879,0.9514988007619,2.82479687345733,TRUE,NA
541570,0.3982379249171,4.13405861173726,TRUE,NA
967613,0.023991859428842,0.25474604750145,TRUE,NA
828220,0.320758884702795,2.65415881929309,TRUE,NA
53154,0.00326649606648603,3.95198829899466e-05,FALSE,NA
470948,2.89356140225522e-05,3.28704702706855,TRUE,NA
168673,0.0113350053586074,0.000412222892869843,FALSE,NA
956474,0.00037014432955267,0.0257810049386054,TRUE,NA
215556,0.000973547300271754,0.854018116948148,TRUE,NA
228793,0.69485189580644,0.329911456867816,FALSE,NA
695204,NA,NA,NA,"Error in glmnet(x, y, weights = weights, offset = offset, lambda = lambda, : x should be a matrix with 2 or more columns
"
706157,0.365984360886705,0.000143064834452784,FALSE,NA
808732,0.00864618895225774,5.35555364051912,TRUE,NA
729766,0.0116395979509362,0.0898710281309555,TRUE,NA
526359,0.0124604997386628,0.653853159492108,TRUE,NA
687335,7.7269791066725e-05,0.000162073679728447,TRUE,NA
902415,0.00265339338830714,0.149937388830655,TRUE,NA
621697,0.0584531126046053,0.0226758979617776,FALSE,NA
854526,0.0562094494202445,0.0603658207438224,TRUE,NA
199886,0.00546678225174731,0.0431933893331441,TRUE,NA
574440,0.00174208376730674,0.390854884704833,TRUE,NA
407133,0.535313689406391,1.09365405626545e-10,FALSE,NA
25645,NA,NA,NA,"Error in glmnet(x, y, weights = weights, offset = offset, lambda = lambda, : x should be a matrix with 2 or more columns
"
161037,0.0135469113794579,2.87478433800781e-05,FALSE,NA
204630,0.179961423340627,0.00354432617822692,FALSE,NA
946038,0.00209917983681145,0.0290392816836016,TRUE,NA
616709,0.0107747171857186,0.0034919528018394,FALSE,NA
629957,2.09487077779918,0.00473350527074232,FALSE,NA
31642,NA,NA,NA,"Error in glmnet(x, y, weights = weights, offset = offset, lambda = lambda, : x should be a matrix with 2 or more columns
"
571811,2.86140703646417,0.007413131615553,FALSE,NA
289685,0.00107336096635003,0.000131800413717873,FALSE,NA
799304,0.00275168553985228,2.0604757175157e-05,FALSE,NA
808249,0.0650705814923982,0.0548469214828031,FALSE,NA
797517,2.00130217311596,2.00980850914733,TRUE,NA
495677,0.00123209396469908,0.35647641563373,TRUE,NA
795395,0.480504917334041,0.187807494448674,FALSE,NA
11883,0.00208177641444632,0.363320788093937,TRUE,NA
939072,8.22453216642654e-13,0.000147436104260862,TRUE,NA
942811,0.170609994897868,0.0241513690035352,FALSE,NA
359564,0.0756255300168599,0.00232992177056625,FALSE,NA
48974,0.00286642499813277,1.11348644567967,TRUE,NA
148781,NA,NA,NA,"Error in rep(1, N): invalid 'times' argument
"
517718,0.443607388622513,0.426822714269144,FALSE,NA
2919,0.00750826725041698,0.0223465149752976,TRUE,NA
828269,0.525373874280658,0.054563189526513,FALSE,NA
583837,0.000956462647972733,8.79702668231624,TRUE,NA
155831,0.0243408753536988,2.91133323123251,TRUE,NA
214699,0.0185768316415417,0.994346169967026,TRUE,NA
650131,NA,NA,NA,"Error in rep(1, N): invalid 'times' argument
"
407375,NA,NA,NA,"Error in glmnet(x, y, weights = weights, offset = offset, lambda = lambda, : x should be a matrix with 2 or more columns
"
541814,0.00654627714102538,0.00571512484217159,FALSE,NA
640412,1.61642935036972e-05,0.0645411501699786,TRUE,NA
569802,0.128043400882698,0.000215129875955734,FALSE,NA
817348,NA,NA,NA,"Error in rep(1, N): invalid 'times' argument
"
231011,0.096219501593383,0.00362517103547734,FALSE,NA
35751,0.0020593027810483,0.0243081770420633,TRUE,NA
790311,3.49246261945577e-07,7.3112247772034,TRUE,NA
84213,0.0252285924559485,0.0132368548109955,FALSE,NA
34273,0.00720093203707047,0.00216212724410896,FALSE,NA
338970,1.69366567761408e-08,0.000106238763393176,TRUE,NA
586300,0.000723243256392765,8.0262811730222,TRUE,NA
48503,0.00721130632118268,0.586000049567458,TRUE,NA
802357,0.00780805243625772,0.0527117429529067,TRUE,NA
852056,0.00288360763176845,0.4000964770182,TRUE,NA
521890,0.00282299997600607,0.0270030260055367,TRUE,NA
778137,0.00341495183106284,0.00207705651156448,FALSE,NA
580288,0.00388325264437902,0.63948592826545,TRUE,NA
615715,0.0128157378959219,0.00402674908544773,FALSE,NA
430952,0.268494835448976,0.401223588380726,TRUE,NA
688664,3.68914175311523e-07,6.72611623575046,TRUE,NA
659282,2.00380284398144e-06,0.290863244060848,TRUE,NA
121432,1.3945233911643,0.000392793172531133,FALSE,NA
605662,0.000199210098365047,0.0412162720581672,TRUE,NA
963026,0.0679548290564108,0.000437429994179404,FALSE,NA
329221,0.0992450857522248,0.199244030954755,TRUE,NA
692428,0.019648994249127,3.31689213857662,TRUE,NA
673569,0.000619826271038152,0.00171044247735713,TRUE,NA
274935,3.35795125295267e-05,0.795716910330952,TRUE,NA
141992,0.000333922001879884,0.00121612404136863,TRUE,NA
885143,0.869313848797242,0.0503915610441794,FALSE,NA
912997,0.00255120307228214,7.98852566586804,TRUE,NA
866542,0.0109299546286404,0.0084385509407306,FALSE,NA
608522,1.36495769038742e-05,1.03887914076499,TRUE,NA
209595,NA,NA,NA,"Error in rep(1, N): invalid 'times' argument
"
18670,NA,NA,NA,"Error in rep(1, N): invalid 'times' argument
"
264473,8.12412318688892e-07,0.0225937029308863,TRUE,NA
373258,0.314943908749171,0.0208649747481193,FALSE,NA
364916,0.0311960131622681,0.0238492205324218,FALSE,NA
727044,0.0545612068762488,0.246249380922987,TRUE,NA
13304,0.118192682939196,0.00704563148512177,FALSE,NA
394138,0.0032615206126841,0.000283335461715786,FALSE,NA
187093,0.658061654696965,0.354588371630826,FALSE,NA
586032,0.246769659040383,0.000237717990649222,FALSE,NA
271395,NA,NA,NA,"Error in rep(1, N): invalid 'times' argument
"
52979,0.00119522832068348,2.09902791775398,TRUE,NA
901473,0.0484514298805633,0.108836181149777,TRUE,NA
422450,NA,NA,NA,"Error in rep(1, N): invalid 'times' argument
"
259183,NA,NA,NA,"Error in rep(1, N): invalid 'times' argument
"
705347,0.00548659306825656,0.00349083227446319,FALSE,NA
501893,7.28248482014227e-07,0.00526477666095916,TRUE,NA
641143,0.0280538486380199,0.316278717960695,TRUE,NA
589994,0.000199219854081572,1.51781976717091,TRUE,NA
386691,0.16453561348332,1.75300707354942e-05,FALSE,NA
538424,1.38360931131144,3.18163873169359,TRUE,NA
393096,0.00733640468956076,0.0119296909555165,TRUE,NA
311241,NA,NA,NA,"Error in glmnet(x, y, weights = weights, offset = offset, lambda = lambda, : x should be a matrix with 2 or more columns
"
180140,5.0205265978025e-06,0.000174657118537239,TRUE,NA
922333,0.00268612253845368,0.131026975623985,TRUE,NA
640992,0.000433361728024725,0.000343277604226427,FALSE,NA
298208,1.90900582577848e-07,0.0428988873841215,TRUE,NA
900874,0.00441553127365244,0.321951214257882,TRUE,NA
223388,NA,NA,NA,"Error in glmnet(x, y, weights = weights, offset = offset, lambda = lambda, : x should be a matrix with 2 or more columns
"
262941,0.00349756496399338,0.726037181749866,TRUE,NA
925986,0.0489061220899032,0.0441927393025832,FALSE,NA
137291,0.00390271701296735,0.140561467123271,TRUE,NA
265460,0.01116006237581,0.00966899420919324,FALSE,NA
794192,0.00396100936222981,0.945245183090949,TRUE,NA
161299,1.01165899245676,0.0460972314747906,FALSE,NA
3859,0.0625497284919484,1.749238303572e-05,FALSE,NA
407408,0.109654359275913,0.253563041296076,TRUE,NA
265114,0.029685824188806,0.00724256706072356,FALSE,NA
527847,NA,NA,NA,"Error in rep(1, N): invalid 'times' argument
"
672046,3.36254581396056e-05,2.66245872589864,TRUE,NA
960465,9.26277258226978e-05,5.48314745193383,TRUE,NA
723807,0.000160670053060134,1.10645985107075,TRUE,NA
641234,0.0460865871138493,0.0656951573757859,TRUE,NA
861571,0.000189221438477226,0.971151311160343,TRUE,NA
208618,0.000580513805130932,0.00504696777895928,TRUE,NA
409048,0.018412290403929,4.9346603115285e-06,FALSE,NA
980945,0.00622004621600183,5.47814688172575,TRUE,NA
570093,0.00411292503216022,4.91122991380128e-06,FALSE,NA
963332,4.83325541783872e-06,1.34040091092811,TRUE,NA
702951,0.000335344303065649,0.40853136866066,TRUE,NA
266487,0.000301067202192154,5.87388800488458,TRUE,NA
531968,1.04357201962957,0.0104318791518144,FALSE,NA
268830,0.661268152594366,0.00437817523689856,FALSE,NA
752115,0.039575058851739,0.00186364526088038,FALSE,NA
343589,0.0362964527531109,0.0130074888929753,FALSE,NA
819505,0.00325413493511012,0.00447132926993476,TRUE,NA
90055,0.28070517451707,0.0326893263951637,FALSE,NA
109085,NA,NA,NA,"Error in glmnet(x, y, weights = weights, offset = offset, lambda = lambda, : x should be a matrix with 2 or more columns
"
295427,0.213988348303579,0.000313715940960864,FALSE,NA
966493,0.0041427686526049,0.00479686195662071,TRUE,NA
173936,0.0567553431400348,0.0890735770788104,TRUE,NA
360539,0.16856919195298,0.00443102941206513,FALSE,NA
808450,4.46360139543277e-06,0.0107176330110302,TRUE,NA
952929,0.0294681016165318,0.00595466626830324,FALSE,NA
620635,0.00662625822977812,0.000501197228738372,FALSE,NA
77280,0.0132599047811095,0.0345670436468008,TRUE,NA
466294,0.0274442565005056,3.01132208809166,TRUE,NA
198210,1.66657784097592,0.000950950329814254,FALSE,NA
205322,NA,NA,NA,"Error in rep(1, N): invalid 'times' argument
"
215755,0.000736457615232715,0.0346539835120719,TRUE,NA
774562,0.0342011424934191,1.36828366266409,TRUE,NA
894690,2.250681732874e-05,0.00121218153240082,TRUE,NA
61508,0.0116358001600197,0.0564014928414599,TRUE,NA
657060,0.866196971436306,2.18675797789603,TRUE,NA
928615,0.0258470726456655,0.327717105885415,TRUE,NA
647975,0.28721087991937,3.65459923481945e-05,FALSE,NA
616556,0.0139386185902592,0.166998630579893,TRUE,NA
68802,0.000876973871729399,0.0304558220077916,TRUE,NA
871350,0.0319143035434147,3.48117373054552,TRUE,NA
332347,0.00318729966063152,0.00560314519368761,TRUE,NA
445946,0.877932347915447,1.48243745092805e-06,FALSE,NA
674242,0.032870937004499,0.00710823601767587,FALSE,NA
487305,0.0199795259429434,0.0252871437301593,TRUE,NA
39115,6.51579185848278e-05,3.25451977918563e-06,FALSE,NA
248714,0.0315964247007209,0.000813739988756377,FALSE,NA
389973,0.0177311523881656,0.148026744011268,TRUE,NA
403705,0.000931989409450323,7.12822904651675,TRUE,NA
135805,3.97858079893885e-10,3.50232794698134,TRUE,NA
775140,0.0195117411734043,2.58553560340584,TRUE,NA
417081,0.0202809225294344,4.76070769275609e-05,FALSE,NA
398119,0.00297638992748769,0.133363009143295,TRUE,NA
276777,0.165631865758803,0.00212667912619905,FALSE,NA
171838,0.10556782115601,1.26766976582998,TRUE,NA
235844,0.258053781204058,2.62022836843434,TRUE,NA
148429,0.00405499506645265,0.179232285514962,TRUE,NA
110592,0.299475282914572,3.81122507067173,TRUE,NA
579810,0.326994261804942,1.18858296480473,TRUE,NA
772339,0.0396618474985805,0.0160236645785233,FALSE,NA
299264,0.57264728415133,0.0625119929995635,FALSE,NA
348107,0.00201369848842531,0.00337929452395811,TRUE,NA
122226,5.02622917702975e-05,0.00529318096536452,TRUE,NA
567702,5.07486240282232e-05,7.65754375634306e-05,TRUE,NA
968506,0.0152939772263069,0.00101518214660732,FALSE,NA
688058,0.827945346509537,1.80061073420568,TRUE,NA
845398,NA,NA,NA,"Error in glmnet(x, y, weights = weights, offset = offset, lambda = lambda, : x should be a matrix with 2 or more columns
"
847191,0.00315155648657001,5.9198006792346,TRUE,NA
200842,0.0728221105270683,2.44300976666941,TRUE,NA
358954,0.0030607037014081,0.59620439323227,TRUE,NA
942084,0.000392051368205928,0.00175418825760276,TRUE,NA
109681,0.0910820074982446,0.0252684258545978,FALSE,NA
915430,0.249247860713216,0.124213379557219,FALSE,NA
656068,0.000114654540894854,0.204644733303941,TRUE,NA
343501,0.396313648481603,3.01513550046902,TRUE,NA
964265,0.0499672021885352,0.859416547357231,TRUE,NA
792879,0.00517173441734425,0.0211417509703292,TRUE,NA
264173,0.0517403948644058,0.0586843813395336,TRUE,NA
177793,0.000347183913706079,1.67452138657274,TRUE,NA
339333,0.000485157309160496,0.0978271206600667,TRUE,NA
874176,0.000870047466943653,0.00566311037007613,TRUE,NA
348498,0.000849532180439645,0.00304535586573536,TRUE,NA
29815,0.0458835368830139,4.13165661116517,TRUE,NA
658568,0.000280259146455583,0.148586435582838,TRUE,NA
223155,0.589133838981344,0.0101896156274517,FALSE,NA
343127,7.32601958865346e-06,3.64758251608194e-05,TRUE,NA
17577,0.000989952695893587,4.13660035515767,TRUE,NA
322216,0.0642838272997999,0.000195880479243708,FALSE,NA
140982,NA,NA,NA,"Error in rep(1, N): invalid 'times' argument
"
213672,NA,NA,NA,"Error in glmnet(x, y, weights = weights, offset = offset, lambda = lambda, : x should be a matrix with 2 or more columns
"
394888,8.09128521160908e-06,1.19062380614143,TRUE,NA
552869,0.000276043026477451,0.0879917740856636,TRUE,NA
96329,0.00144859093564689,2.15486141818277,TRUE,NA
265024,0.0179855996241338,0.00692340518663682,FALSE,NA
256705,0.000171337912898396,0.0359355574754967,TRUE,NA
518326,0.0850528442033793,0.137958283800432,TRUE,NA
528468,0.00833673104109928,3.25092352648092e-05,FALSE,NA
770671,1.72167905133383e-05,3.02044007852715,TRUE,NA
835459,0.00386952440909426,0.0999463328273986,TRUE,NA
20031,0.0341448335627439,0.000963784435046948,FALSE,NA
858271,0.00196656002303873,5.26154984856515,TRUE,NA
571060,0.00110503152284283,1.90837669251743,TRUE,NA
296806,0.0157249361373364,0.0246997984281672,TRUE,NA
493094,0.00648533069284625,0.0218479260132902,TRUE,NA
206775,5.27121051298103e-05,1.80686187450568,TRUE,NA
756889,0.0445992971240434,3.7549387608819e-05,FALSE,NA
870430,0.0122582893473009,0.391711305831292,TRUE,NA
466283,0.791542485483726,0.000227600199230089,FALSE,NA
51542,0.637176326916433,0.0592846909767469,FALSE,NA
709509,0.0522237500177287,0.0398877204004568,FALSE,NA
654046,0.35836327226747,2.58401112718465e-06,FALSE,NA
765987,0.167167832132778,0.821209943271222,TRUE,NA
390629,5.73007878845957e-06,0.32684209272657,TRUE,NA
731849,0.000245130936809731,6.39935871079658e-05,FALSE,NA
336076,0.454765683114718,0.0111869030507536,FALSE,NA
922064,0.0699247965422907,1.93410003720086,TRUE,NA
74373,0.00205159857520003,0.298457112175149,TRUE,NA
884719,NA,NA,NA,"Error in rep(1, N): invalid 'times' argument
"
174819,3.96656657357123e-05,0.000140614018790686,TRUE,NA
219832,0.0204742436918894,1.42574557945195e-06,FALSE,NA
690621,NA,NA,NA,"Error in rep(1, N): invalid 'times' argument
"
928965,3.02474087336621e-07,0.0473734309393243,TRUE,NA
971955,0.315579554659241,1.39094928589871e-07,FALSE,NA
891598,0.598508928966469,0.0274641992466188,FALSE,NA
702139,0.0066451620882434,0.0560218291981554,TRUE,NA
334664,0.00207269025896416,0.149995505733069,TRUE,NA
270838,0.019328498794733,0.597015865643702,TRUE,NA
933837,0.0243321698110159,3.94723797760384e-05,FALSE,NA
143347,0.00620583076766045,0.00281593363514198,FALSE,NA
340262,0.0739225265856241,0.0525970972216838,FALSE,NA
131600,0.0598568552609144,0.46646541156356,TRUE,NA
252154,0.000764004281161734,6.89697569308784e-05,FALSE,NA
918281,0.0461287273261296,0.0171374818588948,FALSE,NA
922472,0.0063828707998688,1.98572499813019,TRUE,NA
725235,5.97419212475596e-07,0.0545827267046449,TRUE,NA
297289,NA,NA,NA,"Error in rep(1, N): invalid 'times' argument
"
816251,0.108410930019544,0.402795668966884,TRUE,NA
656698,3.5388005776994,1.92512606354295e-06,FALSE,NA
988335,0.0127265628486667,4.46727891233816,TRUE,NA
42249,0.0384812493704734,0.00671899259163591,FALSE,NA
648242,0.00808546304480526,0.00235342537298806,FALSE,NA
348418,0.316141211723428,2.55036727849067,TRUE,NA
317879,0.000206320125061402,0.556827041334703,TRUE,NA
722837,0.0151026157673893,0.00227142317362438,FALSE,NA
100432,0.0120748100425101,0.00376441960894133,FALSE,NA
445642,0.00225221183700369,0.00757192360163189,TRUE,NA
302824,8.28307699075271e-05,0.00252485304689559,TRUE,NA
451189,0.0688210933033234,2.07241238120054e-06,FALSE,NA
952434,0.00861148657662708,0.00120157901690756,FALSE,NA
165498,0.000202298400496844,0.00048024092479197,TRUE,NA
945196,0.0221346671493511,0.00011361341093815,FALSE,NA
178700,0.00582400340810443,0.0367423973346744,TRUE,NA
533126,0.00324847198360549,0.0150257842836083,TRUE,NA
865218,0.00153705278455769,0.0615902841575855,TRUE,NA
434943,1.74156678899779,1.24275175033649,FALSE,NA
608801,0.000241077894876954,2.89691018278808e-07,FALSE,NA
210759,7.49388126105262e-06,2.67632125092578,TRUE,NA
411005,0.10093466169765,1.49911500525821,TRUE,NA
944994,0.000225006711565774,3.33148758317724,TRUE,NA
47365,0.557237644362173,0.0101459892930947,FALSE,NA
140449,0.0861602885702078,0.202018532688074,TRUE,NA
176268,0.00675210305619403,0.0880056084537919,TRUE,NA
782207,1.76799775273009e-08,6.57755944873648,TRUE,NA
270235,0.0672489465712934,1.4560957501481,TRUE,NA
375279,0.00102030808287382,1.23431288949302e-06,FALSE,NA
628016,6.84588180994808e-07,0.862403663715046,TRUE,NA
415534,0.387075318118346,0.00544957548518583,FALSE,NA
11153,2.53632603998608e-07,0.0226647398894157,TRUE,NA
760742,0.0600021712355093,0.013821805830023,FALSE,NA
839702,0.000796147802788061,0.0301089177449465,TRUE,NA
145740,0.871953205807694,0.000427744657337519,FALSE,NA
736661,0.0339141490891772,0.0112601496819925,FALSE,NA
657947,0.102861922183483,4.900221779224e-05,FALSE,NA
35642,0.050593143859202,0.0577148237114974,TRUE,NA
275168,0.00580695344261965,0.972188397298937,TRUE,NA
691249,5.38664941487085e-06,0.0755764060452098,TRUE,NA
975037,0.0183119705627725,0.441537774107972,TRUE,NA
246092,4.60843758930823e-06,4.94589603560374e-05,TRUE,NA
456166,0.0453676610928887,0.0186424720570341,FALSE,NA
363608,0.0008267649184234,9.59199297643436e-05,FALSE,NA
119710,0.0416668123180991,0.687120850957939,TRUE,NA
989729,3.24550465113343e-05,2.28459934837076e-05,FALSE,NA
150853,0.561817083496165,0.0213441249121555,FALSE,NA
650444,0.00652563860118538,0.000302118530643174,FALSE,NA
845524,5.59415010417095e-05,0.00564351597622236,TRUE,NA
344796,0.0492863050987912,4.74469960353879e-05,FALSE,NA
389566,1.03035016900052,3.71781634000349,TRUE,NA
345767,0.0001167540250606,2.12293529455406e-08,FALSE,NA
948669,0.0023233650598503,0.423182973095236,TRUE,NA
187929,0.247810358000843,1.82256225366875,TRUE,NA
469502,0.00129489336166885,0.112781988582465,TRUE,NA
347466,0.00385732281682293,0.0578416444146144,TRUE,NA
378102,0.00108697696518697,0.11235583347099,TRUE,NA
29383,0.000692334526838329,0.000293610117417246,FALSE,NA
497154,NA,NA,NA,"Error in rep(1, N): invalid 'times' argument
"
997990,0.0158717796689313,0.00432411033871867,FALSE,NA
199960,NA,NA,NA,"Error in rep(1, N): invalid 'times' argument
"
740112,NA,NA,NA,"Error in glmnet(x, y, weights = weights, offset = offset, lambda = lambda, : x should be a matrix with 2 or more columns
"
889698,0.0374641830183142,2.55319054298702,TRUE,NA
911180,0.00324863153449506,2.78796632436584,TRUE,NA
360185,2.64782782541351e-08,0.0531639896830475,TRUE,NA
967749,0.0475093347952995,0.00261379132313341,FALSE,NA
14614,0.00494043160793844,1.25516937584912,TRUE,NA
674001,0.0512764142961577,0.00496179542845704,FALSE,NA
660133,0.00189085350701534,7.29854484143529e-05,FALSE,NA
265556,0.000777580973536828,1.17010135666426,TRUE,NA
229142,0.0602708350097045,0.10057064330081,TRUE,NA
29061,0.00102482205143185,0.15177204865499,TRUE,NA
189749,0.208975045636112,0.791467474277324,TRUE,NA
721817,0.00224804715187471,3.91631497647153e-07,FALSE,NA
113988,0.0310386678860556,0.0953251500959297,TRUE,NA
643950,0.00262722260318948,0.343059326983496,TRUE,NA
414657,0.0466301487603984,3.60443243244924,TRUE,NA
782199,0.000128345519991821,1.15285653649416,TRUE,NA
987662,NA,NA,NA,"Error in glmnet(x, y, weights = weights, offset = offset, lambda = lambda, : x should be a matrix with 2 or more columns
"
649159,0.044482898269297,0.000158762442443777,FALSE,NA
59998,0.570491999307235,2.07307825520435,TRUE,NA
773189,0.00852286479671551,0.00965047612326227,TRUE,NA
300592,0.0196477377311663,0.000124506557040216,FALSE,NA
347576,0.305935134659904,1.34712848852148,TRUE,NA
937278,0.0130694424393273,2.04604944431424,TRUE,NA
643100,0.00886264503134768,0.00202405735013194,FALSE,NA
8177,0.0467974890746322,0.0572279152005215,TRUE,NA
494638,0.00687017843242396,0.775311282685107,TRUE,NA
525283,2.80768713071529e-06,5.0323016473751,TRUE,NA
560129,0.0177682796821738,0.000147655138963647,FALSE,NA
793108,0.312393832056047,7.48041007213142e-05,FALSE,NA
257624,0.0260116024731789,6.67097769268385,TRUE,NA
150893,NA,NA,NA,"Error in glmnet(x, y, weights = weights, offset = offset, lambda = lambda, : x should be a matrix with 2 or more columns
"
796023,0.00251945288868412,0.00533516264387612,TRUE,NA
80400,0.00123656336642489,0.82803910834429,TRUE,NA
879335,2.48326967109952e-05,0.00709977624350062,TRUE,NA
369978,0.125063097546529,0.000148373994928898,FALSE,NA
288736,0.183367630519353,0.47800120545959,TRUE,NA
133043,0.173336194108658,0.000699840492081454,FALSE,NA
796799,3.69327819420468e-06,0.0618755209814668,TRUE,NA
546436,0.000180713836748358,0.0142334700566697,TRUE,NA
445070,0.000662748056479572,0.00012607710465492,FALSE,NA
53713,0.000236788371099334,0.0188901104712448,TRUE,NA
478220,0.000113101872702405,4.27174015312339,TRUE,NA
229404,0.413796631150285,1.74657296052108,TRUE,NA
408693,0.309395268724935,4.09882233610546,TRUE,NA
313758,0.121866020347185,0.0947739307915199,FALSE,NA
665855,0.00792908383644902,0.0317881169543322,TRUE,NA
432158,0.010286816917863,4.78815871717081,TRUE,NA
412084,0.0280143973893596,0.00201513152415542,FALSE,NA
668839,0.000688317155170904,0.00180897953730865,TRUE,NA
616168,1.64310520429408e-05,0.000654976812664519,TRUE,NA
440103,0.000251137274364378,5.60352644666996,TRUE,NA
312214,0.16858235939942,1.25099950787296,TRUE,NA
419727,NA,NA,NA,"Error in rep(1, N): invalid 'times' argument
"
392148,0.197319842997197,0.788036446193303,TRUE,NA
683385,4.3924701540704e-05,3.70542653270379,TRUE,NA
587458,0.00183297615060987,0.1408808872788,TRUE,NA
408885,0.000382349289970486,0.524786715259186,TRUE,NA
914387,NA,NA,NA,"Error in rep(1, N): invalid 'times' argument
"
62342,0.106546948529818,0.127279597129323,TRUE,NA
667880,NA,NA,NA,"Error in rep(1, N): invalid 'times' argument
"
320421,7.53815775257371e-06,0.000372547433532384,TRUE,NA
129295,0.869557563329199,4.34259852134955,TRUE,NA
909355,0.00172627588596211,6.54781597294697,TRUE,NA
871171,0.00631779542584631,0.0020123781630239,FALSE,NA
808688,0.00123473947353549,0.00522563353713043,TRUE,NA
956870,NA,NA,NA,"Error in rep(1, N): invalid 'times' argument
"
267472,4.7063811067836e-08,0.00485164962184539,TRUE,NA
21124,NA,NA,NA,"Error in glmnet(x, y, weights = weights, offset = offset, lambda = lambda, : x should be a matrix with 2 or more columns
"
821643,0.00111654941176973,0.0285155414790791,TRUE,NA
668411,2.95588016662585e-06,0.00100552884662768,TRUE,NA
61788,1.3370534688363e-09,0.0012547639184377,TRUE,NA
48908,1.30152056691596e-05,0.00179469433296154,TRUE,NA
160443,0.318019780573751,0.271393282893315,FALSE,NA
846499,0.604202602110594,0.0762032240116716,FALSE,NA
551716,0.0173231218125434,0.00437138324981073,FALSE,NA
778848,0.439701759370232,9.89127721838046e-05,FALSE,NA
328066,0.0408610085413323,0.256359760177377,TRUE,NA
720064,0.0024508656848298,0.0240876720215508,TRUE,NA
203198,0.00384283095777201,3.39434359728261,TRUE,NA
142086,0.0685166923218309,0.0851334310198448,TRUE,NA
695489,0.00169973289205152,0.00966881284251182,TRUE,NA
33856,0.0495362736117574,0.00111712981193194,FALSE,NA
962318,0.0113297938500745,4.69220094203698,TRUE,NA
684084,0.197539696726156,0.00196357290868516,FALSE,NA
326916,2.64874008944438e-07,0.340768224746606,TRUE,NA
274092,NA,NA,NA,"Error in glmnet(x, y, weights = weights, offset = offset, lambda = lambda, : x should be a matrix with 2 or more columns
"
570237,0.154455826481964,0.0106352557313109,FALSE,NA
978529,0.0236882192129923,0.354596364284344,TRUE,NA
474032,0.000203199440684387,0.618464750542843,TRUE,NA
516244,0.00472183767254887,0.0178831394691505,TRUE,NA
696537,4.80892212927215e-05,0.0351926426131511,TRUE,NA
880929,0.876997059597404,2.79781171736893,TRUE,NA
355795,0.00333488354370999,0.0810010999093097,TRUE,NA
17334,0.174204644133,1.23175078154646,TRUE,NA
27758,NA,NA,NA,"Error in rep(1, N): invalid 'times' argument
"
443598,0.0849463260347671,0.00257150087665286,FALSE,NA
175612,0.0318649635594809,0.00130969645022665,FALSE,NA
194417,1.38122171769802e-05,0.0406463815227264,TRUE,NA
962761,NA,NA,NA,"Error in glmnet(x, y, weights = weights, offset = offset, lambda = lambda, : x should be a matrix with 2 or more columns
"
923129,2.25876009426863e-07,1.05410770335763,TRUE,NA
392782,0.000337118165425779,0.151627512963051,TRUE,NA
30796,0.0179755028657443,0.000882524611205164,FALSE,NA
341301,0.377599878100037,0.00177047288868109,FALSE,NA
75578,0.149722481866041,0.467355056268608,TRUE,NA
39139,0.000491109439115767,0.000943990276070774,TRUE,NA
902190,0.355004994469435,0.00318554681119232,FALSE,NA
662251,0.00582025798458014,0.0902581662020194,TRUE,NA
969951,0.137178467055518,0.247101146548855,TRUE,NA
869896,NA,NA,NA,"Error in rep(1, N): invalid 'times' argument
"
207430,0.221846925511017,0.0480047198906755,FALSE,NA
338286,0.154509385151108,0.000384348808033306,FALSE,NA
373095,0.00520883715678228,2.20757364107108,TRUE,NA
308548,0.0280740733769084,0.0465485539211058,TRUE,NA
62111,NA,NA,NA,"Error in glmnet(x, y, weights = weights, offset = offset, lambda = lambda, : x should be a matrix with 2 or more columns
"
39738,0.107091111244955,7.37974868997772e-06,FALSE,NA
246785,0.276429781658461,1.91702431725006e-10,FALSE,NA
144518,0.0757074265434082,0.00211637327427568,FALSE,NA
592208,0.139149759831412,0.022635139561756,FALSE,NA
117250,0.0593482210463793,0.929082243301521,TRUE,NA
317817,0.00238030342666237,1.62818820292413,TRUE,NA
392238,0.201422316277351,0.488591795460464,TRUE,NA
700040,0.0194689092077501,0.140959069957915,TRUE,NA
57861,3.95532505687801e-08,2.13178857951436e-08,FALSE,NA
231281,1.9349073339187e-05,0.414477768036112,TRUE,NA
978706,0.00112747475582179,0.0247658269077144,TRUE,NA
633638,0.437976190926128,0.00256813643602965,FALSE,NA
901972,1.03734653771939,0.506445793172654,FALSE,NA
341036,0.00725723632799218,0.156979656004848,TRUE,NA
519679,8.20114542155652e-08,5.19226402525424e-05,TRUE,NA
808251,0.00414877217380278,3.95088068885785,TRUE,NA
831282,5.80414532619667e-05,3.09516937751962,TRUE,NA
542370,3.2610642177844e-05,0.00139100833352615,TRUE,NA
718916,0.00508470661691018,4.7276208565508e-05,FALSE,NA
540263,0.00115387704286621,1.75405125731923,TRUE,NA
710051,0.000472243002538489,0.0554913437257194,TRUE,NA
80176,0.141791775885216,0.00527514412980346,FALSE,NA
713446,0.0333752194578631,0.244145775431428,TRUE,NA
915853,0.0990327824649608,0.0104350860424683,FALSE,NA
658279,2.84368506924466e-09,0.0392895472502777,TRUE,NA
622578,2.71916711288279e-05,0.0046716348455827,TRUE,NA
933867,0.0284580732085361,2.01807972194663e-05,FALSE,NA
755760,0.85575665288515,0.000370482493425938,FALSE,NA
931116,0.26002517546452,0.00691992720633073,FALSE,NA
387096,0.00916366998445052,6.97170365648125,TRUE,NA
819445,0.00113776461469589,2.28471452098501,TRUE,NA
244597,0.000999065847454834,0.414652652857194,TRUE,NA
807318,0.0475842184931762,0.825243318152122,TRUE,NA
191264,0.00553102238292512,0.0459431055943404,TRUE,NA
131650,0.0033349870731522,0.00337499745524648,TRUE,NA
524553,0.00686790478309655,8.89958403736971,TRUE,NA
970793,0.612323593252234,0.188157814107127,FALSE,NA
937527,0.0825375685020515,0.000704166593813541,FALSE,NA
359094,0.22189605530364,0.00198220667875983,FALSE,NA
413070,0.0225961744892167,0.782708777168405,TRUE,NA
927270,0.00634117154869323,0.147477375482583,TRUE,NA
705402,5.06304459912646e-06,2.03885212845664,TRUE,NA
367575,0.0675328358961218,0.981210340533112,TRUE,NA
393599,0.0479265323937689,0.000524911964215648,FALSE,NA
128342,NA,NA,NA,"Error in rep(1, N): invalid 'times' argument
"
474766,0.00403050568794577,0.0915219789690051,TRUE,NA
906980,0.000472128392760107,0.013312498045177,TRUE,NA
247984,0.00445173108677337,0.342837019854604,TRUE,NA
918563,0.000985306213506347,0.0513668031482339,TRUE,NA
818099,4.76950308490565e-05,0.000106658575996717,TRUE,NA
657137,NA,NA,NA,"Error in rep(1, N): invalid 'times' argument
"
916596,0.652467281997248,0.809240661834375,TRUE,NA
207194,0.00330397716845857,1.04889538626866,TRUE,NA
273124,3.82369704617429e-05,1.75186722664231,TRUE,NA
44827,0.00801084734273214,0.0137329189581241,TRUE,NA
878112,1.75059825754359e-06,0.0815688178162276,TRUE,NA
622002,0.00170166409884587,7.77229820758423e-05,FALSE,NA
57713,1.65827821845062e-06,0.000756921914218319,TRUE,NA
319762,0.0281576411296959,0.0975028302149648,TRUE,NA
769113,0.962442019049075,3.05309985425497e-06,FALSE,NA
748011,0.0170375968207088,1.17258042985024,TRUE,NA
197025,1.25597054937187,1.30408994753285,TRUE,NA
447403,0.0816457467798311,0.545367307910534,TRUE,NA
364685,0.147699473169494,0.103952881603444,FALSE,NA
85398,0.017313262753902,0.218869057324425,TRUE,NA
421719,0.0240744284212877,0.00282171975854824,FALSE,NA
474033,0.260987084730511,0.00238898443859096,FALSE,NA
286331,0.386389391336248,0.434442723756765,TRUE,NA
390731,0.230040860060843,2.60912115616886e-05,FALSE,NA
43716,0.00031566177436154,0.000113865285120729,FALSE,NA
869325,0.0059781658318907,0.00160701161511921,FALSE,NA
542588,0.349176817893883,0.000384339725040053,FALSE,NA
337346,8.55862832963205e-06,1.45385043479298e-05,TRUE,NA
996055,0.189186923611642,0.0856854180559235,FALSE,NA
890750,NA,NA,NA,"Error in glmnet(x, y, weights = weights, offset = offset, lambda = lambda, : x should be a matrix with 2 or more columns
"
849413,0.000110778428412036,2.0002397694005,TRUE,NA
731053,0.00580238535660928,0.226444218979595,TRUE,NA
766494,0.00227621858897268,0.888203166014018,TRUE,NA
572215,0.0167582735824985,0.012485639004237,FALSE,NA
1794,0.0615316328373526,0.0579542391689503,FALSE,NA
716068,0.00706494869037538,0.0195255894578142,TRUE,NA
254002,0.01983523798476,0.0377416991680087,TRUE,NA
535414,1.74491722372571e-05,0.00501574651445847,TRUE,NA
664144,0.00246497777573349,0.36120513219998,TRUE,NA
854561,0.0159126065989585,0.00301667907317227,FALSE,NA
670259,0.0887184784015841,0.000242301504888781,FALSE,NA
339607,0.0369235494251599,0.0126396536621687,FALSE,NA
141972,0.0049556308779645,0.364874488794632,TRUE,NA
593258,NA,NA,NA,"Error in glmnet(x, y, weights = weights, offset = offset, lambda = lambda, : x should be a matrix with 2 or more columns
"
502751,0.000220868825037154,0.236544780086272,TRUE,NA
359329,0.0150753512104773,0.929038657696595,TRUE,NA
398173,0.0028535598005989,7.75917432857033e-05,FALSE,NA
724674,9.29487608017929e-05,2.68417441201955,TRUE,NA
217001,5.44180280080235e-06,0.000607653774263171,TRUE,NA
76362,3.04540662471047e-05,0.0428980911920546,TRUE,NA
843784,0.000812524887881977,0.516031498186371,TRUE,NA
459392,0.00826986938786367,0.00343273353093573,FALSE,NA
434182,0.0026034634618336,0.0115931631467042,TRUE,NA
481069,0.00101530190172041,0.432414393517208,TRUE,NA
34448,0.771235913759339,3.77146810375055e-05,FALSE,NA
22951,0.000603152281980995,7.16438270177902,TRUE,NA
314087,0.134931028568691,1.28795574531443,TRUE,NA
751873,0.00124261159444956,0.000779928098149669,FALSE,NA
228836,0.0555743358271535,0.017259216310077,FALSE,NA
931957,8.94712806121316e-06,0.0241925104726764,TRUE,NA
272027,1.66830127629575e-09,1.06479108579562e-05,TRUE,NA
540117,4.92179561665729e-06,7.47712899638597,TRUE,NA
417736,0.000442811945429722,1.50171332801023,TRUE,NA
514318,0.477882865364436,0.00823923266286246,FALSE,NA
964089,0.658432309951045,0.096329509733876,FALSE,NA
329156,0.0231548903913903,0.0144709110137702,FALSE,NA
163428,7.40398401871904e-05,0.000207667987994897,TRUE,NA
175446,0.287866309221474,2.64405001396645e-05,FALSE,NA
505034,0.00968441598159116,0.0619184019747439,TRUE,NA
484584,0.037056283352541,0.114119996376514,TRUE,NA
256190,NA,NA,NA,"Error in rep(1, N): invalid 'times' argument
"
731479,0.000333309149064168,0.00794430239286949,TRUE,NA
878724,0.00220037966427321,2.75913574617682,TRUE,NA
739472,0.000115232167085205,3.16402585807763e-08,FALSE,NA
816575,3.68282913822936e-05,0.045716561455975,TRUE,NA
539277,0.0175996085441468,0.315606593405843,TRUE,NA
806036,0.00912507771678177,0.208878408382904,TRUE,NA
699164,9.63079900020332e-08,5.33468195864145,TRUE,NA
421287,0.00461667105945356,0.00472737228927876,TRUE,NA
635206,0.0820788970118595,0.40505449273857,TRUE,NA
924708,3.55820881225313e-07,0.00361498425089724,TRUE,NA
276192,0.00513632267559723,4.01102820925073,TRUE,NA
659601,1.19410694702051e-05,0.173189313783984,TRUE,NA
705515,0.0104656064359492,1.19733923291841,TRUE,NA
739241,0.199624549007426,4.36555125605012e-05,FALSE,NA
302955,0.00368342918069901,0.130989845240775,TRUE,NA
22128,NA,NA,NA,"Error in rep(1, N): invalid 'times' argument
"
20227,0.000169773345935915,7.91433807692078e-10,FALSE,NA
660438,0.00609786872715426,0.61018520005751,TRUE,NA
818336,0.0767686558291935,1.41025423726361,TRUE,NA
73008,NA,NA,NA,"Error in glmnet(x, y, weights = weights, offset = offset, lambda = lambda, : x should be a matrix with 2 or more columns
"
560315,0.258287686218444,0.010134646798093,FALSE,NA
176925,0.00809186217981957,0.000307647751420912,FALSE,NA
666674,0.0619892961651535,0.0914584721787948,TRUE,NA
570867,0.00632776617837209,0.0229106233985378,TRUE,NA
634596,3.24062609726835e-06,0.00112354578062054,TRUE,NA
924066,0.418757864717259,0.453268566373636,TRUE,NA
994968,NA,NA,NA,"Error in rep(1, N): invalid 'times' argument
"
691062,0.00024661239621944,5.39342753106073e-05,FALSE,NA
434039,0.140046158598258,0.197902587704349,TRUE,NA
214008,0.0169294173384891,0.0269525731991313,TRUE,NA
795013,0.00360151517636116,0.000661556192816451,FALSE,NA
48834,0.0965277859164878,2.61636221584532e-06,FALSE,NA
132343,0.000373071677971685,0.221833584487245,TRUE,NA
331875,0.02850266675766,2.99759855124124e-07,FALSE,NA
256409,0.335348900854281,0.0496762483293795,FALSE,NA
263117,0.195879450201984,1.37317312035841,TRUE,NA
281825,0.0602938267111569,0.834484805665598,TRUE,NA
893369,0.0306987816828915,2.8707118053128,TRUE,NA
626013,0.00720842888565189,0.0369491231590615,TRUE,NA
106207,0.000805999454013,0.000390456715660276,FALSE,NA
427696,0.00196503494349733,2.50852520072039,TRUE,NA
703297,0.916043170412293,0.157711111969593,FALSE,NA
754442,0.000476676854517099,3.4886987922977,TRUE,NA
392282,0.0467383727183176,2.92499794841434,TRUE,NA
857007,0.000469505987896871,1.60200125961612,TRUE,NA
865766,2.10046221328881,0.000428102052529748,FALSE,NA
818514,0.000212990773246736,2.90271733909028,TRUE,NA
952493,0.0182015234216294,0.12685849689895,TRUE,NA
406217,0.0783963948335623,0.000232022415998242,FALSE,NA
712232,0.115221974629363,0.00969555291940567,FALSE,NA
48119,0.0127704101748759,2.34324269445818e-05,FALSE,NA
759593,0.0171471744322892,2.3435337008686e-05,FALSE,NA
158054,0.640739941456464,0.129386334403753,FALSE,NA
802251,3.58272063111908e-05,2.06400263845011,TRUE,NA
620700,1.19292302811166,0.052081632697539,FALSE,NA
244609,0.00468227702093116,5.52152516563389,TRUE,NA
135609,0.0447952032193175,0.0899814668762295,TRUE,NA
12162,0.0244692499968927,0.00775509333566449,FALSE,NA
216823,0.00166333387342421,0.000378784376573185,FALSE,NA
221585,0.000133425952446603,0.96728928577888,TRUE,NA
158119,8.67053747497394e-05,8.30590102187921e-05,FALSE,NA
562768,0.00135626931376649,0.0708762748197156,TRUE,NA
369724,0.00498891599825241,0.00318211742555313,FALSE,NA
43350,0.364906563703298,0.000116667045694732,FALSE,NA
596259,0.0626300796680909,1.61767046453637,TRUE,NA
104881,0.0316228488208219,0.0369096192934915,TRUE,NA
456392,0.000714997845779626,0.00236153072260874,TRUE,NA
725380,0.00926067347005459,0.125851273285653,TRUE,NA
728852,0.915356277738256,1.51345835732462,TRUE,NA
689073,0.00804009361566048,0.44856424405271,TRUE,NA
665579,0.863267576279044,0.0704444299422994,FALSE,NA
460943,0.00103725100157213,0.00973610235364469,TRUE,NA
113627,0.000114820951598282,1.64148124991671,TRUE,NA
479133,0.000448057945687741,0.318842564951367,TRUE,NA
107959,1.24037721075119,4.18981556954198,TRUE,NA
830614,0.00304350961892707,1.44867791245128,TRUE,NA
955966,1.4066510570044e-05,2.39538177771513,TRUE,NA
830438,0.00243814001437683,0.00110316519600964,FALSE,NA
152940,0.0032123028648947,4.0630546222133,TRUE,NA
461188,0.15502757381394,0.424543691591595,TRUE,NA
741688,0.254038811786689,1.01126876127742,TRUE,NA
883436,0.261628728775808,0.107486344372141,FALSE,NA
401451,0.00171803924104166,0.439195444769893,TRUE,NA
517801,1.6446257231422e-05,0.0153634859123093,TRUE,NA
897769,0.0181975600240543,0.695689671905569,TRUE,NA
165508,0.374421258608985,3.04108984814591,TRUE,NA
971032,0.0700067060613971,2.59508439392574,TRUE,NA
398742,0.00296397282961112,0.928993353605387,TRUE,NA
615886,0.0550188214963296,0.00326486602714112,FALSE,NA
807682,0.00732139506762207,0.0478348436195826,TRUE,NA
754340,0.313710733701339,2.65364736321458,TRUE,NA
911910,0.0540069322830516,0.345392913264192,TRUE,NA
679378,0.00461813482688616,1.1551735562028,TRUE,NA
870778,0.475586100069461,7.33153435969443e-08,FALSE,NA
175020,0.00187130020255015,0.0330408865289893,TRUE,NA
918532,0.972994938547269,0.0215627319666642,FALSE,NA
306606,0.00299575284025259,0.0134082589163394,TRUE,NA
491324,4.44497580028487e-05,3.82997567092136e-05,FALSE,NA
745417,0.000317699203676351,0.144689763369011,TRUE,NA
486380,0.0414011336305094,0.537972726567765,TRUE,NA
273044,0.0303935671599436,3.35575662741669,TRUE,NA
248455,0.557864307073469,0.120363885520285,FALSE,NA
424317,0.00282157756340187,0.00525683586755448,TRUE,NA
674042,NA,NA,NA,"Error in rep(1, N): invalid 'times' argument
"
96791,1.90931263507868e-06,8.3162254286052,TRUE,NA
505209,0.00187970921808653,0.00381445339940489,TRUE,NA
53010,0.00108479611815113,0.0285675870263497,TRUE,NA
912184,0.182001968734483,0.0524441070777493,FALSE,NA
338178,0.0575873509598041,2.77509155865154,TRUE,NA
375416,0.0184845681896915,1.84866835890952e-05,FALSE,NA
73164,0.00186188431047693,0.122769900918086,TRUE,NA
491799,0.0235846185489386,0.218760560777133,TRUE,NA
458044,NA,NA,NA,"Error in rep(1, N): invalid 'times' argument
"
23554,2.22620059518168,1.848746254892e-07,FALSE,NA
207444,0.00567164663840897,4.59893472368049,TRUE,NA
695151,0.0631867776984112,8.96330617728824,TRUE,NA
449939,2.06501482580281e-14,0.61118202244798,TRUE,NA
287337,0.519094932931441,1.65446274772369,TRUE,NA
994630,0.0282322339533334,0.0273384582523892,FALSE,NA
911644,0.305141303965522,0.614367980083231,TRUE,NA
473368,0.012909201299099,0.00865981339868942,FALSE,NA
2339,0.434349997078839,0.0368543883655607,FALSE,NA
857582,0.00248444345990396,0.000241059995918158,FALSE,NA
117011,0.0365079776846741,2.29765963224922,TRUE,NA
604435,0.17046398931949,5.7339547484595,TRUE,NA
493921,0.00111634893538272,0.00192761291642619,TRUE,NA
358656,0.0193662242171438,2.00980976030399,TRUE,NA
283048,0.00224610601646555,0.000527518885728012,FALSE,NA
856826,0.00450865816335811,0.621488333216729,TRUE,NA
715545,0.0117391729556873,0.177598344566323,TRUE,NA
254848,0.000198839302466059,3.65304218045597,TRUE,NA
858963,0.00174918940765566,0.314941218506657,TRUE,NA
637566,1.68109396754745,0.919322959535402,FALSE,NA
840961,0.0209325519133896,0.00881965753871184,FALSE,NA
610397,9.61934111903812e-06,0.138871419753733,TRUE,NA
496655,5.31529737686405e-05,0.377215078926702,TRUE,NA
496393,0.000416536861333342,0.0270625285535247,TRUE,NA
546946,0.0994434074689103,0.0481034145644469,FALSE,NA
460420,0.0168838759547048,0.732629726246515,TRUE,NA
868011,0.213310947598182,1.13051418550911,TRUE,NA
21236,0.0290745864113706,7.98405690698426e-05,FALSE,NA
305500,0.392175982790021,0.694657471629926,TRUE,NA
992340,0.000190346448989753,1.36245274642364,TRUE,NA
135093,0.00934286278354063,2.45248154862709,TRUE,NA
296812,0.00028368862589965,0.00240848734650248,TRUE,NA
23778,0.0263084418892876,0.12323911075937,TRUE,NA
322990,0.000428747849667465,0.00231193856397636,TRUE,NA
238850,0.145292397055367,0.00300765090434393,FALSE,NA
745978,0.0101907712912061,0.00220201813569243,FALSE,NA
948188,0.0898601797823704,0.148999821232108,TRUE,NA
553407,0.0630380969935981,0.0160580867136801,FALSE,NA
578633,6.26691672235353e-06,0.00325841533763011,TRUE,NA
625515,0.000678182428767249,1.39505260937988,TRUE,NA
679166,0.0171799447986979,2.00939338170051,TRUE,NA
692721,0.00946211415030878,0.375247206291144,TRUE,NA
779065,0.0515275107298209,0.0604162204767798,TRUE,NA
226253,0.00623510673902846,0.240092579001882,TRUE,NA
142803,0.00176251497668663,1.1386788201305,TRUE,NA
780808,0.00216561298333379,6.54015598717038e-07,FALSE,NA
981527,4.42220926460108e-05,0.0103567247862558,TRUE,NA
795844,2.72631958506069e-08,2.02397494583483,TRUE,NA
369561,NA,NA,NA,"Error in glmnet(x, y, weights = weights, offset = offset, lambda = lambda, : x should be a matrix with 2 or more columns
"
394922,0.00887445441081568,0.00713676995342288,FALSE,NA
218975,2.73876567292459e-07,0.00123938321733866,TRUE,NA
345988,0.00212301081155174,0.000168947138201206,FALSE,NA
392138,0.0301636434429818,0.0443587696600811,TRUE,NA
480890,0.499374046506576,0.024044996510083,FALSE,NA
531124,0.0244208853352949,0.0265117990746223,TRUE,NA
50711,0.000447998679780134,0.000182424586212128,FALSE,NA
202710,0.000505595857503983,0.000964427448177158,TRUE,NA
591318,3.57857984438928e-07,5.70608654064557e-05,TRUE,NA
190932,0.000246396801114418,0.42996067447492,TRUE,NA
122552,0.00194168276483178,0.000234579634766441,FALSE,NA
259257,0.00135099938283587,0.660428057441854,TRUE,NA
591446,0.0623298220458948,0.000134864904125876,FALSE,NA
723928,8.61947671989321e-06,0.0207611104253364,TRUE,NA
570700,6.01923378353179e-05,8.26272514384637e-05,TRUE,NA
159729,1.20382676729406,0.00331663510020741,FALSE,NA
279631,0.275204123267442,0.191466448575458,FALSE,NA
356317,0.000130288485628089,0.508343875037779,TRUE,NA
606589,0.398839533357995,6.55214634484358e-07,FALSE,NA
449690,0.000185973277821974,1.44429934339547,TRUE,NA
121297,0.0493643002463058,0.0291650649018076,FALSE,NA
536024,0.0121647917323262,0.0125359010475906,TRUE,NA
503791,0.127485707676133,0.000192111505492248,FALSE,NA
431546,0.00286598560967242,0.000311605673878856,FALSE,NA
512672,3.61559770760144e-07,3.37861517112445e-09,FALSE,NA
401134,0.670929287157715,8.43160274589712,TRUE,NA
490502,0.0124674768091584,0.305275260840184,TRUE,NA
14372,0.00288564211817109,5.80626616989279e-08,FALSE,NA
116580,0.0517093292527055,0.0538697348087559,TRUE,NA
201378,3.85698087306259,0.255005237222956,FALSE,NA
327071,0.00205654848527535,0.283691155407468,TRUE,NA
771056,0.0302307757804103,0.0198081802701921,FALSE,NA
251077,0.0253194330295242,0.000936697318001447,FALSE,NA
998033,0.00963004049373966,1.32843808004592,TRUE,NA
574859,0.671644198878982,0.0159601298320342,FALSE,NA
46074,NA,NA,NA,"Error in glmnet(x, y, weights = weights, offset = offset, lambda = lambda, : x should be a matrix with 2 or more columns
"
399238,1.77950217074256e-07,1.02958022791891,TRUE,NA
427309,0.0333997571185483,0.453396611248121,TRUE,NA
6096,0.0063901388280152,0.128715931176983,TRUE,NA
813007,6.63006850193847e-05,0.0021427499087794,TRUE,NA
515203,0.596193631795467,9.39918859738238e-05,FALSE,NA
561495,0.00429894302788347,2.8405334429868,TRUE,NA
607944,0.00242010597424815,0.154491846060896,TRUE,NA
903247,0.102063976828426,0.000216016229100588,FALSE,NA
326833,0.0934087593214558,0.918484158264179,TRUE,NA
807658,0.000123047725277765,0.588608906759886,TRUE,NA
326517,0.0373506852092385,2.15182775854981,TRUE,NA
390089,0.167623376424329,0.0230541916513945,FALSE,NA
862794,0.00142280365255251,0.0066953913632518,TRUE,NA
396869,2.18342532667423e-06,7.66060721891606e-05,TRUE,NA
292753,0.00331996746869357,7.52709895976204,TRUE,NA
844833,0.0324084023541478,0.0123381819810586,FALSE,NA
696121,0.104017995312663,0.000153998652648138,FALSE,NA
272948,0.000529056769654063,0.0280052816011823,TRUE,NA
184548,0.00439804106530366,0.000121910329430115,FALSE,NA
775330,0.0333739404430822,0.925691736596957,TRUE,NA
55695,NA,NA,NA,"Error in rep(1, N): invalid 'times' argument
"
989007,0.0703263352096976,0.0305368212120052,FALSE,NA
175306,0.572186069518269,0.0124757852963375,FALSE,NA
558779,4.51728452754771e-07,1.41130231661124,TRUE,NA
673268,1.98310929996982,0.0127316440056873,FALSE,NA
694173,0.0108457607465986,0.627553748230781,TRUE,NA
757569,0.000439386568508791,0.0353890762373799,TRUE,NA
299460,0.0703914042438568,0.0734981377330635,TRUE,NA
733975,0.0169320816596784,0.034438744375699,TRUE,NA
350869,0.011394119557043,0.0365692966485885,TRUE,NA
39463,0.424440864748991,3.9836844280378,TRUE,NA
609503,0.00165381964167887,1.08787982772193,TRUE,NA
745465,0.0347184482338486,13.0347048241814,TRUE,NA
222173,0.418795644684941,1.21118485436319,TRUE,NA
199048,7.01192312953471e-05,0.0981449539483787,TRUE,NA
378395,0.228608997735185,0.000116582516573085,FALSE,NA
774983,0.010959600984633,0.000750686290622267,FALSE,NA
430681,7.94537939734873e-05,0.0443755233413226,TRUE,NA
650673,0.05718251532847,0.821622012167649,TRUE,NA
515765,0.00840389355085791,2.74519998528015,TRUE,NA
645910,0.00748799525953248,0.000520604382161548,FALSE,NA
879136,0.0272529886713184,0.400963577418861,TRUE,NA
31235,0.00213061878441544,1.27538809574572e-05,FALSE,NA
117963,0.716675539829171,0.319813519256035,FALSE,NA
738091,0.000844358502776396,7.13629003124862,TRUE,NA
30834,0.0124139627321528,1.59738148217501,TRUE,NA
808795,0.0219217580704978,0.0513751416359702,TRUE,NA
416589,1.64324457524352,0.0864656131163248,FALSE,NA
909560,0.00778569376222559,0.00437821560281712,FALSE,NA
76657,0.000228868548063686,0.622548799767589,TRUE,NA
264806,0.0136374991974756,0.170136665474357,TRUE,NA
974213,0.123903900370608,0.0371991141846122,FALSE,NA
428794,0.00210128645855476,0.0003020253593508,FALSE,NA
915981,4.4678111465785e-07,0.0239040696928711,TRUE,NA
897793,0.0216494808149791,0.0544503499242084,TRUE,NA
18178,0.000392294841400038,0.00653612414441362,TRUE,NA
435548,0.000397583991325804,3.19257369431211e-05,FALSE,NA
697456,0.000386378394073513,0.0705863503440738,TRUE,NA
947987,0.163515043035387,0.00486589562562382,FALSE,NA
780353,0.0163458352151926,1.41194702344935e-06,FALSE,NA
242763,2.00953308633211e-05,0.0153592879904193,TRUE,NA
523966,0.00517285119547828,0.411132980197836,TRUE,NA
689564,0.321901307569563,6.10252017995992e-05,FALSE,NA
88979,0.000905558034792787,0.0359380702009521,TRUE,NA
1698,0.0316129088160517,1.65392847096776,TRUE,NA
848756,0.0688509337921827,1.00621151171464,TRUE,NA
51087,NA,NA,NA,"Error in rep(1, N): invalid 'times' argument
"
519139,0.0820396852960812,5.71429001150981e-05,FALSE,NA
184293,0.00125867993540155,0.00095888481540174,FALSE,NA
340823,0.0733271153511038,0.129474966473041,TRUE,NA
915241,0.00841522347767874,0.000407383351547215,FALSE,NA
652666,2.22807187991705,0.130891469757678,FALSE,NA
378249,0.0208829091601445,0.00505655417129625,FALSE,NA
311210,0.00477711464299998,0.851015441408544,TRUE,NA
285358,0.00840281755969134,6.14006961066408,TRUE,NA
836552,0.202866842039848,0.00604469051958575,FALSE,NA
32913,0.0733696096848796,7.21948158168282,TRUE,NA
410508,0.0435206406610481,0.293687304787039,TRUE,NA
309188,1.11690465084583e-05,4.04588468770679,TRUE,NA
391824,0.132540086459398,2.05699416900492,TRUE,NA
396812,0.0792918435319617,0.00102755114887672,FALSE,NA
942859,0.404015723551932,4.55682380052637e-05,FALSE,NA
19729,0.000320958211407729,1.61029300283755e-05,FALSE,NA
359061,1.09503704631056e-05,0.000119768245065764,TRUE,NA
638984,0.0333757584111335,0.00278150601248996,FALSE,NA
69942,0.00258182807917751,0.00913671928690027,TRUE,NA
137553,0.0918151842122247,4.99307399330434,TRUE,NA
707257,0.120347230185955,0.00480815356126163,FALSE,NA
672543,0.0399639490285155,0.0149297691396373,FALSE,NA
766498,0.0189525508697078,0.0637728410547834,TRUE,NA
725820,0.207768944181855,0.0773724961404,FALSE,NA
488699,0.000632306810570355,4.99250331030997,TRUE,NA
701784,0.0201520642134751,0.105015006574472,TRUE,NA
879339,0.0366553576277822,0.0325917446482705,FALSE,NA
900771,0.0033599091841247,0.0429934813680502,TRUE,NA
388561,0.00176828883380234,1.60451350923474,TRUE,NA
478405,0.0601226368969709,0.00715616209533834,FALSE,NA
262772,0.0412380543318305,0.00500792826920488,FALSE,NA
61068,0.0862769052676447,0.00165594301492474,FALSE,NA
740000,0.0860483087544566,0.922712404974598,TRUE,NA
155133,0.386811671973556,3.80645932644331,TRUE,NA
243752,0.122211812179878,0.00656848446587883,FALSE,NA
857049,0.0225135560901112,2.47877559335442,TRUE,NA
299533,0.00489492952565923,3.0352599503974,TRUE,NA
803364,0.0305101803655237,1.01066178621646,TRUE,NA
111464,0.000110511973012218,0.108236480081229,TRUE,NA
268622,0.0775805330643624,0.170569814469983,TRUE,NA
160369,1.36983077177958e-05,0.00619488159313815,TRUE,NA
153023,5.11424365855367e-05,0.765877615409273,TRUE,NA
72495,0.0152960612151058,0.0108025116615497,FALSE,NA
458162,0.000333637738154653,2.72539843655192e-05,FALSE,NA
456882,0.000223794040477146,0.412203840612212,TRUE,NA
412148,6.68999891262792e-06,1.91628489886629,TRUE,NA
521856,0.000296361817426372,4.37653665529062e-05,FALSE,NA
782551,0.0411978816878109,0.411429367864584,TRUE,NA
109915,0.00763154876730927,0.00126176591534215,FALSE,NA
125448,4.96053038736505e-08,0.00352484462884803,TRUE,NA
569703,NA,NA,NA,"Error in rep(1, N): invalid 'times' argument
"
390184,3.84566766887902e-05,0.0822932190315449,TRUE,NA
727297,1.075236082921e-06,0.000539555984069644,TRUE,NA
378661,9.76329847786089e-05,0.0123270765088875,TRUE,NA
400541,0.00246197792188488,3.40873629244835e-07,FALSE,NA
555564,0.0041478523361493,2.94580571491877,TRUE,NA
930419,0.507020701157928,1.42520860324098,TRUE,NA
87540,0.0134589033248372,0.00682967446494869,FALSE,NA
902626,0.000204138288511408,0.000529899536525069,TRUE,NA
613085,1.46953715970685e-09,0.0306312481001909,TRUE,NA
382548,2.34347154430063e-08,0.0352373048289155,TRUE,NA
492315,0.26623904172795,0.272651671022315,TRUE,NA
558153,0.000445915955994042,3.43563431697562,TRUE,NA
449992,0.00169767032318378,1.90092996152082,TRUE,NA
124386,1.96982349257936e-05,0.00331014363814372,TRUE,NA
881493,1.98340752200196,3.60340477748329,TRUE,NA
206769,2.09610280302704e-05,0.376716936040381,TRUE,NA
572165,0.301750811418352,0.00353781335112528,FALSE,NA
821430,0.00143431858245585,2.94067259469317,TRUE,NA
85408,0.0584589156690634,0.00786072456037334,FALSE,NA
707928,0.0441209472934365,0.00361194857459016,FALSE,NA
304197,0.00540481022736173,0.0455763422249248,TRUE,NA
296670,0.0371272020617933,0.0943177944723273,TRUE,NA
516213,0.852393567354698,0.122718956807303,FALSE,NA
16558,0.196218258528995,1.85135415728299,TRUE,NA
226046,4.92788581938467e-05,0.00390536347786239,TRUE,NA
441310,1.52005270067628,0.267937336353117,FALSE,NA
627176,0.203037065927497,0.060011322082386,FALSE,NA
542880,0.00755608991069504,0.123545767606704,TRUE,NA
330210,NA,NA,NA,"Error in rep(1, N): invalid 'times' argument
"
731780,0.0261355612162065,0.833631442351488,TRUE,NA
109980,0.0912596266519815,7.11685309363109e-08,FALSE,NA
600976,0.227788518270819,3.02166689191624e-06,FALSE,NA
557387,0.00141247325960647,0.0993851287701724,TRUE,NA
237848,0.400655729829391,0.0185194776726401,FALSE,NA
261290,0.0189284140695577,0.424225731211805,TRUE,NA
432457,0.00407830409498497,0.003542091984817,FALSE,NA
224772,0.0445569042440375,0.00587591042384304,FALSE,NA
590544,0.0130277427509495,0.763777485239373,TRUE,NA
44448,0.00033825980916009,2.31975211521445,TRUE,NA
193601,0.108567117865259,0.000802036104618876,FALSE,NA
493012,0.0852555256146501,0.379523686106252,TRUE,NA
693149,0.0111536063393332,1.14382228309056,TRUE,NA
499660,0.000763074588713629,0.000328607968424706,FALSE,NA
668854,0.000455295964109567,0.000578223681034385,TRUE,NA
646113,NA,NA,NA,"Error in rep(1, N): invalid 'times' argument
"
78186,0.282370853815902,3.7770881834087,TRUE,NA
795640,0.000988489240151129,6.54968897309303,TRUE,NA
650256,0.0131449086707292,0.0453384934483558,TRUE,NA
716646,0.0128883824730825,0.0572011221682001,TRUE,NA
293947,0.000944315460272076,0.108150370531052,TRUE,NA
240844,0.000138642079613263,0.0483741326896205,TRUE,NA
894538,0.000730716627773696,0.456232026825355,TRUE,NA
374115,8.94256440953439e-07,0.00746492609276214,TRUE,NA
574674,NA,NA,NA,"Error in glmnet(x, y, weights = weights, offset = offset, lambda = lambda, : x should be a matrix with 2 or more columns
"
54669,1.30668743702589e-07,0.027292241590083,TRUE,NA
462834,0.0581403524144557,4.67818637379779,TRUE,NA
660166,NA,NA,NA,"Error in glmnet(x, y, weights = weights, offset = offset, lambda = lambda, : x should be a matrix with 2 or more columns
"
176284,0.000368622272817635,4.16323836917438,TRUE,NA
631266,0.00319145651772029,0.127626251906044,TRUE,NA
890640,0.000642792796082554,0.89558271761986,TRUE,NA
679826,NA,NA,NA,"Error in rep(1, N): invalid 'times' argument
"
454656,0.000150687703253905,0.000728473665530672,TRUE,NA
357719,NA,NA,NA,"Error in glmnet(x, y, weights = weights, offset = offset, lambda = lambda, : x should be a matrix with 2 or more columns
"
107220,0.000372000777329915,0.0594216538833043,TRUE,NA
840657,1.44894972626276e-08,3.61107534863436,TRUE,NA
564049,0.000122255479974595,0.111848791963831,TRUE,NA
690174,0.135360433751469,0.856679066614358,TRUE,NA
387330,0.00198714837992291,0.364077883911596,TRUE,NA
170536,0.357713260005093,0.0895010652471412,FALSE,NA
582447,0.0203930951042406,0.123032326147285,TRUE,NA
171468,0.000363519100149876,0.164444196995732,TRUE,NA
297736,0.0359665625929108,8.16885551072479e-06,FALSE,NA
567600,0.0043775404161956,0.00501323421610536,TRUE,NA
775976,0.000108604328477594,0.0314877633681554,TRUE,NA
163712,0.641419605199845,0.0156832105385557,FALSE,NA
599539,0.0174123391849744,0.00885166791523079,FALSE,NA
813356,3.17872710493265e-07,0.557255994200607,TRUE,NA
17568,0.00024894577760846,0.00266667787953083,TRUE,NA
974984,NA,NA,NA,"Error in rep(1, N): invalid 'times' argument
"
246079,0.00210589558701943,0.023059380012397,TRUE,NA
119314,0.0889843948919509,1.35622035588322,TRUE,NA
800700,0.000719881995229136,0.219714258515725,TRUE,NA
734049,0.000181578001911253,0.568844976498815,TRUE,NA
863597,0.424931195319745,0.51244728695698,TRUE,NA
785560,0.0164790634993325,6.21975593229957,TRUE,NA
496091,0.0103986180838768,0.632077021877784,TRUE,NA
769574,0.0170113731916728,0.00120868321091931,FALSE,NA
189108,0.00473277062751377,0.82466073984316,TRUE,NA
717396,0.000553301585594229,1.72486216197677e-07,FALSE,NA
33242,0.00191251928528607,0.0257606891749961,TRUE,NA
496641,0.035318067885596,0.00132510205221168,FALSE,NA
232099,0.0804104471365428,0.909836809731244,TRUE,NA
353735,7.45474980592933e-06,0.123463961524126,TRUE,NA
856433,2.64296214713383e-05,0.00932205345503194,TRUE,NA
295490,0.00229489556739915,0.000181663248370305,FALSE,NA
510447,NA,NA,NA,"Error in rep(1, N): invalid 'times' argument
"
521362,2.56497001745232e-09,0.0985039194798387,TRUE,NA
139650,7.45427065430294e-06,0.000564762192622052,TRUE,NA
864944,0.00700923354026688,0.306532679379969,TRUE,NA
627878,8.21458170707672e-07,1.17845591084288,TRUE,NA
933674,0.00465151450254837,0.00032475456854865,FALSE,NA
140787,0.266112416104019,9.14053747724439e-05,FALSE,NA
78303,0.200229074634419,0.000144391077310487,FALSE,NA
333353,0.203921874716776,0.0129241720511005,FALSE,NA
958147,0.00107605700662829,0.00441022269416977,TRUE,NA
46291,0.0346439406447609,0.933867239747001,TRUE,NA
81373,0.885998671578913,0.0105348645372651,FALSE,NA
744492,1.64022090705256e-07,1.93980465821893,TRUE,NA
734111,0.000543266266977956,0.000282614947953045,FALSE,NA
478896,NA,NA,NA,"Error in glmnet(x, y, weights = weights, offset = offset, lambda = lambda, : x should be a matrix with 2 or more columns
"
537258,0.0178184580745127,0.0155378756269961,FALSE,NA
455907,9.94836859246549e-05,3.79043381158835e-06,FALSE,NA
376958,0.13413155132259,0.0165820742478774,FALSE,NA
912284,0.00146783030267219,0.0629200468592535,TRUE,NA
825252,0.00743389164799274,0.0230456674159851,TRUE,NA
398471,0.261666848845714,3.92040292066752,TRUE,NA
196577,0.00929674794692047,0.0161311648632793,TRUE,NA
458335,0.518185829278693,3.8830289185133e-05,FALSE,NA
539503,0.0368116075801906,0.03400086055996,FALSE,NA
962894,0.00196356681629591,0.745308145692446,TRUE,NA
182024,2.79697917827046e-06,1.47927930055148,TRUE,NA
447043,0.00213004786333677,9.11997940023795e-05,FALSE,NA
6390,1.25258272687172e-06,2.00592979848907,TRUE,NA
564002,0.00603906675357695,0.0529744116225475,TRUE,NA
287859,0.131645208833493,0.370611529023969,TRUE,NA
767479,0.625754493987585,0.00382758758884704,FALSE,NA
555492,0.0368659347863364,0.0563363220611241,TRUE,NA
865785,5.79675036117936e-07,0.0036288770774342,TRUE,NA
962960,0.00220101054057214,2.49181537100859,TRUE,NA
341397,0.000741708569423189,3.47980338915686,TRUE,NA
899613,0.00379230570491191,2.4123779489832,TRUE,NA
838270,0.00267515720405039,0.590594204478122,TRUE,NA
527513,0.0397711856310985,0.239402623784184,TRUE,NA
601322,0.000382450903096028,1.98245257206544e-06,FALSE,NA
813684,0.674035755190305,1.42064559801239,TRUE,NA
729942,0.16880564281294,0.110778612110403,FALSE,NA
925722,0.323453582283711,0.000730630475426411,FALSE,NA
633765,2.65668022833983e-05,2.21613960998817,TRUE,NA
914472,0.00278471666286403,0.0103234892691922,TRUE,NA
15936,0.077648906637826,2.47120544242183e-05,FALSE,NA
324912,0.0259728286139014,0.399162566640353,TRUE,NA
280104,0.000310682933288588,0.0370400633984898,TRUE,NA
779793,4.76017905107377e-05,0.0447844553777673,TRUE,NA
258362,0.240803366027159,1.28452917543112,TRUE,NA
446476,0.0270896107031022,3.12422864326662,TRUE,NA
441426,0.0280453100584963,0.00337839213862186,FALSE,NA
906719,0.0111774927483269,1.45888054894955,TRUE,NA
971623,1.15821339212603e-06,0.00250854970346902,TRUE,NA
654154,0.130285518471465,2.1629419287569,TRUE,NA
304461,8.53143253166684e-06,0.327629290303644,TRUE,NA
1066,NA,NA,NA,"Error in glmnet(x, y, weights = weights, offset = offset, lambda = lambda, : x should be a matrix with 2 or more columns
"
77587,0.00452907986048756,0.00496811725275097,TRUE,NA
856572,0.00273976237907637,0.438958953971486,TRUE,NA
552000,0.0012319927170194,0.00537534327004737,TRUE,NA
689849,0.00220334754212179,0.0647312850085565,TRUE,NA
964676,0.0275449338841532,0.000751473397497593,FALSE,NA
924004,0.00800484153004868,0.941747608796044,TRUE,NA
337748,NA,NA,NA,"Error in glmnet(x, y, weights = weights, offset = offset, lambda = lambda, : x should be a matrix with 2 or more columns
"
700398,0.000315407007078485,7.59538942848738,TRUE,NA
859247,0.000143584267097677,0.0633216143472438,TRUE,NA
561715,2.29111363477145e-09,2.19620015350514,TRUE,NA
865003,NA,NA,NA,"Error in rep(1, N): invalid 'times' argument
"
436709,8.32580851101712e-06,1.90130686612813,TRUE,NA
864976,1.03040854538097e-05,9.79046999533085e-05,TRUE,NA
785101,0.00161854041924962,2.21063566564337e-08,FALSE,NA
175007,0.000291997280749914,0.450794760186287,TRUE,NA
952513,0.0248055464259143,1.63522502887667,TRUE,NA
376834,0.00921233583324448,0.731591215372749,TRUE,NA
867734,0.00410338537483139,0.525798007110895,TRUE,NA
807885,2.30034198664174,0.0639727666476109,FALSE,NA
825964,3.16852671893476e-07,0.00219889791373771,TRUE,NA
467005,3.53159019654945e-06,0.211856327845325,TRUE,NA
786085,0.00190005398449157,0.0161006144603933,TRUE,NA
206321,1.03786714078831,7.5556719977371,TRUE,NA
651149,0.00580127440121535,4.63467293033043e-06,FALSE,NA
111974,0.000311699837657374,4.11923805920326,TRUE,NA
967731,0.0604467933191198,0.0107867071239007,FALSE,NA
606143,NA,NA,NA,"Error in rep(1, N): invalid 'times' argument
"
562197,0.0241813958144936,0.109677532885203,TRUE,NA
27822,0.959633513306233,0.0644565392961609,FALSE,NA
800329,0.000149557550578669,0.0299767723554737,TRUE,NA
81392,0.000133010746444739,1.16450428731453,TRUE,NA
774695,2.82881154608668e-05,0.00255081946542033,TRUE,NA
116021,0.02309646873096,0.0100920273098402,FALSE,NA
697910,0.000140004860314416,0.990763280128757,TRUE,NA
991373,0.164301483461435,2.23968437096098,TRUE,NA
315563,0.335507097825141,0.014499045185189,FALSE,NA
697940,0.0025850777456476,0.00946387450261202,TRUE,NA
205513,0.00756508221173591,0.684178505151099,TRUE,NA
605275,0.000849138724037722,6.22960769773802e-05,FALSE,NA
305952,0.126874892417891,0.27107513895,TRUE,NA
91099,0.0149968633101067,1.40237796120855e-06,FALSE,NA
438234,0.00826176168846843,1.72387019633816,TRUE,NA
131715,0.0233313591918679,5.00575742581601,TRUE,NA
345877,0.31364570666578,0.344590009176669,TRUE,NA
690250,0.00482985536571578,0.0232273235827141,TRUE,NA
156312,0.00799281260419054,0.000510397482532529,FALSE,NA
160610,0.0136837502505557,0.00071907665396136,FALSE,NA
66731,0.0056203847515325,1.9804890975227,TRUE,NA
91537,0.00601647567874514,0.00241229391355064,FALSE,NA
368450,2.90843411408645e-06,0.120386002193675,TRUE,NA
857956,0.000327526666278568,0.00132835828156945,TRUE,NA
679620,0.0015982295176826,0.0270982893321753,TRUE,NA
959807,3.64992017770725e-06,1.33475303139015,TRUE,NA
955178,9.07105958319475e-07,0.00178741403335583,TRUE,NA
148663,0.000355139244433324,0.334708117396773,TRUE,NA
700884,0.0668301579978045,0.0115233414206493,FALSE,NA
512759,0.00848778177777722,0.00572938681660579,FALSE,NA
91956,0.00286973401562167,0.0137351513393537,TRUE,NA
520017,0.130680248728292,0.313562865217692,TRUE,NA
202506,0.0267462049342781,0.0393954683909618,TRUE,NA
615557,5.23860212150574e-05,0.508156704700172,TRUE,NA
669337,0.0339722464217877,0.000866738975297851,FALSE,NA
522619,2.37339665973938e-06,7.32257175147991,TRUE,NA
72620,0.0205357959680695,4.46318912771544,TRUE,NA
341521,0.00803835003736054,0.947248489435456,TRUE,NA
808646,5.77659287756674e-05,0.0121149507082714,TRUE,NA
154625,6.83436451270176e-05,0.577670088239883,TRUE,NA
293750,7.29578091606184e-06,0.0955163108531708,TRUE,NA
753133,0.811521853204226,0.149209926038797,FALSE,NA
796920,2.05839663738034e-07,2.08636031018563,TRUE,NA
606086,0.245033239785249,0.0728365970430969,FALSE,NA
559637,2.43625141495171,0.0314914356549496,FALSE,NA
501902,0.0902260635874882,1.13248005554507,TRUE,NA
448384,0.00337554026484991,0.00206364664880569,FALSE,NA
510785,4.89624383562723e-05,0.0483901012801696,TRUE,NA
211333,0.00787597175908074,2.05544951949557,TRUE,NA
132487,2.66301355388124e-06,0.0422656547887372,TRUE,NA
736586,0.00421762645669788,1.24429031720474,TRUE,NA
20942,0.00157029592956527,0.00957920051958734,TRUE,NA
217533,1.03725933670533e-07,0.0263955597001495,TRUE,NA
402836,1.6270229221898e-07,0.0083658831134928,TRUE,NA
619533,1.27733526031911e-07,0.000564303918324231,TRUE,NA
148177,7.0488059833476e-13,0.00100843040215624,TRUE,NA
22307,0.00380941475157713,1.34524045983794,TRUE,NA
806721,0.0220096789902759,0.0876207605955782,TRUE,NA
940603,1.60896257612591e-08,4.84393304755057,TRUE,NA
270700,0.112096783267706,0.179403677668431,TRUE,NA
444782,NA,NA,NA,"Error in rep(1, N): invalid 'times' argument
"
936833,0.0469189130609785,0.0689810696397244,TRUE,NA
486760,0.409793085321908,0.00113913290472802,FALSE,NA
851590,0.320662015909102,0.00375166618071741,FALSE,NA
235401,0.648764179882868,3.39801467860957e-06,FALSE,NA
936355,NA,NA,NA,"Error in rep(1, N): invalid 'times' argument
"
524250,0.00537159823815945,2.87777113664421e-09,FALSE,NA
258616,6.11548541729975e-07,0.000165166591502382,TRUE,NA
136501,0.00065494343564432,0.0455448461880625,TRUE,NA
145621,0.00836809902774531,4.60432423521686,TRUE,NA
416115,0.00321221461522466,0.000169825806252225,FALSE,NA
627055,NA,NA,NA,"Error in glmnet(x, y, weights = weights, offset = offset, lambda = lambda, : x should be a matrix with 2 or more columns
"
964105,0.0040765326890233,0.25815960964467,TRUE,NA
286243,NA,NA,NA,"Error in rep(1, N): invalid 'times' argument
"
772965,0.000100462668000957,4.50355518481181,TRUE,NA
434641,0.00561428248463578,8.67259491791523e-05,FALSE,NA
196489,NA,NA,NA,"Error in rep(1, N): invalid 'times' argument
"
171951,2.03063659183726,2.51361976122019,TRUE,NA
353095,0.000502674868329217,7.68336749439682e-06,FALSE,NA
389647,1.09945366228311e-05,0.00534394438500708,TRUE,NA
371816,0.000427771647906722,2.04224633299677,TRUE,NA
560366,1.06244688496455e-05,0.00506837495140023,TRUE,NA
146241,0.628466147914797,0.584238161301825,FALSE,NA
447159,0.0133588916226054,5.68250604053599,TRUE,NA
895211,0.0024494143104633,0.0043134418414984,TRUE,NA
29896,0.0178669842404114,0.0326196333341954,TRUE,NA
408626,0.0370246713757268,0.00776237643525826,FALSE,NA
724711,0.0458930309849002,0.279895785999091,TRUE,NA
116278,0.00717218485902965,0.00184862627858582,FALSE,NA
137747,0.0549312014741851,5.83166767239406e-06,FALSE,NA
703848,0.00654917478006418,0.024154981636149,TRUE,NA
905723,0.00228243969513588,0.000360609462546657,FALSE,NA
507156,0.00502963137327436,5.77095977186892e-05,FALSE,NA
284573,0.00407526028763857,0.00412731768704742,TRUE,NA
980122,0.00106587214818144,0.71911883893727,TRUE,NA
687951,2.35565965936381e-05,0.087906631794923,TRUE,NA
811283,3.90888440372738e-08,7.81094024016986,TRUE,NA
815530,0.000615614888965498,8.39279652215001e-05,FALSE,NA
115051,NA,NA,NA,"Error in glmnet(x, y, weights = weights, offset = offset, lambda = lambda, : x should be a matrix with 2 or more columns
"
454097,0.00356433625727996,9.19129080080848e-06,FALSE,NA
302345,0.00563054303496713,1.5573610281695e-07,FALSE,NA
157217,3.87117465928976e-05,0.00232888831874492,TRUE,NA
462241,0.0200807422563808,0.00630747961348428,FALSE,NA
610948,0.00211868202000169,3.79526693260028,TRUE,NA
753039,0.0008847476602607,0.000923866920913636,TRUE,NA
889053,NA,NA,NA,"Error in glmnet(x, y, weights = weights, offset = offset, lambda = lambda, : x should be a matrix with 2 or more columns
"
233995,0.0111669505476797,0.000319941647889087,FALSE,NA
64412,0.036051146144684,4.05057901260452,TRUE,NA
317605,0.239119949979021,3.10632039998879,TRUE,NA
427921,0.0948508460527614,0.0768125492769269,FALSE,NA
551017,0.259079799681168,0.14638403265402,FALSE,NA
893156,0.610466116288512,0.0774812826901263,FALSE,NA
165985,0.197497310094774,0.00153206604944602,FALSE,NA
192160,0.0762646328881477,0.154429694200067,TRUE,NA
733853,0.000176028380726158,0.00075861368339698,TRUE,NA
656544,0.25605048144458,2.14410900969646,TRUE,NA
315333,0.00118499567959101,0.413480209011267,TRUE,NA
823684,0.129538659573278,9.54414010101238,TRUE,NA
854406,0.842072886210841,0.000816544013226616,FALSE,NA
874193,0.178498023176813,0.000147217128579345,FALSE,NA
431062,0.00334322105311418,0.0316355726490773,TRUE,NA
115236,0.346073401119221,0.211326077356428,FALSE,NA
164555,0.16074693783883,0.000162048523035089,FALSE,NA
510594,0.919570716937764,2.51501713182525,TRUE,NA
275838,0.00403019723719675,0.0361829711773644,TRUE,NA
468813,0.0332904904540852,4.7964992765772,TRUE,NA
403891,3.60887905901911e-06,0.00543090226975362,TRUE,NA
527844,0.0321640627249626,0.215858183592033,TRUE,NA
416179,0.255088324534637,0.0172271846470568,FALSE,NA
106822,0.370895337843207,0.0501633410389581,FALSE,NA
38931,0.133116459723538,0.505067772480088,TRUE,NA
435615,5.76319063565677e-07,0.652446289886146,TRUE,NA
620389,0.00628073172063976,2.12580022573314,TRUE,NA
588558,2.69937933722716e-05,0.00296576606625245,TRUE,NA
77172,0.125262259587252,1.2118101607238,TRUE,NA
884943,0.0268307557738777,3.29474084294142,TRUE,NA
615614,0.0326965153540171,0.000151017666914818,FALSE,NA
246177,0.00908281188398989,0.00107317010409727,FALSE,NA
455186,0.000587634840504624,0.116700806307937,TRUE,NA
513719,0.0378140672798525,0.000174000478925,FALSE,NA
426869,0.10178709605929,0.00163291008049543,FALSE,NA
969024,0.00186516435337139,1.01429083550297,TRUE,NA
87083,0.00268538935666162,0.0284132740030384,TRUE,NA
932913,0.00389019844526579,0.687726807876551,TRUE,NA
782063,3.2681338503222e-08,0.0841450486938993,TRUE,NA
442087,0.00451731289234414,0.356612642335333,TRUE,NA
840004,0.000234042656731015,0.0432924499358092,TRUE,NA
955101,0.00406868510857203,0.539269845942802,TRUE,NA
849573,0.0565772400344577,1.36832555532346e-06,FALSE,NA
559109,0.00215905713242427,1.73224425537306,TRUE,NA
595920,0.00490943138919022,0.216340632511289,TRUE,NA
698700,0.00165347180267116,0.193531287550954,TRUE,NA
228871,0.00163536999208007,0.00564749257732565,TRUE,NA
509482,0.000164417231857929,9.34411575279925,TRUE,NA
777481,NA,NA,NA,"Error in rep(1, N): invalid 'times' argument
"
966805,0.0226855198977129,1.27713658634591,TRUE,NA
820013,0.0209643167913934,3.57156882428135,TRUE,NA
910398,NA,NA,NA,"Error in glmnet(x, y, weights = weights, offset = offset, lambda = lambda, : x should be a matrix with 2 or more columns
"
178834,0.133229119697219,0.0336970679013455,FALSE,NA
313779,0.0118963234006422,0.000259698877002601,FALSE,NA
164457,0.0316029968308126,4.36284793770518,TRUE,NA
589934,0.0579487856482913,2.85574645975126,TRUE,NA
124687,0.000168139763026095,14.2504404469806,TRUE,NA
403774,0.0965282412862461,0.00317195122841919,FALSE,NA
944156,0.126292188542827,0.564866153295617,TRUE,NA
523825,0.00547654766060125,3.58980646987562,TRUE,NA
25831,0.0140349001549482,0.534817983565861,TRUE,NA
933968,0.111872511258052,0.497806762092823,TRUE,NA
740806,4.79550652883049e-06,0.0624375022596598,TRUE,NA
35515,NA,NA,NA,"Error in rep(1, N): invalid 'times' argument
"
637378,0.00493579923290815,0.00313309381174802,FALSE,NA
88169,0.257905869306762,0.299444521665128,TRUE,NA
139585,0.000223485178774698,0.0402300870032582,TRUE,NA
668301,0.174710344333905,0.0127336021218703,FALSE,NA
389562,0.0038080711974225,0.00404190801262657,TRUE,NA
176689,0.000868968480935791,0.287024366803038,TRUE,NA
740046,0.000545417682266372,0.0837067708870416,TRUE,NA
811040,0.00424005605686544,0.0112643152112707,TRUE,NA
132484,0.0148412330078623,2.39070313302943e-06,FALSE,NA
244363,0.00361700389269659,0.09976697409577,TRUE,NA
867128,0.0637569311555344,0.000248208654518774,FALSE,NA
807919,0.00661789435988054,3.95136296985766,TRUE,NA
90646,0.414373235833225,0.00748242401146055,FALSE,NA
309604,7.37368283639362e-08,0.273143340491072,TRUE,NA
939856,0.146529219628512,0.105147051320229,FALSE,NA
620570,0.0013916399929916,0.590221825441832,TRUE,NA
252728,NA,NA,NA,"Error in rep(1, N): invalid 'times' argument
"
599495,0.0999886454301685,0.28114178388487,TRUE,NA
232656,0.297168493798448,0.0540299520395568,FALSE,NA
963607,6.08102291636331e-05,0.0333786232181011,TRUE,NA
531976,0.0668597578902605,0.00656859818331635,FALSE,NA
677609,0.0245222993874906,0.013176470253449,FALSE,NA
582529,0.000112550167917282,0.0158248660014868,TRUE,NA
671466,0.0111858562737193,0.00963860167016878,FALSE,NA
108731,0.00737059739006064,0.00104981661354009,FALSE,NA
642932,0.000273956227941908,0.42102195196006,TRUE,NA
881188,0.00615018727412408,1.953369148089,TRUE,NA
4106,0.00717699665533308,0.000127569191897243,FALSE,NA
104703,0.600556323011255,0.386920082282767,FALSE,NA
479280,1.06945998558059e-07,0.183768094174575,TRUE,NA
410875,0.0925959203774947,0.0431603952481542,FALSE,NA
733758,0.0381277357905938,4.1044659157463e-06,FALSE,NA
659515,0.00686332265223545,4.4027323276808,TRUE,NA
690539,NA,NA,NA,"Error in glmnet(x, y, weights = weights, offset = offset, lambda = lambda, : x should be a matrix with 2 or more columns
"
201755,5.45900603989964e-09,0.265420465929213,TRUE,NA
447544,0.0244609095533843,0.173132605984573,TRUE,NA
138693,1.32392038762789e-05,0.555375576541943,TRUE,NA
905444,3.72198714514401e-05,1.16195129595744,TRUE,NA
45308,0.000223516190009413,0.273256492605805,TRUE,NA
873892,0.062503207495205,0.276991096290279,TRUE,NA
428283,0.031321579826447,0.218963957105002,TRUE,NA
597645,0.0415164338070894,2.52871531545644,TRUE,NA
818636,0.906739749856473,0.059556483163691,FALSE,NA
104538,0.000134911975873461,3.78175953347772,TRUE,NA
918769,0.0074670576696808,0.00330059108484948,FALSE,NA
723975,2.4999339910914e-08,0.000618953248827183,TRUE,NA
777899,0.00110037188291786,0.03164364900537,TRUE,NA
818108,0.241448277708494,2.05009391663887e-06,FALSE,NA
725597,0.0301040231386819,0.0105677507919581,FALSE,NA
407849,0.770430404107751,0.000249531735220404,FALSE,NA
260292,0.254255734865307,0.0094763418405302,FALSE,NA
846289,0.218355002584355,11.1332721031306,TRUE,NA
358944,0.000303875384047721,0.000498647345792861,TRUE,NA
391356,1.02904870681062,0.0843960506037424,FALSE,NA
85081,0.143275463873632,0.000192069461811835,FALSE,NA
215143,0.00197224737590441,0.00845747066309488,TRUE,NA
369541,0.577201189707523,1.77633708092494,TRUE,NA
366482,0.00441459209326488,1.26579092792214,TRUE,NA
19047,0.00261921920771527,0.0300288640081346,TRUE,NA
173136,0.0543203793662776,0.000225780096320946,FALSE,NA
120643,NA,NA,NA,"Error in glmnet(x, y, weights = weights, offset = offset, lambda = lambda, : x should be a matrix with 2 or more columns
"
464247,0.00048544242625436,0.310620508110518,TRUE,NA
268490,0.184732681276728,0.00224636481206231,FALSE,NA
48444,0.252702461838421,0.119365904580139,FALSE,NA
200580,NA,NA,NA,"Error in rep(1, N): invalid 'times' argument
"
612390,0.00748419545008012,0.0023201876093688,FALSE,NA
190222,NA,NA,NA,"Error in glmnet(x, y, weights = weights, offset = offset, lambda = lambda, : x should be a matrix with 2 or more columns
"
831467,0.0185312163321453,0.0296949449439852,TRUE,NA
717053,0.106362824313907,7.08119301609486,TRUE,NA
423812,1.34230326216471e-05,0.0615550445447806,TRUE,NA
722414,2.10854838501835,0.000480680242328182,FALSE,NA
507477,0.000143354016058137,1.2175435477592,TRUE,NA
502684,3.54837130565849e-05,0.5545550387725,TRUE,NA
88378,0.00176824911056853,2.50523046689565e-06,FALSE,NA
744645,0.00380605768533751,0.00225875292000698,FALSE,NA
2680,1.35157113105731e-05,3.74830295805618,TRUE,NA
479458,0.000455796295643791,0.00737127274488033,TRUE,NA
922336,0.0129538307578096,0.0451819209570695,TRUE,NA
168493,0.410276108646084,6.25606802671113e-05,FALSE,NA
816513,0.0255085452210846,2.1842034302897e-06,FALSE,NA
215932,0.0372265199449759,0.911428770644792,TRUE,NA
967870,0.0188736372496105,0.473615590929567,TRUE,NA
770534,NA,NA,NA,"Error in glmnet(x, y, weights = weights, offset = offset, lambda = lambda, : x should be a matrix with 2 or more columns
"
930929,0.00237670776336356,0.285249169415632,TRUE,NA
375029,0.180116267560938,0.496978236627692,TRUE,NA
181662,0.0532232236808402,1.65664116165066,TRUE,NA
456203,0.000924121635064414,0.113327725294061,TRUE,NA
309302,9.968370186451e-05,0.0147524033547861,TRUE,NA
311086,NA,NA,NA,"Error in glmnet(x, y, weights = weights, offset = offset, lambda = lambda, : x should be a matrix with 2 or more columns
"
610631,NA,NA,NA,"Error in glmnet(x, y, weights = weights, offset = offset, lambda = lambda, : x should be a matrix with 2 or more columns
"
290080,0.0245893521262938,0.212630517830534,TRUE,NA
764234,0.0112614533881028,0.756639168464443,TRUE,NA
125710,0.0799883987242972,0.0403529436119091,FALSE,NA
963917,0.00413133296101219,0.510137368448793,TRUE,NA
683277,0.0175980089349129,0.00232530593477712,FALSE,NA
534047,0.755454533858004,0.000436917061931446,FALSE,NA
637604,0.522524648636748,0.325764566070334,FALSE,NA
628135,0.00707711073796739,1.04321752759665,TRUE,NA
554562,NA,NA,NA,"Error in glmnet(x, y, weights = weights, offset = offset, lambda = lambda, : x should be a matrix with 2 or more columns
"
384843,0.000650860851181484,0.00164539474040695,TRUE,NA
248332,0.072966439475275,0.695475926936394,TRUE,NA
241141,NA,NA,NA,"Error in glmnet(x, y, weights = weights, offset = offset, lambda = lambda, : x should be a matrix with 2 or more columns
"
256506,6.93106225353921e-05,2.84522924096106,TRUE,NA
466511,NA,NA,NA,"Error in glmnet(x, y, weights = weights, offset = offset, lambda = lambda, : x should be a matrix with 2 or more columns
"
427633,0.153200143546977,0.00710506954636373,FALSE,NA
911846,0.00663057565262017,0.0728683756205367,TRUE,NA
718335,NA,NA,NA,"Error in glmnet(x, y, weights = weights, offset = offset, lambda = lambda, : x should be a matrix with 2 or more columns
"
644555,1.15243487799966e-06,0.00362683033673089,TRUE,NA
904328,0.45900824190781,0.00287256718308798,FALSE,NA
637039,0.0587057371472083,5.17115083597642,TRUE,NA
184275,0.0474235350360334,0.00202147252581288,FALSE,NA
560742,0.410680018108781,0.173375560815943,FALSE,NA
572632,0.0552212101491005,4.88774651519336,TRUE,NA
516638,0.000653293744377172,0.309835966614499,TRUE,NA
517420,0.000644901682641267,0.0239933352038961,TRUE,NA
360019,0.0790050283882455,0.00553660227957054,FALSE,NA
473050,0.124555498453621,1.67027596476555,TRUE,NA
33,0.204223311602464,1.09000669350703,TRUE,NA
4103,1.20038289629723e-07,2.67552583236669e-05,TRUE,NA
616256,5.12428839829764e-05,6.86224837713303,TRUE,NA
862695,1.49467823855091e-05,0.592824185134301,TRUE,NA
927390,0.025571967529567,0.088998231580052,TRUE,NA
406498,0.000233511760769574,7.65388445050467,TRUE,NA
628339,0.0648706865152236,0.39461200661053,TRUE,NA
664310,NA,NA,NA,"Error in rep(1, N): invalid 'times' argument
"
275993,0.00660101259375013,0.000152821187872275,FALSE,NA
221909,0.0136868434047922,2.34825387713589,TRUE,NA
767149,0.00184601997206708,0.125930161709717,TRUE,NA
344857,0.000656488648810132,0.240427828007978,TRUE,NA
606112,0.0609563716550468,3.47237516964025e-07,FALSE,NA
836806,0.0002242211700455,1.18490742718078,TRUE,NA
446812,0.00318297890981568,0.0345853964515636,TRUE,NA
721903,9.00650934535981e-06,0.00968078453124775,TRUE,NA
306431,0.00116783666541637,0.00334886622383086,TRUE,NA
298398,0.0181293629758719,0.16167457057611,TRUE,NA
137186,0.00448545759921983,1.83441282911411,TRUE,NA
31819,0.0192945863572306,0.000180465009655557,FALSE,NA
608049,1.22843488701634,0.00706728394574356,FALSE,NA
694421,0.124409968075348,2.64321913964788e-05,FALSE,NA
6953,0.180865023751625,0.234533528666988,TRUE,NA
137326,0.00125083300571373,0.207640940131751,TRUE,NA
717230,1.98596156037394e-05,1.75988834196149,TRUE,NA
414438,0.000320612257393282,0.00535461966615507,TRUE,NA
347924,0.0129555235836747,2.49857558318957,TRUE,NA
194879,NA,NA,NA,"Error in glmnet(x, y, weights = weights, offset = offset, lambda = lambda, : x should be a matrix with 2 or more columns
"
260057,0.00035357246353642,5.23870075085905e-05,FALSE,NA
181267,0.0103961317917981,0.0466806227880625,TRUE,NA
715021,0.000217056848671428,0.765726784038528,TRUE,NA
327451,0.000140669028716957,0.0784815724685315,TRUE,NA
916207,0.0947436187056789,0.00146991146515888,FALSE,NA
295799,3.28335981905837e-05,0.0249616414039017,TRUE,NA
594094,0.0233524268147358,3.84826515460046,TRUE,NA
882983,0.0106560786625123,0.000921568449858936,FALSE,NA
673902,0.00166253156949137,0.000751530628073887,FALSE,NA
445732,0.0388804483727788,0.552795743251753,TRUE,NA
918453,0.0051671392387913,7.19828672800073,TRUE,NA
963408,0.133085959633359,0.000111940020922632,FALSE,NA
429266,0.00010603518258571,0.781462107129454,TRUE,NA
362021,0.191128005328268,0.00774310560389365,FALSE,NA
709202,5.43444357907364e-06,0.345282942475204,TRUE,NA
752489,NA,NA,NA,"Error in glmnet(x, y, weights = weights, offset = offset, lambda = lambda, : x should be a matrix with 2 or more columns
"
199146,1.87873050409369e-05,5.3370824338401,TRUE,NA
291732,1.09332109519509e-08,0.00197635963595829,TRUE,NA
115388,NA,NA,NA,"Error in rep(1, N): invalid 'times' argument
"
569103,0.0913819753173581,2.15636463490186,TRUE,NA
401767,0.0748572654638033,7.57572418779926e-09,FALSE,NA
767206,8.45888029470196e-05,0.00440365781104717,TRUE,NA
884145,0.95823390524555,1.31203712418927e-05,FALSE,NA
930953,0.00058802716141765,1.57474813207211,TRUE,NA
359322,0.892821655983353,0.154168902650408,FALSE,NA
338525,NA,NA,NA,"Error in glmnet(x, y, weights = weights, offset = offset, lambda = lambda, : x should be a matrix with 2 or more columns
"
25597,2.41252254887532,0.000421001695418906,FALSE,NA
552448,0.0143518053938956,1.29601020748334,TRUE,NA
594327,0.00167886895600854,0.00636886124198513,TRUE,NA
451436,0.00311133392986576,0.138942548572244,TRUE,NA
328019,0.000226790562906241,9.68546073129128,TRUE,NA
940787,0.00183247731182347,2.62350218963719e-05,FALSE,NA
873420,2.91204275909078e-06,1.21165040458359e-07,FALSE,NA
124192,0.0057031051463393,0.0226937545112679,TRUE,NA
587790,3.41636059726797e-08,0.0187715958362343,TRUE,NA
110850,0.00738335252054382,0.182817147156777,TRUE,NA
948916,0.0145731959770982,2.15806557276999,TRUE,NA
456736,0.00299474589261837,0.0106683844872884,TRUE,NA
380644,0.000520497982964654,0.0577725231154325,TRUE,NA
555026,0.00208126927087395,0.00022752526799806,FALSE,NA
113576,0.0769012338974746,0.0493133527387117,FALSE,NA
311148,0.153835292736133,0.0020386228409424,FALSE,NA
621514,0.00262475384739018,0.0131277190267776,TRUE,NA
639900,0.302077235402906,3.45869209022502e-07,FALSE,NA
534495,0.12532215354124,0.0625880284995334,FALSE,NA
147761,0.000497094715165525,5.9631937928676e-05,FALSE,NA
902217,0.00438220393107166,0.0690989067232172,TRUE,NA
517342,NA,NA,NA,"Error in glmnet(x, y, weights = weights, offset = offset, lambda = lambda, : x should be a matrix with 2 or more columns
"
426773,0.0726799352252186,0.00728434546752256,FALSE,NA
831779,NA,NA,NA,"Error in rep(1, N): invalid 'times' argument
"
259807,0.000617925529679968,0.324818851191017,TRUE,NA
814132,0.0271332787424303,0.192602913378759,TRUE,NA
316391,0.00463222784600869,2.93558467600726,TRUE,NA
736961,0.55260911284173,1.96796770146229e-06,FALSE,NA
696525,0.281034399312981,0.0322383107058533,FALSE,NA
899429,0.0175770517762523,0.00138151746355235,FALSE,NA
800926,0.00102859916811364,6.2993319225085e-05,FALSE,NA
72335,0.109168655404257,0.107602116756945,FALSE,NA
432848,0.00559986235801597,0.233350854427003,TRUE,NA
362181,0.0491702674239798,0.0131133298124297,FALSE,NA
490645,0.000184754340614733,1.49656988999564,TRUE,NA
260246,NA,NA,NA,"Error in glmnet(x, y, weights = weights, offset = offset, lambda = lambda, : x should be a matrix with 2 or more columns
"
409743,7.7706589335194e-05,0.168887987017351,TRUE,NA
665062,0.024867412912781,0.000504336393430087,FALSE,NA
598151,0.110484927149836,6.51311560452334e-10,FALSE,NA
387704,8.95656204237549e-05,0.107959696142631,TRUE,NA
602306,0.632744474095778,0.0164630006334596,FALSE,NA
307639,0.00984790304531059,0.0804767340483013,TRUE,NA
792060,0.944130321348096,0.000113764926834162,FALSE,NA
314819,0.0491662399082955,0.0301311815453868,FALSE,NA
95904,NA,NA,NA,"Error in rep(1, N): invalid 'times' argument
"
854870,0.00337867912525789,2.93296927239645,TRUE,NA
409449,4.78290038183822e-06,0.0398695121753654,TRUE,NA
132852,0.00737750378302107,0.000300487811500091,FALSE,NA
357027,2.43360597391647,0.807808038888183,FALSE,NA
307778,0.00238486467374793,0.0154797426884399,TRUE,NA
85373,0.0102234300873527,0.345533067713438,TRUE,NA
258765,0.0605220900705154,0.0216509714878278,FALSE,NA
887764,4.65161968749235e-05,0.0613490252761865,TRUE,NA
815957,0.000505786998028269,0.195569960102709,TRUE,NA
164243,0.0765562049915463,0.247661179272701,TRUE,NA
118341,0.756597948703901,0.532555647111548,FALSE,NA
819870,0.000316312935789821,2.37794224280888e-05,FALSE,NA
138155,0.000324441987990974,0.00122284753597323,TRUE,NA
687943,0.282284746172988,4.60733562033363,TRUE,NA
883733,0.695103393884858,0.00215347556752613,FALSE,NA
650699,0.000177471540850983,0.000461232692331153,TRUE,NA
657028,0.000495017469361535,0.912945683493,TRUE,NA
650744,0.136230962028914,0.34286598511736,TRUE,NA
109606,0.0767823249638121,6.7491292828992e-05,FALSE,NA
700041,3.9295769733065e-05,1.10272538705664,TRUE,NA
500354,0.000372228378235298,0.0786369937368981,TRUE,NA
438200,NA,NA,NA,"Error in rep(1, N): invalid 'times' argument
"
232788,0.0045915348364675,0.0799417113802525,TRUE,NA
775155,0.0821132107671753,2.06439617051514,TRUE,NA
146872,0.000530295724516651,0.00747318414757949,TRUE,NA
220649,2.64318440902479,2.27207395618901e-07,FALSE,NA
758081,0.493612805162024,0.000738026242844882,FALSE,NA
401779,0.0362341144342866,0.0075406773687877,FALSE,NA
489744,0.715631808715552,7.39616685841804e-06,FALSE,NA
643745,0.00347536444411674,0.0188386343747484,TRUE,NA
552090,0.0124011234543844,0.0587907258092478,TRUE,NA
352110,4.77746846582385e-06,0.000305015928637426,TRUE,NA
188001,0.000350168600931375,3.67947379864224,TRUE,NA
680607,0.000163076525946163,0.594509522704312,TRUE,NA
121004,0.000810605540568114,0.185507300734901,TRUE,NA
657048,0.0569054604180199,1.62135912057718e-05,FALSE,NA
997263,0.00310881447567389,2.51048904319123,TRUE,NA
762305,0.083767956565285,0.367231339766298,TRUE,NA
581029,0.0280910243366032,0.183375207220505,TRUE,NA
292682,1.45915972644583,0.0474255393319252,FALSE,NA
130361,0.0185232202682366,4.13584755798232e-05,FALSE,NA
905450,0.000165724699966659,0.41609662299451,TRUE,NA
28169,NA,NA,NA,"Error in rep(1, N): invalid 'times' argument
"
116074,0.0285194720507747,0.000433330579811109,FALSE,NA
291501,0.00308086602219342,0.00337542950569805,TRUE,NA
583054,0.00142908516229436,1.31489728933034e-06,FALSE,NA
472060,0.0340348438031974,7.10944643577157,TRUE,NA
784016,NA,NA,NA,"Error in glmnet(x, y, weights = weights, offset = offset, lambda = lambda, : x should be a matrix with 2 or more columns
"
83913,0.000813643233049028,0.00026854693155768,FALSE,NA
39065,0.121297924593262,0.00177458277534665,FALSE,NA
757923,3.99552150583205e-07,0.902147916054975,TRUE,NA
691493,0.0598032051114423,9.9794640062987e-05,FALSE,NA
416767,0.0244308860608051,1.13576582280381,TRUE,NA
90215,9.82861940981547e-06,0.00182489069213652,TRUE,NA
667522,0.505593250664786,0.0289744952951912,FALSE,NA
551714,1.62733693590843e-05,0.0286829101876012,TRUE,NA
937147,0.00243596677092098,0.00960424749848872,TRUE,NA
570889,NA,NA,NA,"Error in rep(1, N): invalid 'times' argument
"
251715,0.297952221111197,0.0055522542505069,FALSE,NA
68636,0.0262748978825938,0.143248672527759,TRUE,NA
849195,0.0047509533179248,5.14708012801103e-08,FALSE,NA
856573,0.00013888125358287,0.00760920284455745,TRUE,NA
998648,0.0007774051662782,0.00386268714701587,TRUE,NA
445525,3.12128187194824e-05,0.107511201334016,TRUE,NA
289406,1.65189279594964e-05,6.05259696432981,TRUE,NA
237705,1.08662099920705e-05,2.35129780892993,TRUE,NA
950720,0.282555157284884,0.373343912459809,TRUE,NA
776716,0.017868952794446,0.544270148320871,TRUE,NA
143932,0.00122712964430298,0.0632412701964569,TRUE,NA
918234,0.0114074204637816,0.00923072742650393,FALSE,NA
471049,0.0177557793137631,3.33161957816205e-05,FALSE,NA
70940,0.31784432672979,0.0139019556508213,FALSE,NA
439737,0.000891561305007821,6.92075286207969e-10,FALSE,NA
212811,0.00493814802857371,0.000383849588482134,FALSE,NA
3522,0.0301076187647875,2.39212357915708,TRUE,NA
69493,1.90123500530142e-05,0.616388449424139,TRUE,NA
583391,5.04368247559393e-05,0.0134439307220277,TRUE,NA
517482,0.162420027974495,1.00759975449693,TRUE,NA
533181,0.20173977399295,0.0462932274966841,FALSE,NA
342326,0.00185884993256307,0.00168496232872737,FALSE,NA
478906,0.0220835634420011,2.67311199021368,TRUE,NA
288960,0.151741886230456,2.50556443915381,TRUE,NA
130231,0.0599158803430765,1.73910713566841,TRUE,NA
894621,0.00122313655141669,0.002513509888139,TRUE,NA
368044,0.063537779496117,5.16855704894324,TRUE,NA
223177,0.238605953968794,3.23499061982248,TRUE,NA
436559,0.0181412853676983,0.0563076170605606,TRUE,NA
101237,0.0138447915887334,0.000134789876008458,FALSE,NA
713388,0.256847836801814,6.91205169230495e-08,FALSE,NA
722681,0.0027314677554541,1.62482572582413e-05,FALSE,NA
460804,4.28165487390569e-05,0.000131964244675494,TRUE,NA
692592,0.0250471278625332,0.0757720543798195,TRUE,NA
522072,0.000210742630647807,0.000252547411074681,TRUE,NA
540743,0.157066518874197,0.544759785495031,TRUE,NA
776823,0.0221250022366305,3.83518060176674,TRUE,NA
128444,0.213206442681986,0.0696374893193071,FALSE,NA
369483,0.00260368802072636,0.0196031722146587,TRUE,NA
172128,0.0089092464146084,0.0112118839204538,TRUE,NA
590269,0.0546081751585201,0.000233208424842229,FALSE,NA
593626,0.0253532162855745,0.355760778924616,TRUE,NA
980195,1.32609473535108e-07,2.24333036934818,TRUE,NA
73803,0.0116007056566696,0.0338697677673718,TRUE,NA
753105,8.43322258033922e-06,4.69553624582524,TRUE,NA
200877,0.00725570734654955,0.135769990559312,TRUE,NA
903869,0.01177879428442,0.0498753927377827,TRUE,NA
886028,8.53776959274274e-05,0.893088908343205,TRUE,NA
538826,NA,NA,NA,"Error in rep(1, N): invalid 'times' argument
"
490370,3.03602946645944e-05,0.186685791354983,TRUE,NA
643984,0.0988889095256351,0.678533482903497,TRUE,NA
433255,0.0178147181283844,2.41307224171744,TRUE,NA
505092,NA,NA,NA,"Error in glmnet(x, y, weights = weights, offset = offset, lambda = lambda, : x should be a matrix with 2 or more columns
"
27970,1.80852578718658,0.00107808098209591,FALSE,NA
165895,NA,NA,NA,"Error in glmnet(x, y, weights = weights, offset = offset, lambda = lambda, : x should be a matrix with 2 or more columns
"
696358,0.000182110001502928,0.221336683135457,TRUE,NA
83498,0.135951064283381,0.00817480002319713,FALSE,NA
581281,0.176437139649416,0.330191889255404,TRUE,NA
832547,0.452809255042929,0.00936773683044346,FALSE,NA
138326,0.381713691501011,0.00154120929495182,FALSE,NA
702132,0.0102560952973278,0.106266458324769,TRUE,NA
625140,0.000760123847416654,0.000210756130474453,FALSE,NA
575449,NA,NA,NA,"Error in glmnet(x, y, weights = weights, offset = offset, lambda = lambda, : x should be a matrix with 2 or more columns
"
354160,0.323230392168086,1.07800279525899,TRUE,NA
557555,0.00559069077885556,2.89709925337592,TRUE,NA
616618,0.0195250432731311,0.00708812845563668,FALSE,NA
769938,0.259723540449532,0.0169013902304417,FALSE,NA
277829,0.406006808370239,0.259999120647654,FALSE,NA
527414,0.0119439986078428,0.301389826215761,TRUE,NA
862064,0.0214239082450463,0.0267887775079912,TRUE,NA
428719,0.036887402547599,0.00057557009120387,FALSE,NA
204060,0.00226751654680378,0.0825847030673169,TRUE,NA
99744,1.06392147067344e-06,0.00291264520289078,TRUE,NA
51112,0.263672125617274,0.121060773056867,FALSE,NA
80756,0.00771742100782851,0.00226016313253447,FALSE,NA
467239,2.44353139561211e-05,0.0811023477518252,TRUE,NA
431005,1.40888304477844e-05,5.95764247267287,TRUE,NA
381549,0.413816329599062,0.0423761760225407,FALSE,NA
530935,1.11927383329247,0.0274672324241681,FALSE,NA
440329,0.00143787369887221,0.124474555875306,TRUE,NA
183440,0.0596148446448878,0.00141666884427327,FALSE,NA
407794,6.29489232413826e-05,0.000978084862886355,TRUE,NA
997427,0.0162933925114464,0.180246488260968,TRUE,NA
925648,NA,NA,NA,"Error in glmnet(x, y, weights = weights, offset = offset, lambda = lambda, : x should be a matrix with 2 or more columns
"
849155,0.403252944449701,1.97320163293874,TRUE,NA
32797,0.000172409505327686,0.279729030064133,TRUE,NA
163759,0.0491841111974603,0.860147390261746,TRUE,NA
11495,0.00104734596703256,0.000381018100529323,FALSE,NA
571310,0.00039757769524533,0.000124541051094773,FALSE,NA
559902,0.00399967949420906,0.00191394908654157,FALSE,NA
196375,0.0362438495499293,0.00966721946098491,FALSE,NA
904663,1.39016192936213e-05,0.0117907687864192,TRUE,NA
267188,0.000291511472945578,1.3728071871162,TRUE,NA
213951,0.00223090967247893,0.271886236534367,TRUE,NA
264285,0.0149883669543595,0.166641032158679,TRUE,NA
851403,0.000163042853635238,0.00021274776166198,TRUE,NA
132070,0.0181807440679109,6.06037992336186,TRUE,NA
532089,0.0297401870630195,9.77877575085851e-07,FALSE,NA
575270,0.000135292355738622,0.388229821038288,TRUE,NA
705390,0.124872207044853,0.0427659529095531,FALSE,NA
79991,0.000283284503108646,0.353675958847202,TRUE,NA
518917,0.00140093593696838,0.109923731395499,TRUE,NA
769262,0.244949356389431,0.0123780042776688,FALSE,NA
170603,0.000406237161063232,0.00376576715896359,TRUE,NA
919937,1.83100866826633e-05,0.00290051156340674,TRUE,NA
318007,0.168128059837777,3.15970403582954,TRUE,NA
342407,1.46738533875163e-05,0.470171149904751,TRUE,NA
810074,0.0449403255810757,0.06716897899774,TRUE,NA
568377,7.48604215548614e-08,1.12299756578502,TRUE,NA
197798,0.0196890306746158,0.000485628928620457,FALSE,NA
492833,0.0402628855146073,9.79335306774266e-05,FALSE,NA
360448,0.006657163589908,0.0231558565295344,TRUE,NA
735263,NA,NA,NA,"Error in glmnet(x, y, weights = weights, offset = offset, lambda = lambda, : x should be a matrix with 2 or more columns
"
423362,0.000231556210318224,6.69694698288184,TRUE,NA
336744,0.307960097858848,0.0633315029237503,FALSE,NA
163277,0.0328535239493273,4.78017826150499e-06,FALSE,NA
780798,0.000310903593794448,1.21525398973626,TRUE,NA
214028,NA,NA,NA,"Error in rep(1, N): invalid 'times' argument
"
144356,0.00136438283897175,4.3959909879954e-05,FALSE,NA
717659,0.273591738172218,0.100734832932788,FALSE,NA
705733,0.000167202378255777,0.0357747832804469,TRUE,NA
140095,0.0241464089621451,1.08201870864597,TRUE,NA
28151,0.00015089650819741,8.39725460245112e-05,FALSE,NA
995680,NA,NA,NA,"Error in rep(1, N): invalid 'times' argument
"
367715,0.00677451651754227,0.0990969554126041,TRUE,NA
786491,0.000326843854375981,0.227920944959012,TRUE,NA
931799,0.00277536103262833,0.472139768107322,TRUE,NA
746728,1.97942853105737e-05,2.74641553687772e-07,FALSE,NA
535798,2.47141748576629,0.0168421045810313,FALSE,NA
45140,0.000438320197329352,0.00291346196137164,TRUE,NA
213770,0.00318973680841254,0.00437870576101165,TRUE,NA
393357,NA,NA,NA,"Error in rep(1, N): invalid 'times' argument
"
133334,0.119262356684948,5.47889601335851e-05,FALSE,NA
867624,0.231291114112527,0.0272362629365373,FALSE,NA
703049,0.00402797891092071,5.12258905195717e-05,FALSE,NA
260661,0.000254988735630664,0.0378427274430248,TRUE,NA
46852,NA,NA,NA,"Error in glmnet(x, y, weights = weights, offset = offset, lambda = lambda, : x should be a matrix with 2 or more columns
"
690940,0.000831320071199745,0.000622420185365603,FALSE,NA
128153,0.139153967355564,0.94268247202101,TRUE,NA
994880,0.00384134827867856,0.0107793682219772,TRUE,NA
49412,0.00837297024869469,0.00380093099999159,FALSE,NA
411215,0.0477438757899274,0.0104280979631369,FALSE,NA
632846,4.22012522823425e-07,7.16474796478403e-05,TRUE,NA
335635,0.062806665850966,0.000218524573822725,FALSE,NA
409686,0.0447499261047847,0.294927410886714,TRUE,NA
953183,0.00243934353809723,0.0115577606201219,TRUE,NA
638250,0.221979691291215,0.00129763313152846,FALSE,NA
509211,0.000157776994317004,2.04494669067908,TRUE,NA
537778,0.0174872693388032,0.0479103791994154,TRUE,NA
821819,0.000195366697341488,0.0522127924787598,TRUE,NA
794278,0.0647604727339911,0.0755049052958236,TRUE,NA
293804,NA,NA,NA,"Error in glmnet(x, y, weights = weights, offset = offset, lambda = lambda, : x should be a matrix with 2 or more columns
"
733448,3.97868966747861e-06,0.0400694016046286,TRUE,NA
106058,0.0501894712406895,0.0220482574212529,FALSE,NA
103882,1.29736334982635e-05,0.0346361494565275,TRUE,NA
897782,NA,NA,NA,"Error in glmnet(x, y, weights = weights, offset = offset, lambda = lambda, : x should be a matrix with 2 or more columns
"
86401,0.0619303918543007,0.00105786665730911,FALSE,NA
870550,NA,NA,NA,"Error in glmnet(x, y, weights = weights, offset = offset, lambda = lambda, : x should be a matrix with 2 or more columns
"
700563,0.1058072695492,8.68801735244016,TRUE,NA
848946,0.0339440462570087,0.021615578662134,FALSE,NA
696617,0.000218921590756335,2.82112574562599,TRUE,NA
344778,0.529711693330582,4.64224545954593,TRUE,NA
944254,1.25963526105028e-07,0.00457455975257084,TRUE,NA
76733,1.82068415292036e-05,0.0671976760490972,TRUE,NA
887328,2.61463493932552e-05,7.68904064852406,TRUE,NA
25975,0.861123164974038,0.0555068018993931,FALSE,NA
303233,0.00321150362084458,0.004164611611072,TRUE,NA
768464,0.00075080937347535,6.48592197479447e-05,FALSE,NA
301053,0.00078207575069439,0.0394248789165101,TRUE,NA
589304,5.75826288310749e-09,6.61745174100049,TRUE,NA
361442,0.404217284224862,0.0323743645074943,FALSE,NA
862997,0.0392370292304983,0.0485266461926441,TRUE,NA
658733,0.0309402787753032,0.00503034647639281,FALSE,NA
104450,0.638105338606391,2.24840951750803,TRUE,NA
401951,0.0133809372573571,0.604417062018957,TRUE,NA
843979,0.00168383222978123,1.49820709258781,TRUE,NA
975061,0.262675441716777,1.01465869010057,TRUE,NA
101107,0.0169440380066609,3.69973494890805e-07,FALSE,NA
434840,2.54729192277358e-05,1.89533149477443,TRUE,NA
682843,0.000158451836126567,0.199454826177295,TRUE,NA
293744,7.82463554122197e-05,0.608227678667424,TRUE,NA
274221,0.433161523684967,0.30115021137899,FALSE,NA
171663,4.89468328286246e-05,0.559688228350581,TRUE,NA
635221,0.308980067736204,0.0015643103219234,FALSE,NA
291291,0.0128887968786277,0.249930651819351,TRUE,NA
906775,0.000896862640810217,0.0634550406739539,TRUE,NA
480060,0.00473974028423516,0.000724110870958982,FALSE,NA
326037,9.60212370197431e-08,2.54845447922659,TRUE,NA
512295,0.000286959336291657,1.58912843914828,TRUE,NA
413747,0.0703701117743013,2.3797923392374,TRUE,NA
727378,0.0338154560104218,0.00195714105956542,FALSE,NA
187991,0.0164130705180407,1.02129748379353,TRUE,NA
432390,0.0886109805524197,9.01671600993918e-05,FALSE,NA
189721,NA,NA,NA,"Error in glmnet(x, y, weights = weights, offset = offset, lambda = lambda, : x should be a matrix with 2 or more columns
"
878149,5.74945262055306e-05,0.356334684822201,TRUE,NA
125434,NA,NA,NA,"Error in glmnet(x, y, weights = weights, offset = offset, lambda = lambda, : x should be a matrix with 2 or more columns
"
803203,0.00125180144911,0.000374625402926841,FALSE,NA
191110,6.38687599940704e-05,0.00274495965165328,TRUE,NA
897388,0.036567706528316,4.7287382723962e-05,FALSE,NA
157567,1.06797619499976e-06,0.783278103741515,TRUE,NA
877554,0.209564279955383,0.863436604693031,TRUE,NA
264705,0.0415212292749889,0.00160948866521235,FALSE,NA
603983,0.0665680660863494,1.77135366742025,TRUE,NA
375376,0.220039154441249,0.0903494585654054,FALSE,NA
414186,0.107955254038237,1.09118232820718e-05,FALSE,NA
32840,0.029879596690184,0.00352119378329612,FALSE,NA
328413,0.000152989244352197,0.000827329416161835,TRUE,NA
216544,0.000852779626725701,0.0123149491591463,TRUE,NA
351528,NA,NA,NA,"Error in glmnet(x, y, weights = weights, offset = offset, lambda = lambda, : x should be a matrix with 2 or more columns
"
786963,NA,NA,NA,"Error in rep(1, N): invalid 'times' argument
"
542430,0.965428853285752,2.27341222483547,TRUE,NA
308151,0.0109929900321269,0.0377702618063822,TRUE,NA
102021,0.0286384633056622,3.07922667700328e-05,FALSE,NA
567532,NA,NA,NA,"Error in glmnet(x, y, weights = weights, offset = offset, lambda = lambda, : x should be a matrix with 2 or more columns
"
48725,0.0452063860107277,6.18785558393527e-05,FALSE,NA
587350,0.51538073731242,0.180471705707884,FALSE,NA
584615,0.453184410773322,0.0426849140120502,FALSE,NA
1544,4.13165594181102e-05,2.05010632769677,TRUE,NA
829950,0.0267532598873717,2.17231034723661,TRUE,NA
530032,0.00102447804685532,0.00554111248966848,TRUE,NA
847530,0.00041162978401302,0.0017981568345054,TRUE,NA
421165,0.00103991929727429,0.0858008014447292,TRUE,NA
961687,1.2876511051498e-08,1.56923378780384e-05,TRUE,NA
967,0.0376132176334033,4.88781662976532,TRUE,NA
442658,0.012083695538385,0.103848735963288,TRUE,NA
363058,0.397426717334409,1.32592272358897,TRUE,NA
521827,0.020859794556087,1.19085852077748,TRUE,NA
548201,0.0662205638257792,4.26259028075491e-12,FALSE,NA
661194,0.0193345382032713,0.00888410455235819,FALSE,NA
620892,0.0003397848059002,0.0641310051555668,TRUE,NA
473494,1.92911211249936e-06,0.385097952299553,TRUE,NA
869282,0.0298900450358744,3.86753604650773,TRUE,NA
902040,9.73751971498038e-05,0.164965302792512,TRUE,NA
278603,0.00602408611942702,0.367702225406698,TRUE,NA
348973,1.55713402876908,0.000120643844000268,FALSE,NA
941984,NA,NA,NA,"Error in rep(1, N): invalid 'times' argument
"
353341,0.0417134177781809,0.000263911110601875,FALSE,NA
823904,0.000259054997111574,0.0377045092872528,TRUE,NA
995494,0.00045014990203134,6.73035297924347e-05,FALSE,NA
219869,0.000902769527176189,0.0704089982052045,TRUE,NA
513039,0.0001753466283052,0.00309349479383248,TRUE,NA
272468,0.113146559794536,0.0227221728901254,FALSE,NA
902929,0.000256079484415573,0.15480860790335,TRUE,NA
605441,0.549901956296393,1.95958448670719,TRUE,NA
898834,0.0295577406888901,0.0310571272494593,TRUE,NA
813598,0.212672567668733,0.933422251148215,TRUE,NA
571280,0.000992640416826847,1.02716271726516,TRUE,NA
549745,0.000541453918983274,0.014853846016671,TRUE,NA
801814,0.000257581764261062,0.848573881577309,TRUE,NA
113829,0.0980092918773377,0.0927170259690572,FALSE,NA
508635,4.46568253532548e-06,7.70368954410289e-05,TRUE,NA
926157,0.000147953001986999,0.466272346297345,TRUE,NA
778521,0.000282576045437143,1.51515079336607e-06,FALSE,NA
205202,0.00964389721280016,2.01413708420263,TRUE,NA
582858,0.00195304093515405,0.327798788965713,TRUE,NA
655587,0.0194404826616265,1.22373094658175,TRUE,NA
472937,0.000238168967505144,0.46140857483841,TRUE,NA
119411,0.122067627689043,0.11857314081085,FALSE,NA
320156,0.0508966718551181,0.478772892887382,TRUE,NA
266483,0.0161502784028435,0.0692331209691822,TRUE,NA
991951,0.129386362880298,0.1386960207461,TRUE,NA
378791,0.988008321222027,0.188465739629048,FALSE,NA
220636,0.0135917291481678,0.041504346119394,TRUE,NA
166214,0.0142046119801203,0.00414226684935914,FALSE,NA
56315,0.046589475589512,0.000180963839369109,FALSE,NA
599719,0.000761002765511075,0.156721463863945,TRUE,NA
818244,0.497481954483065,2.39401172243457,TRUE,NA
521490,NA,NA,NA,"Error in rep(1, N): invalid 'times' argument
"
232943,0.015084599613438,0.0113827225940737,FALSE,NA
57081,NA,NA,NA,"Error in rep(1, N): invalid 'times' argument
"
606849,0.0065657444102684,0.00957229843040812,TRUE,NA
943615,6.19824307694268e-05,0.527094593010723,TRUE,NA
493585,0.347193863215871,3.18043026864757,TRUE,NA
769866,1.08905343497257,0.934195535146477,FALSE,NA
935964,3.2655087516593e-06,0.0878672855063494,TRUE,NA
789962,0.00493148728482198,0.000113751382893537,FALSE,NA
516542,NA,NA,NA,"Error in glmnet(x, y, weights = weights, offset = offset, lambda = lambda, : x should be a matrix with 2 or more columns
"
37691,0.192907902406766,0.00212245098072433,FALSE,NA
996401,0.0557287275648595,2.41426185180613,TRUE,NA
42663,0.0151023369911721,0.0986900152174078,TRUE,NA
418853,0.174738814849395,1.54479320062373,TRUE,NA
673855,0.0100718966991708,1.03381210906607,TRUE,NA
848534,8.78330298567925e-05,0.0131732954828914,TRUE,NA
929510,4.60448478988639e-06,0.00192398499296476,TRUE,NA
456954,0.000131082762523271,0.25869568776917,TRUE,NA
497268,8.27252903506478e-05,0.0212149841177468,TRUE,NA
844762,4.61147996269785e-06,6.34868138229658e-08,FALSE,NA
457696,0.000293836949641605,4.44262545185681e-06,FALSE,NA
699324,0.45647127813412,0.146726776907554,FALSE,NA
228600,NA,NA,NA,"Error in rep(1, N): invalid 'times' argument
"
132053,0.0155173102215825,1.67028655711342,TRUE,NA
294746,0.0122430201016351,0.00018758821057338,FALSE,NA
490783,0.452680400246982,0.96810818021011,TRUE,NA
313269,5.53339848880683e-05,5.1400003873525e-07,FALSE,NA
923908,0.0724317209249254,0.0201458922422244,FALSE,NA
214406,0.00716868801061491,3.63262252470131,TRUE,NA
13251,3.06907741021671e-07,6.73956995129183,TRUE,NA
54732,0.0922685423205825,0.000172137262531718,FALSE,NA
237295,NA,NA,NA,"Error in glmnet(x, y, weights = weights, offset = offset, lambda = lambda, : x should be a matrix with 2 or more columns
"
139723,0.194070266215529,0.278965052974625,TRUE,NA
633356,0.0120620906815028,0.000329025288849675,FALSE,NA
462808,0.00121134138071031,0.110482933961,TRUE,NA
870723,0.21656985723221,2.52979285002066,TRUE,NA
761081,0.21889349468705,0.00671579890436416,FALSE,NA
562933,0.0713007860172381,1.00240272629847e-06,FALSE,NA
525640,0.0433007232752514,1.7375729637983e-05,FALSE,NA
735092,0.0407022474303494,0.00223319067104148,FALSE,NA
546817,2.70859601205312e-05,0.000142059775327809,TRUE,NA
116548,0.000212046191346364,7.0529442122947e-07,FALSE,NA
256645,0.0388978712690645,0.651738844996864,TRUE,NA
297211,0.000953804653921422,0.321680355025222,TRUE,NA
175209,1.35717070576508e-07,0.898753854096317,TRUE,NA
413808,0.000104575497991629,4.9542505103778e-05,FALSE,NA
897619,0.000849113020716375,1.96857441068829,TRUE,NA
652786,0.00928833228508707,0.108412713927418,TRUE,NA
163828,0.0639965912561457,0.180797656629648,TRUE,NA
92683,0.308272512709545,0.311768590872497,TRUE,NA
779577,9.96604466116165e-10,1.00175128098282,TRUE,NA
831824,0.00467896829792831,1.22548137446012,TRUE,NA
965533,4.93709158749414e-07,0.00184036631179452,TRUE,NA
581676,0.000145029324764596,0.122059803204478,TRUE,NA
413678,0.00353141595326847,0.0189399666692185,TRUE,NA
352013,0.0212862721435454,0.00336907676453279,FALSE,NA
722761,0.00791840905564355,0.078854572501392,TRUE,NA
36582,0.00485415086942381,0.000699279983185773,FALSE,NA
174495,0.0482486275627883,0.0144812573103883,FALSE,NA
938204,0.930359457279213,0.00234510966233264,FALSE,NA
373448,0.00413280818849087,1.94440153271618,TRUE,NA
490312,0.796632879148445,0.0160682742805821,FALSE,NA
491377,0.000135672816008612,1.55496654793518,TRUE,NA
823538,3.05479837687997e-06,1.94726679415302e-09,FALSE,NA
931346,0.00147626180383374,0.0918737134494371,TRUE,NA
176792,0.224891607323635,3.36657315179809e-06,FALSE,NA
603231,0.00240501476819655,0.0118564779356867,TRUE,NA
674934,0.0163160767978807,0.516593702899662,TRUE,NA
720965,0.0902340051617209,4.58268817984427,TRUE,NA
905865,0.0154157847972819,0.781595509031609,TRUE,NA
276680,0.000155396822363554,0.0943014677386701,TRUE,NA
411666,0.0736613038882813,3.57421971903295,TRUE,NA
956444,0.0472155163384766,4.32520037157832,TRUE,NA
265052,NA,NA,NA,"Error in glmnet(x, y, weights = weights, offset = offset, lambda = lambda, : x should be a matrix with 2 or more columns
"
647891,0.104983977670488,0.00028891506298382,FALSE,NA
279582,0.406877084998931,0.202314720176207,FALSE,NA
202381,0.0670884554574067,0.403587995463108,TRUE,NA
216525,0.000548985949568798,2.32257252421148,TRUE,NA
427886,NA,NA,NA,"Error in glmnet(x, y, weights = weights, offset = offset, lambda = lambda, : x should be a matrix with 2 or more columns
"
770092,0.224475464201084,0.396679989151528,TRUE,NA
467722,NA,NA,NA,"Error in rep(1, N): invalid 'times' argument
"
822796,0.000100071683929355,0.769028802513168,TRUE,NA
304399,0.00934482395944369,0.0867029194099626,TRUE,NA
343469,0.00904683025225199,1.16421432754254,TRUE,NA
817040,2.99188099736397e-05,0.214212946396501,TRUE,NA
771774,0.00167499440583913,0.868862789504186,TRUE,NA
209909,NA,NA,NA,"Error in rep(1, N): invalid 'times' argument
"
648489,0.0017947555635903,12.7999122560042,TRUE,NA
798648,0.00058867126521261,3.3222821884499,TRUE,NA
577332,0.140427085961486,3.8081139967061e-08,FALSE,NA
888833,2.84627570056441e-06,0.225655552199919,TRUE,NA
59993,0.358547647973992,0.000150367446887578,FALSE,NA
408276,0.0275680291409507,0.000157072302855902,FALSE,NA
927827,0.247623079027509,0.0552093335160943,FALSE,NA
277589,0.0367486643564317,0.76044701646852,TRUE,NA
913647,NA,NA,NA,"Error in glmnet(x, y, weights = weights, offset = offset, lambda = lambda, : x should be a matrix with 2 or more columns
"
630254,0.00754555458594385,0.0130765372819773,TRUE,NA
874906,0.00305186779849825,2.13928623689945,TRUE,NA
22892,0.000179784977754749,0.0418435242775292,TRUE,NA
974592,0.0107845916773501,0.00416401739167052,FALSE,NA
59252,0.016936099262222,0.161574879591399,TRUE,NA
168217,0.594862392564514,0.000762319049163125,FALSE,NA
456522,0.00845349563206698,0.890539600624383,TRUE,NA
288138,0.0029816460879003,0.406636632079449,TRUE,NA
475740,0.00915940003863393,0.00448887691175568,FALSE,NA
763790,0.0170989356977175,6.40696476750536e-05,FALSE,NA
202596,0.0288249911593855,4.2443205997431e-06,FALSE,NA
789870,4.76587381184574e-05,0.0025226771784682,TRUE,NA
828561,0.0370489668459314,5.70582690983641,TRUE,NA
196305,0.170571924658179,0.224300599447152,TRUE,NA
461897,0.000787122688262117,0.00161852111255086,TRUE,NA
605524,0.000197792992231998,0.031021763978968,TRUE,NA
958921,0.00434704292178955,0.00011102057219512,FALSE,NA
948497,0.000277765621557634,0.0900098445660507,TRUE,NA
733046,0.0013661570127278,0.0819139347095747,TRUE,NA
544469,0.915845827054436,2.27571280693254,TRUE,NA
357791,5.27302858552087e-05,0.73956306532557,TRUE,NA
178567,NA,NA,NA,"Error in rep(1, N): invalid 'times' argument
"
684175,2.4144107854338e-05,0.000536211575710734,TRUE,NA
149350,0.0648750170003724,1.12217763845506,TRUE,NA
675750,0.00774178831771056,0.0648679610549346,TRUE,NA
459642,0.00252076604302863,0.00278363045891522,TRUE,NA
380619,0.00651583082254796,0.0371244723784543,TRUE,NA
939166,0.0315144005584293,0.373714764012859,TRUE,NA
835279,NA,NA,NA,"Error in rep(1, N): invalid 'times' argument
"
363800,0.00459883423791518,0.0184871983251486,TRUE,NA
551090,0.00429202862649241,0.0139139733495889,TRUE,NA
795141,0.275155386484716,2.21403692338647,TRUE,NA
548549,0.334143169189702,8.27002393362016e-07,FALSE,NA
772445,1.1289674593187e-05,0.00157123481097597,TRUE,NA
208918,0.0470281298921603,5.57211031608364e-06,FALSE,NA
913742,0.000571399744550271,3.43205048954984e-06,FALSE,NA
781125,0.00950319449246198,0.821272413284203,TRUE,NA
405984,0.63471013079505,0.0977973311071442,FALSE,NA
828630,0.0508273767006729,0.00428657508852604,FALSE,NA
704458,0.0625916273418212,0.291827878467417,TRUE,NA
586657,NA,NA,NA,"Error in glmnet(x, y, weights = weights, offset = offset, lambda = lambda, : x should be a matrix with 2 or more columns
"
528385,2.83999908009065e-05,9.10523941827525e-06,FALSE,NA
99876,0.0152936711292562,0.696266568858851,TRUE,NA
589539,0.00758084077720242,0.198236040068601,TRUE,NA
585400,NA,NA,NA,"Error in rep(1, N): invalid 'times' argument
"
467181,0.343882877741594,0.207065806871449,FALSE,NA
275965,0.079607754369221,0.00102633264170279,FALSE,NA
832133,0.0352638264805034,3.3294130198918,TRUE,NA
583792,0.0791432587720708,0.00377836551624786,FALSE,NA
848596,0.0796106389525486,0.011163373558047,FALSE,NA
455767,0.212858498031242,3.80599151329027,TRUE,NA
506333,0.0013756728537049,0.0107395586530418,TRUE,NA
89165,0.0139769942528848,0.146439317058428,TRUE,NA
311153,0.285114681178352,0.84498939144354,TRUE,NA
867394,2.0933208546264e-06,1.82045746789532,TRUE,NA
344449,0.318692519172942,0.00189006310600758,FALSE,NA
553740,0.537441364640212,0.000106832929214272,FALSE,NA
864601,0.00376325100781038,0.000346622364156459,FALSE,NA
543946,0.000244361033258362,0.0848059597605351,TRUE,NA
108911,0.00824444868789525,7.78664472701198,TRUE,NA
794100,0.182278392374783,0.0691805330563731,FALSE,NA
305341,0.0118612769501765,1.75367166895663e-05,FALSE,NA
767270,0.000113145664554132,0.00573750509983204,TRUE,NA
685878,0.000446989536633573,0.0983853926453187,TRUE,NA
843998,0.0302451311507858,1.87049456164875,TRUE,NA
24404,0.82273932416578,1.64398818681655,TRUE,NA
937188,0.0450680090716475,6.56207559356753e-05,FALSE,NA
484542,8.45564151361284e-07,0.696348749188174,TRUE,NA
251330,0.000398170451300541,3.96797691434405,TRUE,NA
624876,0.000924154970022053,0.628904822866637,TRUE,NA
565667,0.0349602731270996,0.000713222927828155,FALSE,NA
879725,NA,NA,NA,"Error in rep(1, N): invalid 'times' argument
"
950230,0.842649072908228,2.68941572837439e-05,FALSE,NA
69679,0.000418954612705264,0.892096219667794,TRUE,NA
554434,0.0711305420742767,0.393790889171293,TRUE,NA
738103,6.40954505822698e-06,0.0306036858528937,TRUE,NA
680045,NA,NA,NA,"Error in rep(1, N): invalid 'times' argument
"
963288,0.389746199647761,0.00126056710292742,FALSE,NA
460590,0.00495264406806856,0.0523332100927937,TRUE,NA
362639,NA,NA,NA,"Error in rep(1, N): invalid 'times' argument
"
247607,3.26422269230924e-06,0.0470671557393956,TRUE,NA
124651,2.73433046173381e-07,0.0956740077598315,TRUE,NA
510459,0.0287366318895738,2.58787010576502,TRUE,NA
167273,0.136250618474162,1.20430184269776,TRUE,NA
110527,0.00786065458747678,0.396227955168119,TRUE,NA
336737,0.636229112963201,0.00460509206133115,FALSE,NA
817020,2.81950439259105,1.30461040600012e-08,FALSE,NA
110404,0.017316007714205,0.000190752385377032,FALSE,NA
261308,0.00513335452793395,5.67656404635675e-05,FALSE,NA
47423,0.0734032691018993,2.57790102236656,TRUE,NA
256311,0.0010245258732646,0.0215131883753017,TRUE,NA
487985,0.000559277808114713,0.0122301896663734,TRUE,NA
324080,2.49408884678814e-05,1.59380047609712,TRUE,NA
340548,1.20933573050732,0.00103928578339474,FALSE,NA
326889,0.0137506779673301,0.0201930918651428,TRUE,NA
936301,0.0220230206812309,0.309550706496834,TRUE,NA
798596,0.0228529926487349,3.62973339201609e-07,FALSE,NA
85216,0.032914895146185,0.00186092975641151,FALSE,NA
296594,0.0105857588784228,0.0315818772647788,TRUE,NA
376149,0.0488413966420315,4.73292366626307e-05,FALSE,NA
243041,0.0379826043040633,0.0704593183481902,TRUE,NA
110748,0.14286969244863,0.498499508520875,TRUE,NA
712880,0.0174907645509141,0.250567523432147,TRUE,NA
73156,NA,NA,NA,"Error in glmnet(x, y, weights = weights, offset = offset, lambda = lambda, : x should be a matrix with 2 or more columns
"
983659,0.190912485908042,0.136230504528248,FALSE,NA
327277,0.000724103234947005,2.02309943206872e-05,FALSE,NA
834042,3.92581404201155e-06,2.99372280667878,TRUE,NA
428660,1.41928165293667e-05,0.120352361177362,TRUE,NA
113419,0.601095764229169,2.15041523986609,TRUE,NA
188960,0.157479941195683,1.11820642983454e-05,FALSE,NA
106410,0.000210435615434918,2.57249700097235,TRUE,NA
882426,0.014019301385108,0.0025645919962268,FALSE,NA
4694,0.0288029386813651,1.1430912781292e-07,FALSE,NA
195766,0.0994438097061563,0.726197194993401,TRUE,NA
381312,NA,NA,NA,"Error in glmnet(x, y, weights = weights, offset = offset, lambda = lambda, : x should be a matrix with 2 or more columns
"
510994,0.00162253612651316,0.00213555366626256,TRUE,NA
364586,0.0623331288171615,0.000596416390645215,FALSE,NA
184791,0.00327120403883527,0.0559123013703259,TRUE,NA
650758,7.63767615971625e-06,2.05551909631589,TRUE,NA
364030,0.000142298520844759,0.188581836837236,TRUE,NA
334878,3.25364576167488,0.313964300683317,FALSE,NA
66942,0.377208829305527,0.53820271202191,TRUE,NA
108589,0.139363335991598,0.000645301640693667,FALSE,NA
331068,0.0125926219340139,0.0810214528408877,TRUE,NA
60054,0.351381772419871,0.0006310129137406,FALSE,NA
169153,0.024117509416707,0.00722682462260206,FALSE,NA
629689,0.064957950324613,0.0745872623041224,TRUE,NA
444623,0.0037542913438912,1.32419906593445e-05,FALSE,NA
964052,0.000557764021652405,0.0769343067401495,TRUE,NA
774212,4.04151075881631e-06,0.757732530539253,TRUE,NA
549333,0.0465328241736451,0.00187481804896319,FALSE,NA
984763,0.0934025870584761,5.95855733529045e-07,FALSE,NA
250230,0.000215841308762131,1.2491615057143,TRUE,NA
578140,0.000332331984154053,0.00806595640021106,TRUE,NA
81734,3.89051529635505e-06,0.492560351544097,TRUE,NA
993945,5.5145441652563e-07,0.00625683295850384,TRUE,NA
172934,0.0145671682209061,4.01885999325382e-05,FALSE,NA
142299,0.572958500098023,0.0100095100144486,FALSE,NA
211688,0.00790846296407036,0.541477013921325,TRUE,NA
952409,0.407093315807209,2.01548560855735,TRUE,NA
783197,0.00163893541263263,4.55745666679865,TRUE,NA
261955,0.00192802846707784,0.000632280263305965,FALSE,NA
385193,NA,NA,NA,"Error in glmnet(x, y, weights = weights, offset = offset, lambda = lambda, : x should be a matrix with 2 or more columns
"
921915,NA,NA,NA,"Error in glmnet(x, y, weights = weights, offset = offset, lambda = lambda, : x should be a matrix with 2 or more columns
"
222900,0.00728922706407971,1.13577524036574e-06,FALSE,NA
818206,0.000201014830640711,0.00299019762008384,TRUE,NA
687879,0.167356309357075,0.00294757536308805,FALSE,NA
750778,0.00106326386289359,9.84824575977467e-08,FALSE,NA
950327,NA,NA,NA,"Error in rep(1, N): invalid 'times' argument
"
171435,0.437813784406356,1.68937866505945,TRUE,NA
4759,0.092222085415225,0.478335666183411,TRUE,NA
114862,0.313253765024103,0.306872198582824,FALSE,NA
946431,0.433529446670762,0.0963185806217571,FALSE,NA
206508,0.000569159357648067,0.250750210350707,TRUE,NA
602085,0.183061908931242,0.00386589628488507,FALSE,NA
675309,0.00766670409086062,4.87407399268415,TRUE,NA
910248,NA,NA,NA,"Error in glmnet(x, y, weights = weights, offset = offset, lambda = lambda, : x should be a matrix with 2 or more columns
"
153996,0.000249624205439216,4.23405715750751,TRUE,NA
152941,0.0830514235127278,0.00538584395513659,FALSE,NA
722084,0.000408272213896371,0.0438958346977084,TRUE,NA
981237,0.0381578975497116,0.00548415139259476,FALSE,NA
50346,0.00168039744161695,0.00101089713889239,FALSE,NA
983403,0.00848016137231284,6.22496530999549,TRUE,NA
36033,0.006415010640409,0.000328002449662803,FALSE,NA
594691,0.00335184599497602,0.141195229743741,TRUE,NA
67621,4.26064430186522e-05,1.73781312115769e-05,FALSE,NA
838611,1.90780165137373,0.00025067052237345,FALSE,NA
472345,NA,NA,NA,"Error in rep(1, N): invalid 'times' argument
"
450900,0.00969222614844566,6.10688328640823,TRUE,NA
218449,0.00020664824056758,0.000125580009423848,FALSE,NA
9777,0.0182973047541891,4.15799618041455,TRUE,NA
331702,0.00445016631277858,0.0988894938099874,TRUE,NA
625801,0.000360823812909642,0.00350741427589069,TRUE,NA
816137,0.167327461227612,2.99790107769014e-05,FALSE,NA
158292,0.0188274994919236,0.471676722104872,TRUE,NA
994912,0.0148126184675466,0.552943621984641,TRUE,NA
897019,NA,NA,NA,"Error in glmnet(x, y, weights = weights, offset = offset, lambda = lambda, : x should be a matrix with 2 or more columns
"
359001,0.0170593295553534,0.0553313660500841,TRUE,NA
889322,0.0634408596394113,0.467571098669148,TRUE,NA
757149,0.0513020114890621,2.88971785350246,TRUE,NA
34735,0.0106606822480343,0.0162822441783548,TRUE,NA
385688,0.000665420117198487,0.000793815451345428,TRUE,NA
942512,0.00108202724519203,7.70552383235311e-07,FALSE,NA
802253,NA,NA,NA,"Error in rep(1, N): invalid 'times' argument
"
851373,0.0121391404460388,0.010829496678494,FALSE,NA
517541,0.000557665092210526,0.010971629353589,TRUE,NA
242419,9.9354903911669e-07,3.21794804461467,TRUE,NA
804124,1.07498991958728e-05,0.000857515299756516,TRUE,NA
106059,0.486980623600561,0.0045048575836289,FALSE,NA
584048,0.131470739009282,9.35559287030826,TRUE,NA
616170,0.0315920518384646,0.00900066395756911,FALSE,NA
494990,0.00624591689706642,0.106968681878245,TRUE,NA
966711,9.65470538844449e-07,0.000128974202266285,TRUE,NA
939492,0.110643182094176,0.00432592535244288,FALSE,NA
134181,0.00285733741823071,2.41006977181331,TRUE,NA
643452,0.94977405113762,0.221722938617772,FALSE,NA
634422,0.0063961850769301,0.00812027166174745,TRUE,NA
563548,0.62480459805883,0.941085570887588,TRUE,NA
814472,0.0921519842313584,0.002372290920214,FALSE,NA
743724,0.0115876949910296,4.75822760300202e-08,FALSE,NA
491580,0.000926124569645011,1.59627990199866,TRUE,NA
965876,0.00943208616211922,0.447242893229454,TRUE,NA
956101,0.0107087191076382,0.000544072606179772,FALSE,NA
248454,1.51086975943418e-05,0.000752881548356778,TRUE,NA
376109,0.00532538435754466,0.000405039617547049,FALSE,NA
454569,0.00280284009983914,0.000810783390496599,FALSE,NA
354405,0.241880148049402,0.505593952730144,TRUE,NA
697208,0.00371425050111825,0.00216593773989555,FALSE,NA
433943,0.00478728396342429,0.420362693136747,TRUE,NA
751880,0.573516916245861,0.000170071919331125,FALSE,NA
397660,0.00200069451492864,5.18427325318721,TRUE,NA
955535,0.0620978608047518,9.7132235514098e-05,FALSE,NA
748292,0.00608040433237009,0.221538722905165,TRUE,NA
335261,NA,NA,NA,"Error in glmnet(x, y, weights = weights, offset = offset, lambda = lambda, : x should be a matrix with 2 or more columns
"
581583,NA,NA,NA,"Error in glmnet(x, y, weights = weights, offset = offset, lambda = lambda, : x should be a matrix with 2 or more columns
"
374350,0.273639941105143,0.0179451861910643,FALSE,NA
189041,0.0241309230448239,0.011221452749152,FALSE,NA
585736,0.00121247885954815,0.0047754327535157,TRUE,NA
42630,1.14351315094183e-05,4.56315540615125e-06,FALSE,NA
612688,0.406722166447351,0.397558842205983,FALSE,NA
862282,0.0751337498872644,0.00792974747380196,FALSE,NA
473172,6.39958560104521e-05,0.0010295831880616,TRUE,NA
486161,0.00650468770078266,0.733641630928973,TRUE,NA
59648,4.85021657941662e-08,1.70829970267324e-06,TRUE,NA
267313,0.000798187938828089,0.0668633243078376,TRUE,NA
780224,0.000251162700488216,1.36609231859584e-05,FALSE,NA
324337,0.0215475756935079,0.000784011599789775,FALSE,NA
804813,NA,NA,NA,"Error in glmnet(x, y, weights = weights, offset = offset, lambda = lambda, : x should be a matrix with 2 or more columns
"
208219,0.0109019681856696,0.000309467634742443,FALSE,NA
914903,0.00187401433730133,0.000344038180442592,FALSE,NA
232045,2.54550282934022e-05,4.93190258530072,TRUE,NA
322202,0.000225149770053868,0.0213283066498324,TRUE,NA
497485,8.28492828290781e-06,3.18455584945545,TRUE,NA
329779,0.0343670945384645,0.00114756579503316,FALSE,NA
844766,0.000651584441290771,0.0366062337405431,TRUE,NA
264785,1.73454569469938,0.027273926949023,FALSE,NA
572665,0.395401397542441,0.0526194072897261,FALSE,NA
323485,0.00194044206536843,0.132757671197099,TRUE,NA
918060,0.00535924556552925,0.00306657314246077,FALSE,NA
221019,0.0159682217288515,0.000875747072400166,FALSE,NA
92222,0.0207770985279094,0.398054622361392,TRUE,NA
799807,0.00608246865441527,2.80555982423539e-05,FALSE,NA
479077,0.00781279874661696,5.88452683107905e-05,FALSE,NA
306372,0.000784900549997762,0.857710221089309,TRUE,NA
969302,0.000591535308933483,0.212803735578829,TRUE,NA
227001,0.0374523094726016,1.68235548154379,TRUE,NA
244810,0.0327742955362111,0.734491707648002,TRUE,NA
796109,8.45580085295606e-07,0.875657961011016,TRUE,NA
34708,3.4179577524178e-05,0.00155611272242742,TRUE,NA
853385,NA,NA,NA,"Error in rep(1, N): invalid 'times' argument
"
346847,NA,NA,NA,"Error in glmnet(x, y, weights = weights, offset = offset, lambda = lambda, : x should be a matrix with 2 or more columns
"
365710,1.10351814374197,0.0055419719233285,FALSE,NA
340201,0.00489667637154111,2.62537458462931,TRUE,NA
353478,0.0970933960562013,0.651280814486301,TRUE,NA
653966,NA,NA,NA,"Error in glmnet(x, y, weights = weights, offset = offset, lambda = lambda, : x should be a matrix with 2 or more columns
"
838066,1.89561007368149e-06,0.000103718125762726,TRUE,NA
502702,7.058320554288e-06,0.530594744051363,TRUE,NA
944103,0.0214919403285183,0.958822638510484,TRUE,NA
664167,0.041942301903985,0.213372596381737,TRUE,NA
509815,1.23391277054368e-05,0.112150454365706,TRUE,NA
331116,0.000263919807782926,0.00222207015779767,TRUE,NA
317927,0.00121188373785752,0.00294285434507167,TRUE,NA
289434,0.0696091030325187,5.49306859432776e-07,FALSE,NA
217232,0.105659063235498,0.345856611231537,TRUE,NA
649062,0.00768561898700009,1.69217211860395,TRUE,NA
460627,0.793942799998107,0.00573916046898625,FALSE,NA
403075,1.21484948774328e-05,0.000704854788039396,TRUE,NA
124617,0.346499552260286,0.0277935895114311,FALSE,NA
858758,0.0079813310881771,0.0645639672087045,TRUE,NA
136724,0.000283613090962253,0.0115216777433902,TRUE,NA
545720,0.000163134631619047,9.0497586369455e-06,FALSE,NA
751399,0.00178832319191442,0.000188553247780878,FALSE,NA
766101,0.0660493202478617,1.45484688817411,TRUE,NA
821006,0.163882905255125,0.0148199250798105,FALSE,NA
684585,1.03296762404156e-06,0.0867155247097078,TRUE,NA
893049,6.04551325980761e-06,0.00263405850281436,TRUE,NA
308301,0.0621902436259354,0.00200108863081826,FALSE,NA
178082,0.0449707338064937,0.129166625942417,TRUE,NA
266058,0.0462684820042124,0.000964954245971716,FALSE,NA
601459,0.00272293851544247,2.72766315885993,TRUE,NA
539606,1.01374142920806,0.038852849539976,FALSE,NA
997181,0.0685252236471799,0.00194528401743857,FALSE,NA
828997,0.00121769132807566,0.924571623531908,TRUE,NA
344160,0.000955381702566203,0.616579764156969,TRUE,NA
778077,0.000131734361026466,0.406670941408074,TRUE,NA
406886,0.501179943436818,3.51931467352895e-06,FALSE,NA
759007,0.0111682000084674,0.00900132753041327,FALSE,NA
345427,5.71111652587054e-05,0.000851511620340451,TRUE,NA
709427,0.140843690457345,5.22270580907481,TRUE,NA
564279,0.000315730015985544,0.767380490463618,TRUE,NA
789759,0.000159040858942123,1.81654415383882,TRUE,NA
315809,0.186385521167052,0.337375711480806,TRUE,NA
145103,0.000211627227584522,0.113616553709501,TRUE,NA
148292,0.0292035941130106,2.14325653169451,TRUE,NA
289071,1.61642711830797e-05,0.00180074395626268,TRUE,NA
202097,0.0223799729871285,0.772414144683065,TRUE,NA
698496,NA,NA,NA,"Error in rep(1, N): invalid 'times' argument
"
999324,0.00045746944067848,0.0966381484229253,TRUE,NA
499137,0.0145290062779482,0.167264258302824,TRUE,NA
213198,0.03467471374336,0.0595779611102723,TRUE,NA
751230,0.00133960799340817,0.014651644595324,TRUE,NA
757829,0.0831186774344024,2.50946081872838,TRUE,NA
832400,0.0746695954627684,0.051266202924442,FALSE,NA
496835,0.487710479878966,0.754576241486743,TRUE,NA
550596,0.012845399185478,3.19088465386998,TRUE,NA
502261,0.169394559689046,0.00269116025942344,FALSE,NA
104033,0.00500494511505865,0.0236896885880426,TRUE,NA
202531,0.000582817051268856,0.210264461190796,TRUE,NA
775796,0.0254103917549151,0.126211066138681,TRUE,NA
129271,NA,NA,NA,"Error in glmnet(x, y, weights = weights, offset = offset, lambda = lambda, : x should be a matrix with 2 or more columns
"
761983,1.23758943567541e-05,0.00575653100621058,TRUE,NA
849567,1.4084770374057,4.0194457255874e-05,FALSE,NA
440260,0.0219076269029426,0.0407867119529162,TRUE,NA
843844,0.0118176538933566,2.33943392757071,TRUE,NA
902914,0.0359216925697071,2.26444536927379,TRUE,NA
293338,NA,NA,NA,"Error in glmnet(x, y, weights = weights, offset = offset, lambda = lambda, : x should be a matrix with 2 or more columns
"
769917,NA,NA,NA,"Error in rep(1, N): invalid 'times' argument
"
270470,0.00189995008823732,4.35220623215051e-06,FALSE,NA
518973,0.0016203035686559,6.75926975330756,TRUE,NA
153480,0.0327558339637601,0.0130389969882911,FALSE,NA
395332,NA,NA,NA,"Error in glmnet(x, y, weights = weights, offset = offset, lambda = lambda, : x should be a matrix with 2 or more columns
"
374419,0.00122030324230321,10.0362635373691,TRUE,NA
86454,0.000307222792662674,0.000173092321802266,FALSE,NA
868894,0.0284024871441863,0.00101021132332909,FALSE,NA
789747,0.0341800883932924,0.119157552810269,TRUE,NA
780328,9.73580964397773e-05,0.466024682456415,TRUE,NA
537009,0.00559839449800399,0.0535226822437251,TRUE,NA
702465,0.192669197685016,4.24568868947763,TRUE,NA
356115,3.0871449340905e-05,0.039479401843245,TRUE,NA
172939,0.00350764786218599,0.00202848862816948,FALSE,NA
91263,0.0018697331857417,0.000159770880372379,FALSE,NA
807567,0.000130022279914939,0.010524733280263,TRUE,NA
363072,0.0297925996101221,0.241697972890119,TRUE,NA
156774,NA,NA,NA,"Error in glmnet(x, y, weights = weights, offset = offset, lambda = lambda, : x should be a matrix with 2 or more columns
"
593331,0.665778728844893,0.434008564822906,FALSE,NA
858143,6.10474600709246e-06,4.15369286335006e-05,TRUE,NA
924221,0.0208683942993761,0.493410048266739,TRUE,NA
732859,0.271749492019761,0.0233841710567882,FALSE,NA
442873,0.0168824067726006,5.14887427354712e-07,FALSE,NA
910455,0.0112076059136462,0.862169351047027,TRUE,NA
647560,0.00290676151801782,2.41795913331996,TRUE,NA
46221,NA,NA,NA,"Error in rep(1, N): invalid 'times' argument
"
673625,0.00921286765771156,0.00043050907819846,FALSE,NA
386377,2.00467900489654,0.140548524277824,FALSE,NA
278132,7.70248638194221e-07,0.00851717103033043,TRUE,NA
222100,0.486300156074404,0.00370715104620129,FALSE,NA
264755,0.0380366753431917,1.81071389618906,TRUE,NA
930691,6.30327944613318e-06,0.000611060942767864,TRUE,NA
813747,0.0401503203963575,1.67456785162666,TRUE,NA
983503,0.000645994194528801,0.00736502969877614,TRUE,NA
517233,0.00392937984547937,0.0192087686183998,TRUE,NA
431885,0.19939483675937,0.0108231721938496,FALSE,NA
450671,0.511604407429455,0.0202181200562311,FALSE,NA
889505,0.0178128753724643,1.61715773281429e-06,FALSE,NA
757939,0.0116667403822126,0.292810581439241,TRUE,NA
46824,3.01657206272512e-05,3.396871460401e-05,TRUE,NA
639556,0.510338574100742,0.039540155870437,FALSE,NA
491543,0.200970026070195,0.0260819831907077,FALSE,NA
957712,0.00077399254304601,2.64371866851007e-06,FALSE,NA
665015,0.0753525832691951,0.472245375336202,TRUE,NA
543634,0.371875684966912,0.000100933519276957,FALSE,NA
871000,0.0350828572716283,0.00375865733513806,FALSE,NA
121387,0.013485150798366,10.616060952116,TRUE,NA
883714,0.0230845012483448,0.000179226335398815,FALSE,NA
141680,NA,NA,NA,"Error in rep(1, N): invalid 'times' argument
"
952742,0.000164841054453342,2.03068592246063,TRUE,NA
42977,0.142375608549468,0.111239855135737,FALSE,NA
666648,1.39598599197064e-06,3.60805370236069e-05,TRUE,NA
848000,0.00496373025318531,0.0663277046188347,TRUE,NA
383638,0.0211694549147817,8.18698761982882e-06,FALSE,NA
224568,0.0190794878340698,1.88023858525339,TRUE,NA
277471,0.916186568920009,0.000627572530119026,FALSE,NA
431782,0.000779887140762454,1.31995061086025,TRUE,NA
306068,NA,NA,NA,"Error in glmnet(x, y, weights = weights, offset = offset, lambda = lambda, : x should be a matrix with 2 or more columns
"
867747,0.0123566108154532,0.779973871989094,TRUE,NA
67713,0.00451562104968372,1.84539505733967e-05,FALSE,NA
306906,0.00689475343377725,6.01389593369976e-06,FALSE,NA
606731,1.10941721550926,0.000345619425335264,FALSE,NA
541611,0.000441403423244308,0.36751781155338,TRUE,NA
31013,0.982063065922992,0.354504350401529,FALSE,NA
328946,0.000485752631665264,0.00121031491487014,TRUE,NA
702480,0.00469899246431906,0.0371537115190601,TRUE,NA
774129,1.92677816736755,0.0263063033639338,FALSE,NA
165160,0.000325973116253466,7.65614782812211,TRUE,NA
375839,0.0187640114886783,0.483909404242095,TRUE,NA
808060,0.000249247051477341,0.0256807727196652,TRUE,NA
50589,0.689422093710369,0.410717087035468,FALSE,NA
83737,0.00159089842241809,0.00363493954398226,TRUE,NA
259038,9.33693338118949e-09,0.000149242446745659,TRUE,NA
376188,0.916205346699116,2.83908256093629,TRUE,NA
335308,0.0574925905899427,2.96230377698309,TRUE,NA
281409,0.190211577700393,6.55472308661038,TRUE,NA
155280,0.299851598220962,0.0176946101803547,FALSE,NA
576405,1.24490982676222,0.0941222847472159,FALSE,NA
289136,0.126518694041455,1.72887342223537,TRUE,NA
311749,0.477119855025241,2.10383049792617,TRUE,NA
199927,0.179216117345536,2.71717114136764,TRUE,NA
319363,0.0101348407728935,1.43094700173576e-06,FALSE,NA
174617,0.00234131054343996,0.061263351315496,TRUE,NA
628041,1.08325594041391,0.0119854316048243,FALSE,NA
367255,1.41699814998844,6.04037403393375,TRUE,NA
71204,3.13075503545585e-05,0.0971180992394319,TRUE,NA
511306,0.0115356599877152,0.128499010476744,TRUE,NA
324149,2.79615686551564e-09,1.5674230186184,TRUE,NA
676933,0.000162848418287486,0.310680239679681,TRUE,NA
443808,0.0162824411595423,0.449148863424224,TRUE,NA
519355,0.0108347235359566,0.00117986100571746,FALSE,NA
809230,7.65965761519031e-06,1.14373511937041e-05,TRUE,NA
489259,0.00130657692795163,0.0205888587223179,TRUE,NA
615486,0.922740315449587,0.0247415841372136,FALSE,NA
32930,NA,NA,NA,"Error in glmnet(x, y, weights = weights, offset = offset, lambda = lambda, : x should be a matrix with 2 or more columns
"
144549,0.00352153329000001,2.20914316679043,TRUE,NA
510826,0.0210701189496625,0.264683352306586,TRUE,NA
501061,0.0557864971855768,5.06030587880069e-05,FALSE,NA
621009,6.39145399245019e-07,0.202792882817026,TRUE,NA
776454,NA,NA,NA,"Error in rep(1, N): invalid 'times' argument
"
658867,0.0987459965347067,0.227074386317798,TRUE,NA
759464,3.2492636799683e-06,0.00012955508643571,TRUE,NA
380094,0.00352364114512366,0.425158042994249,TRUE,NA
238353,0.000117282429306061,0.10297298458697,TRUE,NA
685565,0.0327806802197538,2.34060821106132,TRUE,NA
327761,0.00801900432968312,0.382333093474255,TRUE,NA
870899,0.021053870073186,0.0385100505843249,TRUE,NA
307943,0.00419952405528833,0.0251993370366142,TRUE,NA
247417,0.0387518279439496,0.361944059048341,TRUE,NA
503645,0.0160622002542537,0.00747060228420791,FALSE,NA
893750,0.000418987917648229,2.13272907327402,TRUE,NA
700962,0.187871129216726,2.11050820772626,TRUE,NA
639190,0.000348419573975747,5.88597748458727e-07,FALSE,NA
238176,0.0164268520439075,0.00620443447774983,FALSE,NA
543494,0.00911824245443555,0.453697316941509,TRUE,NA
627652,0.000193309529500044,0.110660878399839,TRUE,NA
555263,0.207275865582143,0.0600866878576187,FALSE,NA
549808,0.000256913537345632,6.18754227343282,TRUE,NA
621833,0.223481907774975,3.84983377519678,TRUE,NA
805441,0.0186736693355043,0.0807921641622662,TRUE,NA
435053,0.351105676870811,0.0033090943267425,FALSE,NA
796073,0.00881566944153242,0.00118183354885945,FALSE,NA
645885,0.00241485914374022,0.181112935463596,TRUE,NA
731888,1.08723812229216,2.3933083124368,TRUE,NA
941174,0.412211921943222,0.0056905374464716,FALSE,NA
892430,0.00600425050685952,9.02027458451126,TRUE,NA
132347,0.576599349442935,0.733120056073143,TRUE,NA
425132,0.00258978963353532,0.0286272062375375,TRUE,NA
621344,0.00784707186658349,0.0590143400051501,TRUE,NA
880835,0.000586174151546665,0.165144588656283,TRUE,NA
146849,NA,NA,NA,"Error in glmnet(x, y, weights = weights, offset = offset, lambda = lambda, : x should be a matrix with 2 or more columns
"
234246,0.515156288980565,0.652980422259008,TRUE,NA
787443,0.0863450847947374,0.0861333628072569,FALSE,NA
947637,0.0511182794463279,0.0647242170112038,TRUE,NA
418580,1.55380992285501e-06,0.0300629295638818,TRUE,NA
657764,0.0584090460778558,0.0017799972553859,FALSE,NA
597227,0.000607471724602488,0.0183804710829487,TRUE,NA
757814,2.31541122587594e-05,0.80610447564247,TRUE,NA
69138,0.0015798409821665,0.0375904535070956,TRUE,NA
538988,0.0137590104542073,0.0393885784365577,TRUE,NA
939792,0.00534896803971031,0.0707134421260366,TRUE,NA
893614,0.0428074959520786,0.284902856462257,TRUE,NA
980411,0.00882430686483412,3.29510074915308e-05,FALSE,NA
646063,0.102532712024837,0.00278192909873237,FALSE,NA
779216,0.0328791321496208,5.29643200400103,TRUE,NA
959636,0.00256005793724396,0.157406362183272,TRUE,NA
918109,0.0200473217824593,1.30086586317498,TRUE,NA
505429,0.00336606591478778,0.0713468077034694,TRUE,NA
144303,0.000820478191238218,0.173856452141928,TRUE,NA
659871,0.00439035167878361,0.000803344911656223,FALSE,NA
412863,0.152564130003009,0.0533464948935978,FALSE,NA
338530,NA,NA,NA,"Error in rep(1, N): invalid 'times' argument
"
854197,0.000280276970065411,0.0570781009135197,TRUE,NA
297331,0.00606559012674333,0.0951404811441722,TRUE,NA
194309,NA,NA,NA,"Error in glmnet(x, y, weights = weights, offset = offset, lambda = lambda, : x should be a matrix with 2 or more columns
"
532506,6.54844810904635e-05,0.0478987985883505,TRUE,NA
257445,0.00130724254173639,0.000593511468775262,FALSE,NA
956781,0.208171663087506,0.00159634299031552,FALSE,NA
541112,0.0115403279753626,9.68776815302095e-05,FALSE,NA
953808,0.940387411704463,0.187768726508119,FALSE,NA
695163,0.00935526398150965,6.67428514746517e-08,FALSE,NA
608536,NA,NA,NA,"Error in glmnet(x, y, weights = weights, offset = offset, lambda = lambda, : x should be a matrix with 2 or more columns
"
552765,0.31247390127714,0.136929434041534,FALSE,NA
459358,0.00549983008199454,1.47974641403015e-05,FALSE,NA
784737,0.146888379940023,0.536154883689878,TRUE,NA
624228,2.24769272590624e-05,3.76595944858957e-08,FALSE,NA
58502,0.00524122618888309,0.0174256301915556,TRUE,NA
923750,0.00137336038324191,0.00220813414734395,TRUE,NA
356915,0.0243714538900257,2.87357298043852e-05,FALSE,NA
197013,0.0226976673459289,0.000100515975541749,FALSE,NA
960301,4.90960648620863e-06,0.740262630669159,TRUE,NA
623694,0.262974998663176,4.07301352313045e-06,FALSE,NA
297489,4.61744314451833e-06,0.00110872503399437,TRUE,NA
168359,0.0546596759985951,0.00147995941127638,FALSE,NA
402661,0.0514011049842209,2.24569036560957,TRUE,NA
358067,0.17443643059376,0.855203508903664,TRUE,NA
613522,NA,NA,NA,"Error in rep(1, N): invalid 'times' argument
"
832616,0.0703130142885057,3.63470884928612,TRUE,NA
148127,0.000338083771482354,0.0623569618521694,TRUE,NA
62880,3.8517107749454e-05,0.00221854435264635,TRUE,NA
251862,0.0896707956718573,0.603374781721303,TRUE,NA
482471,9.62935857045209e-07,0.000800830348094466,TRUE,NA
412027,NA,NA,NA,"Error in glmnet(x, y, weights = weights, offset = offset, lambda = lambda, : x should be a matrix with 2 or more columns
"
9567,0.235477649836728,0.584309237812934,TRUE,NA
313372,0.0654310455585991,1.28407196454664,TRUE,NA
960517,0.00036977173055383,0.01211486280841,TRUE,NA
773310,0.00343757372759786,0.0676361117434162,TRUE,NA
540556,NA,NA,NA,"Error in rep(1, N): invalid 'times' argument
"
581470,NA,NA,NA,"Error in glmnet(x, y, weights = weights, offset = offset, lambda = lambda, : x should be a matrix with 2 or more columns
"
234940,0.020380743293419,0.54865287559107,TRUE,NA
245307,0.0109791341327077,0.00669091289131104,FALSE,NA
696691,0.00277610337381105,0.00698948934388888,TRUE,NA
655082,2.52015335372418e-05,0.035114578052086,TRUE,NA
495485,0.00384181895214734,0.000773638200913686,FALSE,NA
689106,9.01937465877939e-05,6.34279850825692e-05,FALSE,NA
646234,0.00152504836762077,4.90152289218327,TRUE,NA
682792,1.26426953275445e-05,0.00342576051154199,TRUE,NA
91454,0.0365757454242987,9.7771545563384,TRUE,NA
929070,0.0024774716556719,0.23380678652372,TRUE,NA
90799,3.42683786112769e-08,1.21230135799487,TRUE,NA
626974,0.00376242972090287,0.0869749767379222,TRUE,NA
874534,0.0185157120191357,1.31091740134672,TRUE,NA
630252,0.0167062138999355,0.743393682938644,TRUE,NA
269965,NA,NA,NA,"Error in rep(1, N): invalid 'times' argument
"
66561,0.22896288435955,1.07986996669852,TRUE,NA
268383,0.0156924826669931,2.68914485011368,TRUE,NA
441722,0.0115885394959055,0.000212706049832164,FALSE,NA
799746,NA,NA,NA,"Error in rep(1, N): invalid 'times' argument
"
531641,1.09181629668301,0.438980228855943,FALSE,NA
249348,0.0225400587053216,0.391047677993824,TRUE,NA
163638,0.000355507846977568,0.00656373563633966,TRUE,NA
745320,1.46129822359954e-05,9.37272794222676e-06,FALSE,NA
446959,0.000363183092217193,0.00423776960332318,TRUE,NA
155847,NA,NA,NA,"Error in rep(1, N): invalid 'times' argument
"
648169,0.000589058449224841,0.000703353941639996,TRUE,NA
346707,0.0256906327116153,0.0274630343101394,TRUE,NA
422443,0.623915972944694,4.11761352287738,TRUE,NA
782025,0.406082388074242,2.90915073550096,TRUE,NA
495201,1.66410813234935e-05,0.00277047139839508,TRUE,NA
591684,0.00554902216556199,0.00203816956100599,FALSE,NA
873052,0.0145338935203544,0.701067093723767,TRUE,NA
765841,0.338697852601527,0.000441601974107558,FALSE,NA
389419,0.492272886415333,0.937357119069508,TRUE,NA
441075,0.0127697896581354,3.58126300787753e-05,FALSE,NA
600346,0.0454812102625352,7.81266395802449e-05,FALSE,NA
287012,0.0115382477559405,0.0393995180443269,TRUE,NA
649264,0.00055044979060625,5.55476025908968e-06,FALSE,NA
925744,0.00274892132444744,2.35937941072313,TRUE,NA
918289,NA,NA,NA,"Error in rep(1, N): invalid 'times' argument
"
200277,0.0325873477681185,6.92704389930955e-05,FALSE,NA
497825,0.000480341582062461,0.00242725585991761,TRUE,NA
940183,NA,NA,NA,"Error in rep(1, N): invalid 'times' argument
"
466975,0.000134429272184482,0.0026215480059012,TRUE,NA
582544,0.0122292079901938,0.0237462443661729,TRUE,NA
35798,0.227308120153637,1.13656086492115,TRUE,NA
588150,1.66564665719088,0.0307527040331662,FALSE,NA
726794,4.97313266539573e-05,0.122077006556163,TRUE,NA
776684,9.24189026805719e-05,0.187582368079225,TRUE,NA
331959,0.00664083713878424,0.0139127162280909,TRUE,NA
922702,NA,NA,NA,"Error in glmnet(x, y, weights = weights, offset = offset, lambda = lambda, : x should be a matrix with 2 or more columns
"
299996,7.08471718677596e-05,0.202435559327153,TRUE,NA
427196,0.0163991273583113,0.0358371155395427,TRUE,NA
527149,0.13146471133524,1.7563197645189e-06,FALSE,NA
434820,0.0328531248331956,0.637915234753662,TRUE,NA
466651,0.00710508527332456,1.44109125657694,TRUE,NA
754515,0.00021223345609883,5.27081940475309,TRUE,NA
725411,0.00707445646654381,5.70483676529261,TRUE,NA
741304,0.00525180665057372,0.165419716871824,TRUE,NA
538282,3.02633052409707e-09,0.00514863672344827,TRUE,NA
409235,0.000740194456522667,0.00461079707577825,TRUE,NA
113146,0.00476444367486373,0.562796713449221,TRUE,NA
99055,0.000264630246847277,0.371782800045483,TRUE,NA
611236,0.00480027183575535,3.71711690194192,TRUE,NA
451622,0.109890829884157,3.55007811046442,TRUE,NA
964996,3.72577099552647e-05,1.81722694639117e-07,FALSE,NA
122771,0.00382746467593361,4.47269241553112e-05,FALSE,NA
559630,NA,NA,NA,"Error in rep(1, N): invalid 'times' argument
"
870511,0.460069298168809,0.0350937168017719,FALSE,NA
328958,0.00595202276563021,5.09117926958504,TRUE,NA
670874,3.94269235786021e-05,2.16641864069357,TRUE,NA
595482,0.000648936959952832,0.00233919882685541,TRUE,NA
313339,0.280242871739659,7.15562410596447e-05,FALSE,NA
40409,0.00314048070204517,2.08894015822138,TRUE,NA
507902,0.0022063355338129,0.0327470039535105,TRUE,NA
686175,0.00466193778610644,1.55809784408556,TRUE,NA
482270,0.000309941174128412,0.110932425132857,TRUE,NA
338954,0.0258580984358064,5.05724202576095,TRUE,NA
371507,0.0181894853149587,0.0187721317686576,TRUE,NA
263192,6.3920264560513e-05,2.40375045124462,TRUE,NA
15420,2.88373308816432e-05,8.99321523069921e-06,FALSE,NA
281086,0.00365095803199448,0.000406366420782839,FALSE,NA
991646,0.0133600430096914,0.0266902961166029,TRUE,NA
419874,NA,NA,NA,"Error in glmnet(x, y, weights = weights, offset = offset, lambda = lambda, : x should be a matrix with 2 or more columns
"
738601,0.173528182695113,2.8168926738101,TRUE,NA
5614,6.44333067871483e-07,1.21732766220866e-06,TRUE,NA
286834,0.14946181496682,0.171967602799447,TRUE,NA
985210,0.00344136373954444,2.06889898920515,TRUE,NA
262038,3.24432869984774e-09,0.109011794439963,TRUE,NA
529788,0.812349457277581,0.0367431864877155,FALSE,NA
314854,0.00453408760837439,0.938151609396168,TRUE,NA
834106,0.000438310760126015,0.00921028143222343,TRUE,NA
104900,0.0337756478881829,2.87402585749937e-05,FALSE,NA
695588,0.0225727286383972,0.129136061465277,TRUE,NA
494088,0.00596091948683303,3.22222539768266,TRUE,NA
832041,0.00623714087530756,0.000252771738215006,FALSE,NA
87361,0.120238164358159,4.60263754920569,TRUE,NA
715207,0.0168340017381894,0.00371134424477779,FALSE,NA
713970,0.233602024097963,0.258099617849771,TRUE,NA
466521,5.35532439411954e-08,0.00102328136270715,TRUE,NA
84038,0.0464241679802629,2.81683783638427,TRUE,NA
153425,3.07747818234272e-05,0.478415198647128,TRUE,NA
436280,6.50384450315204e-05,2.00861345624716e-05,FALSE,NA
314869,0.0467601421001593,1.68155062866637e-05,FALSE,NA
827175,1.54627234519643,1.19353884904497,FALSE,NA
196122,0.00293147785026634,0.664008360935087,TRUE,NA
180403,0.0166325056381734,0.52392519058795,TRUE,NA
784809,NA,NA,NA,"Error in rep(1, N): invalid 'times' argument
"
263456,0.0552070253875043,0.020528052484262,FALSE,NA
471074,0.0077322179576754,0.657672437479738,TRUE,NA
34154,NA,NA,NA,"Error in glmnet(x, y, weights = weights, offset = offset, lambda = lambda, : x should be a matrix with 2 or more columns
"
967792,0.0593647246280763,0.000455484354326012,FALSE,NA
270512,5.12850163225805e-05,0.774066150052037,TRUE,NA
510776,0.142356708019545,0.000323545763381518,FALSE,NA
298491,0.00581219651015597,0.0152027795457244,TRUE,NA
708500,0.0252383606754206,0.0192616493056477,FALSE,NA
115987,0.185925512055887,0.0490316712619829,FALSE,NA
986126,0.00161640970560315,0.93970087114543,TRUE,NA
434887,0.00546511526046692,0.00164599384885323,FALSE,NA
835789,0.00998043573794298,3.24473542083804,TRUE,NA
758523,0.00902318483808396,1.88227548746628,TRUE,NA
832066,5.35162425048428e-05,4.23487830977665,TRUE,NA
80557,0.00409282856470056,1.39277860300184,TRUE,NA
394374,0.0271733725164775,0.258197355476827,TRUE,NA
389918,0.209008432370087,0.000161050290446655,FALSE,NA
474763,0.275169071486174,0.0260270455092984,FALSE,NA
931041,0.000756090523779823,1.75682020006119,TRUE,NA
583456,7.62471686628082e-05,0.000463998183427304,TRUE,NA
779997,0.000531799008806792,0.134897013315536,TRUE,NA
27851,0.168884413503569,0.0313663445833601,FALSE,NA
344624,NA,NA,NA,"Error in rep(1, N): invalid 'times' argument
"
660597,0.00400191196918887,1.72785582816784,TRUE,NA
431313,0.0590740125763938,4.07328599135923,TRUE,NA
933986,0.209676111092004,0.0254615028003808,FALSE,NA
471529,0.496669283783044,0.0127513067467663,FALSE,NA
603247,0.0581438539310257,1.73884166539647,TRUE,NA
238449,0.0151376943702473,2.44661308247908e-06,FALSE,NA
356919,0.106802080427697,0.00108011592772605,FALSE,NA
418541,0.0413643800661704,2.69454766346495,TRUE,NA
663030,0.00330821927129531,0.195671139354188,TRUE,NA
130946,0.00122017604076446,0.00402089365256483,TRUE,NA
180014,0.0078803569463853,0.4553756273288,TRUE,NA
634625,0.00366085620726095,3.42209958985373e-05,FALSE,NA
416914,0.000423846969621166,0.00514535627125812,TRUE,NA
982117,0.0401595823668026,3.64935894992642e-06,FALSE,NA
332492,0.000101625456387774,3.34315842581942,TRUE,NA
944124,0.0162814588420286,7.60085770936816,TRUE,NA
144463,0.0031398893690138,0.0195017349963154,TRUE,NA
640326,0.22496159682712,0.00865757405774146,FALSE,NA
942633,0.131909016344948,7.17493897566395e-07,FALSE,NA
384737,NA,NA,NA,"Error in rep(1, N): invalid 'times' argument
"
881015,0.000138669445625946,7.14664141458538e-05,FALSE,NA
299999,0.10348451798243,0.094709095260731,FALSE,NA
529976,4.5633531204297e-05,0.0282297627272079,TRUE,NA
875188,0.0177191172804059,0.0111798015775204,FALSE,NA
714264,0.00431645471636945,0.000429760031213865,FALSE,NA
50513,0.571658210970071,0.0325012600046392,FALSE,NA
56435,1.55275394718024e-07,0.376888846690417,TRUE,NA
455334,0.00042047042168369,2.88876536996213,TRUE,NA
10490,9.22606024332385e-05,3.47916788569847,TRUE,NA
777335,0.00052039665900864,0.379295097202723,TRUE,NA
336283,0.0261037606531128,0.184170567615952,TRUE,NA
953233,0.114922598261163,1.35452937520926,TRUE,NA
194920,0.0261086962297627,0.158351048056928,TRUE,NA
770308,0.0170336150432886,3.367761616678,TRUE,NA
707402,0.00579781406054733,0.218735308327864,TRUE,NA
418082,2.87747004641299e-05,0.0367567875758656,TRUE,NA
234849,0.240696608150864,3.08223367742294,TRUE,NA
967216,0.137622673694384,0.004661913867041,FALSE,NA
350070,0.0615377015225648,0.519738713272852,TRUE,NA
322898,6.00777242123481e-05,0.293180989661421,TRUE,NA
957356,0.218077112819295,0.136216886185646,FALSE,NA
111211,NA,NA,NA,"Error in glmnet(x, y, weights = weights, offset = offset, lambda = lambda, : x should be a matrix with 2 or more columns
"
377015,0.0226366633192563,1.45894119973324,TRUE,NA
980102,0.00119849741043569,5.93079254403994,TRUE,NA
871006,0.00645709848177174,4.57972411144896,TRUE,NA
765174,0.0121227166646474,0.917447053176026,TRUE,NA
488077,0.000296043641470894,0.441085098214042,TRUE,NA
28584,0.00496544461051748,0.000408520525060555,FALSE,NA
607632,0.0594137162818867,1.34630943128107,TRUE,NA
959796,0.0108577551080575,0.0238504644977047,TRUE,NA
517135,0.0132547642571998,7.13417999806413e-07,FALSE,NA
768737,0.00277666804490046,0.00133199115504034,FALSE,NA
2482,0.000136547259123004,0.0927674523779308,TRUE,NA
413604,0.00698465202588055,0.00164849521418671,FALSE,NA
470550,0.00109381401932855,0.000379310510116864,FALSE,NA
693996,0.163034402829183,0.00679537274974116,FALSE,NA
395536,1.2961965454168,0.000473405442318021,FALSE,NA
250024,0.0580682683040159,0.0174156705370631,FALSE,NA
572676,0.000105957751658395,0.00436133964978226,TRUE,NA
370160,0.100920532796323,0.312884128567491,TRUE,NA
896002,0.00266130724962607,0.216083018080911,TRUE,NA
685150,0.0205768365950041,1.55484464022438,TRUE,NA
752754,0.000477459523402451,1.02337405039995,TRUE,NA
249234,1.06438540448481e-05,1.51138874545164,TRUE,NA
883328,0.00576851826923321,4.19247317854206,TRUE,NA
290264,0.00761660396365367,0.856294254548305,TRUE,NA
427699,0.000167609610543283,5.15259409099594e-05,FALSE,NA
450681,0.293149112853,0.00390670969526954,FALSE,NA
843107,1.62239174044311e-07,0.00164904324633051,TRUE,NA
668179,0.0139948499258618,1.82124648215146e-05,FALSE,NA
188163,3.51590525671092e-05,0.812196568230518,TRUE,NA
369239,0.00812580625525394,1.36134262155408e-06,FALSE,NA
991488,0.000966203451929153,0.000153756922697099,FALSE,NA
513529,0.028869553531514,0.00135337868796638,FALSE,NA
808327,0.00996255760816555,1.47065520788363,TRUE,NA
678653,0.000321020948577374,1.22709604767316,TRUE,NA
208386,0.00317717194634061,0.00362873651311758,TRUE,NA
582734,0.0388513822021143,0.0781067313208385,TRUE,NA
476542,0.00227698299083921,2.6740505384732,TRUE,NA
760008,0.562356181526894,0.00653230629878062,FALSE,NA
844967,0.752315686173579,0.000949984200265776,FALSE,NA
691521,0.0790601526329241,4.92366642034475,TRUE,NA
207088,0.00369985142429096,0.733251782764336,TRUE,NA
59907,0.000165552758735968,0.214756960553448,TRUE,NA
33545,0.00740280989079939,0.0972448874752045,TRUE,NA
374317,0.0726408633525107,0.784924899166087,TRUE,NA
601997,0.00110052920434127,4.36311870136181,TRUE,NA
565419,0.0066218572056505,0.00173344371254792,FALSE,NA
646230,0.0222501512790096,0.334270906067526,TRUE,NA
144986,1.89326895588926,2.52952274470371,TRUE,NA
320201,0.000509842992761684,0.000120814388219783,FALSE,NA
893227,3.30032425448305e-07,6.15214347972203e-07,TRUE,NA
537265,0.00509413344963033,1.33346984242376,TRUE,NA
591373,0.228216449750366,0.0331252405519298,FALSE,NA
362519,NA,NA,NA,"Error in rep(1, N): invalid 'times' argument
"
971414,0.0167379384868299,0.00786162419096649,FALSE,NA
297846,0.0011707711940685,0.026587149815956,TRUE,NA
771084,0.0122167239162135,0.0344549652874965,TRUE,NA
785035,0.0302137714849429,0.21544473269363,TRUE,NA
679035,0.00648989829593885,0.012452053349925,TRUE,NA
190491,2.21949922979999e-07,0.758025424012296,TRUE,NA
255237,0.329749268898764,0.11271790317058,FALSE,NA
977390,0.139438775964328,0.708274954813862,TRUE,NA
775061,0.684634344103981,0.00083067567552842,FALSE,NA
501564,2.96858141049968e-05,0.207709805466207,TRUE,NA
526625,0.000254890761809282,8.44272135917383e-05,FALSE,NA
451030,0.00544609794024718,0.108340790621494,TRUE,NA
986714,4.2516146329057e-05,2.12046206751919,TRUE,NA
356717,0.00469912339788113,0.00130536763373636,FALSE,NA
236228,0.00167732253514097,0.11027227429209,TRUE,NA
474789,2.24363018441126e-05,0.00852422525086913,TRUE,NA
507076,0.0397859009927322,0.00484740100385568,FALSE,NA
376328,0.619777991667931,0.777106204075969,TRUE,NA
739544,9.02333073033249e-05,0.0885615938817092,TRUE,NA
854730,0.0163439768238208,3.52302242931105e-07,FALSE,NA
297347,3.60670592483337e-06,0.448598445848159,TRUE,NA
359575,0.0164115911688102,0.621578342435804,TRUE,NA
235227,0.160535883564809,0.000950898959673808,FALSE,NA
947347,0.000726107565345803,3.05845217973395,TRUE,NA
37501,0.000920600038819577,0.747495121789962,TRUE,NA
984110,0.0102032864606565,2.52105185470771e-05,FALSE,NA
850808,0.218765371350389,0.15167635107397,FALSE,NA
125593,1.6072788900198e-06,0.0521737715941724,TRUE,NA
353283,0.0428784057795819,0.277908549140831,TRUE,NA
913959,1.17520174738677e-05,0.178224376329081,TRUE,NA
608538,0.175202935881089,0.000169103710410908,FALSE,NA
980219,0.0555606022688953,0.667458984541239,TRUE,NA
882132,1.34771975626154e-05,3.39389511929005,TRUE,NA
326060,2.3157480648719e-05,5.08478755116222,TRUE,NA
131402,0.000276072925954796,0.433008118056504,TRUE,NA
136518,0.000493701345636968,3.75501306289437,TRUE,NA
430998,0.0251687265385488,0.510459656046063,TRUE,NA
102873,0.0256449748574785,0.334524077916575,TRUE,NA
130471,1.73956212007951,0.90933766277103,FALSE,NA
36265,0.551561540397651,0.0191890619647787,FALSE,NA
96575,7.60871779185928e-06,6.93013925536528e-05,TRUE,NA
896537,0.000262080606519163,4.63379837197298,TRUE,NA
626163,0.000104057533244746,0.0763983834202031,TRUE,NA
2357,9.46766155398052e-06,2.22016208655993,TRUE,NA
923215,4.50190024756584e-06,0.224918706561168,TRUE,NA
960151,0.00339758217039918,0.051057001892847,TRUE,NA
395839,NA,NA,NA,"Error in glmnet(x, y, weights = weights, offset = offset, lambda = lambda, : x should be a matrix with 2 or more columns
"
350812,0.0307100936188742,0.00422892985408422,FALSE,NA
191968,0.00225274023097246,0.310161494004534,TRUE,NA
293475,NA,NA,NA,"Error in rep(1, N): invalid 'times' argument
"
654662,0.00012746794435478,0.000267734322265863,TRUE,NA
796229,0.000916631471328543,0.0100352968878294,TRUE,NA
796992,0.0573691796530785,0.444993443120201,TRUE,NA
374599,0.0910026964488191,0.00100970426480662,FALSE,NA
738307,0.216667236038913,0.0577669397812263,FALSE,NA
65674,0.0521576824479217,0.345225444739413,TRUE,NA
8965,0.00169282040818411,0.00316876611936243,TRUE,NA
202477,1.36938889355543e-05,0.000119295051270121,TRUE,NA
594623,0.528527425037064,0.000928150308779545,FALSE,NA
656771,0.482280843563833,0.00021938964506496,FALSE,NA
879049,0.00305783452822034,7.7509728226473e-06,FALSE,NA
467160,4.27697628290131e-05,1.2661011763663e-08,FALSE,NA
353046,0.0142032411311918,0.000788658726093042,FALSE,NA
355533,0.020137983735124,0.869942770700701,TRUE,NA
730659,0.000533860840648682,1.62352167060018,TRUE,NA
979081,0.000170339469953193,2.6123901883639,TRUE,NA
210905,0.0149007947763688,0.00249037795750349,FALSE,NA
376729,0.0407094452723713,1.67099660268611,TRUE,NA
775224,1.1044106350904e-07,0.717626102593792,TRUE,NA
519647,0.00797270919626076,0.00461864762024582,FALSE,NA
653632,5.67962957807227e-05,5.70838937010889,TRUE,NA
963060,0.00575106987280912,0.148820329522051,TRUE,NA
342918,0.0230667997221853,0.119961317732252,TRUE,NA
795230,0.000931303769772269,1.17859256492941e-05,FALSE,NA
716675,0.00012299211421347,0.120054607876432,TRUE,NA
998333,0.00228703364598588,5.82594049361182,TRUE,NA
736781,1.9390368179236e-05,0.00762697151205041,TRUE,NA
667620,NA,NA,NA,"Error in glmnet(x, y, weights = weights, offset = offset, lambda = lambda, : x should be a matrix with 2 or more columns
"
921689,0.00200760310108551,1.05176971788018,TRUE,NA
199578,0.00135956105524602,0.0236900187147923,TRUE,NA
213763,NA,NA,NA,"Error in glmnet(x, y, weights = weights, offset = offset, lambda = lambda, : x should be a matrix with 2 or more columns
"
905413,0.21583218784996,0.143757421454466,FALSE,NA
403374,0.00311965935276293,0.0047600861171571,TRUE,NA
748283,1.40598206367249e-05,5.36932082674695,TRUE,NA
957658,0.0430957570801737,0.143339208802232,TRUE,NA
349113,0.150606096953193,1.65223793769602,TRUE,NA
426594,0.0803589367027023,0.775530972011657,TRUE,NA
209136,0.0674863668287983,0.00054616729151336,FALSE,NA
311690,0.0271908316977769,0.000141862058511815,FALSE,NA
410310,6.94760046980317e-08,0.0212673984051333,TRUE,NA
38434,0.00113260882745576,0.186318178958712,TRUE,NA
542874,0.0485280118065769,1.46677654401847,TRUE,NA
895787,0.000477526085975663,1.00616663291052e-05,FALSE,NA
715966,0.0286238010271615,0.218620909782007,TRUE,NA
214850,0.00438378084564377,1.6224264988511,TRUE,NA
99836,0.000143125180348439,4.92475995300026,TRUE,NA
76155,0.0253478704615304,0.00193224082654361,FALSE,NA
165368,0.168949598027282,0.007480551127419,FALSE,NA
522942,0.00362506164760575,0.00027074452176058,FALSE,NA
571077,0.00540673286624621,2.97577609836531,TRUE,NA
802617,0.0939585804567379,0.000463185002638705,FALSE,NA
388623,0.11909156691279,0.117327782131483,FALSE,NA
463932,0.106357186652863,0.0243295909249714,FALSE,NA
188980,0.135324408803077,9.62394776956906e-06,FALSE,NA
598615,0.0228015853113103,2.92655448872883,TRUE,NA
920178,0.00117532165228181,8.67111897193597e-07,FALSE,NA
794884,2.25757119411455e-06,1.94623787801309,TRUE,NA
938650,7.50819097888646e-06,0.485436443273378,TRUE,NA
653969,0.00438310833305103,0.0194049085777731,TRUE,NA
924043,0.010427170912314,1.6718450967609,TRUE,NA
673657,0.0112710288668124,0.132400155331882,TRUE,NA
188422,0.00100210448183859,0.00121688210863673,TRUE,NA
87764,0.0810166098241636,0.0785184216176211,FALSE,NA
134854,0.00289171646590796,4.30762446532934e-05,FALSE,NA
10574,0.0295222284758336,0.368663265567839,TRUE,NA
282990,0.302531787005965,0.284948577543802,FALSE,NA
156141,2.01060828704549e-05,0.0335823686997661,TRUE,NA
614996,0.00188635902542408,0.000795247282223219,FALSE,NA
289863,0.0277855134057473,0.0637982536694428,TRUE,NA
546792,1.34199686816264e-06,0.03947822064444,TRUE,NA
625974,0.00192683820693466,0.000436598471370157,FALSE,NA
832329,0.0162474734241741,0.0145488961316307,FALSE,NA
150579,0.594248549748039,1.72959952996692,TRUE,NA
334357,1.50918557933151e-05,1.87356325405268,TRUE,NA
599375,0.0423717424485953,0.0435609688471995,TRUE,NA
582652,0.00174207086743071,0.00194984442958984,TRUE,NA
884759,0.686610755280303,7.5354180277247,TRUE,NA
339978,0.00102051331079253,1.25197822101191,TRUE,NA
973489,0.029905402971671,2.02335780862055e-05,FALSE,NA
946798,0.207018620321126,6.00467713841897e-06,FALSE,NA
633260,2.58808165048078,5.16685481042914e-05,FALSE,NA
100453,0.010353260971209,0.218918017443944,TRUE,NA
274533,0.0815857978990674,0.0319095832295185,FALSE,NA
315069,NA,NA,NA,"Error in glmnet(x, y, weights = weights, offset = offset, lambda = lambda, : x should be a matrix with 2 or more columns
"
849056,0.00629426288338955,0.109151146116519,TRUE,NA
79776,0.0020812934842444,0.411162084949471,TRUE,NA
119338,0.302843426491028,1.54915841273072,TRUE,NA
901837,0.00291347532901505,1.52039439437906,TRUE,NA
405703,0.00671894867310309,0.000157728456766796,FALSE,NA
349658,NA,NA,NA,"Error in glmnet(x, y, weights = weights, offset = offset, lambda = lambda, : x should be a matrix with 2 or more columns
"
747620,0.0447720799217795,0.0615576769887676,TRUE,NA
394837,0.133008471194252,0.713452108571303,TRUE,NA
483824,0.0234090383708545,0.0434964934853939,TRUE,NA
798236,0.147652711578015,0.00126771449225596,FALSE,NA
965553,NA,NA,NA,"Error in glmnet(x, y, weights = weights, offset = offset, lambda = lambda, : x should be a matrix with 2 or more columns
"
209217,0.0355917820015369,0.0213952519140757,FALSE,NA
723758,0.00939940638300678,0.008273623647632,FALSE,NA
936326,0.602030392523296,0.00141414404478573,FALSE,NA
539583,0.0242812768177553,0.0125643363785898,FALSE,NA
945488,5.13405684283477e-05,0.313817419833847,TRUE,NA
845157,0.00385042709914018,0.148748927332598,TRUE,NA
579200,0.0417648176444247,0.0364139528224682,FALSE,NA
566907,1.32552508378415,0.273367168915957,FALSE,NA
751806,0.0812178601399178,0.228347718827519,TRUE,NA
519845,0.00679754741538019,1.71461056957963,TRUE,NA
236839,0.000157074748727533,0.0615477219000232,TRUE,NA
593502,9.78120917107991e-06,0.00247906263320121,TRUE,NA
261497,0.00130782507600182,1.80013694988637,TRUE,NA
582101,0.00104189364817542,0.0439089579993103,TRUE,NA
387251,NA,NA,NA,"Error in glmnet(x, y, weights = weights, offset = offset, lambda = lambda, : x should be a matrix with 2 or more columns
"
416644,0.0011112766324612,0.000510839130923033,FALSE,NA
232027,0.0104146436228539,0.000271101325870805,FALSE,NA
906007,0.0806079220551826,0.399680337575081,TRUE,NA
906864,0.0127857198878168,0.00155343916160891,FALSE,NA
829102,0.000147111118612346,5.83599789136889,TRUE,NA
835443,0.0887154230597378,9.90385159015917e-05,FALSE,NA
975349,NA,NA,NA,"Error in rep(1, N): invalid 'times' argument
"
647106,0.00381686558199181,6.10614285758538,TRUE,NA
535003,1.52014696054564e-06,5.27581432707012,TRUE,NA
522036,0.00272947394457769,12.9126706051192,TRUE,NA
831466,6.6129909958577e-08,0.00796942834651457,TRUE,NA
562760,0.0107027864065969,0.0444731223324248,TRUE,NA
243168,0.149416050449496,0.472612379955358,TRUE,NA
648708,NA,NA,NA,"Error in rep(1, N): invalid 'times' argument
"
81592,2.08579692177056e-07,0.186338630938919,TRUE,NA
844340,0.00174260233931497,2.09747246856846,TRUE,NA
816506,0.0309254426574569,0.0143941397414843,FALSE,NA
500392,0.299492564138414,0.395561473356921,TRUE,NA
74225,NA,NA,NA,"Error in glmnet(x, y, weights = weights, offset = offset, lambda = lambda, : x should be a matrix with 2 or more columns
"
552245,0.000722044915650752,0.171562182529988,TRUE,NA
462292,0.00446800581171937,1.18612864063801,TRUE,NA
610052,0.0374866049960806,0.0149682562637995,FALSE,NA
239445,NA,NA,NA,"Error in rep(1, N): invalid 'times' argument
"
962949,0.00776214342210465,0.142161118142356,TRUE,NA
966204,0.00474192698840647,0.00957477401336722,TRUE,NA
754579,0.0111016477514406,0.00322852170105444,FALSE,NA
616543,0.168262057990587,0.132327754139496,FALSE,NA
6847,0.551709287295192,0.455748349688643,FALSE,NA
696643,0.0290435200165193,0.00482192768178702,FALSE,NA
672579,0.320811844405528,0.194545636493955,FALSE,NA
929559,0.0069198579980275,0.0297571932064213,TRUE,NA
887913,0.000124182482413563,2.23861020145628e-06,FALSE,NA
673592,0.00253706930611633,0.553312711540511,TRUE,NA
202267,0.038569355361253,1.97957593162419,TRUE,NA
374364,0.00840882665051025,0.165104491368147,TRUE,NA
621775,0.000510537565282561,0.335898380993453,TRUE,NA
939906,0.0416801976102151,1.34569518145885e-06,FALSE,NA
62843,0.0867979223623607,0.0122759705386424,FALSE,NA
337680,0.0661622956632199,0.195832272399295,TRUE,NA
409253,0.0588998947145186,0.0163652386582806,FALSE,NA
342887,0.00107565387418311,0.00310301780288905,TRUE,NA
152604,NA,NA,NA,"Error in rep(1, N): invalid 'times' argument
"
783861,0.0133932628163414,0.00064236869657437,FALSE,NA
517721,0.0470336460849021,0.0248341795469374,FALSE,NA
244842,0.0823056066314496,0.07233055987377,FALSE,NA
404870,0.00976584469593096,0.0024108660345677,FALSE,NA
714985,0.00789393002695088,1.95736279923334,TRUE,NA
900171,4.72285446357288e-08,0.41071622144514,TRUE,NA
583910,NA,NA,NA,"Error in rep(1, N): invalid 'times' argument
"
590666,0.432134742918182,0.239552910270652,FALSE,NA
406436,0.0112466032124811,0.13191090594642,TRUE,NA
909140,0.00266188850126378,0.160106207267335,TRUE,NA
216955,0.000609315185572945,0.00106628958699959,TRUE,NA
472619,NA,NA,NA,"Error in rep(1, N): invalid 'times' argument
"
422967,0.00720058907000623,5.20226894100259e-07,FALSE,NA
393216,0.00794143973597743,1.78757759993712e-06,FALSE,NA
911863,5.1615918206072e-08,4.41185570791749,TRUE,NA
428937,0.0193190707092599,0.00199531226959925,FALSE,NA
493934,0.038639840525629,0.234809068084625,TRUE,NA
462996,0.00999683467357118,0.538462976344127,TRUE,NA
477180,0.0111267078967476,7.70522542429164,TRUE,NA
230381,0.000315516471369084,1.18624274394829,TRUE,NA
389194,0.00631495573242056,0.0099965777844877,TRUE,NA
459459,0.00285522712368675,2.51105816225577,TRUE,NA
282431,0.000166322731758047,1.10516041870157,TRUE,NA
596519,0.207805064468829,0.0059194147049675,FALSE,NA
83714,0.0203932842494662,0.0299677749314017,TRUE,NA
244930,NA,NA,NA,"Error in rep(1, N): invalid 'times' argument
"
86406,0.0539223618782034,0.196866628624422,TRUE,NA
712497,0.00399985210775487,0.287313815609477,TRUE,NA
917989,0.2064178454899,4.61934903875053,TRUE,NA
632335,0.355540496523507,1.49105195659244,TRUE,NA
253437,0.00397896073232837,0.000264079071709528,FALSE,NA
750412,0.235356837571211,0.199086023141219,FALSE,NA
510932,0.00169653114765621,0.00168559046585381,FALSE,NA
456565,0.172430453834582,0.000221148646010057,FALSE,NA
556847,0.269543704035807,0.239444925088827,FALSE,NA
25524,0.000594494833842356,0.296335699460719,TRUE,NA
118165,1.02088041013678e-07,2.70713691434676e-05,TRUE,NA
777014,0.000352858303102422,0.870575173161693,TRUE,NA
580605,0.0481585514645039,1.42660748162183,TRUE,NA
588985,0.0163727598353463,0.596327354189978,TRUE,NA
593631,0.0177376735871478,2.4802396451384e-06,FALSE,NA
893591,0.0451435753583739,0.000168808148282439,FALSE,NA
800632,0.0359503827997471,1.02774397158695,TRUE,NA
484600,0.0123749420910452,0.115695556622558,TRUE,NA
927854,0.0309006313653856,0.689424005316603,TRUE,NA
235715,0.0010265359114663,0.0013273446886495,TRUE,NA
312859,0.0352117175366388,0.000159247892070987,FALSE,NA
539438,6.50888702757579e-05,0.10527059640257,TRUE,NA
150913,0.0530051648253696,0.0121288839175886,FALSE,NA
764100,0.00130884101044519,2.10687323951596,TRUE,NA
864187,0.000816613448016144,0.309409304525878,TRUE,NA
81056,0.000194358776371605,6.48082424766248e-06,FALSE,NA
786443,4.65608677436097e-06,3.12539831550225,TRUE,NA
324163,0.0674048783694517,0.0784289951053426,TRUE,NA
46124,0.00478371534140956,0.00287830329831364,FALSE,NA
538560,NA,NA,NA,"Error in glmnet(x, y, weights = weights, offset = offset, lambda = lambda, : x should be a matrix with 2 or more columns
"
76966,0.0362012837716876,0.363644607787187,TRUE,NA
639484,0.0180156829487517,2.95076178784348,TRUE,NA
340829,0.454971405734154,0.983773787594193,TRUE,NA
12250,0.20181231849792,0.000135770456530023,FALSE,NA
642044,5.55069986748344e-05,2.73584679086447,TRUE,NA
544301,0.0121201672472023,0.0495704745452234,TRUE,NA
727435,0.0232028347788773,0.00129557195227759,FALSE,NA
274779,0.0837457067217986,0.00735558458816486,FALSE,NA
685278,3.40225972873345e-07,0.000977666699546529,TRUE,NA
316550,6.67057275109844e-05,2.01660138203175,TRUE,NA
998141,NA,NA,NA,"Error in rep(1, N): invalid 'times' argument
"
792904,0.408116219258944,2.27854436939864,TRUE,NA
550555,0.311485928159977,1.69930307417247,TRUE,NA
692908,0.0796949351933015,4.45431216206656,TRUE,NA
316918,0.0155209975459803,1.9811155519428,TRUE,NA
754717,0.418883919240442,0.820704486752077,TRUE,NA
889524,0.0034023566625807,2.55998045875532,TRUE,NA
589014,0.00987525080568162,0.0464233736893692,TRUE,NA
685886,0.381550800593888,1.61470158525426,TRUE,NA
125772,0.00158009032002772,0.000205460534051439,FALSE,NA
749596,0.0658798819580441,2.04760892878325e-05,FALSE,NA
489421,0.000216260995856707,0.518226962242236,TRUE,NA
429923,0.000511409075703671,0.00555185970940431,TRUE,NA
35666,9.58207140572549e-05,1.12934413661664,TRUE,NA
138971,0.00148270440920793,0.507915072266094,TRUE,NA
184893,0.314176709302377,1.65721257549293,TRUE,NA
372755,NA,NA,NA,"Error in rep(1, N): invalid 'times' argument
"
50433,1.42184682690901e-06,2.03440262614421e-05,TRUE,NA
135018,0.121811254851697,0.0602636086228146,FALSE,NA
11932,0.000200441051227496,0.00413292354934708,TRUE,NA
810070,NA,NA,NA,"Error in rep(1, N): invalid 'times' argument
"
500829,0.0233476707195976,0.0105392186305996,FALSE,NA
166512,0.65297417188864,5.04923323803306e-05,FALSE,NA
633378,0.254285275174232,0.0890699007984806,FALSE,NA
86463,0.00148400658940492,0.0372850079391714,TRUE,NA
612140,0.067203889847352,1.68699318884582,TRUE,NA
332977,0.011844145970481,0.00042159088307249,FALSE,NA
434553,0.0273635621698632,5.36947188351289,TRUE,NA
574784,0.000644498184249554,3.01779473296859,TRUE,NA
682699,0.0028913175849705,0.000400634164834198,FALSE,NA
154330,0.682443208932047,0.00307570605793628,FALSE,NA
367863,0.124991102944853,0.9853015272898,TRUE,NA
985240,4.94528594588462e-05,0.0178936819802409,TRUE,NA
179654,0.365309266868116,9.2055682757789e-06,FALSE,NA
223681,0.00360059330767329,0.141565942624936,TRUE,NA
643157,0.103213136165818,0.0841621375999299,FALSE,NA
663446,0.0367748995753556,0.0125971850068012,FALSE,NA
75123,0.000753605338800095,0.165953543026778,TRUE,NA
34192,5.57579591560082e-05,0.00299448120573379,TRUE,NA
846442,0.120772587385557,7.02913880324403e-05,FALSE,NA
917215,4.05836956549862e-06,1.05050197540986,TRUE,NA
84565,0.000432193340095503,0.000214098354871221,FALSE,NA
645019,0.00675943361972482,0.0438117761589196,TRUE,NA
530641,0.0039895570400814,0.00544149103533719,TRUE,NA
583403,NA,NA,NA,"Error in rep(1, N): invalid 'times' argument
"
197107,0.677449477496339,4.58456681944468,TRUE,NA
810439,0.0111451098057659,0.00199384949698973,FALSE,NA
386375,0.0158396561377207,0.00546947558757461,FALSE,NA
490047,1.0626988210268e-05,0.0047123830556746,TRUE,NA
441445,8.4701386964214e-06,1.24589037181042,TRUE,NA
206648,0.0370060068122688,0.00696570302510655,FALSE,NA
948838,0.00116594157856797,2.71975186492161,TRUE,NA
6924,0.000117023980942407,0.503386482637268,TRUE,NA
997729,0.0204512585828806,2.10391975147301,TRUE,NA
124163,0.637812250672044,6.79956853423425e-05,FALSE,NA
710825,0.00320055305636581,0.00046715062105044,FALSE,NA
627913,0.00831580768945792,0.0110775104149088,TRUE,NA
228533,0.0902268618729227,5.12526365784756,TRUE,NA
338595,0.345007307430007,0.579584533344725,TRUE,NA
572300,0.0668271254780857,0.0707068495220408,TRUE,NA
649804,0.0781841025011364,0.00168323836563638,FALSE,NA
96055,0.10126934517388,0.0920767184610329,FALSE,NA
849485,0.00643401326636451,0.00922063626805274,TRUE,NA
291354,1.0780193612986,0.0601658211704243,FALSE,NA
524177,9.72157863647404e-05,0.00672782586488146,TRUE,NA
370245,0.201036739652896,0.00160903501055187,FALSE,NA
692842,0.616196142146713,0.288067058302161,FALSE,NA
775943,0.00334566249768862,4.52645577657085,TRUE,NA
430578,0.00632405331844139,0.859758411963119,TRUE,NA
564254,0.00249969841846338,0.00627748132872971,TRUE,NA
265852,0.000672594970284707,4.68152080666038,TRUE,NA
93192,0.400035238499309,0.204143286759378,FALSE,NA
261895,0.0590681001432141,7.12121900695907e-05,FALSE,NA
123432,0.00781118609673501,0.00895496232620449,TRUE,NA
819563,0.000126730352733927,0.0179375199165145,TRUE,NA
452917,0.0069948502685528,0.317677415619777,TRUE,NA
647386,0.000101612936459128,4.24744850471252,TRUE,NA
411311,0.0544779297026189,1.17842454646625,TRUE,NA
491253,5.90297942407578e-08,0.000197435831683088,TRUE,NA
153415,0.0259529324909341,0.0123440033945533,FALSE,NA
91359,0.0327801178483348,0.000223890117295587,FALSE,NA
960637,0.0802944585825645,0.00052377769839679,FALSE,NA
812531,0.00143629834050938,0.00190685848173317,TRUE,NA
345952,0.076588131409999,0.0455023701312438,FALSE,NA
343515,0.000737596210556543,0.0254750597579718,TRUE,NA
184347,1.38584447310542,0.000110998926359864,FALSE,NA
976207,0.074266327694815,0.344500986326854,TRUE,NA
37359,0.0392684953862283,1.87821314538947e-05,FALSE,NA
243160,0.0223784656064522,0.00437901974828576,FALSE,NA
787500,0.0242742612842553,0.000444256084925592,FALSE,NA
312610,0.000576366256328146,1.23726230559173,TRUE,NA
418136,0.0258113459707704,0.0389826891928658,TRUE,NA
354373,0.020061297401363,2.58094790206209e-07,FALSE,NA
58007,0.0180649180035841,3.39654576327037,TRUE,NA
597237,0.0273213839345229,2.16451149176816,TRUE,NA
723968,0.000145218847196174,1.7900099610956,TRUE,NA
517314,3.14598370530994e-05,2.70119073846934,TRUE,NA
459451,0.00044883632696682,0.0559918269051627,TRUE,NA
183970,0.245599746285845,0.170476476657987,FALSE,NA
389202,0.000444524108639026,0.00936173760793234,TRUE,NA
549097,0.00029310471092812,8.33925961841604e-06,FALSE,NA
59568,0.0873128739414392,0.037686922440387,FALSE,NA
786920,0.0706909374134042,0.0341112633056731,FALSE,NA
908569,0.0356607135465165,0.00534692300523,FALSE,NA
977822,0.00572428259184333,5.82666650795785e-06,FALSE,NA
63205,0.429149377944409,1.02785420121861,TRUE,NA
436388,0.00163710996061009,1.92130914159343,TRUE,NA
707284,1.18390220925679e-05,0.527698446476504,TRUE,NA
697256,1.03670390291731,0.56698528886223,FALSE,NA
380131,0.0976399005473458,1.30300512472532,TRUE,NA
235027,0.00802844536528078,0.000244928023736803,FALSE,NA
184299,1.5617997799764e-06,0.973476888206994,TRUE,NA
487392,3.79232849607575e-06,0.056490409268416,TRUE,NA
964782,0.00265702841892933,2.03808371865776,TRUE,NA
134953,0.0373410059103277,0.636653400744443,TRUE,NA
883460,0.171110521221825,0.0321066924395114,FALSE,NA
55298,0.0840912952382893,0.0383922571626755,FALSE,NA
112036,0.0191105413977116,0.11329796867473,TRUE,NA
573163,0.0473919239852246,8.87700851525686e-05,FALSE,NA
521235,0.03085056961711,0.000515540470677723,FALSE,NA
353409,0.594337078707659,0.000321807910899715,FALSE,NA
845709,0.0740837860313093,0.00412990802213385,FALSE,NA
79896,0.014080370887323,0.00375743417769816,FALSE,NA
485083,0.00033183469729391,2.37205737138733e-05,FALSE,NA
76043,0.0891168621594062,0.0269439340114685,FALSE,NA
628131,0.0216589077325126,0.0169305688297385,FALSE,NA
301687,0.0186249082222506,0.225415481161418,TRUE,NA
645393,0.00544697562603195,0.0383428755004107,TRUE,NA
509071,0.127125039016754,0.37929691619169,TRUE,NA
695784,0.00251818276048482,7.4201815112704,TRUE,NA
501683,0.002273633095431,1.57025812024894e-07,FALSE,NA
602465,0.00020453927620074,0.0802403459652598,TRUE,NA
569369,0.136615165461673,0.139900826312923,TRUE,NA
406321,0.028966696617736,4.52269773309745e-05,FALSE,NA
613018,0.187308805402619,0.494430443588516,TRUE,NA
423864,0.00222321785197697,0.000199702353204525,FALSE,NA
757303,0.000236492682565654,3.20428677054221,TRUE,NA
114613,0.00473940346070618,0.665449004311414,TRUE,NA
898300,0.041030541002815,2.5900891426812,TRUE,NA
321657,0.0108319241277664,1.38403332215561,TRUE,NA
358283,2.62744182312095e-09,2.23818118944245,TRUE,NA
128712,0.000509222766088883,0.0756116871705015,TRUE,NA
762358,0.000165642416915229,0.0158165936226191,TRUE,NA
359922,0.00385006966147697,0.110403618726073,TRUE,NA
720683,0.76703848519042,0.000763667540775964,FALSE,NA
619385,0.0316181484212956,0.131556075409892,TRUE,NA
31596,0.000117275849260612,0.00195174031772211,TRUE,NA
55849,0.126392735486539,0.622606271510762,TRUE,NA
249823,0.0558663103040067,0.814708582979937,TRUE,NA
275840,0.0691806755482329,0.448955115461331,TRUE,NA
481677,0.241203355597107,0.444975499453102,TRUE,NA
590321,0.00225048701573002,0.190245873328014,TRUE,NA
691757,1.69686857523456e-05,1.61156611390151e-05,FALSE,NA
36181,1.62344133396299,0.00803414612498451,FALSE,NA
49772,0.0063456296484336,0.00221145834653213,FALSE,NA
908400,0.0062699761721683,0.00777355399744498,TRUE,NA
438205,0.191847574361235,0.122386788290836,FALSE,NA
237609,0.0027503876501341,0.260828584035149,TRUE,NA
477476,0.1506209150389,0.000406559525559773,FALSE,NA
160512,0.232506002610586,0.0388597014859809,FALSE,NA
276898,0.000382900097802969,0.147241675571251,TRUE,NA
951152,0.10885847205815,0.15425252397198,TRUE,NA
220159,2.76637198568775e-05,4.58176719796374e-05,TRUE,NA
290218,0.051316370410201,2.00278377143222,TRUE,NA
122045,6.56114792447591e-05,3.86650565818106e-07,FALSE,NA
844447,0.0177641888656244,2.43615295730237,TRUE,NA
65879,0.0749607415256752,0.00191256677872817,FALSE,NA
556408,9.95220961880906e-05,0.362289741028484,TRUE,NA
248719,0.0351363308345867,6.29320889166671,TRUE,NA
122785,0.181718354497184,0.599476294396982,TRUE,NA
661167,0.00785321472295351,7.28295801108869e-05,FALSE,NA
268696,0.0190848563096516,0.547723615268578,TRUE,NA
106621,0.04952214781913,0.000170672851292586,FALSE,NA
322284,4.53167754875982e-05,5.42756222128614,TRUE,NA
370335,0.000251722558211502,0.0412383174591916,TRUE,NA
913863,0.0610600300884132,0.000189786695110352,FALSE,NA
461569,0.000547352806505625,4.24574549472185,TRUE,NA
347486,NA,NA,NA,"Error in glmnet(x, y, weights = weights, offset = offset, lambda = lambda, : x should be a matrix with 2 or more columns
"
690805,NA,NA,NA,"Error in rep(1, N): invalid 'times' argument
"
759802,1.21165544337962e-09,0.0341690957593863,TRUE,NA
428493,0.000660582227436488,0.00214921820192701,TRUE,NA
608470,0.00327533825833749,0.159747963685946,TRUE,NA
497012,0.000129593991185458,0.000501672034222932,TRUE,NA
944286,1.14200029289545,0.81854722650768,FALSE,NA
427056,0.000302398888911473,0.206232831447295,TRUE,NA
904346,1.29073819332877e-06,0.012627533403743,TRUE,NA
854911,0.0184614703659378,0.00702818784748389,FALSE,NA
793024,3.35432114381375e-08,3.31281937160826e-05,TRUE,NA
752066,0.000328594374290778,0.00310469017119039,TRUE,NA
320290,6.94704941056662e-08,0.0243229957838466,TRUE,NA
657195,0.0227936153694724,0.0248803430161228,TRUE,NA
679533,0.0305716466529776,0.00571445634043107,FALSE,NA
796372,0.0298886929214,0.0128639268648578,FALSE,NA
369498,1.49354125889161,0.0138176813898276,FALSE,NA
499098,1.18686017844022,4.10416111994225e-05,FALSE,NA
926550,0.0842037430666323,6.86490236702954,TRUE,NA
785861,0.000224271606853502,3.18463296213331,TRUE,NA
746829,0.119398801039692,1.17249265940048,TRUE,NA
543470,0.206260817848356,1.92640143436248e-05,FALSE,NA
443077,1.25801100054823e-05,10.0446650618976,TRUE,NA
959224,2.40543508583903e-05,0.167325807798394,TRUE,NA
589850,0.00224765755707127,0.0909262575575654,TRUE,NA
641008,0.0431615613282673,0.0100075588392645,FALSE,NA
746265,0.000122349575818706,0.00885015273473542,TRUE,NA
783944,0.000181335285573279,0.904275528433261,TRUE,NA
731601,0.0860165156625151,2.24752629185671,TRUE,NA
35272,0.117385718102517,0.00882350422982931,FALSE,NA
960513,0.00971206167413264,0.0260329496610911,TRUE,NA
406186,0.0768968782527685,0.0001518748892463,FALSE,NA
275775,0.0749479207712567,2.31765673950283,TRUE,NA
902754,0.281923101359826,0.0410025236883192,FALSE,NA
981604,0.000504822209752543,0.000416996708969984,FALSE,NA
942191,0.492373177418802,0.124268990467847,FALSE,NA
332665,0.0190581094081339,1.64609001423126,TRUE,NA
12886,0.0100614862847314,0.328714911054628,TRUE,NA
635467,0.0399681197334559,0.0533512037229624,TRUE,NA
126167,0.0054401887451446,2.54006507633722,TRUE,NA
855037,0.0826375587293564,1.79062909864576,TRUE,NA
998674,0.00838827591461213,0.000435611211105509,FALSE,NA
112265,0.251359307883551,5.12315289691355,TRUE,NA
597793,0.00028353940976901,0.0139927519328669,TRUE,NA
509618,0.00113295098596866,5.60899863054461,TRUE,NA
904952,0.00168410463562256,6.70684405669838,TRUE,NA
683376,NA,NA,NA,"Error in glmnet(x, y, weights = weights, offset = offset, lambda = lambda, : x should be a matrix with 2 or more columns
"
894677,3.56247968944735e-05,0.799445395826268,TRUE,NA
129480,0.000262825361228292,0.00324522166869826,TRUE,NA
875766,0.0318433893480161,0.0269783413892546,FALSE,NA
456720,0.000104477103874646,2.50291741742622,TRUE,NA
449325,0.0382650514792797,0.0179215611102499,FALSE,NA
876494,0.0233387115912867,4.73172443920338,TRUE,NA
468000,0.00120129125516905,7.01869780450592e-05,FALSE,NA
268966,0.0391187211398677,0.529870005004969,TRUE,NA
361314,0.0496379287571552,0.000282022934711756,FALSE,NA
771698,0.0351117212530896,0.364761651896337,TRUE,NA
797354,0.00637597185018125,3.95718963989701e-06,FALSE,NA
382402,0.0116512708644092,0.0166353449339006,TRUE,NA
147714,0.201444267781995,0.0269614288964055,FALSE,NA
318053,0.00653573971226412,0.989940592566217,TRUE,NA
651071,0.0012862421610669,3.93749347692279e-05,FALSE,NA
103173,1.9442556050226,0.402586353909442,FALSE,NA
142650,0.058410563134003,0.142465513498743,TRUE,NA
325140,0.000239917675398625,0.119343539674776,TRUE,NA
394227,0.00144388260512598,0.0217201516805501,TRUE,NA
129258,0.0576582209417868,0.000802760102930445,FALSE,NA
660838,0.00111375835930272,0.0029027210418594,TRUE,NA
528230,0.0489586766604351,1.11698179282317e-05,FALSE,NA
686111,0.000735449853707091,0.0040120370046317,TRUE,NA
508924,0.00407379323093952,0.00221476184449589,FALSE,NA
824751,9.83217457380872e-05,0.0556051672816331,TRUE,NA
230307,1.53026312149525e-05,0.0061350449944488,TRUE,NA
280326,0.0114971007022929,0.967719170370133,TRUE,NA
104011,6.80266113263158e-08,1.07618937144956,TRUE,NA
870811,0.000933686630609007,2.06360095891016e-09,FALSE,NA
267212,0.00552161110296791,0.00293007377733902,FALSE,NA
831413,6.97676716822691e-05,0.134577022669798,TRUE,NA
51827,0.0257168544479378,0.00161614114053895,FALSE,NA
618139,0.0232884150574862,1.19877345527848,TRUE,NA
410384,0.0127079833488556,0.00126168347422399,FALSE,NA
972038,0.00197658275293224,0.00327147808202021,TRUE,NA
258030,0.000916003664309764,0.411211936348716,TRUE,NA
667095,0.177546086262594,0.00560145992643781,FALSE,NA
525290,0.0724686127803673,0.300003272359837,TRUE,NA
902614,0.269258707469509,0.639208511316398,TRUE,NA
359180,6.43702686725063e-05,0.00199295476143421,TRUE,NA
37453,0.216002086955017,0.0138161070726851,FALSE,NA
696512,3.05032292969144e-08,0.016841866954282,TRUE,NA
666587,0.0030618907388556,5.87339498310039,TRUE,NA
562948,0.00226668946403736,6.15281497549948,TRUE,NA
969321,0.0139466779317143,3.79622082905423,TRUE,NA
113318,0.000838964659727302,0.0238917938832405,TRUE,NA
851236,0.468205818877408,1.45317797737814,TRUE,NA
904105,0.112580235301859,0.00108731281147872,FALSE,NA
743903,0.00337459493306006,1.17582977012671,TRUE,NA
464017,7.80196851165868e-07,0.000886019463548216,TRUE,NA
722812,0.000118223101850679,0.00505556648959063,TRUE,NA
795332,0.0665866904263713,8.29089919453971,TRUE,NA
852554,0.938359687417141,0.350049447898465,FALSE,NA
281513,0.41372925538105,0.0414518298164744,FALSE,NA
512422,0.120236321641426,0.281554645685533,TRUE,NA
722545,0.000400428012013712,7.19825551672268,TRUE,NA
744135,NA,NA,NA,"Error in glmnet(x, y, weights = weights, offset = offset, lambda = lambda, : x should be a matrix with 2 or more columns
"
809611,0.00466941586262979,2.06643151465221e-05,FALSE,NA
180237,5.70927132849669e-05,0.00446290385643911,TRUE,NA
795162,0.000509102263896787,0.0131789655730056,TRUE,NA
109118,0.00550927219331905,0.369634913577009,TRUE,NA
232273,0.0251584364445708,0.0787277601124966,TRUE,NA
449965,0.0477739393171595,0.0795982103930051,TRUE,NA
701439,NA,NA,NA,"Error in glmnet(x, y, weights = weights, offset = offset, lambda = lambda, : x should be a matrix with 2 or more columns
"
201993,0.0687137800764083,0.0288213554723631,FALSE,NA
104667,8.54604845659261e-08,1.09311346866825e-06,TRUE,NA
227500,7.20793100619969e-05,0.786837829068832,TRUE,NA
86083,3.12938673441081e-06,0.0184473955843029,TRUE,NA
274129,0.122799806310125,0.00381097533314047,FALSE,NA
591877,0.0853319990111623,1.97086618900417,TRUE,NA
241278,0.0970355099882442,0.000421264461700081,FALSE,NA
459738,0.952979951357021,0.00041927468286302,FALSE,NA
578372,0.361244438120025,0.0141342455573206,FALSE,NA
848537,0.0216300984123039,0.0361298632688548,TRUE,NA
917178,0.025234900199803,4.40473202540352e-05,FALSE,NA
695087,0.00779304263742109,1.12516229539126e-06,FALSE,NA
404550,0.0089890992151787,0.384617672334595,TRUE,NA
452069,9.8190584018368e-05,0.000529690766190158,TRUE,NA
916399,3.18886285291597e-05,0.560386752193106,TRUE,NA
84878,0.000205589505355049,0.0290083459748776,TRUE,NA
805699,0.000612722176631248,6.33522375491015e-05,FALSE,NA
204887,0.0106083658049705,0.175789814355891,TRUE,NA
582916,1.34085642182459e-05,3.67912412071583e-05,TRUE,NA
98436,0.0176969223066102,0.97548423907153,TRUE,NA
56918,0.12276556123262,0.0104695865703861,FALSE,NA
510699,0.132217002509949,3.63167294901363e-07,FALSE,NA
712741,0.0444430829025844,0.121603767406077,TRUE,NA
115861,0.226011876085984,0.0979919502754199,FALSE,NA
133242,0.00161513483556792,9.94673506377984e-06,FALSE,NA
563605,5.44982876688131e-06,4.89334109991518,TRUE,NA
202600,NA,NA,NA,"Error in glmnet(x, y, weights = weights, offset = offset, lambda = lambda, : x should be a matrix with 2 or more columns
"
873287,0.00369635096974074,2.14607982607391e-06,FALSE,NA
42812,0.000164972641987575,0.443377324393204,TRUE,NA
485564,0.00896154555894101,0.00125338869342254,FALSE,NA
597845,0.085888988613138,0.00874907715688594,FALSE,NA
964012,2.78859818350279e-06,0.0697025725690334,TRUE,NA
744597,0.0152107832600805,6.50685758472873e-07,FALSE,NA
762816,0.173990240549176,1.37984775788419,TRUE,NA
246353,1.23897099196167,8.16808868490725e-05,FALSE,NA
960950,0.135146560967412,1.33908876957825,TRUE,NA
494755,0.684983838619843,0.000280998893552019,FALSE,NA
550490,0.275489469363382,0.00042281891719479,FALSE,NA
85638,0.0368307603306188,0.00628077430233507,FALSE,NA
976674,0.000765613704264111,0.211858909176421,TRUE,NA
587259,0.0011209117141714,1.81094984102229e-05,FALSE,NA
533756,0.0026706339977688,0.439213589206421,TRUE,NA
546365,0.000240611685999407,0.000242099325671953,TRUE,NA
811459,NA,NA,NA,"Error in rep(1, N): invalid 'times' argument
"
455336,0.200350962527581,0.0754209812734636,FALSE,NA
643573,9.25203719264732e-05,0.00112241279993348,TRUE,NA
783516,NA,NA,NA,"Error in glmnet(x, y, weights = weights, offset = offset, lambda = lambda, : x should be a matrix with 2 or more columns
"
988041,0.0120025011167667,6.78275810174978e-07,FALSE,NA
323479,4.0512197800524e-05,0.000378563078599133,TRUE,NA
473039,0.0032113889490067,0.000774436353493079,FALSE,NA
736921,0.0140638436692575,2.13437433982892e-05,FALSE,NA
933016,0.00373337609923584,0.00582658476232368,TRUE,NA
771694,1.37820205480734,0.0924725995640268,FALSE,NA
371245,0.152947738254261,0.333129486448634,TRUE,NA
367940,6.86273404516329e-06,0.00306648195253193,TRUE,NA
623376,0.00766211844889252,0.000751420085959087,FALSE,NA
683871,NA,NA,NA,"Error in glmnet(x, y, weights = weights, offset = offset, lambda = lambda, : x should be a matrix with 2 or more columns
"
680020,0.00617468203880037,0.499355858097571,TRUE,NA
511904,0.00139814570254728,0.0608386984515896,TRUE,NA
656111,8.23430976050739e-05,0.0192934937144627,TRUE,NA
858721,NA,NA,NA,"Error in glmnet(x, y, weights = weights, offset = offset, lambda = lambda, : x should be a matrix with 2 or more columns
"
581299,0.0262158183782114,0.886566047308892,TRUE,NA
419846,0.00228532747104254,3.81536813343772,TRUE,NA
516767,0.0160596428494236,0.0939009648007419,TRUE,NA
723631,0.000576884542549374,0.524281922313929,TRUE,NA
229662,0.00398414851150583,0.981232455535322,TRUE,NA
691060,0.0112804073312993,0.253055913133457,TRUE,NA
523644,0.207520121574085,1.05290157147741e-08,FALSE,NA
336046,0.00038797816358619,0.15333992570981,TRUE,NA
980050,1.51328289176768e-05,3.58456834636904,TRUE,NA
694022,0.0034369469742391,1.93446370220819e-09,FALSE,NA
456050,0.0270139691253966,0.0550856336331088,TRUE,NA
831665,0.132893441718619,0.0018751952721907,FALSE,NA
635455,0.0110852623511812,0.236279363962478,TRUE,NA
615108,1.06465382626347e-07,0.0245148005480104,TRUE,NA
357720,0.261084930236001,0.489339394528035,TRUE,NA
610361,NA,NA,NA,"Error in glmnet(x, y, weights = weights, offset = offset, lambda = lambda, : x should be a matrix with 2 or more columns
"
263772,0.18676594648321,2.0682796922056,TRUE,NA
421946,NA,NA,NA,"Error in glmnet(x, y, weights = weights, offset = offset, lambda = lambda, : x should be a matrix with 2 or more columns
"
206337,0.0971838455907505,3.62199730090095,TRUE,NA
279071,0.0556070132539227,0.0284367091197827,FALSE,NA
592493,1.36102179074602,7.73539890166343,TRUE,NA
193127,0.0218452470140818,1.68117848295698,TRUE,NA
169427,0.000355007650734327,0.000137494557629717,FALSE,NA
436127,NA,NA,NA,"Error in rep(1, N): invalid 'times' argument
"
605556,0.028040889241351,0.881142435199713,TRUE,NA
716079,0.00270112079023548,0.0352240120696807,TRUE,NA
546260,0.141550013972901,2.09983292264904,TRUE,NA
156446,4.97307572106077e-06,0.00550754915775668,TRUE,NA
405907,0.000167296969892052,0.057707622353614,TRUE,NA
116207,0.193186353128348,0.274528709425885,TRUE,NA
230338,1.09112057166072,0.00635658958518603,FALSE,NA
638176,NA,NA,NA,"Error in rep(1, N): invalid 'times' argument
"
525426,0.00106917212436893,2.33004529915156,TRUE,NA
443580,0.0147125636475811,1.60320183448136,TRUE,NA
842171,0.0831583209567613,3.82868897563005,TRUE,NA
133438,0.00127764556260855,0.000144643898527009,FALSE,NA
27884,0.0015981099750208,0.00267861640665412,TRUE,NA
724797,0.000903362106798275,0.0039503248704238,TRUE,NA
657882,NA,NA,NA,"Error in rep(1, N): invalid 'times' argument
"
671587,0.01964318004053,0.0704554157920798,TRUE,NA
81251,0.0032955430840526,5.45269018546566e-05,FALSE,NA
770615,0.00176823343914296,0.70134491071653,TRUE,NA
254637,0.00681741508399374,0.371492071685883,TRUE,NA
120131,0.131165609857109,0.00612617174241546,FALSE,NA
810145,0.0156077827407282,5.72437747681747,TRUE,NA
582090,0.00108418292187124,4.57502827138418e-07,FALSE,NA
603152,0.00937429863425077,0.201768106311998,TRUE,NA
124309,0.00100086761032141,0.662804991145302,TRUE,NA
667138,NA,NA,NA,"Error in rep(1, N): invalid 'times' argument
"
465849,0.0290498853166856,0.4131842639414,TRUE,NA
399107,0.0102318815642778,2.94946023445979,TRUE,NA
517733,9.47238154232577e-05,0.00889686649677947,TRUE,NA
148039,0.053405892434776,0.0992437229149156,TRUE,NA
474844,0.0308828157954192,0.10234523261897,TRUE,NA
665175,0.160375837010931,1.86364031829307e-05,FALSE,NA
545326,5.81453792626863e-07,0.0124654325637113,TRUE,NA
701528,0.188209076336155,0.0025287103611311,FALSE,NA
558632,0.588074153742806,6.99426517171789,TRUE,NA
303666,0.00181727489089733,0.000349404028864859,FALSE,NA
834625,0.0102357491612431,1.04458324317275,TRUE,NA
832119,0.0146360480220725,0.00963068193804827,FALSE,NA
180929,0.302982045713946,0.0305473872707426,FALSE,NA
769878,0.0349650750192602,0.840495544172943,TRUE,NA
911767,6.22551496030222e-06,0.00528160965578151,TRUE,NA
608231,0.0661281399505888,0.117562036930964,TRUE,NA
346802,0.00826703495486659,5.1662158578439,TRUE,NA
557663,0.057740166277681,0.893308160407137,TRUE,NA
126694,0.0331895617318776,0.107448905357759,TRUE,NA
85160,1.73473763795291e-06,3.92760625098357e-05,TRUE,NA
16643,0.00258604008333512,1.38010005557027,TRUE,NA
854678,1.22602506779678e-07,1.64652488502411,TRUE,NA
981007,0.0010650664129885,1.96728604450021e-06,FALSE,NA
441943,0.0252210237998726,2.53944047075007e-06,FALSE,NA
828394,0.000614170959747029,1.10740833700936,TRUE,NA
658530,0.255335960056314,0.0558487972216715,FALSE,NA
638879,NA,NA,NA,"Error in rep(1, N): invalid 'times' argument
"
755058,0.0058341691577479,0.00693026661965236,TRUE,NA
649201,0.0218646682559488,0.000168262806595328,FALSE,NA
387033,0.076895452989384,0.0729758729327347,FALSE,NA
773732,0.0018296165690255,0.0126232184214066,TRUE,NA
75359,0.00419492905304485,1.35710985400187,TRUE,NA
116719,0.000447220608596559,6.12996680448502e-07,FALSE,NA
130097,0.0386028594844848,2.06121233525641,TRUE,NA
163524,NA,NA,NA,"Error in glmnet(x, y, weights = weights, offset = offset, lambda = lambda, : x should be a matrix with 2 or more columns
"
130780,0.025836378784994,0.000399474983613642,FALSE,NA
988058,4.86049617185129e-06,2.15022962084491,TRUE,NA
220018,0.0497342226996757,0.0123050183108808,FALSE,NA
542899,0.0534913491016939,1.91830058285676,TRUE,NA
492791,0.000175670790359955,0.0013625417600382,TRUE,NA
173896,0.683064958834894,0.0523818579824109,FALSE,NA
162310,0.00949245939173594,1.29240581117212,TRUE,NA
187935,0.00289636600258175,0.0012873790811778,FALSE,NA
315747,0.0250379751368267,0.215865012621194,TRUE,NA
699045,0.0297457614728487,0.00968576410512832,FALSE,NA
373745,0.000137148535628867,0.00150559354016186,TRUE,NA
230898,0.00149955860102327,2.71983624763234,TRUE,NA
750615,0.500064980115131,0.0432328656855919,FALSE,NA
759520,NA,NA,NA,"Error in rep(1, N): invalid 'times' argument
"
25893,0.00729960533726653,6.22867810733464,TRUE,NA
685595,0.106144720603747,5.19461591093431e-05,FALSE,NA
335633,0.120294221064915,1.00336618011446,TRUE,NA
329483,0.00124271116356439,0.0140600665648056,TRUE,NA
832480,0.132188085073253,0.000503229522080307,FALSE,NA
329360,1.87440324760305,0.00165779904026989,FALSE,NA
377939,2.81164669874492e-06,0.00243873386246817,TRUE,NA
827176,0.0386412208234693,1.27905237600939,TRUE,NA
538806,0.178071909563875,0.00671889129726888,FALSE,NA
218045,0.0250108022477798,0.00125625635181862,FALSE,NA
974647,0.000631181295528268,2.18432960438301,TRUE,NA
259493,0.00257483840894941,1.85291057289511,TRUE,NA
184942,0.0324719180119704,0.000222789880095276,FALSE,NA
494851,0.000615929626973856,0.318100027124093,TRUE,NA
656554,0.0347401257130341,7.19196194037331e-08,FALSE,NA
150938,5.67451138662521e-05,0.522290280400256,TRUE,NA
997416,0.000533268837090652,2.12099517774108,TRUE,NA
585337,0.066915688542721,1.1953318959889,TRUE,NA
644061,NA,NA,NA,"Error in glmnet(x, y, weights = weights, offset = offset, lambda = lambda, : x should be a matrix with 2 or more columns
"
447184,0.0976931632316523,0.0469192522553125,FALSE,NA
334854,0.000272795420820776,0.00702507912853983,TRUE,NA
426536,0.0904197527782764,0.00010579836082038,FALSE,NA
503525,0.00444832420802273,0.000663444284028926,FALSE,NA
306188,1.48018361425949e-05,0.0593629340368754,TRUE,NA
299737,0.306865536376151,0.00528810778635512,FALSE,NA
301033,0.00201735678922626,0.0097177595778443,TRUE,NA
749218,0.000118600839420792,0.024914381110834,TRUE,NA
80194,0.000770554804089238,1.6865588116345,TRUE,NA
930131,0.0226149459385108,0.000134810601736915,FALSE,NA
174869,6.83016703625521e-05,1.16807948450699,TRUE,NA
227819,0.0237714254978515,0.000404283585621224,FALSE,NA
660846,0.0169953336353343,5.48544362960607,TRUE,NA
514084,0.15110951718362,1.08815636863373,TRUE,NA
336128,0.000169897727980728,0.000259064610551965,TRUE,NA
899806,0.00261797965141434,9.43541014003329,TRUE,NA
287588,0.322114246037037,0.0526011748799181,FALSE,NA
402102,1.44380970388427e-07,0.0917654394908254,TRUE,NA
513519,0.909068122188051,0.3393929969891,FALSE,NA
722051,0.148184220575746,5.45007442031121e-05,FALSE,NA
763965,0.00877330965474066,0.000368328345015621,FALSE,NA
742637,1.1948878455209,0.0760080979754989,FALSE,NA
828102,0.00403742754787874,0.0134798762908253,TRUE,NA
110434,9.06681741716653e-05,0.0176115180455863,TRUE,NA
266782,0.990585923347546,2.6352081681642,TRUE,NA
570202,0.000585494650409745,0.0059271353264139,TRUE,NA
987509,1.36312166911071e-05,1.76760742554677e-05,TRUE,NA
149104,0.0351901207797588,0.017751860889731,FALSE,NA
759526,0.00947477056461501,0.0671188920118355,TRUE,NA
584987,0.00051082465905428,0.00535542708981836,TRUE,NA
291714,8.55605957074257e-07,0.0163825397067514,TRUE,NA
318044,0.00244166509768746,0.000520211265080296,FALSE,NA
347077,9.72766035516696e-06,3.93787500889552,TRUE,NA
546267,0.00220436809172541,0.950958177358384,TRUE,NA
98236,NA,NA,NA,"Error in rep(1, N): invalid 'times' argument
"
579635,0.000583587361999368,0.0215061048452635,TRUE,NA
531584,0.00427830025385036,0.00765120469411563,TRUE,NA
555294,NA,NA,NA,"Error in rep(1, N): invalid 'times' argument
"
292240,0.514914167302004,3.3190758149765,TRUE,NA
698594,0.0350344417540645,0.00566267190272501,FALSE,NA
491462,0.0984825128822365,3.3192216159668,TRUE,NA
668243,0.0453358117732828,0.00109028732666476,FALSE,NA
366990,0.0599211774014131,0.023322812073333,FALSE,NA
795027,0.000217756227873123,0.077642405723948,TRUE,NA
257526,0.00708751319912298,0.0129037424406336,TRUE,NA
664539,1.23087675587663e-06,0.00637652923736766,TRUE,NA
633985,0.00288701347090871,0.195903038980305,TRUE,NA
855615,0.0455908306914716,0.000502673223661186,FALSE,NA
610057,0.00559400637754644,3.41766655794455e-05,FALSE,NA
405672,1.39681981825506e-06,1.19615118642819,TRUE,NA
263932,NA,NA,NA,"Error in rep(1, N): invalid 'times' argument
"
589950,0.00361540954239757,0.00566692701979597,TRUE,NA
203844,NA,NA,NA,"Error in glmnet(x, y, weights = weights, offset = offset, lambda = lambda, : x should be a matrix with 2 or more columns
"
345538,3.02327655647752e-07,0.490151162506862,TRUE,NA
393,1.04629166384721,0.331459981457676,FALSE,NA
966985,0.27360131392787,2.74702363630725,TRUE,NA
589479,0.300196821847609,0.177094646279981,FALSE,NA
854513,0.00732813480792637,7.01291378969987e-05,FALSE,NA
313988,0.000185468928264167,4.48793035635604e-05,FALSE,NA
546028,4.86100277382723e-07,0.0123512674960357,TRUE,NA
604838,0.000322501240612918,0.00515788920519226,TRUE,NA
670746,0.0203482735705387,0.692632014944079,TRUE,NA
821985,0.0117102447895553,0.0202498278458856,TRUE,NA
136274,0.22982461090178,0.05348732707583,FALSE,NA
875529,0.00839078099294735,7.68621853234774e-07,FALSE,NA
304889,0.0106939044295917,1.55537971874947,TRUE,NA
146573,NA,NA,NA,"Error in glmnet(x, y, weights = weights, offset = offset, lambda = lambda, : x should be a matrix with 2 or more columns
"
102806,0.222119175786474,0.0552204339536102,FALSE,NA
338234,0.375309512819754,0.00172952761927577,FALSE,NA
862081,0.114179610159251,0.0488011378101694,FALSE,NA
734330,0.0133187168826723,2.71233014497342,TRUE,NA
161318,0.00599294802282344,0.0119053946950993,TRUE,NA
920413,0.000210440096961917,2.28152652380124e-06,FALSE,NA
746133,0.072338458773151,0.108786382461983,TRUE,NA
286575,0.117178570435638,0.0333193663343757,FALSE,NA
201811,0.00887015076149649,2.74915749207199,TRUE,NA
514825,1.18339948328689,4.18103897948271,TRUE,NA
942693,0.00391681079896881,0.876772025808741,TRUE,NA
47875,0.0986042483525035,7.81137630667543e-08,FALSE,NA
279274,0.00221589340079664,0.00147832256050561,FALSE,NA
381688,2.63879785563427e-06,0.000875300647607012,TRUE,NA
686454,0.103285708144148,0.0448493546245455,FALSE,NA
736691,NA,NA,NA,"Error in rep(1, N): invalid 'times' argument
"
296218,0.0355494120919165,0.00180676016438922,FALSE,NA
33839,0.0145812732579452,0.0765806231945705,TRUE,NA
768083,NA,NA,NA,"Error in glmnet(x, y, weights = weights, offset = offset, lambda = lambda, : x should be a matrix with 2 or more columns
"
745486,0.0111715047042044,0.302347978117526,TRUE,NA
553831,0.0117871393988268,0.000525849280730572,FALSE,NA
355875,0.00442627938143008,0.0194317321208895,TRUE,NA
317061,0.00390657039700803,8.9206769803132e-05,FALSE,NA
801520,0.00776796278901982,0.00162052615575275,FALSE,NA
773700,0.000708995656263988,3.10207225399053,TRUE,NA
897344,0.363531705864608,0.371753589600251,TRUE,NA
713374,6.87184016960197e-06,0.00295676688572878,TRUE,NA
738904,0.00558076244295581,0.00435504505035909,FALSE,NA
907977,0.00020375635975408,4.89165699687497,TRUE,NA
337571,0.0419099997298597,1.31946363513179e-05,FALSE,NA
567247,0.1449633298046,0.0106334626704959,FALSE,NA
22055,0.0567222718173482,0.102738261035086,TRUE,NA
686714,0.00392363590378352,0.0503864629902581,TRUE,NA
527633,6.76549717290838e-05,0.000265623911069262,TRUE,NA
71989,6.94100930788972e-05,0.00711815644633718,TRUE,NA
732890,0.0398793378031023,0.000756075629735276,FALSE,NA
869416,0.0625062248028944,1.73265688867795,TRUE,NA
593779,0.00477988082944019,1.45557262638944,TRUE,NA
608220,0.0753947844261287,0.0948788170657852,TRUE,NA
894392,0.00010190010691523,0.491125965100626,TRUE,NA
140508,1.04541503996558,0.493841167460502,FALSE,NA
515711,0.0220101558803641,0.962921545776552,TRUE,NA
60344,0.00254185441737294,0.317327785444308,TRUE,NA
195492,0.00509528698787284,0.103692016574057,TRUE,NA
779935,0.00182025007569073,0.00178075503124788,FALSE,NA
466908,0.000232623777460986,1.49766027385336e-06,FALSE,NA
621465,NA,NA,NA,"Error in rep(1, N): invalid 'times' argument
"
782597,0.000283243264272916,2.17191734015775,TRUE,NA
246646,0.0337892473649621,0.0790202549614224,TRUE,NA
91805,0.00446819492950741,1.71174275152502,TRUE,NA
117182,0.00072693277029177,1.30495756681067,TRUE,NA
714523,0.0581759967820534,0.00848003931781181,FALSE,NA
950671,0.0338781750052457,0.222816390874138,TRUE,NA
877465,2.50727408796374,0.005031205533214,FALSE,NA
303524,2.70245304277893e-09,0.157934661306176,TRUE,NA
999330,0.00103178932143391,0.175874145655334,TRUE,NA
753539,0.38721933733056,1.53647167764846e-06,FALSE,NA
23313,0.0235365196363681,0.0401764947216511,TRUE,NA
767921,0.162123902731509,0.208070442759296,TRUE,NA
23359,0.000179267510936069,3.24429475699263,TRUE,NA
733260,1.93119326277163e-06,1.14872601424761,TRUE,NA
102856,0.167066427582228,0.0311185568910588,FALSE,NA
229366,0.000752414898457469,0.176324309590277,TRUE,NA
543430,NA,NA,NA,"Error in rep(1, N): invalid 'times' argument
"
683927,1.03555525788118,0.138988584016867,FALSE,NA
198162,0.0200948783021659,0.00859484475940241,FALSE,NA
281930,NA,NA,NA,"Error in rep(1, N): invalid 'times' argument
"
684026,0.033201946182906,0.0036446409072695,FALSE,NA
931379,0.00627423167263397,0.00698449182307965,TRUE,NA
367805,9.52837453880272e-05,2.92359980911578,TRUE,NA
793326,1.54779733594225e-09,7.18023674362569,TRUE,NA
214613,5.91285150948704e-05,0.0863674655528058,TRUE,NA
299545,0.00264928584601973,1.21224827754095,TRUE,NA
211725,0.082972170434126,0.0136746227515573,FALSE,NA
157230,0.00151393403546385,0.26669322940439,TRUE,NA
449004,0.00678023594774785,1.10109928785565,TRUE,NA
102630,NA,NA,NA,"Error in glmnet(x, y, weights = weights, offset = offset, lambda = lambda, : x should be a matrix with 2 or more columns
"
593871,4.3531366996085e-05,0.0380461057612429,TRUE,NA
755960,0.000589879350376964,0.0267502843733711,TRUE,NA
96769,0.0347620825979965,0.299533415457823,TRUE,NA
87123,0.000188338170814489,0.00726464663985272,TRUE,NA
65088,7.90692670613684e-05,3.13131629729864e-06,FALSE,NA
201162,5.16325870960628e-11,0.0589166342337753,TRUE,NA
307461,0.181437992713322,0.00146331637034571,FALSE,NA
564797,0.117738681299145,0.142586892766411,TRUE,NA
542764,0.00193845156785042,0.146052976418034,TRUE,NA
27817,0.462910440670635,0.0049927992383379,FALSE,NA
131198,0.0376749757138066,0.257076233341332,TRUE,NA
702014,0.000787573486185105,3.81826425644549,TRUE,NA
479122,3.89550231003491e-05,0.0294416784832411,TRUE,NA
377070,0.477031197396463,0.33484886117493,FALSE,NA
844218,0.00226892599594058,0.00122469405509259,FALSE,NA
584233,5.81875494798325e-05,0.639388428472145,TRUE,NA
722699,0.0153378946186241,0.000335069849439198,FALSE,NA
17896,2.19618319972512e-06,0.00140771322824346,TRUE,NA
651563,0.0837123537095651,0.0179181464331488,FALSE,NA
918089,0.489384677111375,0.0975871903388904,FALSE,NA
399694,NA,NA,NA,"Error in rep(1, N): invalid 'times' argument
"
859396,NA,NA,NA,"Error in glmnet(x, y, weights = weights, offset = offset, lambda = lambda, : x should be a matrix with 2 or more columns
"
573644,0.113673588596072,0.477865408890562,TRUE,NA
272456,0.41001830328014,0.183768860360529,FALSE,NA
668505,0.24767131062143,1.61369371562271e-05,FALSE,NA
625558,NA,NA,NA,"Error in glmnet(x, y, weights = weights, offset = offset, lambda = lambda, : x should be a matrix with 2 or more columns
"
448906,0.0376700810598202,0.625063429897481,TRUE,NA
887874,NA,NA,NA,"Error in glmnet(x, y, weights = weights, offset = offset, lambda = lambda, : x should be a matrix with 2 or more columns
"
990141,0.0306924435911249,0.0188271566221379,FALSE,NA
908301,0.0258271168673608,0.00113634841070818,FALSE,NA
377762,0.326328435237828,4.66810260494529e-05,FALSE,NA
224450,0.0012775057252014,0.00241696065745946,TRUE,NA
86313,0.115010001692155,0.268188984908989,TRUE,NA
135470,0.0126013629137503,0.0948985238167042,TRUE,NA
535144,5.3264441887992e-09,0.0327577414562723,TRUE,NA
691915,NA,NA,NA,"Error in glmnet(x, y, weights = weights, offset = offset, lambda = lambda, : x should be a matrix with 2 or more columns
"
396341,0.276892928228471,2.50598096421773,TRUE,NA
447920,7.0061763665596e-06,0.032854549473381,TRUE,NA
658714,0.00235551925497153,3.31224332036783e-06,FALSE,NA
544064,1.24275665087159e-06,0.21713200481065,TRUE,NA
962782,0.00464359609422271,1.22524509805182,TRUE,NA
158009,0.00554016735158919,0.40932899852984,TRUE,NA
820478,0.00996682908029491,4.06921861700178,TRUE,NA
404900,0.00318013635616333,0.00295077090466497,FALSE,NA
229769,0.0137167829676354,0.00380652711355144,FALSE,NA
516571,0.506137666895449,0.000246367992636666,FALSE,NA
158030,0.00514603618048728,0.0245753392029699,TRUE,NA
871441,0.00087595857397902,0.0242238245418575,TRUE,NA
686978,0.000401189711451219,2.43318370520625e-05,FALSE,NA
139832,5.57635126827767e-05,1.78049025756797,TRUE,NA
897428,0.0213254613167621,0.0397343091233393,TRUE,NA
450760,0.0217329108636284,0.293391122306325,TRUE,NA
63412,0.0611555509830135,7.5777086822663e-06,FALSE,NA
411240,NA,NA,NA,"Error in glmnet(x, y, weights = weights, offset = offset, lambda = lambda, : x should be a matrix with 2 or more columns
"
3527,8.74453222643964e-06,0.773346566825967,TRUE,NA
144024,0.942508283294654,3.85624451408686,TRUE,NA
354918,1.244944950606,7.94141678024189e-05,FALSE,NA
576132,0.00908295498892892,0.734684858675375,TRUE,NA
728029,0.0347343577896737,0.529287268727894,TRUE,NA
216615,0.00481275663013531,0.036048771030461,TRUE,NA
971869,0.00486361441433289,9.90153620343137e-06,FALSE,NA
836770,0.00653018159812903,0.048917589552241,TRUE,NA
661338,0.340356818699239,0.00726460801785083,FALSE,NA
6922,0.00166862899643678,0.0747325949560746,TRUE,NA
552356,0.161370358381794,1.40398829248445,TRUE,NA
549726,2.09307396557665e-05,0.000175459449779686,TRUE,NA
618220,0.0623179272832108,0.000192010648513701,FALSE,NA
572177,0.0225527235208626,0.143934097888447,TRUE,NA
299198,0.0113060069159617,0.299069034351735,TRUE,NA
475795,0.00105173668124818,0.362268945745648,TRUE,NA
493857,0.0981872852530185,0.0572390270712288,FALSE,NA
254835,3.33727324681549e-08,1.35050648933527,TRUE,NA
61147,0.24176779705217,0.0003091948179954,FALSE,NA
925369,0.0190026247792074,2.66197780528137,TRUE,NA
794859,0.0543198453991265,2.36844120915596,TRUE,NA
923142,0.0167866358258018,0.205876333968179,TRUE,NA
775148,0.025095904463424,0.000230051650345474,FALSE,NA
159570,0.00161823905985274,3.09252739686152,TRUE,NA
497385,0.0308963893476517,0.0392941848126787,TRUE,NA
769633,0.000113086360124053,2.70077126440461e-06,FALSE,NA
309243,2.59778066062837e-09,4.23584082199061e-06,TRUE,NA
686771,0.00320661568612639,1.53625908715889,TRUE,NA
91453,NA,NA,NA,"Error in glmnet(x, y, weights = weights, offset = offset, lambda = lambda, : x should be a matrix with 2 or more columns
"
572249,0.0270630971868864,0.000398068673909893,FALSE,NA
601809,0.00222756970552687,3.19640449671716,TRUE,NA
15943,0.225006296339805,0.227955012464016,TRUE,NA
282653,0.000411458123347353,0.1487712121134,TRUE,NA
696357,1.07665723542476e-06,3.68296248058717,TRUE,NA
755385,0.0038747878060848,1.48038153738979,TRUE,NA
303859,0.000565307779476412,0.900506784596459,TRUE,NA
167602,0.17399480402028,0.261030633942938,TRUE,NA
190192,0.643899012717512,3.70107500581237e-05,FALSE,NA
265484,0.0135740393946982,0.0674022006644228,TRUE,NA
563289,9.04134249614472e-05,0.000992324165121564,TRUE,NA
331706,0.0566087901903423,5.24912204931192e-05,FALSE,NA
884846,0.0174041783273828,1.92232994558551,TRUE,NA
267630,0.0404877785929729,0.298529734872816,TRUE,NA
814575,0.00066276384456907,7.90058116507659,TRUE,NA
543839,1.00849810102988,0.0196637507871951,FALSE,NA
76139,2.66593688081511e-05,0.00591524637163671,TRUE,NA
119675,0.000139552168087652,0.363945450650198,TRUE,NA
890399,0.00096436622719603,0.000611153526991223,FALSE,NA
250560,0.00404072522141895,0.0360481914500167,TRUE,NA
12076,0.0500382382628589,0.223077535266704,TRUE,NA
610486,0.0154086004105707,0.0127635018762893,FALSE,NA
896950,0.0402306419801603,0.610682706457286,TRUE,NA
23514,4.13235146388772,3.4720981782623,FALSE,NA
405821,0.00690001064914746,0.000313707133702005,FALSE,NA
767301,0.140675110321612,0.000548921635088834,FALSE,NA
186675,0.223525144207773,0.00477113497332511,FALSE,NA
711733,0.251695979229181,0.0270670186259127,FALSE,NA
981783,0.0216944347810086,3.97279017661602e-07,FALSE,NA
770997,0.000101658721155347,0.000427177768612936,TRUE,NA
71808,0.000513124302678312,0.0792572070618289,TRUE,NA
539200,0.0427893347192527,1.05147003138251,TRUE,NA
481745,0.0149669669667497,0.0137535578046764,FALSE,NA
973554,0.0829757271248379,0.828135140694601,TRUE,NA
372947,0.118332527665389,0.00106649912732785,FALSE,NA
511796,0.36958446724551,0.506738414673723,TRUE,NA
951157,0.00253794489269241,0.0207715938599809,TRUE,NA
532311,4.80050735179981e-05,0.000862096825649284,TRUE,NA
977433,0.000107721716072653,0.160615426438298,TRUE,NA
993172,0.0942130371334633,0.000299347076210341,FALSE,NA
258027,0.0250145045443058,0.0022535234653438,FALSE,NA
836357,0.0011871664962514,0.000113852153068197,FALSE,NA
578820,0.000558672979029208,0.635318343338069,TRUE,NA
549197,0.260398061110383,0.226360201788373,FALSE,NA
301931,0.978818699563358,0.00422358028157987,FALSE,NA
80718,0.70973856293469,0.634227944486454,FALSE,NA
910526,0.000362315813778125,0.0942007748768373,TRUE,NA
169858,NA,NA,NA,"Error in rep(1, N): invalid 'times' argument
"
306510,0.0273559812542653,0.154530493648017,TRUE,NA
982731,0.00685651971242723,0.507752487157066,TRUE,NA
534708,0.0898595308994052,0.0388716086046124,FALSE,NA
409904,0.0525363778529959,4.25919062542907,TRUE,NA
349642,0.0107178506252318,0.623912637683881,TRUE,NA
999079,0.221710463484476,1.2990270428591,TRUE,NA
392080,0.000318110695905004,7.57329495464304e-05,FALSE,NA
254335,0.248569728146582,0.330822598679054,TRUE,NA
979889,0.000247981380344377,1.57032995407642,TRUE,NA
973764,0.131035436401307,1.55180750604122e-05,FALSE,NA
585737,0.0426584958880156,0.0373129339270562,FALSE,NA
407255,0.000397616877289865,0.0195742702340632,TRUE,NA
521482,0.134260069297455,0.140926806501276,TRUE,NA
955627,0.000121677762521521,2.16151332237758e-06,FALSE,NA
6287,NA,NA,NA,"Error in rep(1, N): invalid 'times' argument
"
757109,0.00348863443564537,0.947068361221141,TRUE,NA
370981,0.346691835238766,0.00268586242860303,FALSE,NA
207003,0.673170180136044,0.380392387817252,FALSE,NA
170372,0.0114672255777101,0.05283953642853,TRUE,NA
806710,NA,NA,NA,"Error in glmnet(x, y, weights = weights, offset = offset, lambda = lambda, : x should be a matrix with 2 or more columns
"
70922,0.000416771148386586,5.2598086726575e-05,FALSE,NA
820570,0.00387093633240471,1.48962031850009,TRUE,NA
290552,0.00314602243687501,0.326254862133471,TRUE,NA
803949,0.0779336394233427,0.000720773419743362,FALSE,NA
286793,0.000165688278235383,6.37564239265344e-06,FALSE,NA
904773,0.0679525413940231,0.249622824615836,TRUE,NA
406709,0.0731108783357507,0.951179826947713,TRUE,NA
862663,0.000912673262025779,2.18023124181302e-05,FALSE,NA
337952,0.433947236439141,0.193307509414342,FALSE,NA
798127,0.0100379234706605,0.0501417998212881,TRUE,NA
94246,0.0136538660218446,0.0703148300683375,TRUE,NA
884988,NA,NA,NA,"Error in rep(1, N): invalid 'times' argument
"
772489,0.00155474430200296,0.200957283789758,TRUE,NA
673161,NA,NA,NA,"Error in rep(1, N): invalid 'times' argument
"
905525,0.200837745996067,0.000125445244501015,FALSE,NA
633220,6.94364740825805e-05,0.233724057581366,TRUE,NA
168164,0.0241999028423925,5.11470840691075,TRUE,NA
344215,2.28489187995459,4.39482226996334,TRUE,NA
742156,0.000698257899200375,0.0298479961395435,TRUE,NA
425679,0.000227577889624687,0.0786065120797472,TRUE,NA
762256,0.170505881926398,0.000989410216249449,FALSE,NA
552127,0.00153766221000998,0.238026159879194,TRUE,NA
860076,0.0668331367582926,0.000165071035125654,FALSE,NA
319180,NA,NA,NA,"Error in glmnet(x, y, weights = weights, offset = offset, lambda = lambda, : x should be a matrix with 2 or more columns
"
761213,5.1073276758104e-06,1.97834452022157,TRUE,NA
785631,0.0397954168950636,0.903361997790035,TRUE,NA
403586,0.00314213843641979,1.13783427730296,TRUE,NA
678190,2.81190529842673e-05,6.25776948962269,TRUE,NA
643322,0.177923769547009,0.000240404595114187,FALSE,NA
215076,2.17190471924117e-05,0.0030225669031882,TRUE,NA
674109,2.31082747831221e-08,4.04092188302934,TRUE,NA
112900,0.000963850653319094,0.700385102512489,TRUE,NA
447761,1.63037313796509,0.00457462554912328,FALSE,NA
678281,0.00922191381672799,8.27273882510733e-05,FALSE,NA
26630,NA,NA,NA,"Error in rep(1, N): invalid 'times' argument
"
567915,0.0087318562258615,0.0153831692547843,TRUE,NA
701526,0.00643450735098403,0.0431314275919173,TRUE,NA
4678,0.148354793146552,1.50107700949503,TRUE,NA
533531,0.0521833293940878,0.030780775776649,FALSE,NA
262241,0.00576512323273543,0.120434448023534,TRUE,NA
163401,0.000272516815208492,2.00614428928133,TRUE,NA
684027,0.00017798142681155,1.02416692513273,TRUE,NA
163944,8.7667643281325e-05,0.000139593910416269,TRUE,NA
747582,6.21386853960363e-05,0.00136314503182392,TRUE,NA
374959,NA,NA,NA,"Error in glmnet(x, y, weights = weights, offset = offset, lambda = lambda, : x should be a matrix with 2 or more columns
"
836007,3.80422345154905e-07,0.763464015625608,TRUE,NA
241034,NA,NA,NA,"Error in glmnet(x, y, weights = weights, offset = offset, lambda = lambda, : x should be a matrix with 2 or more columns
"
966443,0.612749980619198,6.2087659557939e-06,FALSE,NA
261809,1.30678848795101e-06,7.19406790008481e-07,FALSE,NA
794004,0.207765750617016,0.22959310635927,TRUE,NA
210912,NA,NA,NA,"Error in glmnet(x, y, weights = weights, offset = offset, lambda = lambda, : x should be a matrix with 2 or more columns
"
3139,0.0335119717959244,4.7916192451287,TRUE,NA
672501,0.000160693363417244,0.454428085196816,TRUE,NA
774026,0.00207738355557493,1.28612691045173,TRUE,NA
42339,0.000975769796124308,0.0513746098551558,TRUE,NA
925240,0.00274761858598153,0.0261805453609859,TRUE,NA
140914,0.859093104141989,1.19102544676282,TRUE,NA
744633,0.34893582398403,0.0788197504971511,FALSE,NA
980885,0.00227666850188107,1.27393443238672,TRUE,NA
828798,5.79362290729437e-06,0.0958162517282611,TRUE,NA
831479,0.152482816115857,0.0697062854726441,FALSE,NA
449629,0.0188510035506709,2.96342178212783,TRUE,NA
421884,0.0833376361352872,0.00356091610526342,FALSE,NA
515809,0.0198103026677656,0.00833728893444778,FALSE,NA
163405,1.54085749323105,7.8619725065657,TRUE,NA
501653,NA,NA,NA,"Error in rep(1, N): invalid 'times' argument
"
834755,1.23784285165415,3.59503497167513,TRUE,NA
891619,0.0209641556917528,0.925725874568382,TRUE,NA
30828,NA,NA,NA,"Error in rep(1, N): invalid 'times' argument
"
211762,0.119718426895957,4.46002990388461,TRUE,NA
427231,0.420997729482045,3.9981177501922e-08,FALSE,NA
499288,0.000680863347501276,3.14056147731869,TRUE,NA
346481,3.55613716884229e-09,3.19714609263331,TRUE,NA
223354,0.00491270182655234,0.0544941521149395,TRUE,NA
831092,0.106375820059391,0.00434318669372728,FALSE,NA
818274,0.000357295431486939,2.25996017852749,TRUE,NA
702950,1.87524895685968,0.000248395937544532,FALSE,NA
236245,0.104502437168161,0.000484979386481377,FALSE,NA
114950,8.82760168574454e-07,0.00362958170007204,TRUE,NA
76708,NA,NA,NA,"Error in rep(1, N): invalid 'times' argument
"
149137,4.20890662298311e-08,0.0308766500194906,TRUE,NA
984744,4.20186998211496e-07,0.00399096029321905,TRUE,NA
246714,0.368088690547098,0.527408865427059,TRUE,NA
533935,0.00243432380473788,0.00566779669440951,TRUE,NA
120419,9.89649686389489e-06,0.000369001189404291,TRUE,NA
489221,0.0152769158241846,0.000819710498665495,FALSE,NA
577046,NA,NA,NA,"Error in rep(1, N): invalid 'times' argument
"
420473,0.421798738301181,0.00113380692315111,FALSE,NA
791600,0.00666836023832406,2.78298553546087,TRUE,NA
938684,0.30008248155954,0.0324101123758541,FALSE,NA
800532,NA,NA,NA,"Error in glmnet(x, y, weights = weights, offset = offset, lambda = lambda, : x should be a matrix with 2 or more columns
"
195561,0.000852154644724293,0.00381030518768878,TRUE,NA
16717,1.69438895299076e-06,0.000106755868670993,TRUE,NA
296016,0.00226981834486234,0.089210461212978,TRUE,NA
471902,0.000157287958107394,1.85963619774565e-05,FALSE,NA
997586,0.173719785729416,0.163357782329359,FALSE,NA
951190,0.00540804944611646,0.0619506955572974,TRUE,NA
783196,3.80368764838733e-05,8.5450456948268e-05,TRUE,NA
309040,0.0196590999892501,0.000273615820432902,FALSE,NA
403838,0.072644948439741,0.342631701343637,TRUE,NA
526514,0.0298489338674524,0.0576151353267157,TRUE,NA
998694,0.154386763134285,1.98403925464453,TRUE,NA
373060,0.000204218418984766,0.0403110557213148,TRUE,NA
163361,0.00498330961285713,0.588558893525781,TRUE,NA
752309,NA,NA,NA,"Error in rep(1, N): invalid 'times' argument
"
639670,0.12949014558586,8.51927075875665e-06,FALSE,NA
650146,0.00019829075557328,1.78860758442992,TRUE,NA
591526,0.0160471428838306,0.00195528321917197,FALSE,NA
820017,NA,NA,NA,"Error in glmnet(x, y, weights = weights, offset = offset, lambda = lambda, : x should be a matrix with 2 or more columns
"
833409,0.0192986765409914,0.00779991085378263,FALSE,NA
940065,0.0411360871972274,0.0591903191277341,TRUE,NA
221411,6.99481212541356e-05,0.00868010874221577,TRUE,NA
529890,0.561639006686467,0.0427923343304735,FALSE,NA
658849,0.00792805762884666,1.06923393894073,TRUE,NA
916664,0.0144814735765867,3.03749910490461e-06,FALSE,NA
693689,0.000421613180228341,0.576775725955217,TRUE,NA
966141,0.142546916987024,0.0183499327940598,FALSE,NA
708045,0.00241845098010294,1.44239322201836,TRUE,NA
944260,0.207845789047196,5.77080876927093e-05,FALSE,NA
728020,0.00192606323608972,0.73629657841556,TRUE,NA
19679,1.18629546723358e-05,0.00102834973958538,TRUE,NA
74534,0.425799330942218,0.439554216827083,TRUE,NA
616279,0.00278349399031595,0.174070603650007,TRUE,NA
134563,0.0121201471437069,0.0530913589221558,TRUE,NA
49970,6.00776414671405e-07,6.03373050645473,TRUE,NA
153862,0.000322564281274604,0.0939848869633709,TRUE,NA
118824,0.363787454531409,0.0287000662716351,FALSE,NA
528473,0.326981436993297,0.0206423855668406,FALSE,NA
144441,0.000560608809861323,5.57452460620348,TRUE,NA
937349,0.0242421903422738,1.1578065745792,TRUE,NA
291977,0.14914056088421,1.27659506331213,TRUE,NA
437649,0.0136910266639555,2.62201338710095,TRUE,NA
660355,4.97282999180153e-05,0.174586182944722,TRUE,NA
902395,0.00359648072468562,0.0499030557118509,TRUE,NA
496580,0.00044133385432825,1.41052282235862,TRUE,NA
267214,4.83527519461046e-07,6.87497446831634e-06,TRUE,NA
98963,0.0203395908775397,8.22605628673761,TRUE,NA
490315,0.00272879879965228,4.61196736620749,TRUE,NA
91053,0.164379410779384,0.303851457573412,TRUE,NA
304932,0.0918533813594294,6.92773443949813,TRUE,NA
563854,0.000721826526012923,0.000110053698535515,FALSE,NA
56873,NA,NA,NA,"Error in rep(1, N): invalid 'times' argument
"
189037,0.0449631007066166,0.373583011416385,TRUE,NA
345364,0.557128965248565,0.0167320115701069,FALSE,NA
715619,0.143228580589411,0.000494671979256736,FALSE,NA
561254,0.000912046488094091,0.0100280370821912,TRUE,NA
61611,0.00157306652770763,0.385084048755271,TRUE,NA
551978,0.000614285076028845,1.22652220785298,TRUE,NA
920942,0.0828608000071111,1.69584184629906,TRUE,NA
525569,0.784251401411949,1.96481897047972,TRUE,NA
271830,0.0769645497739006,0.000622077836381149,FALSE,NA
438242,0.230602469741091,0.00224475307830531,FALSE,NA
486013,0.0308829498074558,0.0072004166664887,FALSE,NA
542420,0.0432795939064507,0.0289166169105788,FALSE,NA
225886,0.00147002183495049,0.00688544695994252,TRUE,NA
367598,0.0140820861057574,9.85041568521119e-07,FALSE,NA
860535,0.149384701482952,0.00337325217455784,FALSE,NA
392825,1.2282895469125e-06,0.019549284292374,TRUE,NA
452695,0.123310519308641,0.013159341507656,FALSE,NA
234320,0.0281273129982222,0.00662954757582057,FALSE,NA
109963,0.0452834112766125,0.563982629412557,TRUE,NA
224492,0.00792850310759708,3.4984490235306,TRUE,NA
500362,0.00424535309364525,0.061960798689683,TRUE,NA
755297,0.00129344229472353,0.120079487441711,TRUE,NA
422758,0.00437207146859388,0.00232635613117539,FALSE,NA
125027,0.154610921109143,0.00067656871979103,FALSE,NA
34078,0.0304142256259144,0.247608466619078,TRUE,NA
570510,0.0473949236288053,9.8995229221635e-06,FALSE,NA
515188,0.000271137386343266,2.76724717451649e-06,FALSE,NA
563832,0.987561745211123,0.144089786947255,FALSE,NA
623026,0.00102617296339461,0.00534534768354946,TRUE,NA
239720,0.904954044432613,9.20821529573766e-05,FALSE,NA
53803,0.00263212228571476,0.000662593408185835,FALSE,NA
332510,0.000533169039336724,2.91622348338379e-06,FALSE,NA
932598,0.0302258954746161,0.135623005107931,TRUE,NA
834875,4.50143696484422e-06,0.70660491034542,TRUE,NA
289972,0.00800436460328109,1.98351868460275e-09,FALSE,NA
153675,0.0067110336462455,0.995995931242421,TRUE,NA
365768,0.0138361419758779,1.53353001964524,TRUE,NA
159198,0.103614040160178,4.46352293235964e-05,FALSE,NA
892722,0.0772284403035664,3.90293504597275,TRUE,NA
935181,0.00200093492671528,0.0145130208352551,TRUE,NA
723600,0.000491567839287103,0.0972068236644031,TRUE,NA
383560,0.264463371488867,0.00180640398081114,FALSE,NA
477316,0.0283085271976166,3.86155779092004,TRUE,NA
851868,0.00511311848976914,0.0562507888300846,TRUE,NA
317597,0.0002952919579876,0.00245300172522028,TRUE,NA
543571,0.0143962848260596,0.00772506505373498,FALSE,NA
724401,0.0117309954720153,0.138840830400567,TRUE,NA
356835,0.00526113848982399,0.584264438921707,TRUE,NA
378131,0.00438267865404273,0.28425239255435,TRUE,NA
781008,NA,NA,NA,"Error in glmnet(x, y, weights = weights, offset = offset, lambda = lambda, : x should be a matrix with 2 or more columns
"
913583,3.46835629738344e-06,4.89183892163739,TRUE,NA
170874,0.0220139790018285,0.00165888865605656,FALSE,NA
906331,0.0103253566591176,0.503178873490444,TRUE,NA
494656,0.0172048287999744,4.11683980078933,TRUE,NA
51462,0.0457424944330521,0.0529489411740029,TRUE,NA
115437,0.0163729146816303,0.0413447724336951,TRUE,NA
885118,0.0183815776944055,0.223576182968636,TRUE,NA
392372,0.28875379967108,0.197014280337317,FALSE,NA
832161,0.0616142947879706,0.00905419166615926,FALSE,NA
990335,0.00027313737825262,0.00154175127884637,TRUE,NA
989930,0.155347555730568,1.48696428511073,TRUE,NA
835799,0.00116107485337329,4.20042540289911e-05,FALSE,NA
748654,0.00369858857784856,0.00702724309159433,TRUE,NA
385466,0.0341823571922094,1.02050046954873e-05,FALSE,NA
667177,0.000595165332659812,0.0048168500905487,TRUE,NA
110361,0.0784742532113287,0.0533580920157046,FALSE,NA
568098,0.00446475972222248,6.25988732596476,TRUE,NA
732288,0.0433183117994842,0.102018464504508,TRUE,NA
990662,0.278289031076711,0.000857586035600547,FALSE,NA
111693,0.150503486976115,2.00340116419954,TRUE,NA
969542,0.00055045392298578,6.48979564298215,TRUE,NA
607922,0.00331938185563699,9.91158078867883e-07,FALSE,NA
115606,0.00532113038759164,0.0941919941735608,TRUE,NA
133627,0.00139686041333755,0.0305412555542667,TRUE,NA
282700,0.159627157072111,0.319020812612615,TRUE,NA
29662,0.173613143269497,0.0731125515682517,FALSE,NA
710177,1.46798657032298e-06,5.45062749287775e-05,TRUE,NA
566786,0.00565851979312181,0.290401144536567,TRUE,NA
539787,0.108770475491047,0.0277398156533586,FALSE,NA
407679,0.0143887548058802,0.0577662912243172,TRUE,NA
484446,8.79726920425423e-06,0.219778682097645,TRUE,NA
275228,5.62864505302567e-08,0.000126502524895446,TRUE,NA
161628,0.00747491969878292,0.000248051126805708,FALSE,NA
342930,0.00283216981466286,0.0239509990637634,TRUE,NA
662201,0.00204697838244986,2.32724300885423,TRUE,NA
760040,0.0271182701488866,0.570430275901606,TRUE,NA
174828,0.0665807826708002,0.0959903142753971,TRUE,NA
121763,0.0026338160884327,5.50336572478406,TRUE,NA
180390,0.000361891449032576,0.389093165370458,TRUE,NA
698329,0.000176385717693837,7.46821563247528,TRUE,NA
813233,0.104366871825039,0.0175935062790263,FALSE,NA
610406,0.0272750785736894,0.731071054178204,TRUE,NA
568982,0.471676702412822,0.00694614991475234,FALSE,NA
459824,1.39750230083536e-06,1.05025709792056e-08,FALSE,NA
610386,0.00156439637817105,0.0240680974262754,TRUE,NA
277464,0.00302514115702217,0.0481570775988164,TRUE,NA
375223,0.00688395759139434,1.90761024774158,TRUE,NA
235841,0.0989516024458934,1.79655167636845,TRUE,NA
22244,0.00127569420920995,0.104544287634058,TRUE,NA
68783,0.00117247163303558,1.75426503514015,TRUE,NA
116179,0.127270282231986,0.000114259733679315,FALSE,NA
275857,0.15098233153114,2.50447936600273,TRUE,NA
383294,0.00603212126604472,0.00276207783936477,FALSE,NA
655398,0.32451263129185,0.42960254377913,TRUE,NA
476988,0.00114177833293467,0.0039962950925381,TRUE,NA
581959,0.00210917868075532,0.670637011698868,TRUE,NA
213014,0.0035768105472722,0.0559290847661228,TRUE,NA
369490,0.198527502908248,0.397110789321451,TRUE,NA
396618,0.524564402402425,0.00255726298781686,FALSE,NA
877660,0.00695554389476009,2.29746849670108,TRUE,NA
298143,6.79288181493927e-07,6.74812681884011,TRUE,NA
249039,0.0372207682135209,5.02555486753776,TRUE,NA
432463,0.367823389235453,0.643887048656534,TRUE,NA
928314,1.49890834914572e-06,0.0198151361777259,TRUE,NA
757088,0.00674008449269374,0.265033594891708,TRUE,NA
391855,0.000251367075719229,9.172945192462e-05,FALSE,NA
498941,0.00399217124428653,0.00933948077475206,TRUE,NA
475725,7.42547953290484e-05,0.000503255142719597,TRUE,NA
335787,NA,NA,NA,"Error in rep(1, N): invalid 'times' argument
"
641652,0.244279340518312,0.128033645388443,FALSE,NA
883156,0.0280362121156418,2.20893415542985,TRUE,NA
759389,0.0774477920357009,4.45374184738705e-05,FALSE,NA
905310,0.0839092013551234,0.0805486836839446,FALSE,NA
191186,0.00157180931008397,8.98366682235799,TRUE,NA
714157,0.000346994701678212,0.116635602450236,TRUE,NA
272557,0.149533854463929,0.0350286422706309,FALSE,NA
147465,0.00119079570853942,0.00497682638613105,TRUE,NA
158742,0.0371359729596881,0.000925259684964848,FALSE,NA
945519,0.000243218261622389,0.979441880777635,TRUE,NA
834828,0.00169159850682434,1.80793586221403,TRUE,NA
324010,0.00161546574357135,4.05569050771182e-05,FALSE,NA
76955,0.0171541372569681,0.305380517448943,TRUE,NA
545944,0.00825429042299867,0.66335793695608,TRUE,NA
962709,2.31895376870939e-06,0.0546441753339848,TRUE,NA
874039,0.0157128762467882,0.0292698660528895,TRUE,NA
871906,0.613849489759769,5.79618238740644,TRUE,NA
6219,0.00991581303928668,2.53300684195411,TRUE,NA
214475,4.88096643637291e-05,9.8635457749899e-05,TRUE,NA
564657,0.00678153146347247,0.201692146069997,TRUE,NA
347842,0.0105241701623873,0.344627265880245,TRUE,NA
623756,0.00710569133286274,0.00193259795572688,FALSE,NA
188412,0.000137420836374321,0.00425333395656247,TRUE,NA
767320,NA,NA,NA,"Error in glmnet(x, y, weights = weights, offset = offset, lambda = lambda, : x should be a matrix with 2 or more columns
"
728806,0.00322293208415667,1.1008770433609,TRUE,NA
154380,0.0535588921745633,0.123987855669792,TRUE,NA
325397,0.000106584208861553,0.0180265035449618,TRUE,NA
482353,0.0158266468582902,0.0298099829287389,TRUE,NA
63665,0.566592367927696,1.10062613526517,TRUE,NA
909338,0.0423933987390765,0.000307252381105371,FALSE,NA
644672,0.308124726980844,0.000202633448390224,FALSE,NA
958493,9.31650473681263e-05,6.92494950511568e-10,FALSE,NA
248451,0.740893538654819,6.37090477657775,TRUE,NA
137005,7.21619099155448e-05,0.0001227221783199,TRUE,NA
552302,0.00664917470981369,0.000138589641106607,FALSE,NA
451570,0.0026942065001815,6.0235542524755,TRUE,NA
325485,0.0806734524589897,0.00546104763459096,FALSE,NA
616861,0.00102919527509563,0.292683278336203,TRUE,NA
488173,0.00297896649548971,0.853455688501733,TRUE,NA
229686,0.471423334761547,0.198361753608493,FALSE,NA
176590,0.00561652573452959,0.00642877379889426,TRUE,NA
942704,0.152416276089932,0.0475262633920816,FALSE,NA
414981,0.0416885407336786,0.0588926985719246,TRUE,NA
757093,0.0125352610994739,6.27991452338637,TRUE,NA
213694,4.50945290066619e-05,1.36579072684165e-06,FALSE,NA
8930,0.0182182955325583,0.00548737219370146,FALSE,NA
202297,0.000528828127907021,0.0408632541523673,TRUE,NA
928803,NA,NA,NA,"Error in rep(1, N): invalid 'times' argument
"
283620,0.723322729614931,0.00183772922136457,FALSE,NA
482251,0.0043979824298833,0.225124390888581,TRUE,NA
592154,0.109873850450077,2.86268851890116,TRUE,NA
841594,NA,NA,NA,"Error in glmnet(x, y, weights = weights, offset = offset, lambda = lambda, : x should be a matrix with 2 or more columns
"
168070,0.00722753967828311,8.18307537304336e-05,FALSE,NA
266287,0.0581711129076166,0.00604169322758115,FALSE,NA
81241,3.06771574915199e-05,2.60822645658161,TRUE,NA
229483,0.000167128988106051,0.000222148501996412,TRUE,NA
636377,0.00414987094469345,0.202031218217543,TRUE,NA
284157,0.0496659968805151,0.0108793622299794,FALSE,NA
280995,0.498905919061388,3.30177732533078,TRUE,NA
123810,2.47282786634411e-05,0.00060723192989673,TRUE,NA
113899,0.00119834826872093,3.67901106401363,TRUE,NA
210280,0.000238034353133436,0.000326513298711402,TRUE,NA
963735,0.111435269582202,0.0297879774725711,FALSE,NA
335003,0.0118006178757421,1.04739309102004,TRUE,NA
66222,1.2336393365044,0.167339566364819,FALSE,NA
520202,1.31393531920356,0.134960090002851,FALSE,NA
246090,0.0612578604229715,3.44735390101378e-05,FALSE,NA
907756,0.528386741404117,0.088872574576159,FALSE,NA
927242,0.0568048825402379,0.00049901460057244,FALSE,NA
588920,0.00578546410980994,0.000969849698077444,FALSE,NA
293948,0.0200354961205332,3.18546732956805e-06,FALSE,NA
280243,0.0065581998371478,0.229715456305244,TRUE,NA
517185,0.000762803418578259,0.042362810354135,TRUE,NA
48798,NA,NA,NA,"Error in glmnet(x, y, weights = weights, offset = offset, lambda = lambda, : x should be a matrix with 2 or more columns
"
770693,0.37266546362258,0.232136705863305,FALSE,NA
247930,0.673058331206806,0.329581507998411,FALSE,NA
765822,NA,NA,NA,"Error in rep(1, N): invalid 'times' argument
"
757400,2.28495955312871e-05,2.29964456646946,TRUE,NA
68012,3.66613245857731e-06,0.0476369048538188,TRUE,NA
672700,0.0578912668018322,1.35373312146246,TRUE,NA
320967,0.150588374134371,3.45003008033853,TRUE,NA
164384,0.00343097049208345,3.10864480324572,TRUE,NA
837543,0.0506012764775994,0.0647127405556091,TRUE,NA
227266,0.2733442387126,0.0233483793563501,FALSE,NA
778307,3.74314084036489e-05,0.00193545426193277,TRUE,NA
657754,0.00114124835861155,0.63621306131267,TRUE,NA
843147,0.178719090104178,3.54265095815208,TRUE,NA
395353,1.22751291644844e-05,1.14132384791654e-05,FALSE,NA
665827,0.00243616651947735,3.86047222431789e-07,FALSE,NA
163478,0.0129604657840642,2.88685239048253,TRUE,NA
848088,1.05481624916164,2.30575973338168,TRUE,NA
9477,0.00022624620053243,0.0161579011226697,TRUE,NA
53271,0.00237354370757599,3.38574847750192,TRUE,NA
423725,1.55930442615931e-05,5.20978759000155,TRUE,NA
135039,0.217023168947717,0.00170279774199958,FALSE,NA
793919,0.460077521351043,0.000407967015288911,FALSE,NA
934844,0.301790526334129,0.236623822697202,FALSE,NA
570358,0.0210591367439744,0.0783906799968352,TRUE,NA
980522,0.0838896848355071,5.85110980390354,TRUE,NA
812530,NA,NA,NA,"Error in rep(1, N): invalid 'times' argument
"
263916,0.0107339669286,2.17808070348123,TRUE,NA
679611,NA,NA,NA,"Error in glmnet(x, y, weights = weights, offset = offset, lambda = lambda, : x should be a matrix with 2 or more columns
"
815847,7.13554672753992e-05,0.051767657105638,TRUE,NA
787089,0.0441297655747478,0.00113966862875213,FALSE,NA
199956,1.88574863157524e-05,0.375307519873299,TRUE,NA
131645,0.00641685489852516,1.55166895115862,TRUE,NA
765832,0.0137008887488422,0.0890040594780294,TRUE,NA
336322,0.00329080373997301,0.00169451660341636,FALSE,NA
77835,0.41061977608123,0.0868567216542543,FALSE,NA
649266,0.0101768465268387,0.21749602182425,TRUE,NA
99574,0.00429804017232715,0.0534761836995236,TRUE,NA
840784,0.000204806179260052,1.94576243930889,TRUE,NA
38777,0.00491028079538585,0.000102667867135781,FALSE,NA
894043,0.0606795363776548,2.75547629295331,TRUE,NA
392333,0.436447039211655,0.00233432024493059,FALSE,NA
922307,3.16355342854024,0.000745960525424251,FALSE,NA
516587,8.5089211626735e-05,1.38398118585985,TRUE,NA
674624,1.6000030000649e-05,0.000812295208622981,TRUE,NA
557487,0.0139654484966318,0.0793440772170683,TRUE,NA
478009,0.00244516432994059,0.0488350966212231,TRUE,NA
688965,0.0446733858788406,2.25211648784138,TRUE,NA
905388,0.0272846420309919,0.0245734616135689,FALSE,NA
510093,0.00108408082629055,0.0173127936128418,TRUE,NA
974646,9.6560320820508e-05,1.1406133175353e-05,FALSE,NA
397558,0.0142225261151127,0.00252387558943192,FALSE,NA
501345,0.000115538550455161,8.10875302155962,TRUE,NA
481038,0.09671448453286,3.12209808928616e-05,FALSE,NA
76464,2.55567025780929e-07,6.84312849604075e-07,TRUE,NA
499435,0.000629907434569572,0.832296757081724,TRUE,NA
780148,0.00148627816309623,2.45066478869807e-05,FALSE,NA
202900,0.00076470485171352,0.000989179660158682,TRUE,NA
650454,0.00415968438960622,5.69664823812812e-07,FALSE,NA
177755,0.236179506747975,0.584441572650326,TRUE,NA
327198,0.0111756472288749,0.000249566913128428,FALSE,NA
648639,0.00231443277421591,1.62351689843171e-06,FALSE,NA
680053,1.91801237633633,0.0480303288097985,FALSE,NA
932419,0.0474511481659969,0.00235331345849203,FALSE,NA
427957,0.000668530247269692,3.52875689342073,TRUE,NA
908644,0.0216110259766061,4.5856964469821,TRUE,NA
931176,2.46993024338021e-06,0.00877263453689027,TRUE,NA
59199,4.33129144481375e-06,3.19671271412106,TRUE,NA
206129,0.00101984517131825,0.267333794452989,TRUE,NA
469933,0.00443395352003045,0.00692100818726051,TRUE,NA
309075,NA,NA,NA,"Error in glmnet(x, y, weights = weights, offset = offset, lambda = lambda, : x should be a matrix with 2 or more columns
"
785969,NA,NA,NA,"Error in rep(1, N): invalid 'times' argument
"
157901,0.000119879718606249,0.0215735355087963,TRUE,NA
202809,0.00308757453099768,1.62734848006207,TRUE,NA
498388,0.0684590181824961,0.522920319093347,TRUE,NA
331234,0.0168242869871206,0.247315188946537,TRUE,NA
644724,0.0028297690757062,1.74509369538691,TRUE,NA
245842,0.00980698539962986,4.88283449205767,TRUE,NA
773354,0.000123619067761272,11.1514891457553,TRUE,NA
294340,0.0579967454355456,0.00991942176902078,FALSE,NA
340609,0.30914837314794,0.184188074470367,FALSE,NA
920885,0.0749019259352268,5.6758482124455e-05,FALSE,NA
120507,0.201789339466464,0.989315653947495,TRUE,NA
419685,9.60071699016259e-05,0.987868303024855,TRUE,NA
294771,0.000346188228480032,7.67978210338291,TRUE,NA
812367,0.0312853202456863,0.0235565145360602,FALSE,NA
874253,2.37765625914056,3.6222578964159,TRUE,NA
930907,0.0100834360489747,0.414053544614663,TRUE,NA
197592,0.0222128574901346,2.49057234185562e-05,FALSE,NA
340648,0.0209735842001119,0.0279203424021387,TRUE,NA
374202,0.702316707342967,0.258356179777507,FALSE,NA
616503,0.014001154455284,0.00031820884405841,FALSE,NA
20388,0.000563222922112855,1.19157881358382,TRUE,NA
487428,1.85178296287092,3.23930489083825,TRUE,NA
644784,0.484759635642358,3.02545792966725,TRUE,NA
970664,0.0118637876475455,0.93490093432999,TRUE,NA
537389,0.000559882696164322,0.000322280143639951,FALSE,NA
390724,0.000656960307305298,0.55345441218973,TRUE,NA
704903,8.27601631977525e-06,0.000162169568035484,TRUE,NA
554117,0.191605792725425,0.0266129058995241,FALSE,NA
553988,0.180945754737886,5.9576507987747e-05,FALSE,NA
568074,NA,NA,NA,"Error in glmnet(x, y, weights = weights, offset = offset, lambda = lambda, : x should be a matrix with 2 or more columns
"
545240,0.540499185502255,0.00105398606632474,FALSE,NA
888624,0.0366940463845902,1.33032172697192,TRUE,NA
590553,5.77856502185593e-07,0.0691626129416831,TRUE,NA
23615,0.00329548556044849,0.00131677253343863,FALSE,NA
81454,0.231251259887554,0.0047542691317081,FALSE,NA
751699,0.00533795625225961,0.0683362002300586,TRUE,NA
889151,0.805572058335109,0.481857204848317,FALSE,NA
555952,0.693985117900847,0.229765902594173,FALSE,NA
483594,0.0783491132029449,0.122827555579142,TRUE,NA
950431,0.0012361762487435,3.86687836393945,TRUE,NA
693221,0.250352181833246,0.790943261480153,TRUE,NA
285338,0.00258850002174531,0.369447068808913,TRUE,NA
962388,0.0296568599846873,2.55922661229035e-06,FALSE,NA
691920,0.00348605879069042,2.25395329896948,TRUE,NA
86042,0.000723348276176831,4.67672878513498e-05,FALSE,NA
533351,0.221664322494167,0.0962530305543065,FALSE,NA
981761,0.0360470240568225,0.000319623465917828,FALSE,NA
637840,0.0632517454335983,3.76574834857629e-06,FALSE,NA
446633,2.95019222925021e-06,0.108000594020101,TRUE,NA
254822,0.0106708952240879,0.000515725184239384,FALSE,NA
366064,0.130694741881386,0.0261674658021433,FALSE,NA
389534,0.000903483841855828,1.37091241021691,TRUE,NA
185868,0.082159509397854,0.663311787652825,TRUE,NA
491060,1.63815841209494e-07,3.46691389186941e-07,TRUE,NA
239678,0.0037086418150617,0.00111839160105994,FALSE,NA
963820,0.000250030965235353,0.0176187556380208,TRUE,NA
219263,0.0372281484263692,0.0123426168514702,FALSE,NA
923531,3.95881758801078e-06,1.66369564946882,TRUE,NA
561884,0.000141098660626352,0.00185012779216464,TRUE,NA
531948,0.00109672924653639,0.109718696405623,TRUE,NA
302281,NA,NA,NA,"Error in rep(1, N): invalid 'times' argument
"
78353,0.157041212387153,0.195913626020907,TRUE,NA
1945,1.1677358274939e-06,0.190932686747145,TRUE,NA
424890,0.00212215636976618,0.111953139208792,TRUE,NA
424999,0.000409625829861705,0.000368338015538171,FALSE,NA
856750,0.541775956083447,7.88512177828967,TRUE,NA
920690,0.00781743853586108,0.425274004997157,TRUE,NA
901875,0.0279493223672586,1.58663029945251,TRUE,NA
106259,0.000161472050491535,2.10431625451713e-08,FALSE,NA
760664,0.254101897145672,3.6628870573131,TRUE,NA
881699,0.000331293796472474,0.0714790216708035,TRUE,NA
367962,0.0209289868936536,0.211006290120812,TRUE,NA
217017,0.716057984201051,0.466822287543329,FALSE,NA
797226,0.0196564623757048,0.00124119189276223,FALSE,NA
844394,0.00149797220527404,0.143863430238664,TRUE,NA
933143,0.0033477198413532,2.21511824358595e-05,FALSE,NA
315607,0.0166533554036986,0.000905766606813116,FALSE,NA
45291,0.0650256980101964,0.066254858132534,TRUE,NA
704754,0.00076417027604857,0.0921165230772156,TRUE,NA
135038,0.0345228647783831,2.82578666737839,TRUE,NA
164535,0.307234151788417,0.0217378888851172,FALSE,NA
786763,0.595138576482109,0.00849790168947647,FALSE,NA
347242,0.0221097474313846,0.301469575861741,TRUE,NA
875916,0.00399837168604937,2.64666414926703,TRUE,NA
902689,0.023731273575197,0.00411143698803811,FALSE,NA
685945,0.0729824910907062,0.279244724051788,TRUE,NA
207282,0.0116059235656328,1.23181168406936,TRUE,NA
72901,9.39562080538893e-06,0.338454900337058,TRUE,NA
42644,0.000871654102916222,1.83934732256937,TRUE,NA
212354,0.408736588433364,0.199545118848737,FALSE,NA
879295,0.0593647842305414,0.0154189841632449,FALSE,NA
80900,0.00158860635183071,0.568617264787347,TRUE,NA
596986,0.106550751816208,1.13176299049468,TRUE,NA
57971,0.00130690004832781,2.14989604128311e-09,FALSE,NA
222178,0.0375244401216279,0.0261372030355379,FALSE,NA
604347,0.0428453133833366,0.00200886312649401,FALSE,NA
10916,0.0101902540008292,0.00247194256811644,FALSE,NA
614270,0.000739273272500233,0.00103673226060421,TRUE,NA
688324,0.000892278004667518,0.152947329189158,TRUE,NA
287475,0.00131093464887924,1.45104401371447e-05,FALSE,NA
110218,4.33149994433091e-05,0.00369015624178371,TRUE,NA
290447,0.0189303551043807,0.00115693895635848,FALSE,NA
258482,0.000153596972763744,0.000309349260998505,TRUE,NA
948055,0.00754644416848896,1.82441314410905,TRUE,NA
746055,0.0506199044020051,1.53372504912641,TRUE,NA
483320,0.0081517474583825,0.0311626380106085,TRUE,NA
334724,0.0107955206231932,4.66840627801631,TRUE,NA
372349,0.00891605920597843,0.149325855273699,TRUE,NA
631320,0.00111468950198169,0.0438519794613812,TRUE,NA
234711,0.621561221678101,0.225831975859904,FALSE,NA
382610,0.142773305506216,0.0605524731208865,FALSE,NA
374540,0.00380716579363999,0.201916022930291,TRUE,NA
238725,0.0723450328637197,0.059240653853061,FALSE,NA
382620,0.0933886067868626,1.45771678024108,TRUE,NA
58762,0.000741202120389048,0.000945828015004035,TRUE,NA
210763,NA,NA,NA,"Error in rep(1, N): invalid 'times' argument
"
516262,0.00113375065394124,7.29639324265075,TRUE,NA
201894,8.447332090754e-05,1.47347664247468e-05,FALSE,NA
213865,0.00330353427008254,0.261637903477943,TRUE,NA
816215,0.00842820936646425,0.116940259879935,TRUE,NA
710213,0.00526415180429316,0.0721093101439842,TRUE,NA
814789,0.0801444765204119,0.000356206547540996,FALSE,NA
55490,0.0887080365573578,0.0306219107075703,FALSE,NA
173333,0.000193235281942291,0.0047377110351738,TRUE,NA
553843,0.0532833916485707,0.00252407192962557,FALSE,NA
126998,0.00439559418036959,0.0203424024402908,TRUE,NA
794714,NA,NA,NA,"Error in glmnet(x, y, weights = weights, offset = offset, lambda = lambda, : x should be a matrix with 2 or more columns
"
691631,0.00258139717963264,0.00070674130329846,FALSE,NA
159205,0.00743290209119318,0.00435475082095639,FALSE,NA
572998,0.00384785721533237,0.00404314915446987,TRUE,NA
956946,0.0134831170753621,0.00253038468160868,FALSE,NA
542543,0.032148420237384,3.78338177335872,TRUE,NA
960110,NA,NA,NA,"Error in rep(1, N): invalid 'times' argument
"
787157,0.0101642791800868,0.595536209041561,TRUE,NA
129706,0.106998032682656,1.57230495724273,TRUE,NA
30103,8.71597569988374e-05,4.04845423083172,TRUE,NA
601788,0.00401068034892656,5.90284757332308,TRUE,NA
38675,0.00010043124723104,0.00640564207522905,TRUE,NA
67251,NA,NA,NA,"Error in glmnet(x, y, weights = weights, offset = offset, lambda = lambda, : x should be a matrix with 2 or more columns
"
521486,0.204517568157658,7.69436517445713e-06,FALSE,NA
770313,0.000781325956894141,0.103381317739364,TRUE,NA
567969,0.119324675425043,2.11594992579294,TRUE,NA
8522,0.0977931261417695,0.00980799423838375,FALSE,NA
145247,0.000325715301991295,0.723044584074127,TRUE,NA
951873,0.168548114926202,9.89252150393261e-06,FALSE,NA
520565,0.00301086442626325,0.00659449822756804,TRUE,NA
984003,2.51708504759744e-05,2.75940671013728e-05,TRUE,NA
791345,0.0406542984140687,2.3326087898294e-06,FALSE,NA
264170,0.00227190128575097,5.78151851226372e-05,FALSE,NA
428497,0.00218159019458876,6.45682038233014,TRUE,NA
261632,0.0179349458844516,1.72989188085715,TRUE,NA
960394,0.0833377280946303,0.0182023680856064,FALSE,NA
980505,0.0028053482413518,0.00365057105059961,TRUE,NA
438448,0.0775401083735611,0.312974966849716,TRUE,NA
742135,5.42067981884962e-05,0.0654492125942261,TRUE,NA
314339,0.00118789296250725,0.137425934806759,TRUE,NA
199625,0.284714278998424,1.62991837942055e-05,FALSE,NA
479887,0.00129396806202739,0.000322423874315662,FALSE,NA
804377,0.00197206693497219,2.15060743105212,TRUE,NA
59621,0.00484828157798557,0.414186459276398,TRUE,NA
107664,0.152966756088257,0.000989015111458109,FALSE,NA
816214,0.000368892681326412,0.00315407449581663,TRUE,NA
537513,0.00844280116749687,0.00590007934828656,FALSE,NA
73730,0.000109971297327854,2.94287403185331,TRUE,NA
241310,0.00183675251471173,0.660433041566377,TRUE,NA
532355,0.000171369205156384,0.00139239190732066,TRUE,NA
117732,1.51373128950075e-05,0.0690184117600555,TRUE,NA
180087,0.420160490066059,0.381005601571935,FALSE,NA
675105,0.00826102742226776,1.99102920350615,TRUE,NA
228135,NA,NA,NA,"Error in rep(1, N): invalid 'times' argument
"
823299,0.172183596228209,0.866251988158153,TRUE,NA
181448,0.0511345996319657,0.000306766873497298,FALSE,NA
413038,0.0157228158841008,1.16609582670335e-08,FALSE,NA
45067,0.00191643958208827,3.66976707081779,TRUE,NA
986150,3.16817752814775e-07,0.000153586133584958,TRUE,NA
653936,0.0533894041244666,4.56899540182523,TRUE,NA
892510,0.547313607552423,1.70424276504716,TRUE,NA
724966,5.95346243441896e-07,0.0073017702639246,TRUE,NA
47510,7.47706446500391e-06,7.8314051554516,TRUE,NA
311608,0.0822946376507875,0.00290994062621951,FALSE,NA
871209,6.11032630140626e-05,0.000161429286214351,TRUE,NA
643961,0.174278863660659,3.3958429236867,TRUE,NA
442421,0.00097898687285517,0.835596993209544,TRUE,NA
94258,0.110421594726509,2.43447162303123,TRUE,NA
946005,0.015447136748543,0.0138705225306949,FALSE,NA
991849,0.0403033235908139,1.34300835752504e-06,FALSE,NA
630902,0.373545289525682,0.600459017763241,TRUE,NA
164417,0.279345834800883,0.560682874112446,TRUE,NA
689090,0.00119385424201682,0.00758426638068563,TRUE,NA
423013,1.04687382304652,0.064815218371598,FALSE,NA
324973,0.0222021848500987,0.00128680579389577,FALSE,NA
406306,0.00220629359086496,3.9155649836455e-05,FALSE,NA
764349,0.825981278856608,0.00570565573463514,FALSE,NA
495228,0.00711844982968549,0.0520218407827735,TRUE,NA
989406,0.642580613082556,2.26923734788589,TRUE,NA
790071,0.0694464088529928,0.235524727856341,TRUE,NA
576923,0.293397021314213,0.000150836053508863,FALSE,NA
146202,0.0961034162920165,0.047418246848673,FALSE,NA
711575,0.0122204046729196,7.16489535130876,TRUE,NA
198345,0.287891451455675,0.473139085409081,TRUE,NA
858042,0.00908536730941042,1.36292693443811,TRUE,NA
766774,0.0108582064369128,0.000482342040431246,FALSE,NA
34358,2.66308791959303e-06,0.0115048139917048,TRUE,NA
766556,0.00438184160056939,0.0156454939797098,TRUE,NA
376031,0.00489144890446261,0.288528021636165,TRUE,NA
943293,0.000423346506023096,0.209139225733591,TRUE,NA
583874,0.0859208800267659,0.391285575116786,TRUE,NA
165954,0.103348372964645,0.0612860065780489,FALSE,NA
975869,3.28336259038719,2.20242793083714,FALSE,NA
863614,1.16975326816014,0.159929069616479,FALSE,NA
571984,NA,NA,NA,"Error in rep(1, N): invalid 'times' argument
"
799388,0.087884426877443,0.000134253107923069,FALSE,NA
50213,0.000411039669960004,0.000415948072163418,TRUE,NA
898885,0.288080658118644,0.0119077747597492,FALSE,NA
415950,0.0101553333624522,0.995885790878826,TRUE,NA
844586,5.73436288987444e-09,1.05030118825294,TRUE,NA
67123,NA,NA,NA,"Error in glmnet(x, y, weights = weights, offset = offset, lambda = lambda, : x should be a matrix with 2 or more columns
"
773293,1.27549714143793,0.000625995058679491,FALSE,NA
523902,0.0106481808756084,5.0746037545982,TRUE,NA
509802,0.000288129833092185,0.00244240891431083,TRUE,NA
966938,NA,NA,NA,"Error in rep(1, N): invalid 'times' argument
"
213872,0.000823998190081876,0.155372557617264,TRUE,NA
859446,0.0357423081973509,2.5556048576169,TRUE,NA
913840,0.097603306166722,0.00679262092314436,FALSE,NA
444423,3.53393331620561e-05,1.09389277425186,TRUE,NA
674657,0.0155587628962778,0.0228530521634661,TRUE,NA
412213,0.0558789769002242,0.000327153710586413,FALSE,NA
814670,0.0907836552617084,7.18763215450972,TRUE,NA
765208,0.0107839392357492,0.0149339636312198,TRUE,NA
417031,NA,NA,NA,"Error in glmnet(x, y, weights = weights, offset = offset, lambda = lambda, : x should be a matrix with 2 or more columns
"
961348,0.0160136991745798,0.393180433118446,TRUE,NA
273894,0.0200603400208581,0.199465973298668,TRUE,NA
881887,0.355528139812301,0.490609999375484,TRUE,NA
451147,0.00166847034134374,2.71114818754525,TRUE,NA
38952,0.206607356135317,0.0884953417088642,FALSE,NA
936307,1.18951719342344,0.571760034315037,FALSE,NA
619034,1.23817344792014e-06,0.00515076464397503,TRUE,NA
443745,0.111536020955026,2.43751390122106,TRUE,NA
31591,NA,NA,NA,"Error in glmnet(x, y, weights = weights, offset = offset, lambda = lambda, : x should be a matrix with 2 or more columns
"
561483,6.00911423167507e-06,1.19428440607586e-07,FALSE,NA
799589,0.0262053755009687,0.110592217771157,TRUE,NA
313691,0.230784362993058,0.219473303856615,FALSE,NA
23966,0.0124203230862367,0.0946867208635487,TRUE,NA
879012,NA,NA,NA,"Error in rep(1, N): invalid 'times' argument
"
901685,0.0185167296282887,0.000775042661771216,FALSE,NA
703780,0.108856469977768,0.0368696569856938,FALSE,NA
821442,2.1540361263829e-05,0.136130654623881,TRUE,NA
885168,0.00113498061676845,4.72579426770654,TRUE,NA
968267,0.31157705197972,0.0788256476621035,FALSE,NA
257940,0.0112865398877445,2.30139318725428,TRUE,NA
830584,0.00544579486580697,4.52980106318561,TRUE,NA
493426,0.000682255385401675,6.10296946088544e-06,FALSE,NA
640456,NA,NA,NA,"Error in glmnet(x, y, weights = weights, offset = offset, lambda = lambda, : x should be a matrix with 2 or more columns
"
379413,0.0123503939743249,0.0714435967040119,TRUE,NA
545343,NA,NA,NA,"Error in glmnet(x, y, weights = weights, offset = offset, lambda = lambda, : x should be a matrix with 2 or more columns
"
726267,0.0333054796774278,0.701576862308177,TRUE,NA
883893,0.00017689226311034,0.00130316023116072,TRUE,NA
678977,0.053853257655598,0.0130972050260712,FALSE,NA
775376,6.34731045556701e-05,0.0145424011154665,TRUE,NA
918873,0.000234996437042106,0.0274165419046184,TRUE,NA
353486,0.0249994133781662,4.11655350384698e-06,FALSE,NA
784485,NA,NA,NA,"Error in rep(1, N): invalid 'times' argument
"
621970,0.0372252410064871,0.00255699334935808,FALSE,NA
302794,0.0049955077129799,3.30323469213513,TRUE,NA
959246,1.00186525586409,2.19599577291153e-05,FALSE,NA
676209,0.00396257683972262,0.0132922861572308,TRUE,NA
655254,0.000204587222754523,0.000585041023684908,TRUE,NA
130153,0.11261554624415,0.770997080246463,TRUE,NA
327305,0.0439774158539616,0.190733761040336,TRUE,NA
108128,NA,NA,NA,"Error in rep(1, N): invalid 'times' argument
"
914132,0.000162982595823873,0.00121158922675889,TRUE,NA
501306,0.00342642568326754,0.00902283231175321,TRUE,NA
640778,0.0304093294071953,0.262146409135784,TRUE,NA
217867,0.0272735692996695,2.34747830987865,TRUE,NA
624985,0.00325762459575908,0.0235190029776161,TRUE,NA
278277,0.46934895574799,0.00194704740943948,FALSE,NA
554487,3.49920885634358e-05,3.73827853379987e-07,FALSE,NA
739682,0.069491423384596,5.43588924284816,TRUE,NA
615321,0.00116983210073582,1.45848141060171,TRUE,NA
12693,0.072860083892089,0.0285406608644419,FALSE,NA
6945,0.00260752197614163,0.202673330453179,TRUE,NA
517190,0.833359851230105,0.00176513406333946,FALSE,NA
210624,0.00310593799022883,5.10754245834451,TRUE,NA
811957,0.00036453134229929,5.05742078435425,TRUE,NA
752605,0.117212231590753,1.29716366535966e-06,FALSE,NA
106809,0.0556643862192075,0.336391602446946,TRUE,NA
614199,0.00091688584498686,3.28277328959546e-05,FALSE,NA
788336,1.52394938461252e-05,0.193637419536804,TRUE,NA
441842,1.37956841087388e-06,0.00436010121384381,TRUE,NA
640507,0.0280236855780566,2.46231861340278,TRUE,NA
482626,0.0588666257051919,0.0175348085883767,FALSE,NA
447766,1.51797315784207e-05,0.0030250584191742,TRUE,NA
339450,0.00247353823967488,2.93401931215085e-05,FALSE,NA
192685,0.0137273096593007,0.0086529943143163,FALSE,NA
76830,0.000550305794374411,5.29388388698418,TRUE,NA
507326,0.249309782748846,7.95143364744778,TRUE,NA
746057,1.6640204955099e-07,0.251514737654453,TRUE,NA
434888,0.00325307994524794,0.0267499405569331,TRUE,NA
362805,0.259095029025784,0.658162984981778,TRUE,NA
250176,0.0008139374543703,0.00432458710231473,TRUE,NA
918073,0.0854592770391903,4.49911262951122,TRUE,NA
777455,0.000482883287171413,1.8281853894046e-05,FALSE,NA
758891,0.0471346706757928,0.000393795901015871,FALSE,NA
661423,0.0119924548284814,0.105412178873393,TRUE,NA
300542,3.73152225388103e-06,0.728835684527227,TRUE,NA
724864,0.000427841357826388,0.00748562425997774,TRUE,NA
536182,0.0094283350570726,0.000114830051982238,FALSE,NA
52872,0.0184808691848342,0.00584469102832811,FALSE,NA
240426,0.000836252177220343,0.00912566536723334,TRUE,NA
354396,0.0010632862035621,1.31522533165666,TRUE,NA
616626,0.0556635647217357,0.0258434900500388,FALSE,NA
342803,0.00980776542040886,1.24764225536597,TRUE,NA
566754,0.790330205107085,0.466478970029587,FALSE,NA
51341,0.0459890320573995,0.134061877910102,TRUE,NA
450342,0.00697162685196798,0.000622443207111799,FALSE,NA
340275,0.040359509015842,0.00104845811243722,FALSE,NA
207155,0.177706475722289,2.81355767560816,TRUE,NA
362877,0.0257417743606832,0.0921183063608253,TRUE,NA
635527,0.166540597111878,0.0766054457850612,FALSE,NA
672028,0.000218683476268516,4.11857140377574,TRUE,NA
414074,2.4893731551577e-09,4.28380565282537,TRUE,NA
329585,0.0127611616829874,4.83788231553629,TRUE,NA
855974,0.275831305915546,0.0748818565648409,FALSE,NA
727103,0.0187770825161469,0.00768639499110582,FALSE,NA
484395,0.0652165862100652,4.42470804142709e-05,FALSE,NA
306223,0.00168256120473966,0.502486124776137,TRUE,NA
929001,0.00067760259371421,0.0431101815653935,TRUE,NA
670503,0.000135688280222805,0.00501027593960394,TRUE,NA
520502,1.62714852916389e-08,0.0780274138002439,TRUE,NA
186558,1.26445541776951e-05,0.00156465480694869,TRUE,NA
822109,0.0943416420345893,0.0753799627671058,FALSE,NA
617537,0.268066351790561,0.0403697223071663,FALSE,NA
72539,0.0243489675748757,0.105799683766182,TRUE,NA
439351,1.17527317363378e-06,0.6609399540619,TRUE,NA
142280,NA,NA,NA,"Error in glmnet(x, y, weights = weights, offset = offset, lambda = lambda, : x should be a matrix with 2 or more columns
"
131230,0.0316529031636782,3.81111944920007,TRUE,NA
335255,0.0222684464377154,0.0893751088659235,TRUE,NA
670271,0.0484279971572011,0.000100642641991318,FALSE,NA
677108,0.0485196911087152,0.000657079575960616,FALSE,NA
31649,0.166643867042427,5.1564488017911e-07,FALSE,NA
622388,NA,NA,NA,"Error in rep(1, N): invalid 'times' argument
"
291178,0.00175678763610417,0.000117145188685217,FALSE,NA
545986,0.571300687362339,0.0321174103867185,FALSE,NA
185696,0.00297974729194704,0.0121727675258947,TRUE,NA
888291,0.209412851135554,0.00201278871576094,FALSE,NA
984339,7.21770641323781e-05,1.80021169499021,TRUE,NA
120805,0.00320143008875816,0.00282104686342038,FALSE,NA
398444,0.838608954064222,0.226584050118709,FALSE,NA
16068,2.77069768852529e-05,0.030183961541412,TRUE,NA
206077,0.38875612436256,1.17892041471918,TRUE,NA
993662,0.0468244654187316,0.00404853853049076,FALSE,NA
856419,8.96603109761593e-08,0.0112287759936057,TRUE,NA
518369,0.00148126735230507,0.232087381212612,TRUE,NA
783018,0.0494578039995125,1.10540069384357,TRUE,NA
551203,0.476142443833004,0.0918577163641878,FALSE,NA
930264,0.166161891990331,1.09847048541361,TRUE,NA
91606,0.0455498359729186,1.8592061361586,TRUE,NA
328551,0.00122086519606086,0.0986731251688001,TRUE,NA
84921,0.364048471214835,0.0165797451314377,FALSE,NA
341807,0.0143711795113975,0.000306810535310295,FALSE,NA
626031,0.172741010289705,2.05085057435764,TRUE,NA
685485,4.463475128419e-05,0.0187633593034951,TRUE,NA
839423,0.194938056398057,1.90059730961239,TRUE,NA
617340,0.0186183308775529,0.0147142444704365,FALSE,NA
732875,0.000291995339281323,0.000351268733026923,TRUE,NA
156351,0.0302662701172798,5.78719637289951,TRUE,NA
415047,0.00114997150528953,6.84425964387651,TRUE,NA
886923,8.01431175854148e-06,0.00963077975264691,TRUE,NA
497544,0.878530668955789,0.117786529604502,FALSE,NA
411441,0.0153784993511162,3.76799974090696,TRUE,NA
44127,7.92028362407039e-05,0.018932934768709,TRUE,NA
224268,9.4557068360077e-06,0.0211772992310459,TRUE,NA
721188,0.0511584072459579,1.25665593066746,TRUE,NA
867179,0.0680786054283413,3.37617076112024e-07,FALSE,NA
21805,0.00519774842731432,0.000817696947620478,FALSE,NA
720414,0.0468360910155586,0.000385746354812732,FALSE,NA
349065,0.000210642891995885,2.78657167349325,TRUE,NA
589691,0.0374170572585896,0.000210219816778782,FALSE,NA
36975,NA,NA,NA,"Error in glmnet(x, y, weights = weights, offset = offset, lambda = lambda, : x should be a matrix with 2 or more columns
"
962828,0.0160742390328002,5.74251105339654e-05,FALSE,NA
497755,0.0820830690901008,0.141698642599785,TRUE,NA
315552,0.0013794040066954,5.2034199627246e-06,FALSE,NA
434511,0.00582056959119471,0.0380746872167163,TRUE,NA
329428,0.000218892594131285,2.48064457894729e-10,FALSE,NA
526688,0.471037156912836,3.73481779534447e-09,FALSE,NA
625470,0.000327808745378084,0.000933092915430664,TRUE,NA
323333,6.51640927313755e-06,8.6999580455694e-05,TRUE,NA
409410,0.00318620903275532,0.000406251534205289,FALSE,NA
286586,0.096485390077849,0.81548116898736,TRUE,NA
636272,0.216020171169875,2.57574639750137,TRUE,NA
781365,0.0809999777340259,0.250816836543265,TRUE,NA
437771,0.000773703024518995,3.18320086517902,TRUE,NA
392534,0.000105612635892132,0.000910976236617631,TRUE,NA
4986,0.000169830916951762,4.48433313447589,TRUE,NA
15199,0.667467975482908,2.49268262713237,TRUE,NA
612490,0.335025762468446,0.0577905109984377,FALSE,NA
243590,2.05598472849382e-05,2.72547239853916e-05,TRUE,NA
188895,0.292725616419818,0.0244436442226285,FALSE,NA
531433,3.31917376269664e-06,2.02144271148216,TRUE,NA
666111,0.110763636961126,0.0126141331080999,FALSE,NA
45863,0.0839340596024679,2.74973411319809,TRUE,NA
984250,0.000132769365738805,1.48735061332353,TRUE,NA
3823,9.79934859087561e-08,0.019172168989444,TRUE,NA
724327,5.82732142429191e-05,0.00378702637569791,TRUE,NA
146885,0.0549143284309997,7.51055791493705,TRUE,NA
717014,2.89680337250056e-08,0.376809663392859,TRUE,NA
832394,3.33450872320218e-05,2.00681322001737,TRUE,NA
706073,0.0946358283700015,0.000231172578400944,FALSE,NA
958093,0.193972630054006,6.31785537174774,TRUE,NA
422159,0.000215649149100287,7.42001323726329e-05,FALSE,NA
212958,0.00543897240624727,2.24159555673599,TRUE,NA
650727,0.00024120235592636,0.017067633506123,TRUE,NA
941989,0.00371778585534372,4.29097960024375,TRUE,NA
568499,0.0138513654317969,2.09017935336786,TRUE,NA
393278,2.37623110168384e-05,0.000688775877203463,TRUE,NA
157407,0.0576729232329544,3.09212888677194,TRUE,NA
96689,0.00825601010946156,0.00462496850589731,FALSE,NA
92175,0.0283787901659706,0.0701158753580879,TRUE,NA
115029,0.440015209463823,1.43083320400555,TRUE,NA
234008,0.0236631370769189,0.682740494662338,TRUE,NA
134793,0.043100586307364,4.09907073944528,TRUE,NA
763918,0.0696124048021667,1.12385655961497,TRUE,NA
17431,0.00103930219068927,0.00646954334591264,TRUE,NA
308657,0.0201696133046715,0.000958815527438431,FALSE,NA
230871,1.71749951010916,0.0418603762552598,FALSE,NA
610320,0.0515785555906149,0.0020156825041678,FALSE,NA
977283,0.000415050313524051,0.00198362536586958,TRUE,NA
441264,3.78487846185904e-05,0.531037397156847,TRUE,NA
572016,0.00305390751927867,0.0048488929224626,TRUE,NA
470443,8.8200529552057e-05,0.0640626999176555,TRUE,NA
530377,NA,NA,NA,"Error in rep(1, N): invalid 'times' argument
"
104331,9.65312886864404e-05,0.111576584392339,TRUE,NA
797657,0.0568641517438441,0.687019522106674,TRUE,NA
409414,0.00905401842961985,5.93584769594377e-05,FALSE,NA
809614,0.000592701812744593,0.00837213738324922,TRUE,NA
183514,0.000421061950807525,2.37481340314191,TRUE,NA
743524,0.329082116532891,0.075354192847816,FALSE,NA
164411,1.61153692591318e-06,0.101247200201256,TRUE,NA
880915,0.0414744561090696,0.0142923364249613,FALSE,NA
562087,2.4995008872934e-05,0.0682323922066325,TRUE,NA
616404,0.0760464924798178,0.0198645817687906,FALSE,NA
948031,NA,NA,NA,"Error in rep(1, N): invalid 'times' argument
"
692044,0.00472277218846642,0.241805233748538,TRUE,NA
474247,0.0404036966118469,1.27560940694504,TRUE,NA
860380,0.00182290410493867,0.0497194227344518,TRUE,NA
376338,0.000271638367663247,0.000532197428733222,TRUE,NA
466280,0.000348211031962158,6.98271913465087,TRUE,NA
729526,0.00374260747533532,0.00135608522518556,FALSE,NA
540567,0.000113765345700902,0.7290929760464,TRUE,NA
158598,0.000533539674350025,3.70613670044307e-05,FALSE,NA
401079,0.00198051750283892,0.332105732491797,TRUE,NA
42688,0.000412756390578413,0.00229670934584707,TRUE,NA
11586,0.00369657746947874,0.00392733330737392,TRUE,NA
777017,0.00351071565846134,1.30769819770547,TRUE,NA
104319,0.0284903225553469,0.00012862898040858,FALSE,NA
200410,0.185224913729788,0.15912316369469,FALSE,NA
425994,0.289606240938793,0.00225112050138667,FALSE,NA
915292,1.7128799643316,0.409957325967617,FALSE,NA
151673,1.35052927632759e-06,0.0585961338668147,TRUE,NA
857658,4.87439437889546e-05,0.00209181876269961,TRUE,NA
751759,0.30784202596169,2.21178073884648,TRUE,NA
591396,0.357277258077934,0.251396989516085,FALSE,NA
410220,0.000402299794678768,2.47568724341755,TRUE,NA
681459,0.000659884767933182,3.84773055954224,TRUE,NA
669180,1.04610686342575,0.00161088741856184,FALSE,NA
13585,NA,NA,NA,"Error in glmnet(x, y, weights = weights, offset = offset, lambda = lambda, : x should be a matrix with 2 or more columns
"
369732,0.0532562146114733,0.198431327044773,TRUE,NA
824360,0.0027320566804001,0.443040710166144,TRUE,NA
666589,0.215639895188909,0.000275589869091843,FALSE,NA
860202,3.17511320587324e-05,0.47201380182477,TRUE,NA
330295,0.124324599546042,2.60789125264576,TRUE,NA
77376,0.0332455473298375,0.00400418496803997,FALSE,NA
475839,0.023330982399243,2.45491168817965e-05,FALSE,NA
667158,0.00314877708544701,0.280124155810297,TRUE,NA
382029,0.0101732634895796,2.71302684771851,TRUE,NA
86073,3.96199532612305e-06,4.55189542003726,TRUE,NA
746648,0.000687874891814195,0.00138750928220537,TRUE,NA
33092,0.127736232285423,2.97305089495529,TRUE,NA
931144,0.000720620914199453,0.00189548371675232,TRUE,NA
154737,1.17897859948086e-08,1.45548601066868,TRUE,NA
672657,7.74234322792698e-06,9.87537343460248e-07,FALSE,NA
581751,0.0226093907329929,0.995418018541973,TRUE,NA
704325,5.19873197522103e-05,1.74439787307941,TRUE,NA
274155,8.53453633631702e-09,0.0125288960106346,TRUE,NA
544468,4.71137769411133e-05,0.0441967006527825,TRUE,NA
600250,0.000863162867334794,0.316185226423502,TRUE,NA
908230,0.0032044941825912,0.000204268640989775,FALSE,NA
685197,0.163820653110568,0.000840250593813748,FALSE,NA
113711,3.78855596669897,7.25552856102941,TRUE,NA
471353,0.202400195421349,0.239225027262213,TRUE,NA
711074,0.000386216267261278,0.000113435151619822,FALSE,NA
754973,7.03374204223846e-07,0.0163973238594155,TRUE,NA
77952,0.000578166773910587,0.0195608538621421,TRUE,NA
621528,NA,NA,NA,"Error in glmnet(x, y, weights = weights, offset = offset, lambda = lambda, : x should be a matrix with 2 or more columns
"
218679,0.0544890492108783,5.68272411501155e-07,FALSE,NA
142979,NA,NA,NA,"Error in rep(1, N): invalid 'times' argument
"
55375,0.00949674342180559,0.536089045366677,TRUE,NA
975316,8.96602007772109e-09,0.0165222211156125,TRUE,NA
599662,0.088726478088596,5.9673513306624,TRUE,NA
752257,0.00447635607532783,0.161438922626049,TRUE,NA
222044,0.0212184135110253,0.371408426129643,TRUE,NA
863100,0.021624314788992,0.394869685929621,TRUE,NA
181850,0.25076452288634,3.93660744547602,TRUE,NA
300253,NA,NA,NA,"Error in glmnet(x, y, weights = weights, offset = offset, lambda = lambda, : x should be a matrix with 2 or more columns
"
566022,0.0725339521133417,0.298325034261556,TRUE,NA
811704,0.0424761528714718,0.901254156747669,TRUE,NA
889993,NA,NA,NA,"Error in glmnet(x, y, weights = weights, offset = offset, lambda = lambda, : x should be a matrix with 2 or more columns
"
161140,0.000148099101942985,2.64782444653461,TRUE,NA
316580,NA,NA,NA,"Error in glmnet(x, y, weights = weights, offset = offset, lambda = lambda, : x should be a matrix with 2 or more columns
"
144144,0.0807113294909745,0.110534587026862,TRUE,NA
229629,0.00316544527234805,1.16891824045606,TRUE,NA
566324,0.923143425297167,0.0308106426882024,FALSE,NA
165529,0.00338380938366369,0.221263663086977,TRUE,NA
1210,NA,NA,NA,"Error in glmnet(x, y, weights = weights, offset = offset, lambda = lambda, : x should be a matrix with 2 or more columns
"
606766,0.078429262528718,0.00510517415878762,FALSE,NA
254596,0.00507089760297399,0.00554622776317044,TRUE,NA
742982,0.0175026584386042,0.0532817158828827,TRUE,NA
823706,0.0591734628221849,0.0227294818098977,FALSE,NA
619157,NA,NA,NA,"Error in glmnet(x, y, weights = weights, offset = offset, lambda = lambda, : x should be a matrix with 2 or more columns
"
935989,0.825270515655757,1.37499491742415,TRUE,NA
932490,0.00141006149700507,0.00181587218754254,TRUE,NA
115630,0.0287743534266558,0.73274915758438,TRUE,NA
925760,0.00168996675279653,8.43972042506423,TRUE,NA
570575,0.0978980214888143,0.0214069729884147,FALSE,NA
899486,0.0466310207442909,3.36178935414574e-05,FALSE,NA
76,0.0055424260827539,0.784794528669618,TRUE,NA
929471,NA,NA,NA,"Error in rep(1, N): invalid 'times' argument
"
478835,0.00013882138574727,0.00986229803952498,TRUE,NA
310576,0.253795211393857,3.4199038769531,TRUE,NA
399520,0.0086549013024395,0.00116694958354269,FALSE,NA
310409,0.00404426946788685,9.9352974453636e-08,FALSE,NA
657141,0.0024632849953219,0.000487992473676076,FALSE,NA
118256,0.0531907356033322,0.204494287108859,TRUE,NA
60451,0.377724814749215,0.136031981235252,FALSE,NA
978437,0.0139734022522699,0.0390936777995731,TRUE,NA
910873,0.040299428543413,3.13572641639878e-06,FALSE,NA
639038,0.00270983691593885,0.304247487419026,TRUE,NA
821837,0.0780816151894079,0.000660081262629442,FALSE,NA
343046,0.0108828819809776,0.0140832637302701,TRUE,NA
26600,0.000318487733214276,1.74275245777274,TRUE,NA
770569,0.319936523377195,0.00489069370760038,FALSE,NA
215764,0.00246136167196186,1.21152126194213,TRUE,NA
463367,0.000676154247711592,0.000785845203638502,TRUE,NA
51052,0.00459927478027976,1.00073300144846,TRUE,NA
565913,0.0134434447346044,0.00107017927867537,FALSE,NA
854530,0.0039460719128755,0.000722559027259057,FALSE,NA
684207,0.0318368110894842,1.64824885267029,TRUE,NA
477403,0.278429331622144,3.14096183151963,TRUE,NA
686462,0.064629098129141,0.309428348500591,TRUE,NA
154398,0.00708629817413867,0.492837493558206,TRUE,NA
528080,0.00204599612168807,0.136619530228508,TRUE,NA
218200,0.0835890913880442,1.60160083074209,TRUE,NA
827299,0.0533785595827901,0.0159481923461617,FALSE,NA
373502,0.279023067330147,0.0778341249739628,FALSE,NA
428351,0.0436841717086652,4.20231814139474,TRUE,NA
839283,2.21061400519169e-08,4.24143118647544e-07,TRUE,NA
295674,0.00101372726353291,0.0949331940671217,TRUE,NA
890642,0.00171158292018372,0.920124931002935,TRUE,NA
38567,0.00595626091343452,0.0569952137065912,TRUE,NA
809714,0.00988205708860585,5.38014723434677,TRUE,NA
227213,0.0437369610751766,0.20723328877024,TRUE,NA
393904,NA,NA,NA,"Error in rep(1, N): invalid 'times' argument
"
84063,NA,NA,NA,"Error in rep(1, N): invalid 'times' argument
"
353528,NA,NA,NA,"Error in glmnet(x, y, weights = weights, offset = offset, lambda = lambda, : x should be a matrix with 2 or more columns
"
116308,0.00112782779818793,2.0551600252581,TRUE,NA
592732,0.000452859052653837,0.000394612999101003,FALSE,NA
624437,4.54815635504449e-08,0.03014183360229,TRUE,NA
635883,0.311000313849438,0.114546934237386,FALSE,NA
402910,0.000260666787750129,0.30448457609852,TRUE,NA
215060,0.000297927850976592,0.166744534483548,TRUE,NA
714820,0.156942221913601,0.202786988831065,TRUE,NA
647572,0.581614242499708,0.274268629779211,FALSE,NA
137323,0.0766757436197465,3.31870814352241e-05,FALSE,NA
28339,0.972678427294252,0.0978752427680963,FALSE,NA
355634,0.0268500048472644,0.00446109232740567,FALSE,NA
985000,5.5578439425458e-06,4.29463570960856,TRUE,NA
236264,0.0265106556185118,6.36021110593763,TRUE,NA
512453,0.00408990366674976,0.00139736371185373,FALSE,NA
26339,0.00119245737315054,1.09291330971681e-05,FALSE,NA
922485,0.536797800130971,0.165397804777337,FALSE,NA
404763,0.00699912862291875,0.10541021462239,TRUE,NA
950932,9.65223420062445e-05,0.076428999673533,TRUE,NA
508543,0.024773079128213,0.00452563984713474,FALSE,NA
916147,0.000431349234263027,0.845151497817483,TRUE,NA
247837,0.0162397013155079,0.00219834007250334,FALSE,NA
722933,9.82425817642411e-05,1.16423998186841,TRUE,NA
893506,NA,NA,NA,"Error in rep(1, N): invalid 'times' argument
"
478332,1.86155636686399,2.57399080626603,TRUE,NA
395420,2.09153872520564e-05,0.363158369399068,TRUE,NA
925946,0.328124963383969,0.764574819695827,TRUE,NA
797051,0.124187622072393,0.00788579134649637,FALSE,NA
925547,0.997368049404889,0.0639859028491317,FALSE,NA
941049,0.0763806044429948,1.84046457550511,TRUE,NA
701825,0.0873245546367618,9.37127214831194e-05,FALSE,NA
200065,0.375438362193823,0.00214293250261489,FALSE,NA
675200,0.00801965056547304,0.258459212149978,TRUE,NA
319458,0.0100336656718151,0.00108440973433553,FALSE,NA
162928,NA,NA,NA,"Error in rep(1, N): invalid 'times' argument
"
825103,NA,NA,NA,"Error in rep(1, N): invalid 'times' argument
"
283415,0.2303325150275,0.762205396426672,TRUE,NA
136516,0.0269569880305918,1.46464477990736e-05,FALSE,NA
241880,0.00099281163515292,0.345915027932884,TRUE,NA
125380,0.37567989948816,1.9949375571274,TRUE,NA
676217,1.12770861676212e-05,0.0197063118007206,TRUE,NA
26399,8.21647573338141e-06,5.17900628600472e-07,FALSE,NA
133879,0.318663039840251,0.307304357687431,FALSE,NA
491745,0.0354743802064271,0.0140686527935993,FALSE,NA
806268,0.000509926679521396,0.00140943492943276,TRUE,NA
322296,0.0356457843907316,0.507684594425762,TRUE,NA
253927,0.00212659546965978,0.398991543465697,TRUE,NA
160235,0.0848223621542748,0.0317943274895463,FALSE,NA
737743,0.0404117611535366,5.88751038743343e-06,FALSE,NA
130732,1.61900173652792e-06,0.00120198939611857,TRUE,NA
247477,0.00308507573518179,0.000831179909537562,FALSE,NA
347982,2.10631000068174e-06,0.0252611581666312,TRUE,NA
501987,0.00756836341738673,0.0149914852468668,TRUE,NA
435827,0.00776592836242652,1.66693888418867e-05,FALSE,NA
693545,0.000444144480471657,1.57838345361846,TRUE,NA
566588,0.00150135551608627,0.106557948964068,TRUE,NA
769575,2.55555714158884,0.698956325263458,FALSE,NA
763706,0.265976610594381,0.332799937561598,TRUE,NA
43982,0.0985351710039399,1.56692422759535,TRUE,NA
431435,4.7468208096793e-06,2.0623536152082,TRUE,NA
222266,0.00126216068537025,0.0232637696902673,TRUE,NA
958374,0.0738616365106105,0.00346268337067754,FALSE,NA
253932,3.94575152680522e-07,2.28677221197491e-05,TRUE,NA
147934,NA,NA,NA,"Error in rep(1, N): invalid 'times' argument
"
451811,0.000625716604572422,3.69239154920659,TRUE,NA
55766,0.00260555766737926,1.96734468033447,TRUE,NA
415307,0.0165153919651858,0.00454173367095148,FALSE,NA
667485,0.167282416701586,0.00480042144666222,FALSE,NA
192999,0.0133916311375814,1.90842219219218e-05,FALSE,NA
487016,0.0419321412323976,2.5525174506804e-06,FALSE,NA
832362,NA,NA,NA,"Error in rep(1, N): invalid 'times' argument
"
962810,0.000462595302274985,0.208961612524076,TRUE,NA
884338,0.0237787300725281,0.0735950566999898,TRUE,NA
251783,0.126815643174822,0.0186082853863739,FALSE,NA
961659,2.59171492986217e-05,0.62003728887304,TRUE,NA
586058,0.0153047013628831,7.27629606945504e-07,FALSE,NA
216418,0.0026198796392492,0.00771117044638803,TRUE,NA
899949,0.00644506549128012,2.17025481325172,TRUE,NA
651956,0.0040053608733038,5.0435571315772,TRUE,NA
347534,0.0782792297161392,2.32177448853096e-08,FALSE,NA
113737,0.000158246686833363,0.0102797387303652,TRUE,NA
969842,0.0320305757902096,0.781092502353108,TRUE,NA
222588,NA,NA,NA,"Error in glmnet(x, y, weights = weights, offset = offset, lambda = lambda, : x should be a matrix with 2 or more columns
"
245592,8.97578994777561e-08,0.0223728108902277,TRUE,NA
713811,7.71692103311668e-05,2.77336824105126,TRUE,NA
327029,0.000224299720605343,0.00714840808151663,TRUE,NA
771675,0.0496019927387348,0.769098946684128,TRUE,NA
652242,0.0632785495266056,1.41009555775861,TRUE,NA
243257,0.000134578306684613,0.410079396561306,TRUE,NA
31528,7.38560380021118e-05,0.00158211825596122,TRUE,NA
523045,0.0121496917949673,0.000402877468155894,FALSE,NA
862856,0.00802823394954504,0.0684342077358183,TRUE,NA
75798,7.31199159791508e-05,0.000313046519876825,TRUE,NA
41963,1.24747061278154e-05,3.99620720982207e-07,FALSE,NA
747346,2.73975716804995e-05,8.16120760525411e-06,FALSE,NA
458786,0.0343931508862424,0.725532780047922,TRUE,NA
707672,0.00354020551249832,0.00061507191408458,FALSE,NA
344406,0.0777997571386535,0.00617739662762803,FALSE,NA
478592,4.02546990562905e-05,0.888489661516263,TRUE,NA
117564,0.0207234052766446,0.351159258951434,TRUE,NA
430042,0.000831482272002366,8.50205710770096e-07,FALSE,NA
206816,3.02018679916029,0.825561436504757,FALSE,NA
829644,0.0389235004947504,3.81732502710591e-05,FALSE,NA
111961,3.10561937991848e-05,4.46485832742077,TRUE,NA
347397,0.134351110825706,1.27856759444527,TRUE,NA
91645,0.000956365941838547,0.190394132611249,TRUE,NA
513672,NA,NA,NA,"Error in glmnet(x, y, weights = weights, offset = offset, lambda = lambda, : x should be a matrix with 2 or more columns
"
952007,NA,NA,NA,"Error in rep(1, N): invalid 'times' argument
"
976074,0.0077210472222687,0.0308946867869648,TRUE,NA
828408,0.0989400323165759,3.88304316791798,TRUE,NA
681478,0.0873589401985321,0.00568223789701493,FALSE,NA
354159,7.22768838625023e-06,1.35721268291282,TRUE,NA
981000,0.0527855485396337,0.0213112876427413,FALSE,NA
877228,NA,NA,NA,"Error in glmnet(x, y, weights = weights, offset = offset, lambda = lambda, : x should be a matrix with 2 or more columns
"
539452,0.000395920363090661,1.54776953059089e-05,FALSE,NA
940153,0.127172979762956,1.92590576334153,TRUE,NA
169901,0.00164390847468142,0.00714326029051593,TRUE,NA
943544,1.44680140078558,0.0115792779915773,FALSE,NA
281322,0.0455405484416413,0.2059814649726,TRUE,NA
337169,0.0080568279533681,0.00636968456276759,FALSE,NA
349782,0.0197774600248067,0.00951747913460031,FALSE,NA
215800,0.0263579853829131,8.10607074563165e-05,FALSE,NA
848497,0.000148326626523594,0.0100061239208464,TRUE,NA
248870,0.00839691288752236,2.38342245255216e-07,FALSE,NA
534519,6.25350103340989e-05,0.489214573843468,TRUE,NA
430177,0.00365428900490833,0.316162524045489,TRUE,NA
690650,2.790618379617e-05,0.140629427390535,TRUE,NA
753883,0.0110689444804718,0.0195403995899342,TRUE,NA
149082,3.61377463832215,3.8321373092052,TRUE,NA
555552,0.0632526336072541,0.000451646941479589,FALSE,NA
39239,0.00646027475913181,0.11345148628376,TRUE,NA
786606,0.0760358854619639,4.30697907182894e-06,FALSE,NA
224860,0.199389212385623,4.34072940229613e-06,FALSE,NA
572077,0.000575258140729134,0.00055475879525911,FALSE,NA
940803,0.019861337327965,0.00121874858745796,FALSE,NA
867887,0.00280301015542653,1.92136870665518,TRUE,NA
530517,0.052677073328694,0.000539747265630008,FALSE,NA
129441,0.00437940399495148,1.84990288959414,TRUE,NA
231138,0.000634458481581098,0.03744307913886,TRUE,NA
215621,0.000936822929965986,0.00382906591141008,TRUE,NA
363994,0.707391549252442,0.673276074410932,FALSE,NA
427166,0.00217520050352657,0.00592752096339436,TRUE,NA
162253,0.176361312429828,2.72825765265731,TRUE,NA
953586,NA,NA,NA,"Error in rep(1, N): invalid 'times' argument
"
266471,0.12618489915475,3.4549434511774,TRUE,NA
675959,NA,NA,NA,"Error in rep(1, N): invalid 'times' argument
"
531089,0.000185533186599238,0.0756871978473763,TRUE,NA
557898,3.78638231886504e-11,0.00104236001806112,TRUE,NA
773011,0.0238227089193312,2.37178411060375e-07,FALSE,NA
144454,0.177541678977218,0.0699400905531123,FALSE,NA
762980,1.73374430891133e-05,0.0141923222994153,TRUE,NA
523356,0.0272557767010904,0.000909131135739618,FALSE,NA
543304,1.69527514072594,2.86526765014528,TRUE,NA
943321,0.388182415836278,0.0122617751679938,FALSE,NA
162026,0.0617401637152027,0.00416021447331435,FALSE,NA
123419,0.0766777737076157,0.563973223861711,TRUE,NA
386275,0.0974519225268916,0.0470837341801327,FALSE,NA
290903,0.0896846249906428,1.07608136341463,TRUE,NA
623420,0.0470345384543976,4.54994115020179,TRUE,NA
525383,0.000151297899925807,0.118355647700203,TRUE,NA
879856,0.00837438717606607,0.00170398348813683,FALSE,NA
856016,0.113983249371948,0.0970211533159046,FALSE,NA
835596,0.069773845129357,5.41329234565772,TRUE,NA
152368,0.00664778488715267,0.283430565534758,TRUE,NA
470674,0.119513794078337,3.87874987259875,TRUE,NA
28317,0.808134420294699,0.315024854399763,FALSE,NA
565908,0.00114199648834831,0.43016406968585,TRUE,NA
751538,1.030091299498,0.211240113044368,FALSE,NA
109832,0.55950796976686,0.0267656396118263,FALSE,NA
669252,0.00919549527644121,0.00326765464692416,FALSE,NA
616601,5.74936115257071e-08,7.35986827065543e-11,FALSE,NA
399969,0.0120283174650934,0.0243062329625069,TRUE,NA
583379,0.00534914844067041,0.542144068081775,TRUE,NA
855257,0.251260588209544,0.256121549201007,TRUE,NA
928539,0.00712280871955734,0.0604919592191265,TRUE,NA
565143,NA,NA,NA,"Error in rep(1, N): invalid 'times' argument
"
428429,0.0285661613383149,2.62999504031776,TRUE,NA
27282,0.036782829818258,0.00641712604472726,FALSE,NA
109429,0.00290864452152306,0.0173746136904436,TRUE,NA
53111,5.21297345017319e-05,0.000428132349944322,TRUE,NA
313071,0.0549158888514938,1.20858242157012,TRUE,NA
680284,3.813926524869e-06,0.0333112839699431,TRUE,NA
726057,0.00182196424290917,0.612802518283359,TRUE,NA
570080,0.217203285726665,0.997383239791464,TRUE,NA
876268,0.00994923674721955,0.0118206695362127,TRUE,NA
228162,6.95810325806198e-08,1.67412450205573,TRUE,NA
565166,4.62918943077594e-07,1.01586265301726,TRUE,NA
412024,0.0128258586835779,2.67601526329502,TRUE,NA
91379,0.00330328125707237,2.25885963702741,TRUE,NA
97271,0.0238430949170838,0.00011595129251438,FALSE,NA
102914,0.214381550070104,0.0345053628665093,FALSE,NA
726166,0.0851395575013665,1.47969565142106,TRUE,NA
636925,0.325455698742478,0.00780923480072174,FALSE,NA
980192,0.0717237791333821,4.50309854975773,TRUE,NA
126131,0.000917380167883973,0.000335409737335452,FALSE,NA
501834,0.0306719483856331,1.06301291971092,TRUE,NA
467522,NA,NA,NA,"Error in rep(1, N): invalid 'times' argument
"
382250,9.39017802222281e-06,6.55141520146405,TRUE,NA
964180,0.406420326840413,4.49480448216245e-05,FALSE,NA
399572,0.00747206150910172,8.80103285655796e-05,FALSE,NA
54445,0.0552828577843742,0.0230354161294418,FALSE,NA
698551,1.17371353263189e-05,1.59195041158734,TRUE,NA
850576,0.000416486189571254,0.467065628067668,TRUE,NA
340298,0.0505993731758496,0.755459086562559,TRUE,NA
22028,NA,NA,NA,"Error in rep(1, N): invalid 'times' argument
"
455088,0.667726696361421,0.379227412133598,FALSE,NA
300040,0.0187321342549782,0.891657605135548,TRUE,NA
522314,0.428524146632672,0.694787751823443,TRUE,NA
661393,0.0310159731633842,0.00918602730733333,FALSE,NA
533448,0.00615682502336268,0.000648976405438509,FALSE,NA
88825,0.334901608245561,0.988439736972026,TRUE,NA
781172,0.0333556256745086,0.0037848656038417,FALSE,NA
336084,0.00621853759048554,0.0643304746126874,TRUE,NA
936554,0.0245505652462484,0.123094698847193,TRUE,NA
243092,0.000637388520581964,0.083351149580705,TRUE,NA
586934,0.000535848813419922,2.47586225131382,TRUE,NA
363570,0.000688868938764218,0.0165832701153274,TRUE,NA
498856,0.00133062516248895,1.4731060241185e-05,FALSE,NA
741962,2.78981798794303e-06,2.92641562679243,TRUE,NA
493096,7.65723468784322e-05,3.89481938148205,TRUE,NA
333165,0.00204639184115691,0.382199958842212,TRUE,NA
405190,0.000113562361520331,0.666222533702959,TRUE,NA
386874,0.873494343837635,0.000332110675220846,FALSE,NA
89147,0.000379441596279192,1.65938991211137,TRUE,NA
383314,0.0118757110313169,0.448324534301675,TRUE,NA
590431,4.16346971037692e-05,0.023521330237942,TRUE,NA
471630,8.06067282640485e-05,0.275445902166759,TRUE,NA
497641,0.00298185897922235,0.0120723831075765,TRUE,NA
474636,0.00391813976865031,0.00364469027870029,FALSE,NA
845513,0.393956087908867,0.0762159006749858,FALSE,NA
114847,0.000728450220301185,0.0159428224467076,TRUE,NA
830487,0.0780194823407615,0.0842638002081445,TRUE,NA
139831,4.05196239522184e-05,0.0610218351549958,TRUE,NA
960405,4.1771420994336e-05,0.000132965356959105,TRUE,NA
169135,9.30376488501134e-06,0.0772479407893269,TRUE,NA
2231,0.00046678708574434,0.00296206161714095,TRUE,NA
240019,0.0773015089241529,1.3174046433495,TRUE,NA
292679,0.199442863576536,0.0860375666543036,FALSE,NA
95871,0.0500594317298748,0.000147201747278861,FALSE,NA
338476,9.00847118722582e-05,1.93999154697365,TRUE,NA
16898,NA,NA,NA,"Error in rep(1, N): invalid 'times' argument
"
52723,0.0348231142650969,1.12062329390941,TRUE,NA
96547,9.35044477818157e-08,0.000948953095777137,TRUE,NA
633668,7.95145505310949e-10,2.4052482391031e-05,TRUE,NA
923933,0.00957902111638194,6.38478866842496e-08,FALSE,NA
962211,0.0237676680182506,0.00659670580866236,FALSE,NA
290886,0.543582487422171,0.0113075633945081,FALSE,NA
219009,3.18528710915493e-06,7.85048165919025,TRUE,NA
929489,0.30514569325187,0.0249915678972618,FALSE,NA
635580,0.0607678320017175,1.40179721158145,TRUE,NA
734194,0.778320944892461,0.0183377512298071,FALSE,NA
273595,0.00386989942615176,0.353659791161416,TRUE,NA
666782,0.0891992238772942,2.34867048932865,TRUE,NA
887773,1.20794847981309e-07,0.000204856975069231,TRUE,NA
216827,0.442853330792186,0.135846719118743,FALSE,NA
586755,0.00735666511875357,0.274892878468968,TRUE,NA
726250,0.00238695520408378,1.32532804212308,TRUE,NA
10527,0.000403395736398768,0.000659756311258823,TRUE,NA
556705,9.66004702740506e-07,0.0771998682497041,TRUE,NA
172676,0.029490382355987,0.00119804031821806,FALSE,NA
244306,0.00432687062968169,0.491562146094467,TRUE,NA
501193,0.000176880630530109,0.0106798711606935,TRUE,NA
984147,0.000309036760321469,2.19310514293281e-06,FALSE,NA
451352,0.00561017948117448,4.80326889374981e-12,FALSE,NA
67290,0.298276352342327,0.778406245593868,TRUE,NA
32093,1.40388371210854,0.00277608858884199,FALSE,NA
8013,0.0137737129179727,0.0289130066896171,TRUE,NA
796236,1.77507098529321e-05,0.0254802164434402,TRUE,NA
293249,NA,NA,NA,"Error in glmnet(x, y, weights = weights, offset = offset, lambda = lambda, : x should be a matrix with 2 or more columns
"
991698,0.0132413583607477,0.834488677914237,TRUE,NA
861286,0.00645652063520566,0.00117865323956559,FALSE,NA
59340,0.00105468247188674,5.20836163855197,TRUE,NA
267751,0.000516479242216917,0.295923285748732,TRUE,NA
2402,0.00220385697073271,0.00136938811168144,FALSE,NA
812050,0.000198153230823715,0.0785632125528074,TRUE,NA
104940,0.00102896508124984,0.223289473905783,TRUE,NA
178376,0.000918718110193695,0.028369662860058,TRUE,NA
86738,0.0508536235696372,0.000405422029456043,FALSE,NA
339319,1.92403572490441,0.0408321975672307,FALSE,NA
54313,0.088652241244946,7.19524845368175e-05,FALSE,NA
421696,0.0237934848536425,0.0182846085551579,FALSE,NA
389114,0.268415380545768,0.0169523023945912,FALSE,NA
501464,NA,NA,NA,"Error in rep(1, N): invalid 'times' argument
"
677709,0.0003105315673507,3.18165050837252,TRUE,NA
589589,0.00823939925621577,2.7000368579922,TRUE,NA
464642,0.011134270045665,0.0214940473429125,TRUE,NA
820907,0.801756786357479,5.99725923635962e-05,FALSE,NA
545811,0.00321724580882002,0.071598926764328,TRUE,NA
880392,0.000394793590893085,0.0121984671052273,TRUE,NA
77520,5.01561188790541e-05,0.000189642212932893,TRUE,NA
705744,0.0045174375609246,0.000962189472209685,FALSE,NA
876056,NA,NA,NA,"Error in glmnet(x, y, weights = weights, offset = offset, lambda = lambda, : x should be a matrix with 2 or more columns
"
365251,NA,NA,NA,"Error in glmnet(x, y, weights = weights, offset = offset, lambda = lambda, : x should be a matrix with 2 or more columns
"
703714,0.00950047920450358,0.0165078507501932,TRUE,NA
249014,NA,NA,NA,"Error in rep(1, N): invalid 'times' argument
"
150982,0.00900896577150291,0.0346371865437898,TRUE,NA
384552,0.00144823180417618,0.270009623563531,TRUE,NA
412477,0.72947305013093,0.00287519128009238,FALSE,NA
931790,0.000363548086227339,0.00559314519809502,TRUE,NA
196572,0.00282167278462874,0.00020159663138767,FALSE,NA
84341,0.141385343156516,6.58868303518036,TRUE,NA
396884,0.00598310509994079,0.0365160537764536,TRUE,NA
240204,0.00728715383740846,0.243644076153777,TRUE,NA
993973,0.0132083756300899,0.149724832284794,TRUE,NA
926345,0.0177058681100732,0.301765243779689,TRUE,NA
852931,3.29204031710315e-07,0.0272288757408004,TRUE,NA
253866,0.00135714731930292,0.207093789607755,TRUE,NA
741912,0.000338705154211365,5.83783622280285,TRUE,NA
686447,0.0321852977963481,6.88883543634503e-05,FALSE,NA
50405,0.0149887998839569,0.0295054754986559,TRUE,NA
367656,0.0332537833249755,0.881850980679523,TRUE,NA
406194,0.244581818758065,0.0975800554538222,FALSE,NA
515671,0.00637530577652093,0.00611786354967644,FALSE,NA
782987,0.35207778910951,0.000985073003327489,FALSE,NA
856251,0.0872438523560025,0.000478337189506769,FALSE,NA
531260,0.0975171218470993,0.0948594801524807,FALSE,NA
185971,0.0301411308027941,1.70891487124854e-05,FALSE,NA
717371,0.353941403040971,0.00388893588745434,FALSE,NA
589013,0.00463998511122186,0.0233402210832305,TRUE,NA
796169,5.68483548409621e-05,3.98272748069116,TRUE,NA
679584,0.0549070238503054,0.266064679747762,TRUE,NA
358132,0.142836869023113,0.00400042804151635,FALSE,NA
962141,0.000112907761209575,0.984648241413822,TRUE,NA
52145,0.00183811125959026,0.765771845899616,TRUE,NA
756479,0.00473907375193,0.0286374027125448,TRUE,NA
534368,0.000538135322130737,2.31728258015535,TRUE,NA
270416,0.124278243292002,0.225827223403799,TRUE,NA
872424,2.48486767401182e-05,0.870329984435852,TRUE,NA
333778,0.0394185064434599,0.222787126879391,TRUE,NA
140616,2.64039135095728e-06,0.000809022905279962,TRUE,NA
621313,0.00100208419705451,0.0212609073016694,TRUE,NA
614276,0.000220486760078765,0.00241256337102123,TRUE,NA
229640,0.014711494266102,1.75866045920377,TRUE,NA
621020,9.535046698066e-05,1.21069444804037,TRUE,NA
202440,0.00363074190295754,2.75032775710671,TRUE,NA
737841,0.0835645459933914,0.413008630244118,TRUE,NA
758053,7.86678566427467e-06,4.35805853376279,TRUE,NA
764536,0.00593469128233726,4.37177538808648e-07,FALSE,NA
891223,0.0446187204842902,2.84422386484555,TRUE,NA
210898,0.00368847329191926,1.18851619249864,TRUE,NA
596363,0.484264389310613,0.565409497304378,TRUE,NA
596473,0.0126987729516723,0.0235789281773338,TRUE,NA
607985,0.00519482143335593,4.35400088617223e-06,FALSE,NA
943249,0.00895429345082613,7.90937419258749,TRUE,NA
822706,5.4669048609242e-06,4.4300393533488,TRUE,NA
308854,0.00106613365602839,0.0257047258230777,TRUE,NA
587068,0.00219340767067783,0.0145327663641654,TRUE,NA
117484,0.0079041171145704,0.00167803757719495,FALSE,NA
210314,0.00114841104389195,0.00928531694575296,TRUE,NA
17126,0.00542051964545628,3.88254858529884e-06,FALSE,NA
707071,0.675620145762359,0.221383650945469,FALSE,NA
885424,0.044447197992587,0.347711493752958,TRUE,NA
79083,0.000131057953517642,1.73796335938402,TRUE,NA
897480,3.33394069537129,0.14687192419977,FALSE,NA
250819,0.000754003807602874,0.0159944043117327,TRUE,NA
872862,0.00574887236540217,1.21986434711715,TRUE,NA
559068,1.81052016504326,0.280220788535682,FALSE,NA
296963,0.00282825675786433,0.0776033362721167,TRUE,NA
838097,0.00065176689106226,1.07934943914803,TRUE,NA
73745,0.0209213940002237,0.330177978488038,TRUE,NA
825302,0.0480144720868623,0.446678937467821,TRUE,NA
408042,0.00011103864002169,0.506832799454708,TRUE,NA
848445,NA,NA,NA,"Error in glmnet(x, y, weights = weights, offset = offset, lambda = lambda, : x should be a matrix with 2 or more columns
"
954029,0.0599138124905311,0.011139666419394,FALSE,NA
90016,0.0365059653299958,0.129651113803233,TRUE,NA
349966,0.00791011316084597,2.57171608040235,TRUE,NA
825284,0.211059344843091,0.000657263361556134,FALSE,NA
828178,0.000623177992284974,0.0107974400761623,TRUE,NA
100190,0.270998845669232,0.00208373529242748,FALSE,NA
118505,0.000229297135748952,2.56106072844362,TRUE,NA
609914,NA,NA,NA,"Error in rep(1, N): invalid 'times' argument
"
142498,0.0355177994154421,0.182049758587469,TRUE,NA
126139,0.0634618513403365,0.0137685448694227,FALSE,NA
772613,0.0871417597109362,0.236289024257224,TRUE,NA
177939,0.00048975666105055,8.48122065276701,TRUE,NA
238832,0.00631928320513678,0.0534731367367302,TRUE,NA
560530,0.0777946032677353,0.0281620330777424,FALSE,NA
545885,0.00856628434725319,0.0105481226660199,TRUE,NA
762104,0.810955058426151,0.131431565130715,FALSE,NA
275513,0.00414413514258074,0.0283771745535452,TRUE,NA
604625,0.00468528503226894,0.302549572374051,TRUE,NA
507753,0.479085388944018,0.525986774008188,TRUE,NA
405812,0.0018522469363647,0.506573582953961,TRUE,NA
37945,0.00060602084180977,0.00839940868355018,TRUE,NA
751183,0.207376815252488,0.136301139959078,FALSE,NA
436433,0.00676431129350746,4.79101238369161,TRUE,NA
31940,5.24107313398533e-06,8.08225563607488e-08,FALSE,NA
113301,0.000263327378229442,0.00174892665365871,TRUE,NA
882992,0.12689921984755,0.0101833410069184,FALSE,NA
562400,0.0486558237379423,0.0245846212614604,FALSE,NA
936255,0.0173066264647853,3.512224293829,TRUE,NA
894224,0.0142818460305657,0.0950694556396407,TRUE,NA
569085,0.0281529210915413,1.9500729966768,TRUE,NA
71760,0.000165823327594233,0.00217111781914602,TRUE,NA
879143,NA,NA,NA,"Error in rep(1, N): invalid 'times' argument
"
747555,0.00300621657245311,0.00860640273950812,TRUE,NA
566071,0.00655745455438839,2.65139189863342,TRUE,NA
429041,0.0430417663755116,0.15557073658187,TRUE,NA
47721,1.77328181476666,7.38037922011214e-07,FALSE,NA
464238,0.0013912530038332,8.81086929217202e-07,FALSE,NA
527334,0.324032957065302,0.00164198064873009,FALSE,NA
182722,0.113454494657013,1.60770134300541,TRUE,NA
503440,0.000232196440404008,0.0913617382818475,TRUE,NA
920527,0.0830839401571142,0.290658954614876,TRUE,NA
37239,0.00287829638602364,2.58304005610332,TRUE,NA
288496,0.00154407215599218,0.287578014198731,TRUE,NA
840876,0.000157480765436794,0.00294434491028189,TRUE,NA
893417,0.000437762166065965,0.0181552328621584,TRUE,NA
9806,0.0459684797880598,4.31697078256084,TRUE,NA
701460,0.0176006373964703,0.307904919425239,TRUE,NA
342692,0.0833661880757178,0.20934153374154,TRUE,NA
306094,0.00049098243685766,0.41445555564489,TRUE,NA
415086,0.00118101669301381,3.96153383786964,TRUE,NA
808524,0.00530668994885829,0.798261549033995,TRUE,NA
393127,4.52489607501354e-06,1.01117562883805e-07,FALSE,NA
263622,0.00203842131399007,0.0218547839794019,TRUE,NA
28680,0.0802938085754707,0.00228896280061557,FALSE,NA
391153,2.26159058403341e-09,0.000125597046325621,TRUE,NA
816027,2.87019682711287e-05,0.0175515885616305,TRUE,NA
590044,0.0296708795008979,0.124783867469086,TRUE,NA
536013,0.00293218968429016,0.126704871592037,TRUE,NA
643910,0.00825156110000253,3.83860292550786e-06,FALSE,NA
268233,0.0477933331625379,2.02439498218653,TRUE,NA
891144,0.0676677588434369,3.77887482125749,TRUE,NA
269083,NA,NA,NA,"Error in glmnet(x, y, weights = weights, offset = offset, lambda = lambda, : x should be a matrix with 2 or more columns
"
229962,0.148151373475243,0.000549846618935391,FALSE,NA
296093,NA,NA,NA,"Error in glmnet(x, y, weights = weights, offset = offset, lambda = lambda, : x should be a matrix with 2 or more columns
"
467256,0.0452766072459211,1.03773155104868,TRUE,NA
486872,NA,NA,NA,"Error in glmnet(x, y, weights = weights, offset = offset, lambda = lambda, : x should be a matrix with 2 or more columns
"
252773,0.00051288593453769,0.00550383692925153,TRUE,NA
600435,0.000798579729059947,0.0694470701779762,TRUE,NA
886932,1.06158955681053e-05,0.291300415248108,TRUE,NA
480683,0.00213144328299341,0.108602018125159,TRUE,NA
885359,5.83857988187564e-05,0.00372649485664324,TRUE,NA
134802,0.0385233719506697,0.901266404755447,TRUE,NA
220087,0.00229605217172469,2.11634800697543e-05,FALSE,NA
732724,9.04158663351206e-07,0.0400912551287775,TRUE,NA
659296,0.000440428286639576,0.716015732020254,TRUE,NA
901545,1.01108260948172e-05,0.0343974264382865,TRUE,NA
791955,0.00298247203832857,0.949987425053146,TRUE,NA
539386,0.0852906796836542,0.138209041074791,TRUE,NA
777002,2.21301972196381,0.132209298102387,FALSE,NA
1477,9.41564287506597e-05,1.85213291897651,TRUE,NA
105379,0.0260469658419231,0.344282812785592,TRUE,NA
706785,0.00650053375728583,1.85485211602239,TRUE,NA
80001,0.0174175392023581,0.0160360078770791,FALSE,NA
100371,NA,NA,NA,"Error in glmnet(x, y, weights = weights, offset = offset, lambda = lambda, : x should be a matrix with 2 or more columns
"
815944,1.31967246900654e-05,0.575580858520044,TRUE,NA
339546,0.00948406125528498,3.87205643654644e-06,FALSE,NA
742052,1.19947141180348e-09,0.0184481326062611,TRUE,NA
305855,0.29657336975371,1.61417738300691,TRUE,NA
93762,0.178657640217321,4.14928891286618,TRUE,NA
289244,0.0118563799913605,0.0711752081559644,TRUE,NA
158146,0.0237973735865257,0.605328278044601,TRUE,NA
985442,3.83855595656536e-06,0.468323846504457,TRUE,NA
664257,0.333775770649625,0.00426463916762334,FALSE,NA
134021,0.0332620417417724,4.37316849399945e-13,FALSE,NA
166879,0.0598815371674919,0.772812742353558,TRUE,NA
452712,0.00204606918336565,0.0420710787449109,TRUE,NA
508899,0.00444657236912178,0.000792938869508132,FALSE,NA
153588,NA,NA,NA,"Error in glmnet(x, y, weights = weights, offset = offset, lambda = lambda, : x should be a matrix with 2 or more columns
"
251872,0.112577879991707,0.0545542326739135,FALSE,NA
978046,0.00133112263007925,0.00370798342171549,TRUE,NA
768248,1.44604129562416,5.57706307969227e-06,FALSE,NA
13252,0.0541257644815476,0.222408864538693,TRUE,NA
842343,NA,NA,NA,"Error in glmnet(x, y, weights = weights, offset = offset, lambda = lambda, : x should be a matrix with 2 or more columns
"
651675,0.0436483111674618,1.07996687658792,TRUE,NA
163251,0.050991213594783,0.00768790924362363,FALSE,NA
198387,0.00303299861137076,0.0562192479841298,TRUE,NA
677428,0.0181498027836491,0.560382010746877,TRUE,NA
829744,1.06790602449168,0.0126130411424975,FALSE,NA
23960,2.90150721555984e-06,1.87510380576346,TRUE,NA
575713,0.0897432106567256,0.163547050736603,TRUE,NA
470341,0.0911146670300907,0.0556532818584622,FALSE,NA
556068,0.00629784226035509,0.042957639897271,TRUE,NA
133448,9.22540232823599e-05,0.27711619714513,TRUE,NA
927583,0.00603385273522149,5.21808799398733,TRUE,NA
210518,0.00221177999467647,0.261819815270841,TRUE,NA
565858,0.00054290411310955,0.00544128482292638,TRUE,NA
117583,0.0112916558937404,0.743532249655497,TRUE,NA
119837,0.164023323508036,0.0957901269415553,FALSE,NA
651202,0.011931070552571,0.127829167277805,TRUE,NA
896066,0.0195565123942544,0.0108496889951207,FALSE,NA
603026,1.12397666366627e-05,3.59527092578562,TRUE,NA
257649,0.000750001144964843,1.50133691698343,TRUE,NA
261537,0.131593633970379,0.000948534583338609,FALSE,NA
482051,0.00943041529585352,0.0292940213375107,TRUE,NA
793287,NA,NA,NA,"Error in glmnet(x, y, weights = weights, offset = offset, lambda = lambda, : x should be a matrix with 2 or more columns
"
544735,0.000358401627666933,0.00974264102454594,TRUE,NA
887046,1.47279087083597e-05,0.0301707552502378,TRUE,NA
12026,0.00683029136605158,0.00912744209697694,TRUE,NA
620076,0.284981731372413,1.30746027243489,TRUE,NA
834135,0.24087547332314,0.046900616891951,FALSE,NA
126938,0.00129394442418003,0.489307494017771,TRUE,NA
308197,0.0468435150808504,0.00951486405738988,FALSE,NA
574937,0.0231262228979553,0.112238302975399,TRUE,NA
518539,0.0820853456564514,0.00274338897918241,FALSE,NA
439698,0.088092064460267,0.00144231730386825,FALSE,NA
714627,0.222472029632607,1.49836590580753,TRUE,NA
563782,0.000108369123878527,1.9924578814123,TRUE,NA
528170,NA,NA,NA,"Error in rep(1, N): invalid 'times' argument
"
756768,NA,NA,NA,"Error in rep(1, N): invalid 'times' argument
"
788497,0.108785335958272,0.0574768124453765,FALSE,NA
811132,0.0293509186084877,0.0761368374092289,TRUE,NA
769898,0.0438099863779037,0.450528934452568,TRUE,NA
741754,1.52891666636658,0.0899070926426527,FALSE,NA
430930,0.698660367210264,0.0135832042906712,FALSE,NA
592920,0.00161398620492645,0.118541615469946,TRUE,NA
674399,0.00100803846565364,6.39628969281439e-06,FALSE,NA
284303,0.144239804791162,0.000733611146398468,FALSE,NA
647209,0.0364997300501927,0.00151821583046211,FALSE,NA
237864,NA,NA,NA,"Error in glmnet(x, y, weights = weights, offset = offset, lambda = lambda, : x should be a matrix with 2 or more columns
"
93960,0.000160673145831451,0.201951492270525,TRUE,NA
180546,0.374739027368796,0.0223723581577012,FALSE,NA
497551,2.21448148396211,0.767856579923523,FALSE,NA
644826,0.159778436263027,0.00016618662623613,FALSE,NA
324542,NA,NA,NA,"Error in glmnet(x, y, weights = weights, offset = offset, lambda = lambda, : x should be a matrix with 2 or more columns
"
847500,0.451214797756839,0.00734050155540871,FALSE,NA
561119,0.27751264105344,0.123665377102379,FALSE,NA
395160,0.379259458889952,0.0168645095809476,FALSE,NA
790238,0.2254887482207,0.372419780345748,TRUE,NA
605880,3.01069038612687e-07,1.52754996527079,TRUE,NA
689026,9.74946045541782e-05,0.043076373904683,TRUE,NA
514944,0.042314390989723,5.24572673024712e-06,FALSE,NA
796405,0.00346519034206624,0.0105522878017769,TRUE,NA
2430,0.933342201196883,0.0096284737632686,FALSE,NA
165891,1.69848046161184e-05,0.000997693906443591,TRUE,NA
576347,1.4930174305635e-05,2.60760461685055,TRUE,NA
374374,NA,NA,NA,"Error in rep(1, N): invalid 'times' argument
"
241917,0.10832439607655,0.414641103923807,TRUE,NA
735153,0.0170650333548617,1.82684697020552e-05,FALSE,NA
982780,0.000601973463050057,0.000687737823781589,TRUE,NA
575710,0.0105459813654349,1.93776214873714,TRUE,NA
497204,0.562532481654623,0.485903688292183,FALSE,NA
273491,1.73099451414287,4.78790443811952,TRUE,NA
764057,0.377823662427319,0.781801792898174,TRUE,NA
615784,0.0705206678691579,0.0177092497703742,FALSE,NA
367258,0.707772963762941,0.00285933904516914,FALSE,NA
130582,1.59900414959549e-05,0.0481789520713689,TRUE,NA
165263,0.257718161766264,0.00071906182846639,FALSE,NA
996854,0.0818077033660823,0.142209729060406,TRUE,NA
6783,0.00772335778159745,0.340492377498505,TRUE,NA
848048,0.000333066935040412,6.66277463762273,TRUE,NA
636146,0.00136419608452844,0.00503364687892293,TRUE,NA
347206,0.000726667117220905,0.000895158999111486,TRUE,NA
121552,0.0235405749039315,2.11628287618337,TRUE,NA
317872,2.93098666614513e-06,0.00490048149373819,TRUE,NA
609318,0.259604911594966,0.451114932160963,TRUE,NA
4474,0.114604640278266,0.477383138246707,TRUE,NA
491111,0.0427757764550982,0.272185666391574,TRUE,NA
907080,0.00265706403208042,0.00303132952120766,TRUE,NA
664883,NA,NA,NA,"Error in glmnet(x, y, weights = weights, offset = offset, lambda = lambda, : x should be a matrix with 2 or more columns
"
588219,0.0699147981801646,0.000169946073172691,FALSE,NA
895231,0.109644349419902,0.027411364901473,FALSE,NA
468948,0.0749166252190977,0.0573690052906309,FALSE,NA
616570,0.0395499013391645,0.00369870010525687,FALSE,NA
198922,7.72569778311716e-05,0.00540993370451317,TRUE,NA
898000,0.000141328280192513,0.134015870095694,TRUE,NA
303745,0.0184915801412805,0.36366025674646,TRUE,NA
571428,0.0122459603857541,0.0163974719607188,TRUE,NA
117087,0.00282721983657105,1.8524445426162,TRUE,NA
183064,0.0063466383083321,4.90462901754911e-06,FALSE,NA
595774,0.157083828549323,1.49589220985513,TRUE,NA
526078,0.150551457886994,0.00886513046609818,FALSE,NA
856900,0.0296165327551347,1.75047698750728,TRUE,NA
909990,0.00824292691404569,1.04589866376179,TRUE,NA
516279,0.000600690356786119,0.00147811814036925,TRUE,NA
324394,0.406354872988223,0.0518440621376993,FALSE,NA
371470,0.0444625485776808,0.000665933530560143,FALSE,NA
101502,0.166282957208851,6.66682763660802,TRUE,NA
303637,0.00048653898476853,3.27813522984612e-05,FALSE,NA
32268,0.660696372740364,0.612713513648675,FALSE,NA
890429,0.00175526627928954,0.0646840088929934,TRUE,NA
896539,0.381814955665111,0.598563905424056,TRUE,NA
359015,0.212965633754417,0.00519700092251445,FALSE,NA
866993,0.000972609695962376,8.45859069785292,TRUE,NA
889864,1.63650113192559e-05,0.0848337764911491,TRUE,NA
573742,0.000203517880884602,0.00447587318693847,TRUE,NA
556078,3.06561012380545e-07,3.55619572739321e-07,TRUE,NA
809847,0.0112933589035363,0.00567795676966873,FALSE,NA
299091,0.281491738451155,8.96520964556264e-05,FALSE,NA
206140,0.294255548467029,3.63969232738879,TRUE,NA
490002,1.98042054778915,0.000607684837598005,FALSE,NA
424003,0.18155379906219,0.0526466391604241,FALSE,NA
619336,0.0324672361409937,0.00818202461840926,FALSE,NA
46364,0.161193452613193,0.000991180553232792,FALSE,NA
153128,0.0105527402136369,0.286305569750759,TRUE,NA
45701,0.000362843267775695,0.000109488373475868,FALSE,NA
63013,3.36981676373672e-05,4.49398294317505,TRUE,NA
784270,1.10485787329749,1.51553253848576,TRUE,NA
116177,0.0531311245378163,0.372014114605105,TRUE,NA
686956,3.23790828814653e-06,0.0110804051595474,TRUE,NA
480972,0.43211439927464,1.34648456925547,TRUE,NA
147587,0.0791910105599001,0.0265705044712947,FALSE,NA
796172,2.03183942892456e-05,0.165141855456839,TRUE,NA
537561,0.000276756334309752,1.12445876051862,TRUE,NA
546773,0.00333722339123858,2.34407066076878,TRUE,NA
909153,0.000638460912143383,0.736257376357376,TRUE,NA
148059,0.000318898891146848,0.0689350405297316,TRUE,NA
797880,0.0289422401100042,0.274624500426864,TRUE,NA
139745,0.0413829759608424,2.90396871837563,TRUE,NA
62442,0.00179591969622714,0.225594540421825,TRUE,NA
222045,0.0101681742832464,6.34845739782023,TRUE,NA
841464,2.55344851287296e-05,3.0466970966137e-08,FALSE,NA
780104,0.000228005576038005,0.424845679878054,TRUE,NA
524723,0.00343747571698259,3.14791301429466,TRUE,NA
806596,4.1411892843397e-05,0.00474019903196661,TRUE,NA
658476,0.108257818325622,4.34935184552032,TRUE,NA
721053,7.97566416588859e-05,0.0189371651152156,TRUE,NA
513934,0.000640679843313843,0.886644627686418,TRUE,NA
804894,0.0341927090406388,2.75903355894248,TRUE,NA
813010,0.000408335155643284,0.0072018363348242,TRUE,NA
156596,2.21846276535721e-06,0.000364187770566267,TRUE,NA
427461,0.00326567424835799,1.11837280783183,TRUE,NA
613160,0.0124080852383702,1.02574005994967,TRUE,NA
673293,0.0504142847390572,0.827366649595238,TRUE,NA
716243,0.0388764318162598,0.0829196532523757,TRUE,NA
901408,5.92507947240014e-05,0.404046107786691,TRUE,NA
45178,0.332216852327232,0.255755561594548,FALSE,NA
311388,0.0123860633548048,0.0206555083392452,TRUE,NA
143935,0.000899760841359854,0.00411833532109995,TRUE,NA
304135,1.42259029114628e-06,0.00327880809610902,TRUE,NA
327608,0.0228511036911845,0.0658321850985429,TRUE,NA
16111,0.132285156109244,1.43675650874359,TRUE,NA
146853,0.194496793867768,0.0264400011473084,FALSE,NA
586969,0.0174106766477688,2.16810442420279,TRUE,NA
652631,0.0693905763643441,0.327674578444681,TRUE,NA
881898,7.02084681747292e-09,3.17853061315137,TRUE,NA
125866,NA,NA,NA,"Error in rep(1, N): invalid 'times' argument
"
725331,0.00470818731166676,0.00245219080662917,FALSE,NA
696288,1.84343827095682,0.0718347964291855,FALSE,NA
329277,0.0206970634028701,0.00833565755432977,FALSE,NA
58298,0.00058638646540543,2.36700025527965,TRUE,NA
487646,NA,NA,NA,"Error in rep(1, N): invalid 'times' argument
"
480495,8.92451531088176e-05,0.0332101782272065,TRUE,NA
253166,0.0383773363790605,0.000777166022827544,FALSE,NA
756354,0.0329522092504245,2.41839971651232,TRUE,NA
969608,0.207503848607877,0.0146229797627115,FALSE,NA
188828,0.000673154272261787,1.68835754197061e-07,FALSE,NA
958359,0.0150312463157517,6.21223131136672e-08,FALSE,NA
937433,0.138868767903841,0.930978324668057,TRUE,NA
451264,0.00051941622725725,0.00239538841997021,TRUE,NA
2537,0.49349370719726,0.00191338563596387,FALSE,NA
703683,0.0025691870904781,0.359700053541639,TRUE,NA
698930,1.16839529832999,5.99722482439876e-05,FALSE,NA
939863,5.14170241779913e-05,3.66321464826734e-05,FALSE,NA
786129,4.16775028978062e-06,7.19103201968575e-07,FALSE,NA
19106,0.0353340525323019,0.0101612069822194,FALSE,NA
1569,0.00796887089113951,1.78699147432995,TRUE,NA
462712,NA,NA,NA,"Error in glmnet(x, y, weights = weights, offset = offset, lambda = lambda, : x should be a matrix with 2 or more columns
"
837276,0.1361799040998,0.00300561342785094,FALSE,NA
671056,0.00262306346729965,0.000695814175122641,FALSE,NA
674034,NA,NA,NA,"Error in glmnet(x, y, weights = weights, offset = offset, lambda = lambda, : x should be a matrix with 2 or more columns
"
926923,NA,NA,NA,"Error in glmnet(x, y, weights = weights, offset = offset, lambda = lambda, : x should be a matrix with 2 or more columns
"
32392,0.0134516369151272,4.3079415202803e-05,FALSE,NA
531553,NA,NA,NA,"Error in glmnet(x, y, weights = weights, offset = offset, lambda = lambda, : x should be a matrix with 2 or more columns
"
190260,0.0342893130013531,0.0288229123489045,FALSE,NA
819555,0.00618120286143913,0.0509236633150534,TRUE,NA
915335,0.000360271574715021,0.602233280444224,TRUE,NA
536649,0.00631107399775408,0.00503205683995891,FALSE,NA
77749,0.00548395911299729,0.163760174694351,TRUE,NA
34371,0.00741950892458751,0.000161939616305639,FALSE,NA
913121,0.160086800922885,0.00187263759755101,FALSE,NA
60360,0.0139997028624048,0.0363648242851238,TRUE,NA
23150,0.0014641123159486,0.0381592089348577,TRUE,NA
971966,0.000298776354514882,1.18064619263527,TRUE,NA
201256,4.16693424103746e-06,0.189817151016845,TRUE,NA
321016,0.108708024607238,0.0452521564368484,FALSE,NA
804887,2.85734601604619e-05,0.00025316680425164,TRUE,NA
326792,0.00185153598044353,0.0907710804712364,TRUE,NA
132888,0.000533575096793428,0.00466630767127875,TRUE,NA
539716,0.148023955833403,0.000120660887576465,FALSE,NA
681234,0.0425258450819672,0.00165622053923042,FALSE,NA
149218,0.00458415870311483,0.000513206274612663,FALSE,NA
643110,1.29754819010712,0.457407943930169,FALSE,NA
250037,3.64432484854102e-09,0.000231178911268959,TRUE,NA
631782,0.637720936928523,0.00048235979953445,FALSE,NA
968373,0.111440539451914,0.604846530372731,TRUE,NA
278990,3.05123887632566e-07,0.00411253225310648,TRUE,NA
579027,6.87762871830547e-05,0.00116667128136628,TRUE,NA
419163,0.00602027390947248,0.204395162387406,TRUE,NA
54226,0.115745674106269,0.0483421489169627,FALSE,NA
724387,NA,NA,NA,"Error in rep(1, N): invalid 'times' argument
"
290516,0.0301582547781768,0.00367324514090201,FALSE,NA
196444,0.460801503828261,0.0436036681692989,FALSE,NA
882009,0.0012286736919194,0.70634895342866,TRUE,NA
873354,0.0382523661308605,0.00148607687960687,FALSE,NA
38699,0.000419634290196065,3.13479256924676e-06,FALSE,NA
8435,0.099218894799091,0.129838872113793,TRUE,NA
273713,0.000946529981568187,0.342323063797567,TRUE,NA
461025,0.00254736734731576,0.807179786980454,TRUE,NA
809361,0.00208737813327326,0.00194335935338539,FALSE,NA
432080,0.0439225524577109,4.81613458092109,TRUE,NA
347356,0.340495192148071,2.20836952131831,TRUE,NA
25351,0.0231971294113397,0.00190561857864351,FALSE,NA
378184,0.586617757898816,0.0170669414562137,FALSE,NA
384205,0.0182191056002961,0.0388192142239531,TRUE,NA
170713,1.36018943932653e-05,0.0864156197807069,TRUE,NA
543949,NA,NA,NA,"Error in rep(1, N): invalid 'times' argument
"
39036,0.0412302467837308,0.0141141305336291,FALSE,NA
560076,0.00109864488884419,1.66422050399329,TRUE,NA
836828,0.00585787643137924,0.811956762080472,TRUE,NA
935790,0.0582653172707192,0.485861431163292,TRUE,NA
772165,0.297653417675617,0.916577407615838,TRUE,NA
291582,6.79487889058461e-08,0.000823826518891533,TRUE,NA
895353,0.255449590465011,1.82590341315193,TRUE,NA
502911,1.06444043124303e-05,2.69917928499902e-06,FALSE,NA
308053,0.000175708865860948,0.00482121267711357,TRUE,NA
904449,0.00495932043985077,0.0533315928253099,TRUE,NA
9417,0.0021733028205773,0.0141309772629561,TRUE,NA
159704,0.00332437362765492,0.0257049678597901,TRUE,NA
185604,0.0100020563624833,3.5195789517734,TRUE,NA
767634,0.248473759410011,0.000164679088469155,FALSE,NA
698925,0.0236102424835889,0.3370298173338,TRUE,NA
282763,0.00292369282986059,0.00015435911241196,FALSE,NA
975139,0.00377616069197369,0.0721280971837548,TRUE,NA
847456,0.00133754562500686,5.26352257619726,TRUE,NA
478378,1.44085928748026e-05,2.62396741176936e-05,TRUE,NA
527171,0.00796129372525125,1.83647439667541,TRUE,NA
910565,0.0235688633143112,0.00995099194187954,FALSE,NA
645282,0.422804968851167,0.0104499271429671,FALSE,NA
861471,0.634756909227921,4.61067669848394,TRUE,NA
162835,0.00917548235108523,0.000460402143690655,FALSE,NA
295945,0.00168931804572827,7.53353276337833e-05,FALSE,NA
654150,3.18385468738601e-05,0.0322256866226382,TRUE,NA
299597,7.64049079453758e-06,0.991290563772007,TRUE,NA
846373,0.00590903542815159,0.938176006996141,TRUE,NA
9606,0.366819651145796,0.0080759777080799,FALSE,NA
363662,NA,NA,NA,"Error in rep(1, N): invalid 'times' argument
"
593462,0.364019049719352,0.0144584818229744,FALSE,NA
594535,NA,NA,NA,"Error in rep(1, N): invalid 'times' argument
"
751561,0.480233086453653,0.894141940191556,TRUE,NA
814981,0.0851986410477837,2.83604535117509,TRUE,NA
291521,0.0150877053273906,0.0185747394695892,TRUE,NA
648568,0.0334509008884443,0.00187911262878182,FALSE,NA
268052,0.000103825757022645,0.0388921775100785,TRUE,NA
951105,0.57004063339206,1.18259268901255,TRUE,NA
778061,3.02617120631804e-07,0.0574309373765428,TRUE,NA
194494,3.97391052770956e-06,0.0122487024323739,TRUE,NA
827617,0.624316022653001,2.30438310117447,TRUE,NA
290684,0.072852048638207,0.0221844176938326,FALSE,NA
984833,0.000888125935654483,0.00646339648396845,TRUE,NA
443105,9.73167603450276e-06,6.6352671726734,TRUE,NA
573019,0.0306789592370617,4.61783887724895e-07,FALSE,NA
436007,0.0196205696534888,0.0390827985718435,TRUE,NA
228057,0.0341588632911926,0.000831761161369901,FALSE,NA
207843,0.518530605729969,1.14396512397955,TRUE,NA
210900,0.0195704330023069,0.474839805782178,TRUE,NA
247644,0.00867703725459929,4.36773110195853,TRUE,NA
399225,0.00295156326047566,8.6443343946627e-06,FALSE,NA
44867,NA,NA,NA,"Error in glmnet(x, y, weights = weights, offset = offset, lambda = lambda, : x should be a matrix with 2 or more columns
"
703023,0.114622250851021,0.0353730909179997,FALSE,NA
539359,0.00788347940404004,0.00316991347981783,FALSE,NA
677091,0.0727643908111201,10.5801944198976,TRUE,NA
288308,0.0276542440887818,0.0625127752994747,TRUE,NA
394844,0.000418416530088466,0.0446526609794798,TRUE,NA
280887,0.0919308096303615,0.0248248424248554,FALSE,NA
234450,6.46636015856003e-05,0.000359537786749544,TRUE,NA
199297,9.434619883947e-07,0.000714472737104584,TRUE,NA
837877,0.00643075094158619,0.0130618360271671,TRUE,NA
516328,0.000400423996686058,3.87897054324747e-07,FALSE,NA
86197,NA,NA,NA,"Error in glmnet(x, y, weights = weights, offset = offset, lambda = lambda, : x should be a matrix with 2 or more columns
"
154700,NA,NA,NA,"Error in glmnet(x, y, weights = weights, offset = offset, lambda = lambda, : x should be a matrix with 2 or more columns
"
978976,4.74671049262197e-06,0.000940162580457723,TRUE,NA
816987,0.0207785555888369,0.00376668729780621,FALSE,NA
170223,0.021362914366738,0.659256309400673,TRUE,NA
69114,0.00546977841378692,0.0051808815497153,FALSE,NA
732087,3.17053978155784e-05,0.238348934631258,TRUE,NA
271836,0.0168837062904892,0.0128625069448154,FALSE,NA
454594,0.0144013125573232,1.99803449612705,TRUE,NA
633493,0.000125898011340474,0.00556328125116876,TRUE,NA
402786,0.007909965019116,0.0199827295495467,TRUE,NA
90801,0.030291954345058,0.0979050974305035,TRUE,NA
440647,0.00883544336942329,0.102038902219271,TRUE,NA
57121,0.00205527986964112,0.000310866830307271,FALSE,NA
833070,NA,NA,NA,"Error in rep(1, N): invalid 'times' argument
"
782242,0.00629894484826449,0.00341247037354752,FALSE,NA
768469,0.135872146373934,0.0016861367665486,FALSE,NA
609714,0.0113163196756892,0.711270384840614,TRUE,NA
37365,0.0233521621698497,0.000162055290508474,FALSE,NA
364918,0.0158459064566444,0.213359170501688,TRUE,NA
309063,2.01923492633437,0.0413264908179274,FALSE,NA
210128,4.21478683461941e-05,1.90651709313465e-05,FALSE,NA
140609,0.000300496325091185,0.00472311226583103,TRUE,NA
653273,0.223829490301582,0.407839463695145,TRUE,NA
905312,0.436444338537889,2.75529492547192,TRUE,NA
266955,0.00581889080926317,0.968369966305621,TRUE,NA
700687,0.026251470395906,0.00200537067017117,FALSE,NA
706665,0.00388465108196863,0.670207767838579,TRUE,NA
694302,0.0236723095752756,4.82698839595474e-05,FALSE,NA
626401,NA,NA,NA,"Error in rep(1, N): invalid 'times' argument
"
124127,0.0289744382716656,0.00106945453127641,FALSE,NA
177993,0.00410913885978136,6.0360078838037,TRUE,NA
781274,0.0230728805040321,0.298956790135499,TRUE,NA
698815,0.0349826405171717,3.27080075642221,TRUE,NA
511526,1.67259090939273,0.0811696740393324,FALSE,NA
831827,0.0126603832193484,0.319456283811872,TRUE,NA
870388,0.172643619062156,6.21793980174478e-06,FALSE,NA
144119,0.325613299781131,0.0012547664044471,FALSE,NA
46619,0.0265557362015932,0.472969176630345,TRUE,NA
473665,0.00300080037813993,0.00572099676769682,TRUE,NA
858744,0.00399165036814838,0.00646709944947329,TRUE,NA
918710,0.0335639407996244,0.0890656268776217,TRUE,NA
898731,0.00297231925217571,0.0265823627023072,TRUE,NA
671000,2.99086342186564e-05,0.440836547502385,TRUE,NA
166474,4.04871223129416e-05,0.00156361679056307,TRUE,NA
605192,2.54116906068721e-05,3.02107852915204e-05,TRUE,NA
292593,0.00308536952785124,0.689768849680005,TRUE,NA
598890,2.56906065066555e-06,0.00422633934079079,TRUE,NA
516649,0.00371645001042423,1.21986234003813e-05,FALSE,NA
812196,0.0614550261481809,1.85806074550449e-06,FALSE,NA
351377,0.00309179794511166,0.00590213120431381,TRUE,NA
309883,0.189600228572581,0.330162673606007,TRUE,NA
747511,0.0666339192577929,0.109426939646574,TRUE,NA
495608,0.000218238284215746,0.345434015332235,TRUE,NA
324295,NA,NA,NA,"Error in rep(1, N): invalid 'times' argument
"
296163,0.00416410429636153,1.17192618552022,TRUE,NA
454266,NA,NA,NA,"Error in rep(1, N): invalid 'times' argument
"
255019,0.194773857890326,0.000245762133210636,FALSE,NA
502228,0.0270793944492852,1.26025259573958,TRUE,NA
607021,NA,NA,NA,"Error in glmnet(x, y, weights = weights, offset = offset, lambda = lambda, : x should be a matrix with 2 or more columns
"
109901,NA,NA,NA,"Error in glmnet(x, y, weights = weights, offset = offset, lambda = lambda, : x should be a matrix with 2 or more columns
"
216151,0.00060252598142695,0.000872352862621933,TRUE,NA
427215,0.00517028382027266,0.00144122810146916,FALSE,NA
289294,0.0299427266549173,0.56413415307145,TRUE,NA
616722,0.0272572494385018,3.33450055372002e-05,FALSE,NA
43535,0.237107054909229,0.615824109546135,TRUE,NA
467830,2.34830704187599,1.03056742617423,FALSE,NA
741493,0.0579819701202802,0.000207597655465257,FALSE,NA
256463,0.000404113962997154,0.56942118550153,TRUE,NA
167455,0.000507164484408729,0.0176452254301712,TRUE,NA
252785,0.742685724579843,0.0070201853290464,FALSE,NA
965808,0.0701294481748524,0.000916598502403159,FALSE,NA
181564,0.00014508935638986,4.04278940122349,TRUE,NA
990271,6.05800738510257e-06,0.00308920994118768,TRUE,NA
672314,9.90822299463915e-07,0.0394175829888098,TRUE,NA
560119,0.00158522562004582,0.183726594147483,TRUE,NA
772210,2.62905493087141e-05,1.30230424073422,TRUE,NA
611125,0.659046174479082,0.000125959912513223,FALSE,NA
305825,0.0154305655812184,0.0178911245134854,TRUE,NA
767103,0.0134546708561106,1.38239177898198e-06,FALSE,NA
980422,0.0154296744863842,1.58503950412098,TRUE,NA
722106,0.000719610148050592,3.38685056834665,TRUE,NA
90035,1.21687717053838e-05,1.30798102889936,TRUE,NA
861509,2.00309578970419e-06,4.40822902980425e-05,TRUE,NA
756883,NA,NA,NA,"Error in rep(1, N): invalid 'times' argument
"
369510,NA,NA,NA,"Error in glmnet(x, y, weights = weights, offset = offset, lambda = lambda, : x should be a matrix with 2 or more columns
"
909733,1.07882358000526e-05,3.09830041217708e-05,TRUE,NA
383694,0.243783682139865,0.0435093962704954,FALSE,NA
116653,0.0466758050061148,0.00652301919935921,FALSE,NA
985479,0.00173903464009348,0.0205150283188575,TRUE,NA
478857,1.00425211848093,0.000257404857357466,FALSE,NA
887454,0.0156970356102185,0.000817345437323036,FALSE,NA
435107,4.71748940274209e-07,0.000735000581709654,TRUE,NA
58581,NA,NA,NA,"Error in glmnet(x, y, weights = weights, offset = offset, lambda = lambda, : x should be a matrix with 2 or more columns
"
791274,3.15108722692744e-05,2.92386062304921,TRUE,NA
851510,0.0126070108295215,2.42232905539231,TRUE,NA
488871,0.00372178047527751,2.3461684569936,TRUE,NA
418744,0.00335388502677541,2.67916307991386,TRUE,NA
930559,0.145331387696317,1.55241272891522,TRUE,NA
783337,0.135217055281473,0.000483470428001357,FALSE,NA
459024,0.131392813408175,2.06167736955022,TRUE,NA
98793,0.00109704734053222,0.584359814335647,TRUE,NA
320384,1.01120722912408e-05,2.32021095810182e-05,TRUE,NA
469992,7.42797872279841e-05,0.476722791548308,TRUE,NA
111248,0.032153195588129,3.70933067801921,TRUE,NA
693706,0.00262984843123725,5.89243115915221e-05,FALSE,NA
256460,0.000164252001051707,0.0121398974049218,TRUE,NA
911929,0.00489406124677249,0.00074310268442307,FALSE,NA
534125,0.899603724898982,0.00889744000509827,FALSE,NA
501837,8.65764718190683e-06,0.0351945978400251,TRUE,NA
582615,0.000107791865492975,0.250296825501741,TRUE,NA
821554,8.0539951362071e-05,0.0176395962660473,TRUE,NA
287592,0.00253289044651308,0.000150850622741502,FALSE,NA
513622,0.805597280162161,0.373352947894326,FALSE,NA
27071,0.0334642675795509,6.47526090340015,TRUE,NA
484743,2.37742048552813e-09,0.00164115996728027,TRUE,NA
609548,0.0660296497280576,0.00538683295494174,FALSE,NA
714882,3.18096578476008e-05,0.0226658841162118,TRUE,NA
940179,0.148977012269466,2.80025999562727,TRUE,NA
454934,0.897656012061461,7.9649596097765e-06,FALSE,NA
361401,NA,NA,NA,"Error in glmnet(x, y, weights = weights, offset = offset, lambda = lambda, : x should be a matrix with 2 or more columns
"
46560,0.0272665229965756,0.0193520662083614,FALSE,NA
138182,9.76816504483273e-07,0.000110214558984786,TRUE,NA
350937,0.17148519050961,1.09325226135819e-05,FALSE,NA
875177,0.738403069324562,0.125454127965491,FALSE,NA
363951,NA,NA,NA,"Error in glmnet(x, y, weights = weights, offset = offset, lambda = lambda, : x should be a matrix with 2 or more columns
"
800135,0.00280525275546751,0.0375935536155231,TRUE,NA
331923,0.0876106886164868,0.134127538387478,TRUE,NA
941354,8.55049607742523e-07,0.000216410945207519,TRUE,NA
958830,0.0419173024369992,0.561400965369413,TRUE,NA
465957,0.00400437117048622,0.313478996730475,TRUE,NA
48950,0.000802604485890721,0.000107477921627102,FALSE,NA
360952,0.00391152847911145,0.0898639354630629,TRUE,NA
728367,0.00141127470110471,0.0498885652974759,TRUE,NA
977493,0.00841581460002732,0.00545905633855068,FALSE,NA
63216,NA,NA,NA,"Error in glmnet(x, y, weights = weights, offset = offset, lambda = lambda, : x should be a matrix with 2 or more columns
"
59887,0.00730156699926919,0.00358267314497015,FALSE,NA
784434,1.18513168216626e-05,3.82798653690031e-06,FALSE,NA
930905,0.00894746464077705,2.74075929873567e-07,FALSE,NA
597279,0.000125905539539051,4.63850737831566,TRUE,NA
350419,0.324839094171224,1.64073656120267,TRUE,NA
983883,0.237228957993245,0.44347883984578,TRUE,NA
80875,1.85496518965319e-05,0.0183662855496281,TRUE,NA
63099,0.0625974546182193,0.0212716919514126,FALSE,NA
758101,9.38080334125688e-05,0.647025219861851,TRUE,NA
918259,0.0382458293498072,1.66082237642857,TRUE,NA
688680,0.00233644816441764,0.00639536949318601,TRUE,NA
252051,0.0126531489353015,0.000432071767805369,FALSE,NA
461947,0.000346912145314425,0.0220110326388628,TRUE,NA
177021,2.06685881163193,0.00340362964620953,FALSE,NA
181940,0.11327040389966,0.341800844762066,TRUE,NA
454252,0.00193774625421708,0.000734467886974391,FALSE,NA
837018,0.0990207104524472,0.834718436841465,TRUE,NA
953209,7.37818162203496e-05,0.0615248003862741,TRUE,NA
761121,0.0181598227598807,0.00049387154693225,FALSE,NA
651443,NA,NA,NA,"Error in rep(1, N): invalid 'times' argument
"
61417,0.0250992243010153,0.0501875639138799,TRUE,NA
723920,0.00475124771953781,0.00424370684867942,FALSE,NA
991206,0.000661705460414754,5.66012168860573,TRUE,NA
346826,0.000583762210155171,0.573927500417403,TRUE,NA
891286,0.0268321180890749,0.570140070903456,TRUE,NA
850344,0.00281417633027403,0.67287214154085,TRUE,NA
735246,0.000500035535813022,0.000134608819904789,FALSE,NA
146328,0.015012809334667,3.6173935659626,TRUE,NA
