"Seed","Attack1_单点杠杆","Attack2_Loss溯源","Attack3_团伙杠杆","Error"
651282,FALSE,TRUE,FALSE,NA
828301,FALSE,TRUE,FALSE,NA
49743,TRUE,FALSE,FALSE,NA
184367,FALSE,FALSE,FALSE,NA
575527,FALSE,TRUE,FALSE,NA
720440,FALSE,FALSE,FALSE,NA
666684,FALSE,TRUE,FALSE,NA
363538,FALSE,TRUE,FALSE,NA
60219,FALSE,TRUE,FALSE,NA
755137,FALSE,TRUE,FALSE,NA
844728,FALSE,TRUE,FALSE,NA
461990,TRUE,FALSE,FALSE,NA
768123,FALSE,FALSE,FALSE,NA
74993,FALSE,TRUE,FALSE,NA
320175,FALSE,TRUE,FALSE,NA
49320,FALSE,TRUE,FALSE,NA
803176,FALSE,FALSE,FALSE,NA
663610,FALSE,TRUE,FALSE,NA
878391,FALSE,TRUE,FALSE,NA
626192,FALSE,TRUE,FALSE,NA
806449,FALSE,FALSE,FALSE,NA
584619,FALSE,FALSE,TRUE,NA
22571,FALSE,FALSE,FALSE,NA
132176,FALSE,TRUE,FALSE,NA
987147,FALSE,FALSE,FALSE,NA
698949,FALSE,TRUE,FALSE,NA
490611,TRUE,TRUE,FALSE,NA
438599,FALSE,TRUE,FALSE,NA
634523,FALSE,FALSE,FALSE,NA
942515,FALSE,TRUE,FALSE,NA
658673,FALSE,TRUE,FALSE,NA
666222,TRUE,TRUE,FALSE,NA
61751,FALSE,TRUE,FALSE,NA
971122,FALSE,TRUE,FALSE,NA
501141,FALSE,TRUE,FALSE,NA
583064,FALSE,TRUE,FALSE,NA
116549,FALSE,TRUE,FALSE,NA
370781,FALSE,FALSE,FALSE,NA
294868,FALSE,TRUE,FALSE,NA
579666,FALSE,FALSE,FALSE,NA
508533,FALSE,TRUE,FALSE,NA
573940,FALSE,TRUE,FALSE,NA
130011,FALSE,TRUE,FALSE,NA
853141,FALSE,TRUE,FALSE,NA
37525,FALSE,TRUE,FALSE,NA
625448,FALSE,TRUE,FALSE,NA
723047,FALSE,TRUE,FALSE,NA
272462,FALSE,FALSE,FALSE,NA
104488,FALSE,TRUE,FALSE,NA
617395,FALSE,TRUE,FALSE,NA
305083,FALSE,TRUE,FALSE,NA
450677,FALSE,FALSE,FALSE,NA
60378,FALSE,FALSE,FALSE,NA
731621,FALSE,TRUE,FALSE,NA
128101,FALSE,FALSE,FALSE,NA
397065,TRUE,TRUE,FALSE,NA
689273,FALSE,TRUE,FALSE,NA
406152,FALSE,TRUE,FALSE,NA
622538,FALSE,FALSE,FALSE,NA
5874,FALSE,TRUE,FALSE,NA
739959,FALSE,TRUE,FALSE,NA
796209,FALSE,TRUE,FALSE,NA
16756,FALSE,TRUE,TRUE,NA
615426,FALSE,TRUE,FALSE,NA
808671,FALSE,TRUE,FALSE,NA
267207,FALSE,TRUE,FALSE,NA
991480,FALSE,FALSE,FALSE,NA
673465,FALSE,FALSE,FALSE,NA
257420,FALSE,TRUE,FALSE,NA
490786,FALSE,TRUE,FALSE,NA
920162,FALSE,FALSE,FALSE,NA
743445,FALSE,FALSE,FALSE,NA
539421,FALSE,TRUE,FALSE,NA
474340,FALSE,TRUE,FALSE,NA
147046,FALSE,TRUE,FALSE,NA
305114,FALSE,TRUE,FALSE,NA
91955,FALSE,TRUE,FALSE,NA
175103,FALSE,TRUE,FALSE,NA
12748,TRUE,FALSE,FALSE,NA
238134,FALSE,TRUE,FALSE,NA
379600,FALSE,TRUE,FALSE,NA
980609,FALSE,TRUE,FALSE,NA
640890,TRUE,FALSE,FALSE,NA
672972,TRUE,TRUE,FALSE,NA
42886,FALSE,TRUE,FALSE,NA
399116,FALSE,TRUE,FALSE,NA
394122,FALSE,TRUE,FALSE,NA
271050,FALSE,TRUE,FALSE,NA
322731,TRUE,TRUE,FALSE,NA
542828,FALSE,TRUE,FALSE,NA
204971,FALSE,TRUE,FALSE,NA
653636,FALSE,TRUE,FALSE,NA
717671,FALSE,FALSE,FALSE,NA
765303,FALSE,TRUE,FALSE,NA
805501,FALSE,TRUE,FALSE,NA
793898,FALSE,TRUE,TRUE,NA
549140,FALSE,TRUE,FALSE,NA
314843,TRUE,TRUE,FALSE,NA
973321,FALSE,TRUE,FALSE,NA
256110,TRUE,TRUE,FALSE,NA
398805,TRUE,TRUE,FALSE,NA
335569,FALSE,TRUE,FALSE,NA
390484,TRUE,FALSE,FALSE,NA
950854,FALSE,FALSE,FALSE,NA
679616,FALSE,TRUE,FALSE,NA
339369,FALSE,TRUE,TRUE,NA
467702,TRUE,TRUE,FALSE,NA
10907,FALSE,FALSE,FALSE,NA
891240,FALSE,TRUE,FALSE,NA
481836,FALSE,TRUE,FALSE,NA
779070,TRUE,TRUE,FALSE,NA
20200,FALSE,TRUE,TRUE,NA
56341,FALSE,FALSE,FALSE,NA
771926,FALSE,TRUE,FALSE,NA
894259,TRUE,FALSE,FALSE,NA
945290,FALSE,FALSE,FALSE,NA
299900,FALSE,TRUE,FALSE,NA
815901,FALSE,TRUE,FALSE,NA
283432,FALSE,TRUE,FALSE,NA
620530,FALSE,TRUE,FALSE,NA
247382,FALSE,TRUE,FALSE,NA
20235,FALSE,TRUE,FALSE,NA
673197,FALSE,TRUE,FALSE,NA
357129,FALSE,TRUE,FALSE,NA
566686,FALSE,FALSE,FALSE,NA
479701,FALSE,TRUE,FALSE,NA
525199,FALSE,TRUE,FALSE,NA
235316,FALSE,TRUE,FALSE,NA
483400,FALSE,TRUE,FALSE,NA
515981,TRUE,TRUE,FALSE,NA
335855,FALSE,TRUE,FALSE,NA
243843,FALSE,TRUE,TRUE,NA
448196,FALSE,TRUE,FALSE,NA
993707,TRUE,TRUE,FALSE,NA
672668,FALSE,TRUE,FALSE,NA
762917,FALSE,TRUE,FALSE,NA
252885,FALSE,TRUE,FALSE,NA
385507,FALSE,FALSE,FALSE,NA
525418,FALSE,TRUE,FALSE,NA
55274,FALSE,TRUE,FALSE,NA
620356,FALSE,TRUE,FALSE,NA
205610,FALSE,TRUE,FALSE,NA
497331,FALSE,TRUE,FALSE,NA
861572,FALSE,TRUE,FALSE,NA
336922,FALSE,FALSE,FALSE,NA
614690,FALSE,FALSE,FALSE,NA
238407,FALSE,TRUE,FALSE,NA
575881,FALSE,FALSE,FALSE,NA
221340,FALSE,TRUE,FALSE,NA
400168,FALSE,TRUE,FALSE,NA
335240,FALSE,TRUE,TRUE,NA
795931,FALSE,TRUE,FALSE,NA
762286,FALSE,FALSE,FALSE,NA
504567,FALSE,FALSE,FALSE,NA
885025,FALSE,TRUE,FALSE,NA
59034,FALSE,TRUE,FALSE,NA
838973,FALSE,TRUE,FALSE,NA
168138,FALSE,TRUE,FALSE,NA
366752,FALSE,TRUE,FALSE,NA
68400,FALSE,TRUE,FALSE,NA
669192,FALSE,TRUE,FALSE,NA
984202,FALSE,TRUE,FALSE,NA
110933,FALSE,TRUE,FALSE,NA
437366,FALSE,TRUE,FALSE,NA
820874,FALSE,FALSE,FALSE,NA
335091,FALSE,TRUE,FALSE,NA
526334,FALSE,TRUE,FALSE,NA
961478,FALSE,TRUE,FALSE,NA
778518,FALSE,FALSE,FALSE,NA
167680,FALSE,FALSE,FALSE,NA
227414,FALSE,TRUE,FALSE,NA
773862,FALSE,TRUE,FALSE,NA
280762,FALSE,TRUE,FALSE,NA
402759,FALSE,TRUE,FALSE,NA
365564,FALSE,FALSE,FALSE,NA
15661,FALSE,TRUE,FALSE,NA
174970,TRUE,TRUE,FALSE,NA
700176,FALSE,TRUE,FALSE,NA
380176,FALSE,TRUE,FALSE,NA
844841,FALSE,TRUE,FALSE,NA
862238,FALSE,TRUE,TRUE,NA
984931,FALSE,TRUE,FALSE,NA
748121,FALSE,FALSE,FALSE,NA
50286,TRUE,FALSE,TRUE,NA
173160,FALSE,TRUE,FALSE,NA
852334,FALSE,FALSE,TRUE,NA
663913,FALSE,TRUE,TRUE,NA
32960,FALSE,TRUE,FALSE,NA
221368,FALSE,TRUE,FALSE,NA
461969,TRUE,TRUE,FALSE,NA
797620,FALSE,TRUE,TRUE,NA
8151,FALSE,TRUE,FALSE,NA
286894,FALSE,FALSE,FALSE,NA
660354,FALSE,TRUE,TRUE,NA
807157,FALSE,FALSE,FALSE,NA
573800,FALSE,TRUE,FALSE,NA
811090,FALSE,TRUE,FALSE,NA
710228,FALSE,TRUE,FALSE,NA
86599,FALSE,TRUE,FALSE,NA
250659,FALSE,TRUE,FALSE,NA
514894,FALSE,TRUE,FALSE,NA
119329,FALSE,TRUE,FALSE,NA
165364,FALSE,TRUE,FALSE,NA
844323,FALSE,TRUE,FALSE,NA
536283,FALSE,FALSE,FALSE,NA
675855,FALSE,TRUE,FALSE,NA
829369,FALSE,FALSE,FALSE,NA
287666,FALSE,FALSE,FALSE,NA
23494,FALSE,TRUE,FALSE,NA
184060,FALSE,FALSE,FALSE,NA
495576,FALSE,TRUE,FALSE,NA
444823,FALSE,TRUE,FALSE,NA
321445,FALSE,TRUE,FALSE,NA
112012,FALSE,TRUE,FALSE,NA
424860,FALSE,TRUE,FALSE,NA
428915,FALSE,FALSE,FALSE,NA
818285,FALSE,TRUE,FALSE,NA
677200,FALSE,FALSE,FALSE,NA
113391,FALSE,TRUE,FALSE,NA
139082,FALSE,TRUE,FALSE,NA
641461,FALSE,TRUE,FALSE,NA
615052,FALSE,TRUE,TRUE,NA
419554,FALSE,TRUE,TRUE,NA
570559,FALSE,TRUE,FALSE,NA
847651,FALSE,FALSE,FALSE,NA
688758,FALSE,TRUE,FALSE,NA
214126,TRUE,TRUE,FALSE,NA
45627,FALSE,TRUE,FALSE,NA
563498,FALSE,FALSE,FALSE,NA
75956,FALSE,TRUE,FALSE,NA
288721,FALSE,TRUE,FALSE,NA
403641,FALSE,TRUE,FALSE,NA
627265,FALSE,TRUE,FALSE,NA
380780,FALSE,TRUE,FALSE,NA
471306,FALSE,TRUE,FALSE,NA
381040,FALSE,FALSE,TRUE,NA
931233,FALSE,TRUE,FALSE,NA
940856,FALSE,FALSE,FALSE,NA
328054,FALSE,TRUE,FALSE,NA
740351,TRUE,TRUE,FALSE,NA
166169,FALSE,TRUE,FALSE,NA
421672,FALSE,TRUE,FALSE,NA
247293,NA,NA,NA,"Error in rep(1, N): invalid 'times' argument
"
105504,TRUE,TRUE,FALSE,NA
656205,FALSE,TRUE,FALSE,NA
33779,FALSE,TRUE,FALSE,NA
537800,FALSE,TRUE,FALSE,NA
341275,FALSE,TRUE,FALSE,NA
310901,FALSE,TRUE,FALSE,NA
168421,FALSE,FALSE,FALSE,NA
446059,FALSE,TRUE,FALSE,NA
438551,TRUE,FALSE,FALSE,NA
179794,TRUE,TRUE,FALSE,NA
238598,FALSE,TRUE,FALSE,NA
693023,TRUE,TRUE,FALSE,NA
374134,FALSE,TRUE,FALSE,NA
559042,FALSE,TRUE,FALSE,NA
904597,TRUE,TRUE,FALSE,NA
229969,FALSE,FALSE,FALSE,NA
180648,FALSE,TRUE,FALSE,NA
909740,FALSE,TRUE,FALSE,NA
215893,FALSE,TRUE,TRUE,NA
310626,FALSE,TRUE,FALSE,NA
55437,FALSE,TRUE,TRUE,NA
937790,FALSE,TRUE,FALSE,NA
158431,TRUE,TRUE,TRUE,NA
131404,FALSE,FALSE,FALSE,NA
207850,FALSE,TRUE,FALSE,NA
936725,FALSE,TRUE,FALSE,NA
895769,FALSE,TRUE,FALSE,NA
757940,FALSE,TRUE,FALSE,NA
597735,FALSE,FALSE,FALSE,NA
348569,FALSE,FALSE,FALSE,NA
567979,FALSE,FALSE,FALSE,NA
415886,TRUE,TRUE,FALSE,NA
592685,FALSE,TRUE,FALSE,NA
986935,FALSE,TRUE,FALSE,NA
180880,FALSE,TRUE,FALSE,NA
920185,FALSE,TRUE,FALSE,NA
954975,FALSE,TRUE,FALSE,NA
683737,FALSE,TRUE,FALSE,NA
537639,FALSE,FALSE,TRUE,NA
163592,FALSE,FALSE,FALSE,NA
981736,FALSE,TRUE,FALSE,NA
714467,FALSE,FALSE,FALSE,NA
127035,FALSE,TRUE,TRUE,NA
191258,FALSE,TRUE,FALSE,NA
637923,FALSE,FALSE,FALSE,NA
352952,FALSE,TRUE,FALSE,NA
857769,FALSE,TRUE,FALSE,NA
912794,FALSE,TRUE,FALSE,NA
409590,FALSE,FALSE,FALSE,NA
882837,FALSE,TRUE,FALSE,NA
320577,FALSE,FALSE,FALSE,NA
576169,FALSE,TRUE,FALSE,NA
93229,FALSE,TRUE,FALSE,NA
415300,FALSE,TRUE,FALSE,NA
713479,FALSE,TRUE,FALSE,NA
969287,FALSE,TRUE,FALSE,NA
863181,FALSE,TRUE,FALSE,NA
156948,FALSE,TRUE,FALSE,NA
823489,FALSE,FALSE,FALSE,NA
5731,FALSE,TRUE,FALSE,NA
177405,FALSE,FALSE,FALSE,NA
392075,FALSE,TRUE,FALSE,NA
781440,FALSE,TRUE,FALSE,NA
851923,FALSE,TRUE,FALSE,NA
582775,FALSE,TRUE,FALSE,NA
841836,FALSE,TRUE,FALSE,NA
881757,FALSE,TRUE,FALSE,NA
772708,FALSE,FALSE,FALSE,NA
182003,FALSE,TRUE,TRUE,NA
764119,TRUE,TRUE,FALSE,NA
875937,FALSE,TRUE,FALSE,NA
30305,TRUE,FALSE,TRUE,NA
403722,FALSE,TRUE,FALSE,NA
824973,FALSE,TRUE,FALSE,NA
782339,FALSE,TRUE,FALSE,NA
970518,FALSE,TRUE,FALSE,NA
266372,FALSE,TRUE,TRUE,NA
414637,FALSE,TRUE,FALSE,NA
459436,FALSE,TRUE,FALSE,NA
955105,FALSE,TRUE,FALSE,NA
296396,FALSE,FALSE,FALSE,NA
332662,FALSE,TRUE,FALSE,NA
114124,FALSE,FALSE,FALSE,NA
112213,FALSE,TRUE,FALSE,NA
72594,FALSE,TRUE,FALSE,NA
239606,FALSE,TRUE,FALSE,NA
530564,FALSE,TRUE,TRUE,NA
21494,FALSE,TRUE,FALSE,NA
393855,TRUE,TRUE,FALSE,NA
173347,FALSE,TRUE,FALSE,NA
409214,FALSE,TRUE,FALSE,NA
624173,FALSE,TRUE,FALSE,NA
526130,FALSE,TRUE,FALSE,NA
600512,FALSE,FALSE,FALSE,NA
305699,FALSE,TRUE,FALSE,NA
647592,FALSE,FALSE,FALSE,NA
874166,FALSE,TRUE,FALSE,NA
954852,TRUE,FALSE,FALSE,NA
434624,FALSE,TRUE,TRUE,NA
149586,FALSE,TRUE,FALSE,NA
550472,FALSE,FALSE,FALSE,NA
225232,FALSE,TRUE,FALSE,NA
363970,FALSE,TRUE,FALSE,NA
851261,FALSE,TRUE,FALSE,NA
758391,FALSE,FALSE,FALSE,NA
7986,FALSE,TRUE,FALSE,NA
927917,TRUE,TRUE,TRUE,NA
607927,FALSE,TRUE,FALSE,NA
105926,FALSE,TRUE,TRUE,NA
500402,FALSE,TRUE,FALSE,NA
907304,FALSE,FALSE,FALSE,NA
146940,FALSE,TRUE,FALSE,NA
880075,FALSE,TRUE,FALSE,NA
933086,FALSE,FALSE,FALSE,NA
357212,FALSE,FALSE,FALSE,NA
440535,TRUE,FALSE,FALSE,NA
67101,FALSE,FALSE,FALSE,NA
55571,FALSE,FALSE,FALSE,NA
693930,FALSE,TRUE,TRUE,NA
663942,FALSE,TRUE,FALSE,NA
523104,TRUE,TRUE,FALSE,NA
816843,TRUE,FALSE,FALSE,NA
667673,FALSE,FALSE,FALSE,NA
207532,FALSE,TRUE,FALSE,NA
795142,FALSE,FALSE,TRUE,NA
332816,FALSE,TRUE,FALSE,NA
219086,FALSE,TRUE,FALSE,NA
523274,FALSE,FALSE,FALSE,NA
744734,FALSE,TRUE,FALSE,NA
752537,FALSE,FALSE,FALSE,NA
177936,FALSE,TRUE,TRUE,NA
602910,FALSE,TRUE,FALSE,NA
125043,TRUE,TRUE,FALSE,NA
539569,FALSE,TRUE,TRUE,NA
312879,FALSE,FALSE,FALSE,NA
142704,FALSE,TRUE,FALSE,NA
664423,FALSE,TRUE,FALSE,NA
776712,FALSE,TRUE,FALSE,NA
669134,FALSE,TRUE,FALSE,NA
639047,FALSE,TRUE,FALSE,NA
79078,TRUE,TRUE,FALSE,NA
956825,FALSE,TRUE,FALSE,NA
938272,FALSE,FALSE,FALSE,NA
577276,FALSE,TRUE,FALSE,NA
494921,FALSE,TRUE,FALSE,NA
374237,FALSE,TRUE,FALSE,NA
494444,FALSE,FALSE,FALSE,NA
660060,FALSE,FALSE,FALSE,NA
654783,FALSE,TRUE,TRUE,NA
228483,FALSE,TRUE,FALSE,NA
494131,FALSE,TRUE,FALSE,NA
293180,FALSE,TRUE,FALSE,NA
855720,TRUE,TRUE,FALSE,NA
693136,FALSE,TRUE,FALSE,NA
585886,FALSE,TRUE,FALSE,NA
250631,FALSE,TRUE,FALSE,NA
957335,FALSE,TRUE,FALSE,NA
917367,FALSE,TRUE,FALSE,NA
696581,FALSE,TRUE,FALSE,NA
722233,TRUE,FALSE,FALSE,NA
574995,TRUE,FALSE,FALSE,NA
69764,FALSE,TRUE,FALSE,NA
481853,FALSE,FALSE,FALSE,NA
232951,FALSE,FALSE,FALSE,NA
660150,TRUE,FALSE,FALSE,NA
478852,FALSE,TRUE,FALSE,NA
196509,TRUE,TRUE,FALSE,NA
667446,FALSE,TRUE,TRUE,NA
591634,FALSE,TRUE,FALSE,NA
181777,FALSE,TRUE,FALSE,NA
506360,FALSE,TRUE,FALSE,NA
196939,FALSE,TRUE,FALSE,NA
664068,FALSE,FALSE,FALSE,NA
578389,FALSE,TRUE,TRUE,NA
735912,FALSE,FALSE,FALSE,NA
338327,FALSE,FALSE,FALSE,NA
469258,FALSE,FALSE,TRUE,NA
325736,FALSE,TRUE,FALSE,NA
931368,FALSE,TRUE,FALSE,NA
40756,FALSE,TRUE,FALSE,NA
78259,FALSE,TRUE,FALSE,NA
753881,FALSE,TRUE,FALSE,NA
678397,TRUE,FALSE,FALSE,NA
547346,FALSE,TRUE,FALSE,NA
283495,FALSE,TRUE,FALSE,NA
541110,FALSE,TRUE,FALSE,NA
26439,FALSE,TRUE,TRUE,NA
244455,TRUE,TRUE,FALSE,NA
681408,FALSE,TRUE,FALSE,NA
845863,FALSE,FALSE,FALSE,NA
544314,FALSE,TRUE,FALSE,NA
542795,FALSE,FALSE,FALSE,NA
803611,FALSE,TRUE,FALSE,NA
400046,FALSE,FALSE,FALSE,NA
849073,FALSE,TRUE,FALSE,NA
196589,FALSE,FALSE,FALSE,NA
944530,FALSE,TRUE,FALSE,NA
938457,FALSE,TRUE,FALSE,NA
403026,TRUE,TRUE,FALSE,NA
282486,FALSE,TRUE,FALSE,NA
533405,FALSE,TRUE,FALSE,NA
172174,FALSE,TRUE,FALSE,NA
889381,FALSE,FALSE,FALSE,NA
813955,FALSE,TRUE,FALSE,NA
983914,TRUE,FALSE,FALSE,NA
144241,FALSE,TRUE,FALSE,NA
143479,FALSE,TRUE,FALSE,NA
209937,FALSE,TRUE,FALSE,NA
59488,FALSE,TRUE,TRUE,NA
305822,FALSE,TRUE,FALSE,NA
138050,FALSE,TRUE,FALSE,NA
931461,FALSE,TRUE,FALSE,NA
140789,FALSE,FALSE,TRUE,NA
62603,FALSE,TRUE,FALSE,NA
417581,FALSE,TRUE,FALSE,NA
706205,FALSE,TRUE,FALSE,NA
334497,FALSE,FALSE,FALSE,NA
589659,FALSE,TRUE,FALSE,NA
720603,FALSE,TRUE,FALSE,NA
173404,FALSE,TRUE,FALSE,NA
545228,FALSE,TRUE,FALSE,NA
31492,FALSE,FALSE,FALSE,NA
439929,FALSE,TRUE,FALSE,NA
236889,FALSE,TRUE,FALSE,NA
682578,FALSE,TRUE,FALSE,NA
871276,FALSE,TRUE,FALSE,NA
165286,FALSE,TRUE,FALSE,NA
602537,FALSE,FALSE,FALSE,NA
849262,FALSE,TRUE,FALSE,NA
917460,TRUE,TRUE,FALSE,NA
773169,FALSE,FALSE,FALSE,NA
216860,FALSE,TRUE,FALSE,NA
148972,FALSE,FALSE,FALSE,NA
42927,FALSE,TRUE,FALSE,NA
264870,FALSE,FALSE,FALSE,NA
350059,FALSE,TRUE,FALSE,NA
529000,FALSE,TRUE,FALSE,NA
378805,FALSE,TRUE,FALSE,NA
506057,FALSE,FALSE,FALSE,NA
248636,FALSE,TRUE,FALSE,NA
760569,FALSE,TRUE,FALSE,NA
490018,FALSE,TRUE,FALSE,NA
424881,FALSE,TRUE,FALSE,NA
372287,FALSE,TRUE,FALSE,NA
801409,TRUE,TRUE,FALSE,NA
918891,FALSE,TRUE,FALSE,NA
498175,FALSE,TRUE,FALSE,NA
820836,FALSE,TRUE,FALSE,NA
144798,FALSE,TRUE,TRUE,NA
720963,FALSE,TRUE,FALSE,NA
74937,FALSE,TRUE,FALSE,NA
931712,FALSE,TRUE,FALSE,NA
177262,FALSE,TRUE,FALSE,NA
265013,TRUE,TRUE,FALSE,NA
671917,FALSE,TRUE,FALSE,NA
4581,FALSE,FALSE,FALSE,NA
916473,FALSE,FALSE,FALSE,NA
11570,FALSE,FALSE,FALSE,NA
797269,FALSE,TRUE,FALSE,NA
752592,FALSE,FALSE,FALSE,NA
678921,FALSE,TRUE,FALSE,NA
18440,FALSE,TRUE,FALSE,NA
956906,FALSE,TRUE,FALSE,NA
980796,FALSE,TRUE,FALSE,NA
925785,FALSE,TRUE,FALSE,NA
379124,FALSE,FALSE,FALSE,NA
492670,FALSE,TRUE,FALSE,NA
980874,TRUE,TRUE,FALSE,NA
528442,FALSE,TRUE,FALSE,NA
812778,FALSE,FALSE,FALSE,NA
962865,FALSE,TRUE,FALSE,NA
824932,TRUE,TRUE,FALSE,NA
630095,FALSE,TRUE,FALSE,NA
73724,FALSE,TRUE,FALSE,NA
644986,FALSE,TRUE,FALSE,NA
570552,FALSE,TRUE,FALSE,NA
612455,FALSE,TRUE,FALSE,NA
884896,FALSE,TRUE,FALSE,NA
103670,FALSE,TRUE,FALSE,NA
687015,FALSE,TRUE,FALSE,NA
595650,FALSE,TRUE,FALSE,NA
482220,FALSE,TRUE,FALSE,NA
998931,FALSE,TRUE,FALSE,NA
51447,FALSE,TRUE,FALSE,NA
173286,FALSE,TRUE,FALSE,NA
121500,FALSE,TRUE,FALSE,NA
437924,FALSE,TRUE,FALSE,NA
476118,FALSE,TRUE,FALSE,NA
325538,FALSE,TRUE,FALSE,NA
995072,FALSE,TRUE,FALSE,NA
470909,FALSE,TRUE,TRUE,NA
281265,FALSE,TRUE,FALSE,NA
747888,TRUE,TRUE,FALSE,NA
662087,FALSE,FALSE,FALSE,NA
546866,FALSE,FALSE,FALSE,NA
80321,FALSE,TRUE,FALSE,NA
372144,FALSE,TRUE,FALSE,NA
666994,FALSE,TRUE,FALSE,NA
864770,FALSE,TRUE,FALSE,NA
741412,FALSE,FALSE,FALSE,NA
648017,FALSE,TRUE,FALSE,NA
619338,FALSE,TRUE,TRUE,NA
51942,FALSE,TRUE,FALSE,NA
191577,FALSE,TRUE,FALSE,NA
173441,FALSE,TRUE,FALSE,NA
208477,FALSE,TRUE,FALSE,NA
251363,FALSE,TRUE,FALSE,NA
387778,FALSE,FALSE,FALSE,NA
68110,FALSE,TRUE,FALSE,NA
42783,FALSE,FALSE,FALSE,NA
718017,FALSE,TRUE,FALSE,NA
270853,FALSE,TRUE,FALSE,NA
437241,FALSE,TRUE,FALSE,NA
605385,FALSE,TRUE,FALSE,NA
620027,FALSE,TRUE,FALSE,NA
476182,FALSE,TRUE,FALSE,NA
310396,FALSE,FALSE,FALSE,NA
722773,FALSE,FALSE,FALSE,NA
664485,FALSE,TRUE,FALSE,NA
145889,FALSE,TRUE,FALSE,NA
577650,FALSE,TRUE,FALSE,NA
166860,FALSE,TRUE,FALSE,NA
853391,FALSE,TRUE,FALSE,NA
235215,TRUE,TRUE,FALSE,NA
961091,FALSE,TRUE,FALSE,NA
346912,FALSE,TRUE,FALSE,NA
577584,FALSE,TRUE,FALSE,NA
719552,FALSE,FALSE,FALSE,NA
453503,FALSE,TRUE,TRUE,NA
136816,FALSE,TRUE,FALSE,NA
67042,FALSE,TRUE,FALSE,NA
520104,FALSE,TRUE,FALSE,NA
898580,FALSE,TRUE,FALSE,NA
441649,TRUE,TRUE,TRUE,NA
889818,FALSE,FALSE,FALSE,NA
613132,FALSE,FALSE,FALSE,NA
751692,FALSE,FALSE,FALSE,NA
212222,FALSE,FALSE,FALSE,NA
832056,FALSE,FALSE,FALSE,NA
885406,FALSE,TRUE,FALSE,NA
705948,FALSE,TRUE,FALSE,NA
278882,FALSE,TRUE,FALSE,NA
87435,FALSE,TRUE,FALSE,NA
44407,TRUE,FALSE,FALSE,NA
236139,FALSE,TRUE,FALSE,NA
930390,FALSE,TRUE,FALSE,NA
414211,FALSE,TRUE,FALSE,NA
133526,FALSE,FALSE,FALSE,NA
953430,FALSE,TRUE,FALSE,NA
156401,FALSE,FALSE,FALSE,NA
638137,TRUE,TRUE,FALSE,NA
45929,FALSE,TRUE,FALSE,NA
771292,FALSE,FALSE,FALSE,NA
423108,FALSE,TRUE,FALSE,NA
680118,FALSE,TRUE,FALSE,NA
368603,FALSE,TRUE,FALSE,NA
563608,FALSE,TRUE,FALSE,NA
207367,FALSE,FALSE,FALSE,NA
710391,FALSE,TRUE,FALSE,NA
466183,FALSE,TRUE,FALSE,NA
900872,FALSE,FALSE,FALSE,NA
667066,FALSE,TRUE,FALSE,NA
892191,FALSE,FALSE,FALSE,NA
388643,FALSE,TRUE,FALSE,NA
519904,TRUE,TRUE,FALSE,NA
854836,FALSE,FALSE,FALSE,NA
928363,FALSE,TRUE,FALSE,NA
365788,FALSE,TRUE,FALSE,NA
242561,FALSE,TRUE,FALSE,NA
793862,FALSE,FALSE,FALSE,NA
856675,FALSE,TRUE,FALSE,NA
915579,FALSE,TRUE,FALSE,NA
652186,FALSE,TRUE,FALSE,NA
291816,FALSE,FALSE,FALSE,NA
504563,FALSE,TRUE,TRUE,NA
846496,FALSE,TRUE,FALSE,NA
289187,FALSE,TRUE,FALSE,NA
121851,FALSE,FALSE,FALSE,NA
902086,FALSE,TRUE,FALSE,NA
763172,FALSE,TRUE,FALSE,NA
739790,FALSE,TRUE,FALSE,NA
622772,FALSE,TRUE,FALSE,NA
348800,FALSE,TRUE,FALSE,NA
792427,FALSE,FALSE,FALSE,NA
989726,FALSE,FALSE,FALSE,NA
420396,FALSE,TRUE,FALSE,NA
147663,FALSE,TRUE,FALSE,NA
386950,FALSE,TRUE,FALSE,NA
86011,TRUE,TRUE,FALSE,NA
528891,FALSE,FALSE,FALSE,NA
710236,FALSE,TRUE,FALSE,NA
272867,FALSE,FALSE,FALSE,NA
600963,TRUE,TRUE,FALSE,NA
294554,FALSE,TRUE,FALSE,NA
682453,FALSE,TRUE,FALSE,NA
633960,FALSE,FALSE,TRUE,NA
876288,FALSE,TRUE,FALSE,NA
198906,FALSE,TRUE,FALSE,NA
495207,FALSE,FALSE,FALSE,NA
437663,FALSE,TRUE,FALSE,NA
643532,FALSE,TRUE,FALSE,NA
656029,FALSE,FALSE,FALSE,NA
581093,FALSE,TRUE,TRUE,NA
285019,FALSE,FALSE,FALSE,NA
924110,FALSE,FALSE,FALSE,NA
235584,FALSE,FALSE,FALSE,NA
473376,FALSE,FALSE,FALSE,NA
296278,FALSE,TRUE,FALSE,NA
205518,FALSE,TRUE,FALSE,NA
34221,FALSE,TRUE,FALSE,NA
613432,FALSE,TRUE,FALSE,NA
44775,FALSE,TRUE,FALSE,NA
547368,FALSE,TRUE,FALSE,NA
101553,FALSE,FALSE,TRUE,NA
175735,FALSE,FALSE,FALSE,NA
246428,FALSE,TRUE,FALSE,NA
729822,FALSE,TRUE,FALSE,NA
546417,FALSE,TRUE,FALSE,NA
905883,FALSE,TRUE,FALSE,NA
518007,FALSE,TRUE,FALSE,NA
185407,FALSE,TRUE,FALSE,NA
891207,FALSE,TRUE,TRUE,NA
328400,FALSE,TRUE,FALSE,NA
867557,TRUE,TRUE,FALSE,NA
696467,FALSE,FALSE,FALSE,NA
686436,TRUE,TRUE,TRUE,NA
9054,FALSE,TRUE,FALSE,NA
584400,FALSE,FALSE,FALSE,NA
377058,FALSE,TRUE,FALSE,NA
395395,FALSE,TRUE,FALSE,NA
103222,TRUE,TRUE,FALSE,NA
775431,FALSE,TRUE,FALSE,NA
199972,FALSE,TRUE,FALSE,NA
555185,TRUE,TRUE,FALSE,NA
590800,FALSE,TRUE,TRUE,NA
927632,FALSE,TRUE,FALSE,NA
216245,FALSE,TRUE,FALSE,NA
261085,FALSE,TRUE,FALSE,NA
416079,FALSE,TRUE,FALSE,NA
182268,FALSE,TRUE,FALSE,NA
556089,FALSE,TRUE,TRUE,NA
36778,FALSE,TRUE,FALSE,NA
183369,FALSE,FALSE,FALSE,NA
10789,FALSE,TRUE,FALSE,NA
604801,FALSE,TRUE,FALSE,NA
610616,FALSE,TRUE,FALSE,NA
97470,FALSE,TRUE,FALSE,NA
184489,FALSE,TRUE,FALSE,NA
562366,FALSE,TRUE,FALSE,NA
857156,FALSE,FALSE,FALSE,NA
726418,FALSE,FALSE,FALSE,NA
685370,FALSE,TRUE,FALSE,NA
164833,FALSE,TRUE,FALSE,NA
404939,FALSE,TRUE,FALSE,NA
532381,FALSE,TRUE,FALSE,NA
224465,FALSE,TRUE,FALSE,NA
688302,FALSE,TRUE,FALSE,NA
822032,FALSE,FALSE,FALSE,NA
941962,FALSE,FALSE,FALSE,NA
85011,FALSE,TRUE,FALSE,NA
594070,FALSE,TRUE,FALSE,NA
292200,FALSE,TRUE,FALSE,NA
718420,FALSE,TRUE,FALSE,NA
555742,FALSE,TRUE,FALSE,NA
440495,FALSE,TRUE,TRUE,NA
770310,FALSE,TRUE,FALSE,NA
882341,FALSE,TRUE,FALSE,NA
24539,FALSE,TRUE,FALSE,NA
36304,TRUE,TRUE,FALSE,NA
461533,TRUE,FALSE,FALSE,NA
312725,FALSE,TRUE,FALSE,NA
950193,TRUE,FALSE,FALSE,NA
434827,FALSE,TRUE,FALSE,NA
21514,FALSE,FALSE,FALSE,NA
542102,FALSE,TRUE,FALSE,NA
382125,FALSE,TRUE,FALSE,NA
819323,FALSE,FALSE,FALSE,NA
50678,FALSE,FALSE,FALSE,NA
462312,FALSE,TRUE,FALSE,NA
229152,FALSE,FALSE,FALSE,NA
560496,FALSE,TRUE,FALSE,NA
736252,FALSE,TRUE,TRUE,NA
978395,FALSE,TRUE,TRUE,NA
363262,FALSE,TRUE,FALSE,NA
763171,FALSE,TRUE,TRUE,NA
866688,FALSE,FALSE,FALSE,NA
602864,FALSE,FALSE,FALSE,NA
846577,FALSE,TRUE,FALSE,NA
942728,FALSE,TRUE,FALSE,NA
117265,FALSE,TRUE,FALSE,NA
608616,FALSE,TRUE,FALSE,NA
149656,FALSE,TRUE,FALSE,NA
909901,FALSE,TRUE,FALSE,NA
328625,FALSE,TRUE,FALSE,NA
315905,TRUE,TRUE,FALSE,NA
560594,FALSE,TRUE,TRUE,NA
23593,TRUE,TRUE,FALSE,NA
110396,FALSE,TRUE,FALSE,NA
895511,FALSE,TRUE,FALSE,NA
951467,TRUE,TRUE,TRUE,NA
643148,FALSE,FALSE,FALSE,NA
538115,FALSE,TRUE,FALSE,NA
490351,FALSE,FALSE,FALSE,NA
351251,FALSE,FALSE,FALSE,NA
762284,FALSE,TRUE,FALSE,NA
657937,FALSE,TRUE,FALSE,NA
328940,FALSE,TRUE,FALSE,NA
905376,FALSE,TRUE,FALSE,NA
601175,TRUE,FALSE,FALSE,NA
822256,TRUE,FALSE,FALSE,NA
268590,TRUE,TRUE,FALSE,NA
894866,FALSE,TRUE,FALSE,NA
51620,FALSE,TRUE,FALSE,NA
504240,TRUE,TRUE,FALSE,NA
145771,FALSE,TRUE,FALSE,NA
473553,TRUE,FALSE,FALSE,NA
928121,FALSE,TRUE,FALSE,NA
971353,FALSE,TRUE,TRUE,NA
341503,FALSE,TRUE,FALSE,NA
177953,FALSE,TRUE,FALSE,NA
215508,FALSE,FALSE,FALSE,NA
671715,FALSE,TRUE,FALSE,NA
155859,FALSE,TRUE,FALSE,NA
757084,FALSE,TRUE,FALSE,NA
171915,TRUE,FALSE,TRUE,NA
697356,FALSE,TRUE,FALSE,NA
732226,FALSE,TRUE,FALSE,NA
177567,FALSE,FALSE,FALSE,NA
384816,TRUE,FALSE,FALSE,NA
454997,FALSE,FALSE,FALSE,NA
508522,FALSE,TRUE,FALSE,NA
54624,FALSE,TRUE,FALSE,NA
478265,FALSE,TRUE,FALSE,NA
34364,FALSE,TRUE,FALSE,NA
361242,FALSE,TRUE,FALSE,NA
30887,FALSE,FALSE,FALSE,NA
767566,FALSE,TRUE,FALSE,NA
786334,FALSE,TRUE,FALSE,NA
944401,FALSE,TRUE,TRUE,NA
94072,FALSE,TRUE,FALSE,NA
87667,FALSE,FALSE,FALSE,NA
800758,FALSE,FALSE,FALSE,NA
997931,FALSE,TRUE,FALSE,NA
640984,FALSE,FALSE,FALSE,NA
885545,FALSE,TRUE,FALSE,NA
882211,FALSE,TRUE,FALSE,NA
398241,FALSE,TRUE,FALSE,NA
883909,FALSE,TRUE,FALSE,NA
774198,FALSE,TRUE,FALSE,NA
501829,TRUE,TRUE,FALSE,NA
529641,FALSE,TRUE,FALSE,NA
347915,TRUE,TRUE,TRUE,NA
439262,FALSE,FALSE,FALSE,NA
823112,TRUE,TRUE,FALSE,NA
729640,FALSE,TRUE,FALSE,NA
213389,FALSE,TRUE,FALSE,NA
24188,TRUE,TRUE,FALSE,NA
837342,FALSE,FALSE,FALSE,NA
436973,FALSE,TRUE,FALSE,NA
522499,FALSE,FALSE,FALSE,NA
386915,FALSE,TRUE,FALSE,NA
512213,FALSE,FALSE,FALSE,NA
867572,FALSE,FALSE,FALSE,NA
724436,FALSE,FALSE,FALSE,NA
373393,FALSE,FALSE,FALSE,NA
652072,FALSE,TRUE,FALSE,NA
528584,TRUE,TRUE,FALSE,NA
826809,FALSE,TRUE,FALSE,NA
951745,FALSE,FALSE,FALSE,NA
563733,FALSE,TRUE,FALSE,NA
311295,FALSE,TRUE,FALSE,NA
435175,FALSE,TRUE,FALSE,NA
491384,FALSE,TRUE,FALSE,NA
206406,FALSE,TRUE,FALSE,NA
856396,FALSE,TRUE,FALSE,NA
351768,FALSE,TRUE,FALSE,NA
363443,FALSE,FALSE,FALSE,NA
493692,FALSE,TRUE,FALSE,NA
38444,FALSE,TRUE,FALSE,NA
130624,TRUE,TRUE,FALSE,NA
901849,FALSE,TRUE,FALSE,NA
799975,FALSE,FALSE,FALSE,NA
532147,FALSE,TRUE,FALSE,NA
856366,FALSE,TRUE,FALSE,NA
535403,FALSE,TRUE,FALSE,NA
431709,FALSE,TRUE,FALSE,NA
999269,FALSE,FALSE,FALSE,NA
157225,FALSE,TRUE,FALSE,NA
414711,FALSE,TRUE,FALSE,NA
569605,FALSE,FALSE,FALSE,NA
122911,TRUE,FALSE,FALSE,NA
273591,FALSE,TRUE,FALSE,NA
768921,FALSE,TRUE,FALSE,NA
315724,FALSE,TRUE,FALSE,NA
380929,FALSE,FALSE,FALSE,NA
148700,FALSE,FALSE,FALSE,NA
807993,FALSE,TRUE,FALSE,NA
659111,FALSE,TRUE,FALSE,NA
246063,FALSE,TRUE,FALSE,NA
337118,FALSE,FALSE,FALSE,NA
393940,FALSE,TRUE,FALSE,NA
411466,FALSE,FALSE,FALSE,NA
953987,FALSE,TRUE,FALSE,NA
531687,FALSE,TRUE,FALSE,NA
582418,FALSE,TRUE,FALSE,NA
867171,FALSE,FALSE,FALSE,NA
255392,FALSE,TRUE,FALSE,NA
623309,TRUE,TRUE,TRUE,NA
955542,FALSE,TRUE,FALSE,NA
91007,TRUE,TRUE,TRUE,NA
924345,FALSE,TRUE,FALSE,NA
33764,FALSE,FALSE,FALSE,NA
185578,FALSE,FALSE,FALSE,NA
400906,TRUE,TRUE,FALSE,NA
552736,FALSE,TRUE,FALSE,NA
554822,FALSE,FALSE,FALSE,NA
346096,FALSE,FALSE,FALSE,NA
903517,FALSE,FALSE,FALSE,NA
558575,FALSE,TRUE,FALSE,NA
774942,FALSE,FALSE,FALSE,NA
703335,TRUE,TRUE,FALSE,NA
797895,FALSE,TRUE,FALSE,NA
680832,FALSE,TRUE,FALSE,NA
31994,FALSE,TRUE,FALSE,NA
512180,FALSE,FALSE,FALSE,NA
93691,FALSE,FALSE,FALSE,NA
244925,FALSE,TRUE,FALSE,NA
623734,FALSE,TRUE,FALSE,NA
846114,FALSE,TRUE,FALSE,NA
23814,FALSE,TRUE,FALSE,NA
433855,FALSE,TRUE,FALSE,NA
168009,TRUE,TRUE,FALSE,NA
471026,FALSE,TRUE,FALSE,NA
337205,FALSE,FALSE,FALSE,NA
769082,FALSE,TRUE,FALSE,NA
423144,FALSE,TRUE,FALSE,NA
413017,FALSE,TRUE,FALSE,NA
892148,FALSE,TRUE,TRUE,NA
265876,TRUE,TRUE,FALSE,NA
744627,FALSE,TRUE,FALSE,NA
14268,FALSE,FALSE,FALSE,NA
945041,FALSE,TRUE,FALSE,NA
982044,FALSE,TRUE,FALSE,NA
488183,FALSE,FALSE,FALSE,NA
435114,FALSE,TRUE,FALSE,NA
142880,FALSE,TRUE,FALSE,NA
522791,FALSE,FALSE,FALSE,NA
164495,FALSE,TRUE,FALSE,NA
50149,FALSE,TRUE,FALSE,NA
824599,FALSE,TRUE,FALSE,NA
726582,FALSE,TRUE,FALSE,NA
442485,FALSE,FALSE,FALSE,NA
574840,FALSE,TRUE,FALSE,NA
71649,FALSE,FALSE,FALSE,NA
158340,FALSE,TRUE,FALSE,NA
356660,FALSE,TRUE,TRUE,NA
725102,FALSE,TRUE,FALSE,NA
900174,FALSE,TRUE,FALSE,NA
112816,TRUE,TRUE,FALSE,NA
773150,FALSE,TRUE,FALSE,NA
82968,FALSE,TRUE,FALSE,NA
407797,TRUE,TRUE,FALSE,NA
965022,FALSE,TRUE,FALSE,NA
958319,FALSE,TRUE,FALSE,NA
79459,FALSE,FALSE,FALSE,NA
431767,FALSE,FALSE,FALSE,NA
409275,FALSE,TRUE,TRUE,NA
562556,FALSE,FALSE,FALSE,NA
582449,FALSE,TRUE,FALSE,NA
453157,FALSE,TRUE,FALSE,NA
36974,FALSE,FALSE,FALSE,NA
397849,TRUE,TRUE,TRUE,NA
679268,FALSE,TRUE,FALSE,NA
546065,TRUE,TRUE,FALSE,NA
971425,FALSE,TRUE,FALSE,NA
113372,FALSE,TRUE,FALSE,NA
917545,FALSE,FALSE,FALSE,NA
300199,FALSE,TRUE,FALSE,NA
578296,FALSE,FALSE,FALSE,NA
197567,FALSE,TRUE,FALSE,NA
917585,FALSE,TRUE,TRUE,NA
338005,FALSE,TRUE,FALSE,NA
684720,FALSE,TRUE,FALSE,NA
140325,FALSE,TRUE,FALSE,NA
557195,FALSE,TRUE,FALSE,NA
122536,FALSE,TRUE,FALSE,NA
849605,FALSE,TRUE,FALSE,NA
175265,FALSE,TRUE,FALSE,NA
869652,TRUE,FALSE,FALSE,NA
398314,FALSE,FALSE,FALSE,NA
971001,FALSE,TRUE,TRUE,NA
523053,FALSE,TRUE,FALSE,NA
425632,FALSE,TRUE,FALSE,NA
501408,FALSE,TRUE,FALSE,NA
330544,FALSE,TRUE,FALSE,NA
659818,FALSE,TRUE,FALSE,NA
531278,FALSE,TRUE,FALSE,NA
344,FALSE,TRUE,FALSE,NA
853873,FALSE,FALSE,FALSE,NA
342714,FALSE,FALSE,TRUE,NA
349317,FALSE,TRUE,FALSE,NA
730141,FALSE,TRUE,FALSE,NA
649766,FALSE,TRUE,TRUE,NA
22734,FALSE,TRUE,FALSE,NA
854384,FALSE,TRUE,FALSE,NA
15256,FALSE,TRUE,FALSE,NA
711351,FALSE,TRUE,FALSE,NA
646733,FALSE,TRUE,FALSE,NA
784533,FALSE,TRUE,FALSE,NA
224692,FALSE,TRUE,FALSE,NA
907362,FALSE,TRUE,FALSE,NA
562786,FALSE,TRUE,FALSE,NA
523261,FALSE,FALSE,FALSE,NA
848310,FALSE,TRUE,FALSE,NA
367751,FALSE,TRUE,TRUE,NA
682202,FALSE,TRUE,FALSE,NA
987762,TRUE,TRUE,FALSE,NA
377640,TRUE,FALSE,FALSE,NA
723144,FALSE,FALSE,FALSE,NA
941148,FALSE,TRUE,FALSE,NA
435349,FALSE,TRUE,FALSE,NA
112192,FALSE,TRUE,TRUE,NA
286531,TRUE,FALSE,FALSE,NA
885886,FALSE,TRUE,FALSE,NA
925990,FALSE,TRUE,FALSE,NA
757063,FALSE,FALSE,FALSE,NA
106561,FALSE,TRUE,TRUE,NA
513168,FALSE,FALSE,FALSE,NA
522702,FALSE,TRUE,FALSE,NA
700362,FALSE,FALSE,FALSE,NA
943707,FALSE,TRUE,FALSE,NA
602063,FALSE,FALSE,FALSE,NA
315758,TRUE,TRUE,FALSE,NA
44307,FALSE,TRUE,FALSE,NA
821942,FALSE,TRUE,FALSE,NA
274114,TRUE,TRUE,FALSE,NA
579938,FALSE,TRUE,FALSE,NA
281366,FALSE,FALSE,TRUE,NA
278149,FALSE,TRUE,TRUE,NA
416502,FALSE,TRUE,FALSE,NA
488207,FALSE,TRUE,TRUE,NA
232907,TRUE,TRUE,FALSE,NA
809605,FALSE,TRUE,FALSE,NA
331589,FALSE,TRUE,FALSE,NA
28303,FALSE,TRUE,FALSE,NA
364963,TRUE,TRUE,FALSE,NA
761143,FALSE,TRUE,FALSE,NA
598979,FALSE,TRUE,FALSE,NA
724931,FALSE,TRUE,FALSE,NA
686298,FALSE,TRUE,FALSE,NA
826328,FALSE,TRUE,TRUE,NA
246332,FALSE,TRUE,FALSE,NA
131093,FALSE,TRUE,FALSE,NA
678092,FALSE,FALSE,FALSE,NA
636392,FALSE,TRUE,FALSE,NA
954378,FALSE,FALSE,FALSE,NA
595708,FALSE,TRUE,FALSE,NA
219533,FALSE,FALSE,FALSE,NA
730437,FALSE,TRUE,FALSE,NA
775188,FALSE,TRUE,FALSE,NA
780533,FALSE,FALSE,FALSE,NA
278012,FALSE,TRUE,FALSE,NA
395779,FALSE,TRUE,FALSE,NA
891499,FALSE,TRUE,FALSE,NA
617507,FALSE,FALSE,FALSE,NA
612192,TRUE,FALSE,FALSE,NA
727780,FALSE,FALSE,FALSE,NA
197234,FALSE,FALSE,FALSE,NA
168253,TRUE,TRUE,FALSE,NA
474625,FALSE,FALSE,TRUE,NA
816819,FALSE,TRUE,FALSE,NA
221975,TRUE,TRUE,FALSE,NA
834676,FALSE,TRUE,FALSE,NA
708564,FALSE,TRUE,FALSE,NA
821438,FALSE,FALSE,FALSE,NA
892879,FALSE,TRUE,FALSE,NA
49700,FALSE,TRUE,FALSE,NA
976605,FALSE,FALSE,FALSE,NA
230939,FALSE,FALSE,TRUE,NA
721208,FALSE,TRUE,FALSE,NA
384928,FALSE,TRUE,FALSE,NA
340414,FALSE,TRUE,FALSE,NA
972990,FALSE,TRUE,FALSE,NA
488071,FALSE,TRUE,FALSE,NA
629605,FALSE,TRUE,FALSE,NA
798016,TRUE,TRUE,FALSE,NA
702222,TRUE,TRUE,FALSE,NA
21414,FALSE,TRUE,FALSE,NA
73313,FALSE,TRUE,FALSE,NA
298769,TRUE,FALSE,FALSE,NA
118576,TRUE,TRUE,TRUE,NA
305093,TRUE,TRUE,FALSE,NA
649854,FALSE,TRUE,FALSE,NA
833259,FALSE,TRUE,FALSE,NA
50786,FALSE,FALSE,FALSE,NA
519469,FALSE,TRUE,FALSE,NA
188289,TRUE,FALSE,FALSE,NA
826222,FALSE,TRUE,FALSE,NA
78635,FALSE,FALSE,FALSE,NA
747127,FALSE,FALSE,FALSE,NA
459265,FALSE,TRUE,FALSE,NA
389201,FALSE,FALSE,FALSE,NA
375920,FALSE,TRUE,TRUE,NA
263907,FALSE,TRUE,FALSE,NA
521894,FALSE,FALSE,FALSE,NA
152742,TRUE,TRUE,FALSE,NA
976028,FALSE,TRUE,FALSE,NA
772231,FALSE,TRUE,FALSE,NA
889094,FALSE,TRUE,FALSE,NA
341185,FALSE,FALSE,FALSE,NA
743783,FALSE,TRUE,FALSE,NA
108155,FALSE,TRUE,FALSE,NA
87584,FALSE,TRUE,TRUE,NA
817165,FALSE,TRUE,FALSE,NA
808773,FALSE,TRUE,FALSE,NA
165878,FALSE,FALSE,FALSE,NA
538656,FALSE,TRUE,FALSE,NA
781817,FALSE,TRUE,FALSE,NA
49296,FALSE,FALSE,FALSE,NA
671479,FALSE,TRUE,FALSE,NA
818427,FALSE,FALSE,FALSE,NA
516202,FALSE,FALSE,FALSE,NA
291086,FALSE,TRUE,FALSE,NA
589143,FALSE,FALSE,TRUE,NA
279816,TRUE,TRUE,FALSE,NA
344456,FALSE,TRUE,FALSE,NA
27498,FALSE,TRUE,FALSE,NA
431159,FALSE,FALSE,FALSE,NA
767845,FALSE,TRUE,FALSE,NA
173445,FALSE,TRUE,FALSE,NA
809386,FALSE,TRUE,FALSE,NA
501240,FALSE,FALSE,FALSE,NA
357687,FALSE,FALSE,FALSE,NA
533506,FALSE,FALSE,FALSE,NA
228937,FALSE,TRUE,TRUE,NA
568507,FALSE,TRUE,FALSE,NA
642796,FALSE,FALSE,FALSE,NA
154134,TRUE,FALSE,FALSE,NA
587597,FALSE,TRUE,FALSE,NA
397525,FALSE,TRUE,TRUE,NA
770572,FALSE,FALSE,FALSE,NA
598660,FALSE,TRUE,FALSE,NA
398436,FALSE,FALSE,FALSE,NA
890020,FALSE,TRUE,FALSE,NA
201094,FALSE,TRUE,FALSE,NA
728096,FALSE,FALSE,FALSE,NA
282084,FALSE,TRUE,FALSE,NA
421694,FALSE,FALSE,FALSE,NA
40952,FALSE,TRUE,FALSE,NA
327252,TRUE,TRUE,FALSE,NA
412425,FALSE,TRUE,FALSE,NA
511574,FALSE,FALSE,FALSE,NA
627793,FALSE,TRUE,FALSE,NA
168707,FALSE,TRUE,FALSE,NA
73639,FALSE,TRUE,FALSE,NA
818820,TRUE,TRUE,TRUE,NA
477973,FALSE,TRUE,FALSE,NA
613693,FALSE,TRUE,FALSE,NA
216845,FALSE,FALSE,FALSE,NA
516149,TRUE,FALSE,FALSE,NA
853554,FALSE,FALSE,FALSE,NA
519459,FALSE,TRUE,TRUE,NA
13557,FALSE,FALSE,FALSE,NA
408692,FALSE,TRUE,FALSE,NA
952704,FALSE,FALSE,FALSE,NA
228289,FALSE,TRUE,FALSE,NA
866026,FALSE,TRUE,FALSE,NA
287803,FALSE,TRUE,FALSE,NA
136509,FALSE,TRUE,FALSE,NA
945012,FALSE,TRUE,FALSE,NA
901045,FALSE,TRUE,FALSE,NA
402466,FALSE,TRUE,FALSE,NA
619091,FALSE,TRUE,FALSE,NA
174538,FALSE,TRUE,FALSE,NA
258241,FALSE,FALSE,TRUE,NA
377111,FALSE,TRUE,FALSE,NA
145521,FALSE,FALSE,FALSE,NA
275666,FALSE,TRUE,FALSE,NA
951161,FALSE,FALSE,FALSE,NA
994608,FALSE,TRUE,FALSE,NA
799360,FALSE,TRUE,FALSE,NA
332069,FALSE,TRUE,FALSE,NA
95637,FALSE,FALSE,FALSE,NA
353961,FALSE,TRUE,FALSE,NA
378119,FALSE,TRUE,FALSE,NA
663591,FALSE,TRUE,FALSE,NA
462078,FALSE,FALSE,TRUE,NA
150128,FALSE,TRUE,FALSE,NA
752445,FALSE,TRUE,FALSE,NA
964970,FALSE,TRUE,FALSE,NA
513388,FALSE,TRUE,FALSE,NA
303090,FALSE,TRUE,FALSE,NA
864887,FALSE,FALSE,FALSE,NA
37207,FALSE,TRUE,FALSE,NA
135158,FALSE,TRUE,FALSE,NA
266013,TRUE,TRUE,FALSE,NA
144344,FALSE,TRUE,FALSE,NA
450196,FALSE,FALSE,FALSE,NA
276917,FALSE,FALSE,FALSE,NA
397310,FALSE,TRUE,FALSE,NA
805179,FALSE,TRUE,FALSE,NA
797218,FALSE,FALSE,FALSE,NA
510821,FALSE,FALSE,FALSE,NA
226507,TRUE,FALSE,TRUE,NA
840198,FALSE,TRUE,FALSE,NA
586907,FALSE,TRUE,FALSE,NA
333458,FALSE,FALSE,FALSE,NA
840859,FALSE,FALSE,FALSE,NA
278999,FALSE,TRUE,FALSE,NA
751246,FALSE,TRUE,FALSE,NA
419848,FALSE,TRUE,FALSE,NA
43712,FALSE,FALSE,FALSE,NA
466300,TRUE,FALSE,FALSE,NA
392394,FALSE,TRUE,FALSE,NA
812854,FALSE,TRUE,TRUE,NA
145752,TRUE,TRUE,FALSE,NA
566160,FALSE,TRUE,FALSE,NA
383591,FALSE,TRUE,FALSE,NA
811526,TRUE,TRUE,FALSE,NA
407158,FALSE,TRUE,FALSE,NA
275419,TRUE,TRUE,FALSE,NA
281026,FALSE,TRUE,FALSE,NA
346645,FALSE,FALSE,FALSE,NA
827597,FALSE,TRUE,FALSE,NA
681872,FALSE,TRUE,FALSE,NA
727580,FALSE,TRUE,TRUE,NA
724889,FALSE,TRUE,TRUE,NA
270086,FALSE,FALSE,FALSE,NA
893245,FALSE,TRUE,FALSE,NA
51370,FALSE,TRUE,FALSE,NA
420235,FALSE,TRUE,FALSE,NA
651954,FALSE,TRUE,FALSE,NA
765218,FALSE,TRUE,FALSE,NA
876094,FALSE,TRUE,FALSE,NA
254811,FALSE,FALSE,FALSE,NA
424303,FALSE,TRUE,FALSE,NA
489599,FALSE,TRUE,FALSE,NA
548061,FALSE,TRUE,FALSE,NA
124616,FALSE,FALSE,FALSE,NA
827313,FALSE,FALSE,TRUE,NA
725054,TRUE,TRUE,FALSE,NA
418059,FALSE,TRUE,FALSE,NA
444779,FALSE,TRUE,FALSE,NA
593727,FALSE,FALSE,FALSE,NA
603767,FALSE,FALSE,FALSE,NA
786746,FALSE,TRUE,FALSE,NA
834682,FALSE,FALSE,FALSE,NA
219490,FALSE,TRUE,FALSE,NA
918651,FALSE,TRUE,FALSE,NA
791331,FALSE,TRUE,FALSE,NA
110776,FALSE,TRUE,FALSE,NA
635192,FALSE,TRUE,FALSE,NA
561315,FALSE,TRUE,FALSE,NA
610453,FALSE,FALSE,TRUE,NA
208742,FALSE,TRUE,TRUE,NA
502969,FALSE,TRUE,FALSE,NA
546342,FALSE,TRUE,FALSE,NA
420661,FALSE,TRUE,FALSE,NA
68276,FALSE,TRUE,FALSE,NA
378321,FALSE,FALSE,TRUE,NA
539768,FALSE,TRUE,FALSE,NA
171320,FALSE,TRUE,TRUE,NA
137462,FALSE,FALSE,FALSE,NA
313026,FALSE,FALSE,FALSE,NA
747785,FALSE,TRUE,FALSE,NA
526442,TRUE,TRUE,FALSE,NA
319953,FALSE,FALSE,FALSE,NA
207145,FALSE,TRUE,FALSE,NA
473727,FALSE,TRUE,FALSE,NA
381996,FALSE,TRUE,FALSE,NA
905089,FALSE,TRUE,FALSE,NA
52580,FALSE,TRUE,FALSE,NA
177659,FALSE,TRUE,FALSE,NA
617098,FALSE,FALSE,FALSE,NA
454693,FALSE,FALSE,TRUE,NA
486374,FALSE,FALSE,FALSE,NA
464104,FALSE,FALSE,FALSE,NA
211409,FALSE,TRUE,FALSE,NA
941819,TRUE,FALSE,FALSE,NA
379835,FALSE,FALSE,FALSE,NA
838962,FALSE,TRUE,FALSE,NA
160467,TRUE,TRUE,FALSE,NA
712850,FALSE,TRUE,FALSE,NA
614222,FALSE,TRUE,FALSE,NA
551174,FALSE,TRUE,FALSE,NA
189437,FALSE,FALSE,FALSE,NA
686316,FALSE,TRUE,FALSE,NA
56442,FALSE,TRUE,FALSE,NA
955067,FALSE,FALSE,FALSE,NA
63150,FALSE,TRUE,FALSE,NA
752055,FALSE,FALSE,FALSE,NA
336258,FALSE,TRUE,FALSE,NA
486234,FALSE,TRUE,FALSE,NA
751491,FALSE,FALSE,FALSE,NA
876418,FALSE,TRUE,FALSE,NA
623978,FALSE,FALSE,FALSE,NA
662645,FALSE,TRUE,FALSE,NA
320837,FALSE,TRUE,FALSE,NA
658649,FALSE,TRUE,FALSE,NA
447232,FALSE,TRUE,FALSE,NA
332065,FALSE,TRUE,FALSE,NA
951825,FALSE,TRUE,FALSE,NA
970598,TRUE,TRUE,FALSE,NA
430946,FALSE,FALSE,FALSE,NA
594605,FALSE,TRUE,FALSE,NA
326647,FALSE,TRUE,FALSE,NA
521286,FALSE,FALSE,FALSE,NA
281571,FALSE,FALSE,FALSE,NA
92332,FALSE,TRUE,FALSE,NA
778522,FALSE,FALSE,FALSE,NA
229140,FALSE,FALSE,FALSE,NA
535686,FALSE,TRUE,FALSE,NA
889046,FALSE,TRUE,FALSE,NA
637883,FALSE,TRUE,FALSE,NA
692263,FALSE,TRUE,FALSE,NA
367982,FALSE,FALSE,FALSE,NA
762935,FALSE,TRUE,FALSE,NA
739630,TRUE,FALSE,FALSE,NA
910481,FALSE,TRUE,FALSE,NA
869882,TRUE,TRUE,FALSE,NA
352324,FALSE,TRUE,FALSE,NA
812393,FALSE,FALSE,TRUE,NA
475583,FALSE,TRUE,FALSE,NA
712114,FALSE,FALSE,FALSE,NA
741428,TRUE,TRUE,FALSE,NA
629419,FALSE,TRUE,FALSE,NA
749533,FALSE,TRUE,FALSE,NA
394155,FALSE,TRUE,FALSE,NA
886138,FALSE,TRUE,FALSE,NA
15909,FALSE,FALSE,FALSE,NA
486670,FALSE,TRUE,FALSE,NA
391553,FALSE,TRUE,FALSE,NA
276832,FALSE,TRUE,FALSE,NA
575835,FALSE,FALSE,FALSE,NA
264848,FALSE,TRUE,TRUE,NA
229385,FALSE,TRUE,FALSE,NA
157499,FALSE,TRUE,FALSE,NA
435087,TRUE,TRUE,FALSE,NA
513086,FALSE,TRUE,FALSE,NA
821682,FALSE,FALSE,FALSE,NA
442120,FALSE,TRUE,FALSE,NA
861966,FALSE,TRUE,FALSE,NA
896296,FALSE,TRUE,FALSE,NA
493204,TRUE,TRUE,TRUE,NA
641481,FALSE,FALSE,FALSE,NA
227778,FALSE,TRUE,FALSE,NA
479414,FALSE,TRUE,FALSE,NA
172923,FALSE,TRUE,FALSE,NA
288799,TRUE,FALSE,FALSE,NA
15915,FALSE,TRUE,FALSE,NA
535601,FALSE,TRUE,FALSE,NA
868234,TRUE,TRUE,FALSE,NA
923430,FALSE,TRUE,FALSE,NA
535513,FALSE,TRUE,FALSE,NA
659258,FALSE,TRUE,FALSE,NA
307852,FALSE,TRUE,FALSE,NA
530397,FALSE,TRUE,TRUE,NA
878751,FALSE,TRUE,TRUE,NA
169775,FALSE,TRUE,FALSE,NA
521583,FALSE,FALSE,FALSE,NA
994371,FALSE,FALSE,FALSE,NA
352592,FALSE,TRUE,FALSE,NA
959190,FALSE,FALSE,FALSE,NA
339113,FALSE,TRUE,FALSE,NA
438745,TRUE,TRUE,FALSE,NA
186293,FALSE,FALSE,TRUE,NA
175362,FALSE,TRUE,FALSE,NA
199840,FALSE,TRUE,FALSE,NA
662625,FALSE,TRUE,FALSE,NA
686041,FALSE,TRUE,FALSE,NA
274469,FALSE,TRUE,FALSE,NA
386168,FALSE,TRUE,FALSE,NA
95327,FALSE,TRUE,FALSE,NA
986564,FALSE,TRUE,FALSE,NA
292476,FALSE,TRUE,FALSE,NA
511788,FALSE,TRUE,FALSE,NA
518427,FALSE,TRUE,FALSE,NA
912121,FALSE,TRUE,FALSE,NA
693531,FALSE,TRUE,FALSE,NA
911979,FALSE,FALSE,TRUE,NA
849440,FALSE,TRUE,FALSE,NA
563258,FALSE,FALSE,FALSE,NA
718355,TRUE,TRUE,FALSE,NA
18794,FALSE,FALSE,FALSE,NA
469538,FALSE,TRUE,FALSE,NA
290530,FALSE,TRUE,TRUE,NA
355832,FALSE,TRUE,FALSE,NA
467628,FALSE,TRUE,FALSE,NA
372378,FALSE,FALSE,FALSE,NA
40516,FALSE,TRUE,FALSE,NA
120586,FALSE,TRUE,FALSE,NA
158320,FALSE,FALSE,FALSE,NA
716295,FALSE,TRUE,FALSE,NA
59685,FALSE,TRUE,FALSE,NA
400995,FALSE,FALSE,FALSE,NA
967352,TRUE,TRUE,FALSE,NA
749936,FALSE,TRUE,FALSE,NA
339199,FALSE,TRUE,FALSE,NA
169633,FALSE,FALSE,FALSE,NA
696411,FALSE,TRUE,FALSE,NA
29528,FALSE,TRUE,FALSE,NA
65796,FALSE,TRUE,FALSE,NA
10482,FALSE,TRUE,FALSE,NA
546265,FALSE,TRUE,FALSE,NA
472357,TRUE,TRUE,FALSE,NA
798594,FALSE,FALSE,FALSE,NA
195810,FALSE,TRUE,FALSE,NA
392151,FALSE,FALSE,FALSE,NA
375595,FALSE,TRUE,FALSE,NA
314829,FALSE,TRUE,TRUE,NA
78993,TRUE,TRUE,FALSE,NA
583166,FALSE,TRUE,FALSE,NA
824830,FALSE,FALSE,TRUE,NA
741154,FALSE,FALSE,FALSE,NA
971838,FALSE,FALSE,FALSE,NA
659264,FALSE,TRUE,FALSE,NA
350817,FALSE,TRUE,FALSE,NA
490229,FALSE,TRUE,FALSE,NA
482558,FALSE,FALSE,FALSE,NA
21239,FALSE,TRUE,FALSE,NA
604193,FALSE,FALSE,FALSE,NA
86447,FALSE,TRUE,FALSE,NA
531701,FALSE,TRUE,FALSE,NA
873895,TRUE,TRUE,FALSE,NA
521336,FALSE,TRUE,FALSE,NA
604903,FALSE,TRUE,FALSE,NA
446080,FALSE,FALSE,FALSE,NA
320893,FALSE,TRUE,FALSE,NA
627332,FALSE,FALSE,FALSE,NA
398127,FALSE,FALSE,FALSE,NA
289568,FALSE,FALSE,FALSE,NA
561461,TRUE,TRUE,FALSE,NA
19867,FALSE,FALSE,FALSE,NA
701773,FALSE,TRUE,FALSE,NA
518774,FALSE,TRUE,FALSE,NA
656476,FALSE,TRUE,FALSE,NA
223050,TRUE,FALSE,FALSE,NA
195329,FALSE,TRUE,FALSE,NA
449430,FALSE,TRUE,FALSE,NA
531491,TRUE,TRUE,FALSE,NA
312256,FALSE,FALSE,FALSE,NA
705233,FALSE,TRUE,FALSE,NA
237076,FALSE,TRUE,FALSE,NA
18225,FALSE,TRUE,FALSE,NA
745802,FALSE,TRUE,FALSE,NA
123069,FALSE,TRUE,FALSE,NA
315213,FALSE,TRUE,FALSE,NA
611959,FALSE,TRUE,FALSE,NA
570738,FALSE,TRUE,FALSE,NA
152057,FALSE,TRUE,FALSE,NA
210304,FALSE,FALSE,FALSE,NA
97913,FALSE,TRUE,TRUE,NA
902035,FALSE,TRUE,FALSE,NA
332973,FALSE,TRUE,TRUE,NA
382946,FALSE,TRUE,FALSE,NA
485300,FALSE,TRUE,TRUE,NA
429150,FALSE,TRUE,FALSE,NA
359851,TRUE,TRUE,FALSE,NA
471720,FALSE,TRUE,FALSE,NA
867541,FALSE,TRUE,TRUE,NA
234334,FALSE,TRUE,FALSE,NA
799572,FALSE,FALSE,FALSE,NA
938031,FALSE,TRUE,FALSE,NA
948729,FALSE,TRUE,FALSE,NA
699095,FALSE,TRUE,FALSE,NA
733822,FALSE,TRUE,FALSE,NA
15429,FALSE,TRUE,FALSE,NA
420019,FALSE,FALSE,FALSE,NA
378922,FALSE,TRUE,FALSE,NA
204925,FALSE,FALSE,FALSE,NA
362492,FALSE,TRUE,FALSE,NA
898663,FALSE,FALSE,FALSE,NA
185892,FALSE,TRUE,FALSE,NA
181133,FALSE,TRUE,FALSE,NA
74721,FALSE,TRUE,FALSE,NA
766866,FALSE,TRUE,TRUE,NA
200216,FALSE,TRUE,FALSE,NA
501268,FALSE,FALSE,FALSE,NA
969342,FALSE,TRUE,FALSE,NA
728087,FALSE,TRUE,FALSE,NA
932827,FALSE,TRUE,FALSE,NA
518928,FALSE,TRUE,FALSE,NA
574414,FALSE,FALSE,FALSE,NA
370705,FALSE,TRUE,FALSE,NA
573088,FALSE,FALSE,FALSE,NA
852914,FALSE,FALSE,FALSE,NA
682901,FALSE,TRUE,FALSE,NA
604090,FALSE,TRUE,FALSE,NA
40805,FALSE,TRUE,FALSE,NA
960134,TRUE,TRUE,FALSE,NA
500912,FALSE,TRUE,FALSE,NA
910660,FALSE,FALSE,FALSE,NA
158793,FALSE,FALSE,FALSE,NA
795091,FALSE,FALSE,FALSE,NA
90485,FALSE,TRUE,FALSE,NA
596408,FALSE,TRUE,FALSE,NA
209786,FALSE,TRUE,TRUE,NA
104454,FALSE,TRUE,FALSE,NA
757246,FALSE,FALSE,FALSE,NA
637509,TRUE,TRUE,FALSE,NA
573663,FALSE,TRUE,FALSE,NA
548979,FALSE,TRUE,FALSE,NA
929186,FALSE,FALSE,FALSE,NA
254090,FALSE,TRUE,FALSE,NA
394917,FALSE,TRUE,FALSE,NA
955459,FALSE,TRUE,FALSE,NA
513733,TRUE,TRUE,TRUE,NA
192318,FALSE,TRUE,FALSE,NA
326009,FALSE,TRUE,FALSE,NA
21891,FALSE,FALSE,FALSE,NA
464925,FALSE,FALSE,FALSE,NA
694823,FALSE,TRUE,TRUE,NA
548329,FALSE,TRUE,FALSE,NA
576078,FALSE,TRUE,FALSE,NA
252316,FALSE,TRUE,FALSE,NA
192798,FALSE,FALSE,FALSE,NA
54584,FALSE,TRUE,FALSE,NA
496560,FALSE,FALSE,FALSE,NA
486211,FALSE,TRUE,FALSE,NA
195922,FALSE,TRUE,FALSE,NA
598652,FALSE,TRUE,FALSE,NA
610534,FALSE,TRUE,FALSE,NA
607661,TRUE,TRUE,FALSE,NA
957572,FALSE,FALSE,FALSE,NA
448510,FALSE,TRUE,FALSE,NA
876183,FALSE,FALSE,FALSE,NA
462319,FALSE,TRUE,TRUE,NA
699064,FALSE,TRUE,FALSE,NA
80606,FALSE,FALSE,FALSE,NA
790795,FALSE,TRUE,FALSE,NA
340722,TRUE,FALSE,FALSE,NA
128533,TRUE,TRUE,FALSE,NA
379575,FALSE,TRUE,FALSE,NA
217520,FALSE,TRUE,TRUE,NA
64087,FALSE,TRUE,TRUE,NA
663832,FALSE,TRUE,FALSE,NA
992899,FALSE,TRUE,FALSE,NA
862304,FALSE,FALSE,FALSE,NA
9395,FALSE,FALSE,FALSE,NA
275545,FALSE,FALSE,TRUE,NA
655396,FALSE,TRUE,TRUE,NA
84205,FALSE,FALSE,FALSE,NA
594929,FALSE,TRUE,FALSE,NA
435965,FALSE,TRUE,FALSE,NA
152324,FALSE,TRUE,FALSE,NA
997982,FALSE,FALSE,FALSE,NA
996852,FALSE,FALSE,FALSE,NA
586886,FALSE,TRUE,FALSE,NA
638580,FALSE,TRUE,TRUE,NA
482689,FALSE,FALSE,TRUE,NA
317244,FALSE,TRUE,FALSE,NA
361553,FALSE,TRUE,FALSE,NA
968516,FALSE,FALSE,FALSE,NA
812302,FALSE,TRUE,FALSE,NA
625804,FALSE,TRUE,FALSE,NA
936595,FALSE,TRUE,FALSE,NA
351420,TRUE,TRUE,FALSE,NA
466600,FALSE,TRUE,FALSE,NA
909743,FALSE,TRUE,FALSE,NA
719747,TRUE,FALSE,FALSE,NA
65122,FALSE,TRUE,FALSE,NA
929647,FALSE,FALSE,FALSE,NA
395662,FALSE,FALSE,FALSE,NA
710145,FALSE,TRUE,FALSE,NA
846485,FALSE,TRUE,FALSE,NA
32475,FALSE,TRUE,FALSE,NA
100413,FALSE,TRUE,FALSE,NA
9623,FALSE,TRUE,FALSE,NA
471608,FALSE,FALSE,FALSE,NA
23244,FALSE,FALSE,FALSE,NA
369438,FALSE,TRUE,FALSE,NA
730859,FALSE,TRUE,FALSE,NA
514363,FALSE,TRUE,FALSE,NA
784272,FALSE,TRUE,FALSE,NA
668106,FALSE,TRUE,FALSE,NA
788541,FALSE,TRUE,FALSE,NA
858146,FALSE,TRUE,FALSE,NA
639014,FALSE,FALSE,FALSE,NA
537585,FALSE,TRUE,FALSE,NA
909159,FALSE,TRUE,FALSE,NA
344577,TRUE,FALSE,FALSE,NA
672045,FALSE,TRUE,TRUE,NA
351498,FALSE,TRUE,FALSE,NA
542306,FALSE,TRUE,FALSE,NA
249254,TRUE,TRUE,FALSE,NA
586341,FALSE,FALSE,FALSE,NA
717563,FALSE,FALSE,FALSE,NA
480939,FALSE,TRUE,FALSE,NA
771716,FALSE,FALSE,FALSE,NA
769421,FALSE,TRUE,FALSE,NA
911063,FALSE,TRUE,FALSE,NA
103124,FALSE,TRUE,FALSE,NA
484126,FALSE,TRUE,FALSE,NA
93371,FALSE,TRUE,FALSE,NA
267339,FALSE,TRUE,FALSE,NA
174208,FALSE,TRUE,FALSE,NA
753257,FALSE,TRUE,FALSE,NA
768956,FALSE,TRUE,FALSE,NA
664200,FALSE,TRUE,FALSE,NA
140059,FALSE,TRUE,FALSE,NA
665638,FALSE,TRUE,FALSE,NA
475270,FALSE,TRUE,FALSE,NA
116121,FALSE,TRUE,FALSE,NA
270197,FALSE,FALSE,FALSE,NA
486205,FALSE,TRUE,FALSE,NA
804194,FALSE,TRUE,FALSE,NA
843080,FALSE,TRUE,FALSE,NA
133083,FALSE,TRUE,TRUE,NA
59241,FALSE,TRUE,FALSE,NA
967857,FALSE,TRUE,FALSE,NA
473351,FALSE,FALSE,TRUE,NA
799547,FALSE,TRUE,FALSE,NA
882129,FALSE,TRUE,FALSE,NA
138480,FALSE,FALSE,FALSE,NA
100462,FALSE,TRUE,FALSE,NA
383327,FALSE,FALSE,FALSE,NA
176402,TRUE,FALSE,FALSE,NA
877225,FALSE,FALSE,FALSE,NA
753335,FALSE,FALSE,FALSE,NA
563334,FALSE,TRUE,FALSE,NA
984047,FALSE,TRUE,FALSE,NA
178964,FALSE,TRUE,FALSE,NA
716230,FALSE,TRUE,FALSE,NA
329634,FALSE,TRUE,FALSE,NA
913929,FALSE,TRUE,FALSE,NA
127057,FALSE,TRUE,FALSE,NA
760589,FALSE,TRUE,FALSE,NA
82278,FALSE,TRUE,FALSE,NA
657580,TRUE,TRUE,FALSE,NA
345531,FALSE,TRUE,FALSE,NA
753858,FALSE,FALSE,FALSE,NA
196952,FALSE,TRUE,FALSE,NA
829760,FALSE,TRUE,FALSE,NA
895032,FALSE,TRUE,FALSE,NA
35814,FALSE,TRUE,FALSE,NA
786686,FALSE,TRUE,FALSE,NA
524966,FALSE,TRUE,FALSE,NA
178430,FALSE,TRUE,FALSE,NA
14895,FALSE,FALSE,FALSE,NA
831303,FALSE,TRUE,FALSE,NA
421253,TRUE,TRUE,FALSE,NA
248653,FALSE,TRUE,TRUE,NA
982825,FALSE,FALSE,FALSE,NA
427465,FALSE,TRUE,FALSE,NA
954000,FALSE,TRUE,FALSE,NA
309013,TRUE,TRUE,FALSE,NA
268531,FALSE,TRUE,FALSE,NA
656815,TRUE,TRUE,FALSE,NA
50183,FALSE,FALSE,FALSE,NA
960170,FALSE,TRUE,FALSE,NA
476655,FALSE,TRUE,FALSE,NA
680356,FALSE,TRUE,FALSE,NA
128129,FALSE,TRUE,FALSE,NA
320956,FALSE,TRUE,FALSE,NA
840410,FALSE,TRUE,FALSE,NA
382434,FALSE,TRUE,FALSE,NA
636454,FALSE,TRUE,FALSE,NA
5373,FALSE,FALSE,FALSE,NA
635921,FALSE,TRUE,FALSE,NA
228620,TRUE,TRUE,FALSE,NA
195528,FALSE,TRUE,FALSE,NA
696349,TRUE,TRUE,FALSE,NA
840232,TRUE,TRUE,FALSE,NA
62128,FALSE,TRUE,FALSE,NA
735158,FALSE,FALSE,FALSE,NA
366437,FALSE,FALSE,FALSE,NA
248242,FALSE,TRUE,FALSE,NA
285029,FALSE,TRUE,FALSE,NA
346465,FALSE,TRUE,FALSE,NA
594611,FALSE,TRUE,TRUE,NA
384657,FALSE,TRUE,FALSE,NA
662842,FALSE,FALSE,FALSE,NA
315393,FALSE,TRUE,FALSE,NA
348734,FALSE,TRUE,FALSE,NA
448387,TRUE,TRUE,FALSE,NA
958899,FALSE,FALSE,FALSE,NA
821243,FALSE,FALSE,FALSE,NA
532111,FALSE,FALSE,FALSE,NA
357145,FALSE,TRUE,FALSE,NA
794123,FALSE,FALSE,FALSE,NA
767961,FALSE,TRUE,FALSE,NA
827150,FALSE,TRUE,FALSE,NA
702684,FALSE,TRUE,FALSE,NA
751494,FALSE,FALSE,TRUE,NA
842687,FALSE,TRUE,FALSE,NA
6769,FALSE,TRUE,FALSE,NA
177390,FALSE,TRUE,FALSE,NA
47467,FALSE,TRUE,TRUE,NA
466471,FALSE,TRUE,FALSE,NA
536969,TRUE,TRUE,FALSE,NA
304893,FALSE,TRUE,FALSE,NA
466168,TRUE,TRUE,FALSE,NA
798774,FALSE,TRUE,FALSE,NA
707881,FALSE,FALSE,FALSE,NA
727831,FALSE,TRUE,FALSE,NA
577882,FALSE,TRUE,FALSE,NA
278691,FALSE,TRUE,FALSE,NA
674239,FALSE,TRUE,FALSE,NA
141250,TRUE,TRUE,FALSE,NA
417694,FALSE,TRUE,FALSE,NA
682567,FALSE,TRUE,FALSE,NA
234443,FALSE,TRUE,FALSE,NA
216476,FALSE,TRUE,FALSE,NA
159099,FALSE,TRUE,FALSE,NA
14547,FALSE,TRUE,FALSE,NA
995171,FALSE,TRUE,FALSE,NA
508143,FALSE,TRUE,FALSE,NA
923335,FALSE,TRUE,FALSE,NA
555545,FALSE,TRUE,FALSE,NA
265861,TRUE,TRUE,FALSE,NA
543900,FALSE,TRUE,FALSE,NA
541078,FALSE,TRUE,FALSE,NA
60971,TRUE,TRUE,FALSE,NA
74916,FALSE,TRUE,FALSE,NA
943982,FALSE,TRUE,FALSE,NA
541443,FALSE,TRUE,FALSE,NA
575117,FALSE,TRUE,FALSE,NA
822442,TRUE,TRUE,FALSE,NA
203322,FALSE,TRUE,FALSE,NA
113985,FALSE,TRUE,FALSE,NA
117657,FALSE,TRUE,FALSE,NA
954743,FALSE,TRUE,FALSE,NA
697548,FALSE,FALSE,FALSE,NA
958201,FALSE,TRUE,FALSE,NA
131027,FALSE,TRUE,FALSE,NA
579813,TRUE,TRUE,FALSE,NA
421416,FALSE,TRUE,FALSE,NA
618283,FALSE,FALSE,FALSE,NA
796,FALSE,FALSE,FALSE,NA
445456,FALSE,TRUE,FALSE,NA
755624,FALSE,TRUE,FALSE,NA
833821,FALSE,TRUE,FALSE,NA
400601,FALSE,TRUE,FALSE,NA
531945,FALSE,FALSE,FALSE,NA
115995,FALSE,TRUE,FALSE,NA
746682,FALSE,TRUE,FALSE,NA
276042,TRUE,TRUE,FALSE,NA
672821,FALSE,FALSE,FALSE,NA
319053,FALSE,TRUE,FALSE,NA
188306,FALSE,TRUE,FALSE,NA
709612,FALSE,TRUE,FALSE,NA
921824,TRUE,TRUE,TRUE,NA
433706,FALSE,TRUE,FALSE,NA
885788,FALSE,FALSE,FALSE,NA
53849,FALSE,TRUE,FALSE,NA
843318,FALSE,TRUE,FALSE,NA
709301,FALSE,TRUE,FALSE,NA
996317,FALSE,TRUE,FALSE,NA
124983,FALSE,FALSE,FALSE,NA
220165,FALSE,TRUE,TRUE,NA
261552,FALSE,TRUE,FALSE,NA
403712,FALSE,TRUE,FALSE,NA
699862,FALSE,TRUE,FALSE,NA
574582,FALSE,TRUE,FALSE,NA
297590,FALSE,TRUE,FALSE,NA
140607,FALSE,FALSE,FALSE,NA
420584,FALSE,FALSE,FALSE,NA
962606,FALSE,TRUE,FALSE,NA
902712,FALSE,TRUE,FALSE,NA
290991,FALSE,TRUE,FALSE,NA
199904,FALSE,TRUE,FALSE,NA
916529,FALSE,TRUE,TRUE,NA
362009,FALSE,TRUE,FALSE,NA
646663,FALSE,TRUE,FALSE,NA
701353,FALSE,TRUE,FALSE,NA
369836,TRUE,FALSE,FALSE,NA
17337,FALSE,TRUE,FALSE,NA
507791,FALSE,TRUE,FALSE,NA
386056,FALSE,FALSE,TRUE,NA
671465,TRUE,FALSE,FALSE,NA
506366,FALSE,TRUE,FALSE,NA
832551,FALSE,TRUE,FALSE,NA
803710,FALSE,TRUE,FALSE,NA
501784,FALSE,FALSE,FALSE,NA
725608,FALSE,FALSE,FALSE,NA
394525,FALSE,TRUE,FALSE,NA
278111,FALSE,TRUE,FALSE,NA
940223,FALSE,FALSE,FALSE,NA
161178,FALSE,TRUE,FALSE,NA
141821,FALSE,TRUE,FALSE,NA
201293,FALSE,FALSE,TRUE,NA
729893,FALSE,TRUE,FALSE,NA
187624,FALSE,TRUE,FALSE,NA
968530,FALSE,TRUE,FALSE,NA
2786,FALSE,TRUE,TRUE,NA
453570,FALSE,FALSE,FALSE,NA
563580,TRUE,FALSE,FALSE,NA
397145,FALSE,TRUE,FALSE,NA
614141,FALSE,TRUE,FALSE,NA
361888,FALSE,FALSE,FALSE,NA
263996,FALSE,TRUE,FALSE,NA
963927,FALSE,FALSE,FALSE,NA
203756,FALSE,TRUE,TRUE,NA
600465,FALSE,FALSE,FALSE,NA
980597,FALSE,TRUE,TRUE,NA
265937,TRUE,TRUE,FALSE,NA
580659,FALSE,FALSE,FALSE,NA
628363,FALSE,TRUE,FALSE,NA
201283,FALSE,FALSE,FALSE,NA
935918,FALSE,TRUE,FALSE,NA
840795,TRUE,TRUE,FALSE,NA
941925,FALSE,TRUE,FALSE,NA
71543,FALSE,TRUE,FALSE,NA
493206,FALSE,FALSE,FALSE,NA
974429,FALSE,TRUE,FALSE,NA
842668,FALSE,FALSE,FALSE,NA
656885,FALSE,TRUE,FALSE,NA
869453,FALSE,TRUE,TRUE,NA
214549,FALSE,TRUE,FALSE,NA
202113,FALSE,TRUE,FALSE,NA
113885,FALSE,FALSE,FALSE,NA
719527,FALSE,TRUE,TRUE,NA
831072,TRUE,TRUE,FALSE,NA
259462,FALSE,TRUE,FALSE,NA
948305,TRUE,TRUE,FALSE,NA
420252,FALSE,TRUE,FALSE,NA
871750,FALSE,TRUE,FALSE,NA
434151,FALSE,TRUE,FALSE,NA
15416,FALSE,TRUE,FALSE,NA
691794,FALSE,FALSE,TRUE,NA
674464,FALSE,FALSE,FALSE,NA
822008,FALSE,TRUE,FALSE,NA
787853,FALSE,FALSE,FALSE,NA
876724,FALSE,TRUE,FALSE,NA
738477,TRUE,FALSE,FALSE,NA
1011,FALSE,TRUE,FALSE,NA
942439,FALSE,FALSE,FALSE,NA
308141,FALSE,TRUE,FALSE,NA
936818,FALSE,FALSE,FALSE,NA
394428,FALSE,TRUE,FALSE,NA
750334,FALSE,TRUE,FALSE,NA
105045,FALSE,FALSE,FALSE,NA
974839,FALSE,TRUE,FALSE,NA
563448,FALSE,TRUE,FALSE,NA
992731,FALSE,FALSE,FALSE,NA
432798,FALSE,FALSE,TRUE,NA
867069,FALSE,TRUE,FALSE,NA
227595,FALSE,FALSE,FALSE,NA
947443,FALSE,FALSE,FALSE,NA
334355,FALSE,TRUE,FALSE,NA
6632,TRUE,TRUE,FALSE,NA
96756,FALSE,TRUE,FALSE,NA
174996,FALSE,TRUE,FALSE,NA
173293,FALSE,TRUE,FALSE,NA
369389,FALSE,TRUE,FALSE,NA
235477,FALSE,FALSE,FALSE,NA
473568,FALSE,TRUE,FALSE,NA
919639,FALSE,FALSE,FALSE,NA
525789,FALSE,TRUE,FALSE,NA
310162,FALSE,TRUE,FALSE,NA
664179,FALSE,TRUE,FALSE,NA
582781,FALSE,TRUE,FALSE,NA
660389,FALSE,TRUE,FALSE,NA
507298,FALSE,TRUE,TRUE,NA
460992,FALSE,TRUE,FALSE,NA
232505,FALSE,TRUE,FALSE,NA
89844,FALSE,TRUE,FALSE,NA
220513,FALSE,TRUE,FALSE,NA
68384,TRUE,FALSE,FALSE,NA
998597,FALSE,TRUE,FALSE,NA
821688,FALSE,TRUE,FALSE,NA
834331,FALSE,FALSE,FALSE,NA
281447,FALSE,TRUE,FALSE,NA
862605,FALSE,TRUE,FALSE,NA
666605,FALSE,TRUE,FALSE,NA
23668,FALSE,TRUE,FALSE,NA
46515,FALSE,TRUE,FALSE,NA
533557,TRUE,FALSE,FALSE,NA
99988,FALSE,TRUE,FALSE,NA
417634,TRUE,TRUE,FALSE,NA
295130,FALSE,TRUE,FALSE,NA
117652,FALSE,FALSE,TRUE,NA
254823,TRUE,TRUE,FALSE,NA
257027,FALSE,FALSE,FALSE,NA
911966,FALSE,FALSE,FALSE,NA
754755,FALSE,TRUE,FALSE,NA
231486,FALSE,TRUE,FALSE,NA
804451,FALSE,TRUE,FALSE,NA
825761,FALSE,TRUE,FALSE,NA
366967,FALSE,TRUE,FALSE,NA
277941,FALSE,TRUE,FALSE,NA
401037,FALSE,FALSE,FALSE,NA
176911,FALSE,FALSE,FALSE,NA
31464,FALSE,TRUE,FALSE,NA
539522,FALSE,TRUE,FALSE,NA
181789,FALSE,TRUE,FALSE,NA
195353,FALSE,TRUE,FALSE,NA
269397,FALSE,TRUE,FALSE,NA
271299,FALSE,TRUE,FALSE,NA
174590,FALSE,TRUE,FALSE,NA
282826,FALSE,FALSE,FALSE,NA
772073,FALSE,TRUE,FALSE,NA
447471,TRUE,FALSE,FALSE,NA
662155,FALSE,TRUE,FALSE,NA
476860,FALSE,TRUE,FALSE,NA
289921,FALSE,TRUE,FALSE,NA
183596,FALSE,TRUE,FALSE,NA
923218,FALSE,TRUE,FALSE,NA
316179,FALSE,TRUE,FALSE,NA
838349,TRUE,TRUE,FALSE,NA
714503,FALSE,TRUE,FALSE,NA
622577,FALSE,TRUE,FALSE,NA
791570,FALSE,TRUE,FALSE,NA
334260,TRUE,TRUE,FALSE,NA
495765,FALSE,TRUE,FALSE,NA
58724,FALSE,FALSE,FALSE,NA
256182,FALSE,TRUE,FALSE,NA
904231,FALSE,TRUE,TRUE,NA
664669,FALSE,TRUE,FALSE,NA
463154,FALSE,TRUE,TRUE,NA
440185,FALSE,TRUE,FALSE,NA
718044,TRUE,FALSE,FALSE,NA
875361,FALSE,FALSE,FALSE,NA
588743,FALSE,TRUE,TRUE,NA
390745,FALSE,TRUE,FALSE,NA
980377,FALSE,TRUE,FALSE,NA
800545,FALSE,TRUE,FALSE,NA
325632,FALSE,TRUE,TRUE,NA
649634,TRUE,TRUE,TRUE,NA
363184,FALSE,TRUE,FALSE,NA
401456,FALSE,TRUE,FALSE,NA
460889,FALSE,FALSE,FALSE,NA
873412,FALSE,FALSE,FALSE,NA
192924,TRUE,TRUE,FALSE,NA
514405,FALSE,TRUE,TRUE,NA
473268,TRUE,TRUE,FALSE,NA
800597,FALSE,TRUE,FALSE,NA
424901,FALSE,TRUE,FALSE,NA
659200,FALSE,TRUE,FALSE,NA
406236,FALSE,TRUE,FALSE,NA
407033,FALSE,TRUE,FALSE,NA
812016,FALSE,TRUE,FALSE,NA
298791,FALSE,TRUE,FALSE,NA
297260,FALSE,TRUE,FALSE,NA
971308,FALSE,TRUE,FALSE,NA
25587,FALSE,TRUE,FALSE,NA
132766,FALSE,TRUE,FALSE,NA
578121,FALSE,FALSE,FALSE,NA
861176,FALSE,TRUE,FALSE,NA
718050,FALSE,TRUE,FALSE,NA
182505,FALSE,FALSE,FALSE,NA
320126,FALSE,TRUE,FALSE,NA
852486,FALSE,TRUE,FALSE,NA
453612,FALSE,TRUE,FALSE,NA
953691,FALSE,FALSE,FALSE,NA
903729,FALSE,TRUE,FALSE,NA
614010,FALSE,TRUE,FALSE,NA
447341,FALSE,TRUE,FALSE,NA
633484,TRUE,TRUE,FALSE,NA
493137,FALSE,FALSE,FALSE,NA
183603,FALSE,FALSE,FALSE,NA
430923,TRUE,TRUE,FALSE,NA
482112,FALSE,TRUE,FALSE,NA
658078,FALSE,TRUE,FALSE,NA
853714,FALSE,TRUE,FALSE,NA
78934,TRUE,FALSE,FALSE,NA
121989,FALSE,TRUE,FALSE,NA
697489,FALSE,TRUE,FALSE,NA
738963,FALSE,TRUE,FALSE,NA
628675,TRUE,TRUE,FALSE,NA
501809,FALSE,TRUE,FALSE,NA
651191,FALSE,TRUE,FALSE,NA
70014,TRUE,TRUE,FALSE,NA
886778,FALSE,FALSE,FALSE,NA
65680,FALSE,FALSE,FALSE,NA
652321,FALSE,TRUE,FALSE,NA
714300,FALSE,TRUE,FALSE,NA
972792,FALSE,FALSE,FALSE,NA
250427,FALSE,FALSE,FALSE,NA
83662,FALSE,FALSE,FALSE,NA
583720,FALSE,TRUE,FALSE,NA
601470,FALSE,FALSE,FALSE,NA
520150,FALSE,TRUE,FALSE,NA
999612,FALSE,TRUE,FALSE,NA
475395,FALSE,TRUE,FALSE,NA
321695,TRUE,FALSE,FALSE,NA
968575,TRUE,FALSE,FALSE,NA
999608,FALSE,TRUE,FALSE,NA
43473,FALSE,TRUE,TRUE,NA
714470,FALSE,TRUE,FALSE,NA
624737,TRUE,TRUE,FALSE,NA
749112,FALSE,TRUE,FALSE,NA
440322,FALSE,TRUE,FALSE,NA
901773,FALSE,TRUE,FALSE,NA
894543,FALSE,TRUE,FALSE,NA
292991,FALSE,FALSE,FALSE,NA
594028,FALSE,TRUE,FALSE,NA
220900,FALSE,TRUE,FALSE,NA
880265,FALSE,TRUE,FALSE,NA
77417,FALSE,TRUE,FALSE,NA
171043,FALSE,TRUE,FALSE,NA
219117,FALSE,TRUE,FALSE,NA
462418,FALSE,TRUE,FALSE,NA
176468,FALSE,TRUE,FALSE,NA
375798,FALSE,TRUE,FALSE,NA
365394,FALSE,TRUE,FALSE,NA
893218,TRUE,TRUE,FALSE,NA
70022,FALSE,TRUE,FALSE,NA
968876,FALSE,TRUE,FALSE,NA
728255,FALSE,FALSE,FALSE,NA
322246,FALSE,FALSE,FALSE,NA
970702,FALSE,TRUE,FALSE,NA
858435,FALSE,FALSE,FALSE,NA
760142,FALSE,TRUE,FALSE,NA
136705,FALSE,FALSE,FALSE,NA
846995,FALSE,TRUE,FALSE,NA
995792,FALSE,FALSE,FALSE,NA
460696,FALSE,TRUE,FALSE,NA
342341,FALSE,FALSE,FALSE,NA
740762,FALSE,FALSE,FALSE,NA
118560,TRUE,TRUE,FALSE,NA
66800,FALSE,TRUE,FALSE,NA
119714,FALSE,TRUE,FALSE,NA
522060,FALSE,FALSE,FALSE,NA
930029,FALSE,FALSE,FALSE,NA
568376,FALSE,TRUE,FALSE,NA
475018,FALSE,TRUE,FALSE,NA
277667,FALSE,FALSE,FALSE,NA
380935,FALSE,TRUE,FALSE,NA
121904,FALSE,FALSE,FALSE,NA
962019,FALSE,TRUE,FALSE,NA
321211,FALSE,TRUE,FALSE,NA
440500,FALSE,TRUE,TRUE,NA
831336,TRUE,FALSE,FALSE,NA
802873,TRUE,TRUE,TRUE,NA
134753,FALSE,TRUE,TRUE,NA
949929,FALSE,TRUE,FALSE,NA
775063,FALSE,TRUE,FALSE,NA
722690,FALSE,TRUE,FALSE,NA
458491,FALSE,FALSE,FALSE,NA
690946,FALSE,FALSE,FALSE,NA
624030,FALSE,TRUE,FALSE,NA
594424,FALSE,TRUE,FALSE,NA
301903,TRUE,FALSE,FALSE,NA
674626,TRUE,TRUE,FALSE,NA
167262,FALSE,TRUE,FALSE,NA
499012,FALSE,TRUE,FALSE,NA
605451,FALSE,TRUE,FALSE,NA
710739,FALSE,TRUE,FALSE,NA
602749,FALSE,FALSE,FALSE,NA
636387,FALSE,TRUE,FALSE,NA
591538,FALSE,TRUE,FALSE,NA
766637,TRUE,TRUE,FALSE,NA
378635,FALSE,TRUE,FALSE,NA
62132,FALSE,TRUE,FALSE,NA
506390,FALSE,TRUE,TRUE,NA
503561,FALSE,TRUE,FALSE,NA
877093,FALSE,FALSE,FALSE,NA
838699,FALSE,TRUE,FALSE,NA
951300,FALSE,TRUE,FALSE,NA
400779,FALSE,TRUE,FALSE,NA
635167,FALSE,TRUE,FALSE,NA
145240,FALSE,TRUE,FALSE,NA
187106,FALSE,FALSE,FALSE,NA
681071,FALSE,FALSE,FALSE,NA
870189,FALSE,TRUE,FALSE,NA
387058,FALSE,FALSE,FALSE,NA
133921,FALSE,TRUE,FALSE,NA
617923,FALSE,FALSE,FALSE,NA
343115,FALSE,TRUE,FALSE,NA
407499,FALSE,TRUE,FALSE,NA
121723,FALSE,TRUE,FALSE,NA
421848,TRUE,FALSE,FALSE,NA
335501,FALSE,TRUE,FALSE,NA
339529,FALSE,TRUE,FALSE,NA
818871,FALSE,TRUE,FALSE,NA
615612,FALSE,FALSE,FALSE,NA
947119,FALSE,FALSE,FALSE,NA
27055,FALSE,TRUE,FALSE,NA
438235,FALSE,TRUE,FALSE,NA
447436,FALSE,TRUE,FALSE,NA
989900,FALSE,TRUE,FALSE,NA
867822,FALSE,TRUE,FALSE,NA
126870,TRUE,TRUE,FALSE,NA
365698,FALSE,FALSE,FALSE,NA
583644,FALSE,TRUE,FALSE,NA
323087,TRUE,TRUE,FALSE,NA
399430,FALSE,TRUE,FALSE,NA
823035,FALSE,TRUE,FALSE,NA
898839,FALSE,TRUE,FALSE,NA
218843,FALSE,TRUE,FALSE,NA
593468,FALSE,TRUE,FALSE,NA
286976,FALSE,TRUE,FALSE,NA
155187,FALSE,TRUE,FALSE,NA
239308,FALSE,FALSE,FALSE,NA
412365,FALSE,TRUE,FALSE,NA
724410,FALSE,TRUE,FALSE,NA
488438,FALSE,FALSE,TRUE,NA
185220,FALSE,TRUE,FALSE,NA
263974,FALSE,TRUE,FALSE,NA
492569,FALSE,TRUE,FALSE,NA
507818,FALSE,TRUE,FALSE,NA
976531,FALSE,TRUE,FALSE,NA
599958,FALSE,TRUE,FALSE,NA
164775,FALSE,TRUE,FALSE,NA
123817,FALSE,FALSE,FALSE,NA
70008,FALSE,FALSE,FALSE,NA
355459,FALSE,FALSE,FALSE,NA
348353,FALSE,TRUE,FALSE,NA
622172,FALSE,TRUE,FALSE,NA
758036,FALSE,FALSE,FALSE,NA
826524,TRUE,FALSE,FALSE,NA
464573,FALSE,FALSE,FALSE,NA
674948,FALSE,TRUE,FALSE,NA
470461,FALSE,TRUE,TRUE,NA
693989,TRUE,TRUE,FALSE,NA
777468,FALSE,TRUE,FALSE,NA
696470,TRUE,TRUE,FALSE,NA
315452,FALSE,FALSE,FALSE,NA
618499,FALSE,TRUE,FALSE,NA
49211,FALSE,TRUE,FALSE,NA
80172,FALSE,TRUE,FALSE,NA
831519,FALSE,TRUE,FALSE,NA
305295,FALSE,TRUE,FALSE,NA
357193,FALSE,FALSE,FALSE,NA
161415,FALSE,TRUE,FALSE,NA
918832,FALSE,TRUE,FALSE,NA
699956,FALSE,TRUE,FALSE,NA
867016,FALSE,TRUE,FALSE,NA
578762,FALSE,FALSE,FALSE,NA
143954,FALSE,FALSE,FALSE,NA
274111,FALSE,TRUE,FALSE,NA
93575,FALSE,TRUE,FALSE,NA
309387,FALSE,FALSE,FALSE,NA
383178,FALSE,TRUE,FALSE,NA
263196,FALSE,TRUE,FALSE,NA
208005,FALSE,TRUE,FALSE,NA
873326,FALSE,TRUE,FALSE,NA
869505,FALSE,TRUE,FALSE,NA
532048,FALSE,TRUE,TRUE,NA
140328,FALSE,FALSE,FALSE,NA
287484,FALSE,TRUE,FALSE,NA
134243,FALSE,FALSE,FALSE,NA
108505,FALSE,FALSE,TRUE,NA
28599,FALSE,TRUE,FALSE,NA
962159,FALSE,TRUE,FALSE,NA
169661,FALSE,TRUE,FALSE,NA
37273,FALSE,TRUE,FALSE,NA
163479,FALSE,FALSE,FALSE,NA
884192,FALSE,TRUE,FALSE,NA
406981,FALSE,TRUE,FALSE,NA
634564,FALSE,TRUE,FALSE,NA
361111,TRUE,TRUE,FALSE,NA
594495,FALSE,TRUE,FALSE,NA
819405,FALSE,TRUE,FALSE,NA
516962,FALSE,TRUE,FALSE,NA
785494,FALSE,TRUE,FALSE,NA
597543,FALSE,TRUE,FALSE,NA
109662,TRUE,FALSE,FALSE,NA
631384,TRUE,TRUE,FALSE,NA
606554,FALSE,TRUE,FALSE,NA
396931,FALSE,TRUE,TRUE,NA
823231,FALSE,TRUE,FALSE,NA
269158,FALSE,FALSE,FALSE,NA
392261,FALSE,TRUE,FALSE,NA
840475,FALSE,TRUE,FALSE,NA
377839,FALSE,FALSE,FALSE,NA
183406,FALSE,TRUE,FALSE,NA
156684,FALSE,FALSE,FALSE,NA
473364,FALSE,TRUE,FALSE,NA
683996,FALSE,FALSE,TRUE,NA
577804,FALSE,TRUE,FALSE,NA
379743,FALSE,TRUE,FALSE,NA
269540,FALSE,TRUE,FALSE,NA
309794,FALSE,TRUE,FALSE,NA
828868,FALSE,TRUE,FALSE,NA
228597,FALSE,FALSE,FALSE,NA
876215,FALSE,FALSE,FALSE,NA
619249,FALSE,TRUE,FALSE,NA
174269,FALSE,TRUE,FALSE,NA
110634,FALSE,FALSE,TRUE,NA
688038,FALSE,TRUE,FALSE,NA
198940,FALSE,TRUE,FALSE,NA
941534,TRUE,FALSE,FALSE,NA
199408,FALSE,FALSE,FALSE,NA
602125,FALSE,FALSE,FALSE,NA
267318,FALSE,FALSE,FALSE,NA
810350,FALSE,FALSE,FALSE,NA
282610,FALSE,TRUE,FALSE,NA
943655,FALSE,TRUE,FALSE,NA
937031,FALSE,TRUE,FALSE,NA
38708,FALSE,FALSE,FALSE,NA
27398,FALSE,TRUE,FALSE,NA
55674,FALSE,TRUE,FALSE,NA
529408,FALSE,TRUE,FALSE,NA
847302,FALSE,TRUE,FALSE,NA
868329,FALSE,TRUE,FALSE,NA
891675,FALSE,TRUE,FALSE,NA
173654,FALSE,FALSE,FALSE,NA
322590,FALSE,TRUE,FALSE,NA
714874,FALSE,TRUE,FALSE,NA
816107,FALSE,TRUE,FALSE,NA
582819,FALSE,TRUE,FALSE,NA
989806,FALSE,TRUE,FALSE,NA
45976,FALSE,TRUE,FALSE,NA
179665,FALSE,TRUE,FALSE,NA
962195,FALSE,FALSE,FALSE,NA
328618,FALSE,TRUE,FALSE,NA
144863,FALSE,TRUE,FALSE,NA
165654,FALSE,TRUE,FALSE,NA
98532,FALSE,TRUE,FALSE,NA
865474,FALSE,TRUE,FALSE,NA
229708,TRUE,TRUE,FALSE,NA
833057,FALSE,TRUE,FALSE,NA
364569,FALSE,FALSE,FALSE,NA
433846,FALSE,TRUE,FALSE,NA
810203,FALSE,TRUE,FALSE,NA
69515,FALSE,TRUE,FALSE,NA
366714,FALSE,TRUE,TRUE,NA
949481,FALSE,TRUE,FALSE,NA
165004,TRUE,TRUE,FALSE,NA
897989,FALSE,FALSE,FALSE,NA
781548,FALSE,FALSE,FALSE,NA
226483,FALSE,TRUE,FALSE,NA
216748,FALSE,FALSE,FALSE,NA
725473,FALSE,TRUE,FALSE,NA
271018,FALSE,FALSE,FALSE,NA
769824,FALSE,TRUE,FALSE,NA
557591,FALSE,TRUE,FALSE,NA
606312,FALSE,FALSE,FALSE,NA
481479,FALSE,TRUE,FALSE,NA
706473,FALSE,TRUE,FALSE,NA
354167,FALSE,TRUE,FALSE,NA
716740,TRUE,TRUE,FALSE,NA
789601,FALSE,TRUE,FALSE,NA
419777,FALSE,TRUE,FALSE,NA
731217,FALSE,TRUE,FALSE,NA
491027,FALSE,TRUE,FALSE,NA
621894,FALSE,TRUE,FALSE,NA
75386,FALSE,TRUE,FALSE,NA
239395,FALSE,TRUE,FALSE,NA
358866,TRUE,TRUE,FALSE,NA
25746,FALSE,FALSE,TRUE,NA
886505,FALSE,TRUE,FALSE,NA
489637,FALSE,TRUE,FALSE,NA
926535,FALSE,FALSE,FALSE,NA
13832,FALSE,TRUE,FALSE,NA
512757,FALSE,TRUE,FALSE,NA
238650,TRUE,TRUE,FALSE,NA
349563,FALSE,TRUE,FALSE,NA
250112,FALSE,TRUE,FALSE,NA
575673,FALSE,TRUE,FALSE,NA
262775,FALSE,TRUE,FALSE,NA
194299,FALSE,FALSE,FALSE,NA
412159,FALSE,TRUE,FALSE,NA
312255,FALSE,FALSE,FALSE,NA
51402,FALSE,TRUE,FALSE,NA
25675,FALSE,TRUE,FALSE,NA
429243,FALSE,TRUE,FALSE,NA
203997,FALSE,TRUE,TRUE,NA
592871,FALSE,TRUE,FALSE,NA
405305,FALSE,TRUE,FALSE,NA
267553,FALSE,TRUE,FALSE,NA
384362,FALSE,TRUE,FALSE,NA
740464,FALSE,TRUE,FALSE,NA
120679,FALSE,TRUE,FALSE,NA
198849,FALSE,TRUE,FALSE,NA
967403,FALSE,FALSE,FALSE,NA
713165,TRUE,TRUE,FALSE,NA
717039,FALSE,TRUE,FALSE,NA
966043,FALSE,TRUE,FALSE,NA
397585,FALSE,TRUE,FALSE,NA
160002,FALSE,FALSE,FALSE,NA
230425,FALSE,TRUE,FALSE,NA
447366,FALSE,TRUE,FALSE,NA
911747,FALSE,FALSE,FALSE,NA
109551,TRUE,TRUE,FALSE,NA
22701,FALSE,FALSE,FALSE,NA
769392,FALSE,TRUE,FALSE,NA
152018,FALSE,TRUE,FALSE,NA
895913,FALSE,TRUE,FALSE,NA
343705,FALSE,TRUE,FALSE,NA
68549,FALSE,TRUE,TRUE,NA
42759,FALSE,TRUE,FALSE,NA
5333,FALSE,TRUE,FALSE,NA
235023,FALSE,TRUE,FALSE,NA
286508,FALSE,FALSE,FALSE,NA
208442,FALSE,FALSE,FALSE,NA
587322,FALSE,TRUE,TRUE,NA
663422,FALSE,TRUE,TRUE,NA
607740,FALSE,TRUE,FALSE,NA
587900,FALSE,TRUE,FALSE,NA
519123,FALSE,TRUE,TRUE,NA
358164,FALSE,TRUE,FALSE,NA
889500,FALSE,TRUE,FALSE,NA
244080,FALSE,TRUE,FALSE,NA
802976,FALSE,TRUE,FALSE,NA
37695,FALSE,TRUE,FALSE,NA
73802,FALSE,TRUE,FALSE,NA
456620,FALSE,TRUE,FALSE,NA
451952,FALSE,FALSE,FALSE,NA
676911,FALSE,FALSE,TRUE,NA
682566,FALSE,TRUE,FALSE,NA
605194,FALSE,TRUE,FALSE,NA
140044,TRUE,FALSE,FALSE,NA
407309,FALSE,TRUE,FALSE,NA
668143,FALSE,TRUE,FALSE,NA
100752,TRUE,TRUE,FALSE,NA
808354,TRUE,TRUE,FALSE,NA
98304,FALSE,TRUE,FALSE,NA
54154,FALSE,FALSE,FALSE,NA
948355,TRUE,FALSE,FALSE,NA
99660,FALSE,FALSE,FALSE,NA
180012,FALSE,FALSE,FALSE,NA
443166,FALSE,TRUE,FALSE,NA
486442,FALSE,TRUE,FALSE,NA
182741,FALSE,TRUE,FALSE,NA
189962,FALSE,TRUE,FALSE,NA
337576,FALSE,FALSE,FALSE,NA
381482,FALSE,TRUE,FALSE,NA
688051,FALSE,TRUE,FALSE,NA
398809,TRUE,TRUE,FALSE,NA
118068,FALSE,TRUE,FALSE,NA
126908,FALSE,FALSE,FALSE,NA
911716,FALSE,TRUE,FALSE,NA
725666,FALSE,TRUE,FALSE,NA
807162,FALSE,TRUE,FALSE,NA
389945,FALSE,TRUE,FALSE,NA
828572,FALSE,TRUE,FALSE,NA
28982,FALSE,TRUE,FALSE,NA
318079,FALSE,TRUE,FALSE,NA
434824,FALSE,TRUE,FALSE,NA
465807,FALSE,TRUE,FALSE,NA
701663,FALSE,TRUE,FALSE,NA
46389,FALSE,TRUE,FALSE,NA
694542,FALSE,FALSE,FALSE,NA
286099,FALSE,TRUE,FALSE,NA
856237,FALSE,TRUE,FALSE,NA
397778,FALSE,TRUE,FALSE,NA
559655,TRUE,TRUE,FALSE,NA
158310,TRUE,FALSE,FALSE,NA
225835,FALSE,TRUE,TRUE,NA
171114,FALSE,TRUE,FALSE,NA
157387,FALSE,TRUE,FALSE,NA
354995,FALSE,TRUE,FALSE,NA
917836,FALSE,TRUE,FALSE,NA
566099,FALSE,TRUE,TRUE,NA
251131,FALSE,TRUE,FALSE,NA
706999,FALSE,TRUE,FALSE,NA
513120,FALSE,FALSE,FALSE,NA
453535,FALSE,TRUE,FALSE,NA
905195,FALSE,FALSE,FALSE,NA
761284,FALSE,TRUE,FALSE,NA
317028,TRUE,TRUE,FALSE,NA
507061,TRUE,TRUE,FALSE,NA
828984,FALSE,TRUE,FALSE,NA
916609,FALSE,FALSE,FALSE,NA
592839,FALSE,FALSE,FALSE,NA
491391,FALSE,TRUE,FALSE,NA
955814,FALSE,TRUE,FALSE,NA
905486,FALSE,TRUE,FALSE,NA
5556,FALSE,TRUE,TRUE,NA
159060,FALSE,TRUE,FALSE,NA
200881,FALSE,TRUE,FALSE,NA
18027,FALSE,TRUE,FALSE,NA
243416,FALSE,TRUE,TRUE,NA
218122,FALSE,FALSE,FALSE,NA
837323,FALSE,TRUE,FALSE,NA
13910,FALSE,TRUE,FALSE,NA
971050,FALSE,TRUE,FALSE,NA
947154,FALSE,TRUE,FALSE,NA
875416,FALSE,TRUE,FALSE,NA
227413,FALSE,TRUE,TRUE,NA
62144,FALSE,TRUE,FALSE,NA
133507,FALSE,TRUE,FALSE,NA
801413,TRUE,TRUE,FALSE,NA
510069,FALSE,TRUE,FALSE,NA
448809,TRUE,TRUE,FALSE,NA
52787,FALSE,TRUE,FALSE,NA
824590,TRUE,TRUE,FALSE,NA
700151,FALSE,TRUE,FALSE,NA
40589,FALSE,FALSE,FALSE,NA
793256,FALSE,FALSE,TRUE,NA
670038,FALSE,FALSE,FALSE,NA
63761,FALSE,TRUE,FALSE,NA
117525,FALSE,FALSE,FALSE,NA
616913,TRUE,FALSE,FALSE,NA
944419,FALSE,FALSE,FALSE,NA
285548,FALSE,TRUE,TRUE,NA
998370,TRUE,TRUE,FALSE,NA
378969,FALSE,TRUE,FALSE,NA
67834,FALSE,FALSE,FALSE,NA
597948,FALSE,TRUE,FALSE,NA
620843,FALSE,TRUE,FALSE,NA
637649,FALSE,TRUE,FALSE,NA
668771,FALSE,TRUE,FALSE,NA
78546,FALSE,TRUE,FALSE,NA
450192,FALSE,TRUE,FALSE,NA
675578,FALSE,TRUE,FALSE,NA
450439,FALSE,TRUE,FALSE,NA
13185,FALSE,TRUE,FALSE,NA
537935,FALSE,TRUE,FALSE,NA
968154,FALSE,TRUE,FALSE,NA
87534,TRUE,FALSE,FALSE,NA
394299,FALSE,TRUE,FALSE,NA
664228,FALSE,TRUE,FALSE,NA
603309,FALSE,TRUE,FALSE,NA
199108,FALSE,TRUE,FALSE,NA
558498,FALSE,FALSE,FALSE,NA
676988,FALSE,TRUE,TRUE,NA
565877,TRUE,TRUE,FALSE,NA
42538,FALSE,FALSE,FALSE,NA
663353,FALSE,TRUE,TRUE,NA
70649,FALSE,FALSE,FALSE,NA
536076,FALSE,FALSE,FALSE,NA
221045,FALSE,TRUE,FALSE,NA
309212,FALSE,TRUE,FALSE,NA
134706,FALSE,TRUE,FALSE,NA
54203,FALSE,TRUE,FALSE,NA
140585,FALSE,TRUE,FALSE,NA
185826,FALSE,TRUE,FALSE,NA
444860,FALSE,FALSE,FALSE,NA
156864,FALSE,TRUE,FALSE,NA
266033,FALSE,FALSE,FALSE,NA
129110,TRUE,TRUE,FALSE,NA
105457,FALSE,TRUE,FALSE,NA
619450,FALSE,TRUE,TRUE,NA
776109,FALSE,FALSE,TRUE,NA
28459,FALSE,TRUE,FALSE,NA
127218,FALSE,TRUE,FALSE,NA
963560,FALSE,TRUE,FALSE,NA
621764,FALSE,TRUE,FALSE,NA
987292,FALSE,FALSE,FALSE,NA
820404,FALSE,TRUE,FALSE,NA
245815,FALSE,FALSE,FALSE,NA
352696,FALSE,TRUE,FALSE,NA
840451,FALSE,FALSE,FALSE,NA
707935,FALSE,TRUE,FALSE,NA
310234,FALSE,TRUE,FALSE,NA
977528,FALSE,TRUE,FALSE,NA
347934,FALSE,FALSE,FALSE,NA
407850,FALSE,TRUE,FALSE,NA
646661,FALSE,TRUE,FALSE,NA
763569,FALSE,TRUE,FALSE,NA
972019,FALSE,TRUE,FALSE,NA
312058,FALSE,TRUE,FALSE,NA
368993,FALSE,TRUE,FALSE,NA
554905,FALSE,TRUE,FALSE,NA
195855,FALSE,TRUE,FALSE,NA
162780,FALSE,TRUE,FALSE,NA
112344,TRUE,TRUE,FALSE,NA
967381,FALSE,TRUE,FALSE,NA
162039,FALSE,TRUE,FALSE,NA
266873,FALSE,TRUE,FALSE,NA
30069,FALSE,TRUE,FALSE,NA
783226,FALSE,TRUE,FALSE,NA
891566,FALSE,TRUE,FALSE,NA
535696,FALSE,TRUE,FALSE,NA
843212,TRUE,TRUE,TRUE,NA
855623,FALSE,FALSE,FALSE,NA
934545,FALSE,FALSE,FALSE,NA
176377,FALSE,FALSE,FALSE,NA
207735,FALSE,TRUE,FALSE,NA
431997,FALSE,TRUE,FALSE,NA
898360,FALSE,TRUE,TRUE,NA
334964,FALSE,FALSE,TRUE,NA
299098,TRUE,TRUE,TRUE,NA
988395,FALSE,TRUE,FALSE,NA
556485,FALSE,FALSE,FALSE,NA
471038,FALSE,FALSE,FALSE,NA
797885,FALSE,TRUE,FALSE,NA
362457,FALSE,TRUE,FALSE,NA
838546,FALSE,FALSE,FALSE,NA
858349,FALSE,TRUE,FALSE,NA
22315,FALSE,TRUE,FALSE,NA
173818,FALSE,TRUE,FALSE,NA
266456,FALSE,TRUE,FALSE,NA
277689,FALSE,FALSE,FALSE,NA
870863,FALSE,TRUE,FALSE,NA
718739,FALSE,TRUE,FALSE,NA
290878,FALSE,TRUE,FALSE,NA
604914,FALSE,TRUE,FALSE,NA
671418,FALSE,TRUE,FALSE,NA
781133,FALSE,FALSE,FALSE,NA
201547,FALSE,TRUE,FALSE,NA
986889,FALSE,TRUE,FALSE,NA
50763,FALSE,TRUE,FALSE,NA
73065,FALSE,TRUE,FALSE,NA
780249,FALSE,TRUE,FALSE,NA
575902,FALSE,FALSE,FALSE,NA
903027,FALSE,TRUE,FALSE,NA
522208,FALSE,TRUE,FALSE,NA
664711,FALSE,TRUE,FALSE,NA
605076,FALSE,FALSE,FALSE,NA
809092,FALSE,FALSE,FALSE,NA
652064,FALSE,FALSE,FALSE,NA
334222,TRUE,TRUE,FALSE,NA
351751,FALSE,TRUE,FALSE,NA
544299,TRUE,TRUE,FALSE,NA
663793,FALSE,TRUE,FALSE,NA
976578,FALSE,TRUE,FALSE,NA
965326,FALSE,TRUE,FALSE,NA
915449,FALSE,TRUE,FALSE,NA
862057,TRUE,FALSE,TRUE,NA
332704,TRUE,TRUE,FALSE,NA
579664,FALSE,TRUE,FALSE,NA
533993,FALSE,FALSE,FALSE,NA
464880,FALSE,TRUE,FALSE,NA
865699,FALSE,FALSE,FALSE,NA
871875,TRUE,TRUE,TRUE,NA
90630,FALSE,FALSE,TRUE,NA
441509,FALSE,TRUE,FALSE,NA
571786,FALSE,FALSE,FALSE,NA
333447,FALSE,FALSE,FALSE,NA
103270,FALSE,TRUE,FALSE,NA
889400,FALSE,TRUE,TRUE,NA
101969,FALSE,TRUE,FALSE,NA
527306,FALSE,FALSE,FALSE,NA
995398,FALSE,TRUE,FALSE,NA
91217,FALSE,TRUE,FALSE,NA
274503,FALSE,FALSE,FALSE,NA
908227,FALSE,FALSE,FALSE,NA
308737,FALSE,TRUE,TRUE,NA
273674,FALSE,TRUE,FALSE,NA
342071,FALSE,TRUE,FALSE,NA
228616,FALSE,TRUE,FALSE,NA
5726,FALSE,TRUE,FALSE,NA
122206,FALSE,TRUE,FALSE,NA
156751,FALSE,FALSE,FALSE,NA
935224,FALSE,TRUE,FALSE,NA
533372,FALSE,TRUE,FALSE,NA
815104,FALSE,FALSE,FALSE,NA
771085,FALSE,TRUE,FALSE,NA
206930,TRUE,TRUE,FALSE,NA
795789,FALSE,TRUE,FALSE,NA
788191,FALSE,TRUE,FALSE,NA
778788,FALSE,FALSE,FALSE,NA
237012,FALSE,FALSE,FALSE,NA
893663,TRUE,TRUE,FALSE,NA
404357,FALSE,TRUE,FALSE,NA
974508,FALSE,TRUE,FALSE,NA
297679,FALSE,TRUE,FALSE,NA
32126,FALSE,TRUE,FALSE,NA
989231,FALSE,TRUE,FALSE,NA
862021,FALSE,TRUE,FALSE,NA
769548,FALSE,TRUE,FALSE,NA
703626,FALSE,TRUE,FALSE,NA
764217,FALSE,TRUE,FALSE,NA
702325,FALSE,TRUE,FALSE,NA
657816,FALSE,TRUE,FALSE,NA
594033,FALSE,TRUE,FALSE,NA
400312,FALSE,FALSE,FALSE,NA
230688,FALSE,TRUE,FALSE,NA
190599,FALSE,FALSE,FALSE,NA
717679,FALSE,TRUE,FALSE,NA
539843,FALSE,TRUE,FALSE,NA
549132,FALSE,TRUE,TRUE,NA
794142,FALSE,TRUE,FALSE,NA
654037,FALSE,FALSE,FALSE,NA
54164,FALSE,TRUE,FALSE,NA
569370,FALSE,TRUE,FALSE,NA
201171,FALSE,FALSE,TRUE,NA
116645,FALSE,TRUE,FALSE,NA
477070,FALSE,FALSE,FALSE,NA
808898,FALSE,TRUE,FALSE,NA
700326,FALSE,FALSE,FALSE,NA
856611,FALSE,TRUE,FALSE,NA
396115,FALSE,TRUE,FALSE,NA
422771,FALSE,TRUE,FALSE,NA
132457,FALSE,TRUE,FALSE,NA
625395,FALSE,TRUE,FALSE,NA
348702,FALSE,TRUE,FALSE,NA
436687,FALSE,TRUE,FALSE,NA
86184,FALSE,TRUE,FALSE,NA
277121,FALSE,TRUE,FALSE,NA
428478,FALSE,TRUE,FALSE,NA
627462,FALSE,TRUE,TRUE,NA
474792,FALSE,FALSE,FALSE,NA
875441,FALSE,FALSE,FALSE,NA
682585,FALSE,FALSE,FALSE,NA
613385,FALSE,TRUE,FALSE,NA
758373,FALSE,FALSE,FALSE,NA
530627,FALSE,FALSE,FALSE,NA
603848,FALSE,FALSE,FALSE,NA
831373,FALSE,TRUE,FALSE,NA
65034,FALSE,TRUE,FALSE,NA
626871,FALSE,TRUE,FALSE,NA
995432,FALSE,TRUE,FALSE,NA
581303,FALSE,FALSE,FALSE,NA
214900,FALSE,TRUE,FALSE,NA
607168,FALSE,TRUE,FALSE,NA
932062,FALSE,TRUE,FALSE,NA
718162,FALSE,FALSE,FALSE,NA
319217,FALSE,FALSE,TRUE,NA
625685,FALSE,TRUE,FALSE,NA
918118,FALSE,TRUE,FALSE,NA
411524,FALSE,FALSE,FALSE,NA
100869,FALSE,FALSE,FALSE,NA
708782,FALSE,TRUE,FALSE,NA
58380,FALSE,TRUE,FALSE,NA
632206,TRUE,TRUE,FALSE,NA
715634,FALSE,FALSE,FALSE,NA
935491,FALSE,TRUE,FALSE,NA
958564,FALSE,TRUE,FALSE,NA
420480,FALSE,TRUE,FALSE,NA
759537,FALSE,FALSE,FALSE,NA
744987,FALSE,FALSE,FALSE,NA
177108,FALSE,TRUE,FALSE,NA
335703,FALSE,FALSE,FALSE,NA
697229,FALSE,TRUE,FALSE,NA
723899,FALSE,TRUE,FALSE,NA
288236,FALSE,TRUE,FALSE,NA
282525,FALSE,TRUE,FALSE,NA
278230,FALSE,FALSE,FALSE,NA
58756,FALSE,TRUE,FALSE,NA
915778,FALSE,TRUE,FALSE,NA
16036,FALSE,TRUE,FALSE,NA
937267,FALSE,TRUE,FALSE,NA
955302,TRUE,TRUE,FALSE,NA
813287,FALSE,TRUE,FALSE,NA
734967,FALSE,TRUE,FALSE,NA
372721,FALSE,TRUE,FALSE,NA
457869,TRUE,TRUE,FALSE,NA
329157,FALSE,FALSE,FALSE,NA
266463,FALSE,FALSE,FALSE,NA
251368,FALSE,TRUE,FALSE,NA
651671,FALSE,FALSE,FALSE,NA
236626,TRUE,TRUE,FALSE,NA
38096,FALSE,TRUE,FALSE,NA
9378,FALSE,TRUE,FALSE,NA
961685,FALSE,TRUE,FALSE,NA
313905,FALSE,FALSE,FALSE,NA
57215,TRUE,TRUE,FALSE,NA
495206,FALSE,FALSE,FALSE,NA
913673,FALSE,TRUE,FALSE,NA
186098,FALSE,FALSE,FALSE,NA
297895,FALSE,TRUE,FALSE,NA
7955,FALSE,TRUE,FALSE,NA
147789,FALSE,TRUE,TRUE,NA
645824,FALSE,TRUE,FALSE,NA
200993,TRUE,FALSE,FALSE,NA
21668,FALSE,TRUE,FALSE,NA
601573,FALSE,TRUE,FALSE,NA
441180,FALSE,TRUE,FALSE,NA
688008,FALSE,TRUE,FALSE,NA
931035,FALSE,TRUE,FALSE,NA
57863,FALSE,TRUE,FALSE,NA
594759,FALSE,TRUE,FALSE,NA
798859,FALSE,TRUE,FALSE,NA
861170,FALSE,TRUE,FALSE,NA
435851,FALSE,TRUE,FALSE,NA
70591,FALSE,TRUE,FALSE,NA
109648,FALSE,TRUE,FALSE,NA
896746,FALSE,TRUE,FALSE,NA
347660,FALSE,FALSE,FALSE,NA
853047,FALSE,TRUE,FALSE,NA
499328,FALSE,TRUE,FALSE,NA
505897,FALSE,TRUE,FALSE,NA
992351,FALSE,TRUE,FALSE,NA
88285,FALSE,TRUE,FALSE,NA
21254,FALSE,TRUE,FALSE,NA
501903,FALSE,TRUE,FALSE,NA
211730,FALSE,TRUE,FALSE,NA
492705,FALSE,TRUE,FALSE,NA
825150,FALSE,TRUE,FALSE,NA
840192,FALSE,TRUE,FALSE,NA
445961,FALSE,TRUE,FALSE,NA
783301,FALSE,TRUE,FALSE,NA
504151,FALSE,TRUE,FALSE,NA
81175,TRUE,TRUE,FALSE,NA
989890,FALSE,TRUE,FALSE,NA
186841,FALSE,FALSE,FALSE,NA
574108,FALSE,TRUE,FALSE,NA
378374,FALSE,TRUE,FALSE,NA
23997,FALSE,FALSE,FALSE,NA
300647,FALSE,TRUE,FALSE,NA
119268,FALSE,TRUE,FALSE,NA
539967,FALSE,TRUE,FALSE,NA
744583,TRUE,TRUE,FALSE,NA
408228,FALSE,TRUE,FALSE,NA
106768,FALSE,TRUE,FALSE,NA
924247,TRUE,TRUE,FALSE,NA
581197,FALSE,TRUE,FALSE,NA
495041,FALSE,TRUE,FALSE,NA
101092,FALSE,FALSE,FALSE,NA
4218,FALSE,TRUE,FALSE,NA
32912,FALSE,FALSE,FALSE,NA
240313,FALSE,FALSE,FALSE,NA
633266,FALSE,FALSE,FALSE,NA
920039,FALSE,TRUE,FALSE,NA
843754,TRUE,FALSE,FALSE,NA
490744,FALSE,TRUE,FALSE,NA
320792,FALSE,TRUE,FALSE,NA
31166,TRUE,TRUE,FALSE,NA
743357,FALSE,TRUE,TRUE,NA
105830,FALSE,TRUE,TRUE,NA
573020,FALSE,TRUE,TRUE,NA
371530,FALSE,TRUE,FALSE,NA
838159,FALSE,TRUE,FALSE,NA
540440,FALSE,TRUE,FALSE,NA
327345,FALSE,TRUE,FALSE,NA
973172,FALSE,TRUE,FALSE,NA
572054,FALSE,TRUE,FALSE,NA
963294,FALSE,TRUE,FALSE,NA
715490,FALSE,FALSE,FALSE,NA
116760,FALSE,TRUE,FALSE,NA
650872,FALSE,TRUE,FALSE,NA
917261,FALSE,TRUE,FALSE,NA
887301,FALSE,FALSE,FALSE,NA
156059,FALSE,TRUE,FALSE,NA
476820,FALSE,TRUE,FALSE,NA
689506,FALSE,TRUE,FALSE,NA
512805,TRUE,FALSE,TRUE,NA
578038,TRUE,TRUE,FALSE,NA
815343,TRUE,TRUE,FALSE,NA
705953,FALSE,TRUE,FALSE,NA
707830,FALSE,TRUE,FALSE,NA
651804,FALSE,TRUE,FALSE,NA
220101,FALSE,TRUE,FALSE,NA
703556,FALSE,TRUE,FALSE,NA
976444,FALSE,TRUE,FALSE,NA
391890,FALSE,FALSE,FALSE,NA
241152,FALSE,TRUE,FALSE,NA
486785,FALSE,TRUE,FALSE,NA
419638,FALSE,TRUE,FALSE,NA
934672,FALSE,TRUE,FALSE,NA
537519,FALSE,TRUE,FALSE,NA
696935,FALSE,TRUE,FALSE,NA
239724,FALSE,TRUE,FALSE,NA
342065,FALSE,FALSE,FALSE,NA
158337,FALSE,TRUE,FALSE,NA
191681,FALSE,TRUE,FALSE,NA
138099,TRUE,TRUE,FALSE,NA
203228,FALSE,TRUE,FALSE,NA
429239,FALSE,TRUE,FALSE,NA
704490,FALSE,TRUE,FALSE,NA
291282,FALSE,TRUE,FALSE,NA
173489,FALSE,TRUE,FALSE,NA
337181,FALSE,TRUE,FALSE,NA
201234,TRUE,FALSE,FALSE,NA
310773,FALSE,FALSE,FALSE,NA
413399,TRUE,TRUE,FALSE,NA
35381,FALSE,FALSE,FALSE,NA
54832,FALSE,TRUE,FALSE,NA
181380,FALSE,TRUE,FALSE,NA
795911,TRUE,TRUE,FALSE,NA
315704,FALSE,TRUE,FALSE,NA
110805,FALSE,FALSE,FALSE,NA
702233,FALSE,TRUE,FALSE,NA
874663,FALSE,FALSE,FALSE,NA
363716,FALSE,TRUE,FALSE,NA
429363,FALSE,FALSE,FALSE,NA
630001,FALSE,FALSE,FALSE,NA
861021,FALSE,TRUE,FALSE,NA
556587,FALSE,TRUE,FALSE,NA
347624,FALSE,TRUE,FALSE,NA
986974,FALSE,TRUE,FALSE,NA
640089,FALSE,TRUE,FALSE,NA
862522,FALSE,FALSE,FALSE,NA
390166,FALSE,FALSE,FALSE,NA
257588,FALSE,FALSE,FALSE,NA
792529,TRUE,TRUE,FALSE,NA
938042,FALSE,TRUE,FALSE,NA
291860,TRUE,FALSE,FALSE,NA
255377,FALSE,TRUE,FALSE,NA
821702,FALSE,FALSE,FALSE,NA
319273,TRUE,FALSE,FALSE,NA
631432,FALSE,FALSE,FALSE,NA
274356,FALSE,TRUE,TRUE,NA
249067,FALSE,FALSE,FALSE,NA
208736,FALSE,TRUE,FALSE,NA
537443,FALSE,TRUE,FALSE,NA
277800,FALSE,TRUE,FALSE,NA
219824,TRUE,TRUE,FALSE,NA
605580,FALSE,TRUE,FALSE,NA
540629,FALSE,TRUE,FALSE,NA
607228,FALSE,TRUE,FALSE,NA
76779,FALSE,TRUE,FALSE,NA
475547,TRUE,TRUE,FALSE,NA
99851,FALSE,FALSE,FALSE,NA
209742,FALSE,TRUE,FALSE,NA
7235,FALSE,TRUE,FALSE,NA
600964,FALSE,TRUE,FALSE,NA
541898,FALSE,TRUE,FALSE,NA
558373,FALSE,TRUE,FALSE,NA
170996,FALSE,TRUE,FALSE,NA
412633,TRUE,TRUE,FALSE,NA
598148,FALSE,TRUE,TRUE,NA
332372,FALSE,TRUE,FALSE,NA
677965,FALSE,TRUE,FALSE,NA
332951,FALSE,TRUE,FALSE,NA
912607,FALSE,TRUE,FALSE,NA
810033,FALSE,TRUE,FALSE,NA
133840,TRUE,FALSE,FALSE,NA
938581,FALSE,TRUE,FALSE,NA
366686,FALSE,FALSE,FALSE,NA
797652,FALSE,TRUE,FALSE,NA
333560,FALSE,TRUE,FALSE,NA
997699,FALSE,TRUE,TRUE,NA
652034,FALSE,TRUE,FALSE,NA
124619,FALSE,TRUE,FALSE,NA
615431,FALSE,TRUE,FALSE,NA
289899,FALSE,TRUE,FALSE,NA
817101,FALSE,TRUE,FALSE,NA
534149,FALSE,TRUE,FALSE,NA
842853,FALSE,TRUE,TRUE,NA
999666,FALSE,TRUE,FALSE,NA
605824,FALSE,FALSE,TRUE,NA
62666,FALSE,TRUE,FALSE,NA
943339,FALSE,TRUE,FALSE,NA
355562,FALSE,TRUE,FALSE,NA
678424,FALSE,TRUE,FALSE,NA
7154,TRUE,TRUE,FALSE,NA
928830,FALSE,TRUE,TRUE,NA
144903,FALSE,TRUE,TRUE,NA
210797,FALSE,FALSE,FALSE,NA
296929,FALSE,TRUE,FALSE,NA
935243,FALSE,TRUE,FALSE,NA
184655,FALSE,TRUE,FALSE,NA
421063,FALSE,TRUE,FALSE,NA
889586,FALSE,TRUE,FALSE,NA
550156,FALSE,FALSE,FALSE,NA
312430,FALSE,TRUE,FALSE,NA
982634,FALSE,TRUE,FALSE,NA
120158,FALSE,TRUE,FALSE,NA
858026,FALSE,TRUE,FALSE,NA
41247,FALSE,FALSE,FALSE,NA
328379,FALSE,TRUE,FALSE,NA
150147,FALSE,FALSE,FALSE,NA
381425,FALSE,TRUE,FALSE,NA
772968,FALSE,TRUE,FALSE,NA
491739,FALSE,TRUE,FALSE,NA
670198,TRUE,FALSE,FALSE,NA
41367,FALSE,TRUE,FALSE,NA
638103,FALSE,TRUE,FALSE,NA
849205,FALSE,TRUE,FALSE,NA
140705,TRUE,FALSE,FALSE,NA
855532,FALSE,TRUE,TRUE,NA
451882,FALSE,TRUE,FALSE,NA
540887,FALSE,TRUE,TRUE,NA
207040,FALSE,TRUE,FALSE,NA
688926,FALSE,TRUE,FALSE,NA
185367,FALSE,TRUE,FALSE,NA
381213,FALSE,TRUE,FALSE,NA
210497,FALSE,FALSE,FALSE,NA
173133,FALSE,TRUE,FALSE,NA
874310,FALSE,FALSE,FALSE,NA
610493,FALSE,TRUE,FALSE,NA
112063,TRUE,FALSE,FALSE,NA
282835,FALSE,FALSE,FALSE,NA
977655,FALSE,TRUE,FALSE,NA
687570,FALSE,FALSE,FALSE,NA
879122,FALSE,TRUE,FALSE,NA
96895,FALSE,TRUE,FALSE,NA
813962,FALSE,FALSE,FALSE,NA
369741,FALSE,TRUE,FALSE,NA
377008,FALSE,FALSE,FALSE,NA
736171,FALSE,TRUE,FALSE,NA
93496,FALSE,TRUE,TRUE,NA
783110,FALSE,TRUE,FALSE,NA
453787,FALSE,FALSE,FALSE,NA
512097,NA,NA,NA,"Error in glmnet(x, y, weights = weights, offset = offset, lambda = lambda, : x should be a matrix with 2 or more columns
"
830634,FALSE,FALSE,FALSE,NA
165273,FALSE,TRUE,FALSE,NA
181123,FALSE,TRUE,FALSE,NA
22339,FALSE,FALSE,FALSE,NA
188775,TRUE,TRUE,FALSE,NA
817514,FALSE,TRUE,FALSE,NA
132527,FALSE,TRUE,FALSE,NA
355964,FALSE,FALSE,FALSE,NA
40978,FALSE,TRUE,FALSE,NA
539698,FALSE,TRUE,FALSE,NA
266552,FALSE,TRUE,FALSE,NA
886126,FALSE,TRUE,FALSE,NA
906440,TRUE,TRUE,FALSE,NA
705868,FALSE,TRUE,FALSE,NA
445325,FALSE,TRUE,FALSE,NA
191381,FALSE,FALSE,FALSE,NA
502853,FALSE,FALSE,FALSE,NA
426149,FALSE,FALSE,FALSE,NA
932274,FALSE,TRUE,FALSE,NA
137182,FALSE,TRUE,FALSE,NA
187127,FALSE,TRUE,FALSE,NA
367511,FALSE,TRUE,FALSE,NA
594525,FALSE,TRUE,FALSE,NA
896590,FALSE,TRUE,FALSE,NA
271811,FALSE,TRUE,FALSE,NA
197714,FALSE,FALSE,FALSE,NA
495901,FALSE,TRUE,FALSE,NA
969796,FALSE,TRUE,FALSE,NA
670813,FALSE,TRUE,FALSE,NA
718880,FALSE,TRUE,FALSE,NA
267673,TRUE,TRUE,FALSE,NA
974668,FALSE,TRUE,FALSE,NA
639984,FALSE,TRUE,FALSE,NA
609200,FALSE,TRUE,FALSE,NA
677632,FALSE,TRUE,FALSE,NA
494657,FALSE,TRUE,FALSE,NA
615822,FALSE,TRUE,FALSE,NA
265248,FALSE,FALSE,FALSE,NA
274398,FALSE,FALSE,FALSE,NA
725720,FALSE,TRUE,TRUE,NA
645264,FALSE,TRUE,FALSE,NA
708531,FALSE,FALSE,FALSE,NA
677330,FALSE,TRUE,FALSE,NA
890257,FALSE,TRUE,TRUE,NA
445839,FALSE,FALSE,TRUE,NA
915509,FALSE,FALSE,FALSE,NA
788459,FALSE,FALSE,FALSE,NA
736214,FALSE,TRUE,FALSE,NA
149228,FALSE,TRUE,FALSE,NA
606006,FALSE,TRUE,FALSE,NA
503399,FALSE,TRUE,FALSE,NA
709987,FALSE,TRUE,FALSE,NA
140595,FALSE,TRUE,FALSE,NA
955386,FALSE,TRUE,FALSE,NA
93148,FALSE,TRUE,TRUE,NA
705764,FALSE,FALSE,FALSE,NA
635286,FALSE,TRUE,FALSE,NA
909357,FALSE,TRUE,FALSE,NA
294164,TRUE,TRUE,FALSE,NA
354000,FALSE,TRUE,FALSE,NA
115908,FALSE,TRUE,FALSE,NA
449177,FALSE,FALSE,FALSE,NA
880949,FALSE,FALSE,TRUE,NA
730521,FALSE,TRUE,FALSE,NA
702021,FALSE,FALSE,FALSE,NA
742314,FALSE,TRUE,TRUE,NA
722267,FALSE,FALSE,FALSE,NA
894467,TRUE,TRUE,FALSE,NA
106854,FALSE,TRUE,FALSE,NA
667310,FALSE,TRUE,FALSE,NA
424515,FALSE,TRUE,FALSE,NA
913292,FALSE,TRUE,FALSE,NA
908380,FALSE,FALSE,FALSE,NA
430559,FALSE,FALSE,FALSE,NA
357812,FALSE,TRUE,FALSE,NA
554229,FALSE,TRUE,FALSE,NA
881072,FALSE,FALSE,TRUE,NA
954707,FALSE,TRUE,FALSE,NA
260471,FALSE,TRUE,FALSE,NA
53516,FALSE,TRUE,FALSE,NA
830655,TRUE,TRUE,FALSE,NA
608042,FALSE,TRUE,FALSE,NA
768637,FALSE,TRUE,FALSE,NA
831334,FALSE,TRUE,FALSE,NA
866474,TRUE,TRUE,TRUE,NA
800433,FALSE,TRUE,FALSE,NA
178409,FALSE,TRUE,FALSE,NA
573658,FALSE,TRUE,FALSE,NA
751513,TRUE,FALSE,FALSE,NA
123150,FALSE,TRUE,FALSE,NA
106288,FALSE,TRUE,TRUE,NA
285644,FALSE,FALSE,FALSE,NA
604120,FALSE,TRUE,FALSE,NA
51949,FALSE,FALSE,FALSE,NA
5211,FALSE,TRUE,FALSE,NA
35494,FALSE,FALSE,FALSE,NA
599865,FALSE,TRUE,FALSE,NA
550961,FALSE,TRUE,FALSE,NA
281748,FALSE,TRUE,FALSE,NA
973447,FALSE,FALSE,FALSE,NA
48148,FALSE,TRUE,FALSE,NA
759213,FALSE,TRUE,FALSE,NA
171472,FALSE,TRUE,TRUE,NA
573798,FALSE,TRUE,FALSE,NA
595878,FALSE,TRUE,FALSE,NA
159247,FALSE,FALSE,FALSE,NA
960524,FALSE,FALSE,FALSE,NA
795655,FALSE,FALSE,TRUE,NA
32289,FALSE,TRUE,FALSE,NA
254262,FALSE,TRUE,FALSE,NA
476853,FALSE,TRUE,FALSE,NA
200329,FALSE,TRUE,FALSE,NA
677027,FALSE,TRUE,FALSE,NA
575987,FALSE,TRUE,TRUE,NA
617232,FALSE,FALSE,FALSE,NA
765864,FALSE,TRUE,FALSE,NA
247652,FALSE,TRUE,FALSE,NA
406768,FALSE,TRUE,FALSE,NA
545504,FALSE,TRUE,TRUE,NA
898543,TRUE,TRUE,FALSE,NA
526791,FALSE,TRUE,FALSE,NA
79589,FALSE,TRUE,FALSE,NA
709223,FALSE,FALSE,FALSE,NA
823103,FALSE,TRUE,TRUE,NA
12476,FALSE,TRUE,FALSE,NA
783507,FALSE,TRUE,FALSE,NA
997664,FALSE,FALSE,FALSE,NA
556093,FALSE,TRUE,FALSE,NA
303823,FALSE,FALSE,FALSE,NA
166767,TRUE,TRUE,FALSE,NA
402800,FALSE,TRUE,FALSE,NA
658693,FALSE,FALSE,FALSE,NA
232771,FALSE,TRUE,FALSE,NA
553296,FALSE,TRUE,FALSE,NA
394912,FALSE,TRUE,TRUE,NA
219898,FALSE,FALSE,TRUE,NA
234474,FALSE,FALSE,FALSE,NA
915057,FALSE,TRUE,FALSE,NA
598063,FALSE,TRUE,FALSE,NA
679361,FALSE,FALSE,TRUE,NA
890901,FALSE,TRUE,TRUE,NA
482400,FALSE,FALSE,FALSE,NA
440287,FALSE,TRUE,FALSE,NA
540534,FALSE,TRUE,FALSE,NA
438103,FALSE,TRUE,FALSE,NA
221501,FALSE,TRUE,FALSE,NA
100350,FALSE,FALSE,FALSE,NA
778519,FALSE,FALSE,FALSE,NA
83908,FALSE,TRUE,FALSE,NA
774423,FALSE,TRUE,FALSE,NA
737704,FALSE,TRUE,FALSE,NA
504907,FALSE,TRUE,FALSE,NA
332314,FALSE,TRUE,FALSE,NA
483647,FALSE,TRUE,FALSE,NA
500259,FALSE,FALSE,FALSE,NA
974290,FALSE,TRUE,FALSE,NA
908780,FALSE,TRUE,FALSE,NA
918127,TRUE,TRUE,FALSE,NA
402497,FALSE,TRUE,FALSE,NA
287093,FALSE,TRUE,FALSE,NA
818473,FALSE,TRUE,FALSE,NA
919290,FALSE,FALSE,FALSE,NA
588913,FALSE,TRUE,FALSE,NA
336011,FALSE,TRUE,FALSE,NA
425963,FALSE,FALSE,TRUE,NA
162737,FALSE,FALSE,TRUE,NA
594014,FALSE,TRUE,TRUE,NA
746587,FALSE,TRUE,FALSE,NA
994984,FALSE,TRUE,FALSE,NA
770531,FALSE,TRUE,FALSE,NA
594173,FALSE,TRUE,FALSE,NA
943082,FALSE,TRUE,FALSE,NA
748140,FALSE,TRUE,FALSE,NA
156331,FALSE,TRUE,FALSE,NA
786073,FALSE,TRUE,FALSE,NA
722698,TRUE,TRUE,FALSE,NA
118400,FALSE,TRUE,FALSE,NA
569598,FALSE,TRUE,FALSE,NA
430390,FALSE,TRUE,FALSE,NA
251914,FALSE,FALSE,FALSE,NA
210784,FALSE,TRUE,FALSE,NA
561162,FALSE,TRUE,FALSE,NA
331698,FALSE,TRUE,FALSE,NA
164567,FALSE,FALSE,FALSE,NA
483467,FALSE,FALSE,FALSE,NA
223784,FALSE,FALSE,TRUE,NA
130489,FALSE,FALSE,FALSE,NA
35786,FALSE,TRUE,FALSE,NA
70038,FALSE,TRUE,FALSE,NA
19707,FALSE,TRUE,FALSE,NA
111107,FALSE,FALSE,FALSE,NA
941563,TRUE,TRUE,FALSE,NA
751152,TRUE,TRUE,FALSE,NA
583884,FALSE,TRUE,TRUE,NA
279723,FALSE,FALSE,FALSE,NA
841291,FALSE,FALSE,FALSE,NA
748064,TRUE,TRUE,FALSE,NA
436729,FALSE,FALSE,FALSE,NA
413697,FALSE,FALSE,FALSE,NA
987003,FALSE,TRUE,TRUE,NA
479469,FALSE,TRUE,FALSE,NA
888271,FALSE,FALSE,FALSE,NA
723319,FALSE,TRUE,FALSE,NA
777940,FALSE,FALSE,FALSE,NA
607677,FALSE,TRUE,FALSE,NA
310765,FALSE,TRUE,FALSE,NA
34440,FALSE,TRUE,FALSE,NA
614677,FALSE,TRUE,FALSE,NA
75593,FALSE,FALSE,FALSE,NA
566760,FALSE,TRUE,FALSE,NA
215704,FALSE,TRUE,FALSE,NA
900782,FALSE,FALSE,TRUE,NA
435233,FALSE,TRUE,FALSE,NA
605572,FALSE,TRUE,FALSE,NA
944756,FALSE,TRUE,FALSE,NA
169552,FALSE,FALSE,FALSE,NA
451468,FALSE,TRUE,FALSE,NA
65896,TRUE,TRUE,FALSE,NA
143826,FALSE,TRUE,FALSE,NA
255874,FALSE,TRUE,FALSE,NA
68584,FALSE,FALSE,FALSE,NA
57232,FALSE,TRUE,TRUE,NA
914476,FALSE,TRUE,TRUE,NA
60981,FALSE,TRUE,FALSE,NA
582921,FALSE,TRUE,FALSE,NA
11234,FALSE,TRUE,FALSE,NA
126650,FALSE,TRUE,FALSE,NA
289736,FALSE,TRUE,FALSE,NA
419136,FALSE,TRUE,TRUE,NA
564830,FALSE,TRUE,FALSE,NA
306146,FALSE,TRUE,FALSE,NA
294155,FALSE,TRUE,FALSE,NA
74713,FALSE,TRUE,FALSE,NA
663022,FALSE,TRUE,FALSE,NA
285950,FALSE,TRUE,FALSE,NA
231295,FALSE,FALSE,FALSE,NA
335900,FALSE,TRUE,FALSE,NA
442313,FALSE,TRUE,FALSE,NA
527571,FALSE,TRUE,FALSE,NA
367397,FALSE,TRUE,FALSE,NA
463036,FALSE,FALSE,FALSE,NA
288333,FALSE,FALSE,FALSE,NA
899212,FALSE,TRUE,FALSE,NA
29404,FALSE,TRUE,FALSE,NA
500345,FALSE,TRUE,TRUE,NA
444327,FALSE,TRUE,FALSE,NA
461383,FALSE,TRUE,TRUE,NA
874276,TRUE,TRUE,FALSE,NA
902789,TRUE,FALSE,FALSE,NA
636054,FALSE,TRUE,FALSE,NA
871448,TRUE,TRUE,FALSE,NA
628607,TRUE,TRUE,FALSE,NA
769984,FALSE,TRUE,FALSE,NA
920051,FALSE,FALSE,FALSE,NA
540688,FALSE,TRUE,FALSE,NA
721710,FALSE,TRUE,FALSE,NA
19249,FALSE,TRUE,FALSE,NA
175322,TRUE,TRUE,FALSE,NA
468051,FALSE,TRUE,TRUE,NA
75220,FALSE,TRUE,FALSE,NA
175107,TRUE,TRUE,FALSE,NA
661605,FALSE,TRUE,FALSE,NA
882630,FALSE,FALSE,FALSE,NA
670727,FALSE,TRUE,FALSE,NA
289498,FALSE,TRUE,FALSE,NA
319074,FALSE,FALSE,FALSE,NA
959487,FALSE,FALSE,FALSE,NA
548438,FALSE,FALSE,FALSE,NA
870126,FALSE,TRUE,FALSE,NA
280529,FALSE,TRUE,FALSE,NA
800740,TRUE,TRUE,FALSE,NA
886004,FALSE,TRUE,FALSE,NA
900849,FALSE,TRUE,FALSE,NA
589737,FALSE,FALSE,TRUE,NA
995621,FALSE,TRUE,FALSE,NA
403370,FALSE,TRUE,FALSE,NA
420789,TRUE,TRUE,FALSE,NA
125466,FALSE,TRUE,FALSE,NA
993069,FALSE,TRUE,FALSE,NA
274909,FALSE,FALSE,FALSE,NA
358597,FALSE,TRUE,FALSE,NA
626653,FALSE,TRUE,FALSE,NA
596923,FALSE,TRUE,FALSE,NA
365754,TRUE,TRUE,FALSE,NA
51612,FALSE,TRUE,FALSE,NA
892793,FALSE,TRUE,FALSE,NA
467543,FALSE,TRUE,FALSE,NA
596909,FALSE,TRUE,FALSE,NA
333012,FALSE,TRUE,FALSE,NA
509886,FALSE,TRUE,FALSE,NA
802661,FALSE,TRUE,FALSE,NA
735280,FALSE,FALSE,TRUE,NA
966066,FALSE,TRUE,FALSE,NA
475068,FALSE,FALSE,TRUE,NA
3589,FALSE,FALSE,TRUE,NA
243859,FALSE,TRUE,FALSE,NA
614570,FALSE,TRUE,FALSE,NA
849141,FALSE,TRUE,FALSE,NA
608472,FALSE,TRUE,FALSE,NA
812030,FALSE,TRUE,FALSE,NA
247679,FALSE,TRUE,TRUE,NA
605792,FALSE,TRUE,FALSE,NA
874782,FALSE,TRUE,FALSE,NA
600472,FALSE,TRUE,FALSE,NA
267103,FALSE,TRUE,TRUE,NA
277153,FALSE,TRUE,FALSE,NA
660246,FALSE,TRUE,TRUE,NA
948381,FALSE,TRUE,FALSE,NA
718062,FALSE,FALSE,FALSE,NA
253853,FALSE,FALSE,FALSE,NA
51604,FALSE,TRUE,FALSE,NA
555238,FALSE,FALSE,FALSE,NA
743559,FALSE,FALSE,FALSE,NA
949725,FALSE,TRUE,FALSE,NA
875797,FALSE,TRUE,FALSE,NA
369204,FALSE,TRUE,FALSE,NA
438782,FALSE,TRUE,FALSE,NA
312945,FALSE,FALSE,FALSE,NA
944021,FALSE,TRUE,FALSE,NA
227938,FALSE,TRUE,FALSE,NA
258343,FALSE,TRUE,FALSE,NA
384687,FALSE,TRUE,FALSE,NA
750580,FALSE,FALSE,FALSE,NA
985294,FALSE,TRUE,FALSE,NA
439056,FALSE,TRUE,FALSE,NA
457818,FALSE,TRUE,FALSE,NA
642664,TRUE,FALSE,FALSE,NA
923115,FALSE,TRUE,FALSE,NA
601787,FALSE,FALSE,FALSE,NA
607426,FALSE,TRUE,TRUE,NA
185732,FALSE,FALSE,FALSE,NA
675098,FALSE,TRUE,FALSE,NA
167260,FALSE,TRUE,FALSE,NA
908638,FALSE,TRUE,FALSE,NA
510868,FALSE,TRUE,FALSE,NA
895381,FALSE,TRUE,FALSE,NA
294409,FALSE,TRUE,FALSE,NA
810336,FALSE,TRUE,FALSE,NA
155422,FALSE,TRUE,FALSE,NA
749073,FALSE,TRUE,FALSE,NA
337587,FALSE,TRUE,TRUE,NA
934001,FALSE,TRUE,FALSE,NA
520286,TRUE,TRUE,FALSE,NA
464761,FALSE,FALSE,FALSE,NA
689844,FALSE,TRUE,FALSE,NA
631668,FALSE,TRUE,FALSE,NA
34894,TRUE,TRUE,TRUE,NA
503382,FALSE,TRUE,FALSE,NA
432671,FALSE,TRUE,FALSE,NA
492427,FALSE,TRUE,FALSE,NA
30617,TRUE,TRUE,FALSE,NA
919607,FALSE,TRUE,FALSE,NA
599541,FALSE,FALSE,FALSE,NA
918233,TRUE,TRUE,FALSE,NA
827585,FALSE,TRUE,FALSE,NA
966813,TRUE,TRUE,FALSE,NA
974033,FALSE,TRUE,FALSE,NA
315743,FALSE,TRUE,FALSE,NA
12418,FALSE,TRUE,FALSE,NA
433670,FALSE,TRUE,FALSE,NA
283259,FALSE,FALSE,FALSE,NA
201019,FALSE,TRUE,FALSE,NA
389754,FALSE,TRUE,FALSE,NA
248808,FALSE,FALSE,FALSE,NA
54193,FALSE,TRUE,FALSE,NA
551200,FALSE,TRUE,FALSE,NA
915838,FALSE,TRUE,FALSE,NA
755068,FALSE,FALSE,FALSE,NA
455230,FALSE,TRUE,FALSE,NA
410683,FALSE,TRUE,FALSE,NA
308283,FALSE,TRUE,FALSE,NA
678870,TRUE,TRUE,FALSE,NA
362573,FALSE,FALSE,FALSE,NA
909690,FALSE,TRUE,FALSE,NA
131900,FALSE,FALSE,FALSE,NA
452848,FALSE,TRUE,FALSE,NA
5480,FALSE,TRUE,FALSE,NA
594419,FALSE,FALSE,FALSE,NA
649958,TRUE,TRUE,FALSE,NA
89450,FALSE,TRUE,FALSE,NA
78354,FALSE,TRUE,FALSE,NA
75996,TRUE,FALSE,FALSE,NA
444720,FALSE,FALSE,FALSE,NA
791129,FALSE,FALSE,FALSE,NA
203283,FALSE,TRUE,FALSE,NA
370708,FALSE,TRUE,FALSE,NA
359338,FALSE,TRUE,FALSE,NA
544196,FALSE,TRUE,FALSE,NA
573396,FALSE,TRUE,FALSE,NA
298600,FALSE,TRUE,FALSE,NA
567920,FALSE,FALSE,FALSE,NA
717416,FALSE,FALSE,FALSE,NA
294497,FALSE,TRUE,FALSE,NA
99196,FALSE,TRUE,FALSE,NA
590761,FALSE,TRUE,TRUE,NA
48020,FALSE,TRUE,FALSE,NA
708472,FALSE,TRUE,FALSE,NA
545775,FALSE,TRUE,FALSE,NA
945757,FALSE,FALSE,FALSE,NA
925682,FALSE,TRUE,FALSE,NA
922204,FALSE,FALSE,FALSE,NA
795939,FALSE,TRUE,FALSE,NA
510626,FALSE,TRUE,FALSE,NA
297073,FALSE,FALSE,FALSE,NA
530736,FALSE,FALSE,FALSE,NA
641714,FALSE,TRUE,FALSE,NA
454977,FALSE,TRUE,FALSE,NA
660399,FALSE,TRUE,TRUE,NA
830861,FALSE,TRUE,FALSE,NA
821268,FALSE,TRUE,FALSE,NA
4624,FALSE,TRUE,FALSE,NA
773,FALSE,TRUE,FALSE,NA
899569,FALSE,FALSE,FALSE,NA
234350,FALSE,TRUE,TRUE,NA
731707,FALSE,TRUE,FALSE,NA
283906,FALSE,TRUE,FALSE,NA
632573,FALSE,TRUE,FALSE,NA
87769,FALSE,TRUE,FALSE,NA
604420,FALSE,TRUE,FALSE,NA
786850,FALSE,FALSE,FALSE,NA
43154,FALSE,FALSE,FALSE,NA
672198,FALSE,FALSE,FALSE,NA
555520,FALSE,TRUE,FALSE,NA
521444,FALSE,TRUE,FALSE,NA
110342,FALSE,TRUE,FALSE,NA
605293,FALSE,FALSE,FALSE,NA
251466,FALSE,TRUE,FALSE,NA
236998,FALSE,TRUE,FALSE,NA
10511,FALSE,TRUE,FALSE,NA
293328,FALSE,FALSE,FALSE,NA
942012,FALSE,TRUE,TRUE,NA
132545,FALSE,FALSE,FALSE,NA
106938,FALSE,TRUE,FALSE,NA
133019,FALSE,TRUE,FALSE,NA
821923,FALSE,TRUE,FALSE,NA
505329,TRUE,TRUE,FALSE,NA
299378,FALSE,TRUE,FALSE,NA
928684,FALSE,TRUE,FALSE,NA
276686,FALSE,TRUE,FALSE,NA
339057,FALSE,TRUE,FALSE,NA
169125,FALSE,FALSE,FALSE,NA
969900,FALSE,FALSE,FALSE,NA
481226,FALSE,FALSE,FALSE,NA
815979,FALSE,TRUE,FALSE,NA
67586,FALSE,TRUE,FALSE,NA
466395,FALSE,FALSE,FALSE,NA
812164,FALSE,TRUE,TRUE,NA
248743,FALSE,TRUE,FALSE,NA
479241,FALSE,TRUE,FALSE,NA
368644,FALSE,FALSE,FALSE,NA
865559,FALSE,TRUE,FALSE,NA
273492,FALSE,TRUE,FALSE,NA
518846,FALSE,FALSE,FALSE,NA
61737,TRUE,TRUE,FALSE,NA
244103,FALSE,TRUE,TRUE,NA
68207,FALSE,FALSE,FALSE,NA
39635,FALSE,FALSE,FALSE,NA
841471,FALSE,TRUE,FALSE,NA
363451,FALSE,TRUE,FALSE,NA
841672,FALSE,TRUE,FALSE,NA
42694,FALSE,TRUE,FALSE,NA
240692,FALSE,FALSE,FALSE,NA
510640,FALSE,TRUE,FALSE,NA
283438,FALSE,TRUE,FALSE,NA
104675,FALSE,FALSE,FALSE,NA
175456,FALSE,TRUE,FALSE,NA
923650,FALSE,TRUE,FALSE,NA
163645,FALSE,TRUE,FALSE,NA
194120,FALSE,TRUE,FALSE,NA
645641,TRUE,FALSE,TRUE,NA
636549,FALSE,FALSE,FALSE,NA
880881,FALSE,TRUE,FALSE,NA
758986,FALSE,TRUE,FALSE,NA
250959,FALSE,TRUE,FALSE,NA
617853,FALSE,TRUE,FALSE,NA
408839,FALSE,TRUE,FALSE,NA
865534,FALSE,TRUE,FALSE,NA
353229,FALSE,TRUE,FALSE,NA
203898,TRUE,FALSE,FALSE,NA
480501,TRUE,FALSE,FALSE,NA
871855,FALSE,TRUE,FALSE,NA
627537,FALSE,TRUE,FALSE,NA
226580,FALSE,TRUE,FALSE,NA
991615,FALSE,TRUE,FALSE,NA
60560,FALSE,TRUE,TRUE,NA
517006,FALSE,TRUE,FALSE,NA
930144,FALSE,TRUE,FALSE,NA
506855,FALSE,TRUE,FALSE,NA
740798,FALSE,TRUE,FALSE,NA
330032,FALSE,FALSE,FALSE,NA
868029,FALSE,TRUE,FALSE,NA
506368,FALSE,TRUE,FALSE,NA
660411,FALSE,TRUE,FALSE,NA
964774,FALSE,FALSE,FALSE,NA
920049,FALSE,FALSE,FALSE,NA
38213,TRUE,TRUE,FALSE,NA
678807,TRUE,TRUE,FALSE,NA
399563,FALSE,TRUE,FALSE,NA
98650,FALSE,TRUE,FALSE,NA
705432,FALSE,FALSE,FALSE,NA
740414,FALSE,TRUE,FALSE,NA
478154,FALSE,TRUE,FALSE,NA
79221,FALSE,FALSE,FALSE,NA
693302,FALSE,TRUE,FALSE,NA
498994,TRUE,TRUE,FALSE,NA
2961,FALSE,TRUE,FALSE,NA
328778,FALSE,FALSE,FALSE,NA
438742,FALSE,TRUE,FALSE,NA
331822,FALSE,FALSE,FALSE,NA
298954,FALSE,FALSE,TRUE,NA
106406,FALSE,TRUE,FALSE,NA
886497,FALSE,FALSE,FALSE,NA
96372,FALSE,TRUE,FALSE,NA
262320,FALSE,TRUE,FALSE,NA
317583,FALSE,TRUE,FALSE,NA
105993,FALSE,TRUE,FALSE,NA
739609,FALSE,TRUE,FALSE,NA
467962,FALSE,FALSE,FALSE,NA
155666,FALSE,TRUE,FALSE,NA
145524,FALSE,TRUE,FALSE,NA
705954,FALSE,TRUE,FALSE,NA
49882,TRUE,TRUE,FALSE,NA
586915,FALSE,FALSE,FALSE,NA
923421,FALSE,TRUE,TRUE,NA
522679,FALSE,TRUE,FALSE,NA
621149,FALSE,FALSE,FALSE,NA
662034,FALSE,TRUE,FALSE,NA
136538,FALSE,TRUE,FALSE,NA
761704,FALSE,FALSE,FALSE,NA
169381,FALSE,TRUE,FALSE,NA
857596,FALSE,TRUE,FALSE,NA
139868,FALSE,TRUE,FALSE,NA
660707,FALSE,TRUE,FALSE,NA
820141,FALSE,TRUE,FALSE,NA
124359,FALSE,TRUE,FALSE,NA
852679,FALSE,TRUE,TRUE,NA
776225,FALSE,TRUE,FALSE,NA
708474,FALSE,TRUE,TRUE,NA
799275,FALSE,TRUE,FALSE,NA
257459,FALSE,TRUE,FALSE,NA
275402,FALSE,TRUE,FALSE,NA
590528,FALSE,FALSE,FALSE,NA
928827,FALSE,FALSE,FALSE,NA
727364,FALSE,TRUE,FALSE,NA
948642,FALSE,TRUE,FALSE,NA
851084,FALSE,FALSE,FALSE,NA
328310,FALSE,TRUE,FALSE,NA
509766,FALSE,TRUE,FALSE,NA
767017,FALSE,TRUE,FALSE,NA
683156,FALSE,TRUE,FALSE,NA
195332,FALSE,TRUE,FALSE,NA
929196,FALSE,FALSE,TRUE,NA
521109,FALSE,TRUE,TRUE,NA
123894,FALSE,TRUE,FALSE,NA
766756,FALSE,TRUE,FALSE,NA
286762,FALSE,TRUE,FALSE,NA
681699,FALSE,FALSE,FALSE,NA
473611,TRUE,TRUE,FALSE,NA
563780,FALSE,TRUE,FALSE,NA
819799,FALSE,FALSE,FALSE,NA
289061,FALSE,TRUE,FALSE,NA
46245,FALSE,TRUE,FALSE,NA
973868,FALSE,TRUE,FALSE,NA
494223,FALSE,TRUE,FALSE,NA
871236,FALSE,TRUE,TRUE,NA
971087,FALSE,TRUE,FALSE,NA
125336,FALSE,TRUE,FALSE,NA
555097,FALSE,TRUE,FALSE,NA
515973,FALSE,TRUE,FALSE,NA
686222,FALSE,TRUE,FALSE,NA
418852,FALSE,FALSE,FALSE,NA
982879,FALSE,FALSE,FALSE,NA
825788,FALSE,TRUE,FALSE,NA
910395,FALSE,TRUE,FALSE,NA
113778,TRUE,FALSE,FALSE,NA
483868,FALSE,TRUE,FALSE,NA
408452,FALSE,FALSE,FALSE,NA
490679,FALSE,TRUE,FALSE,NA
431730,FALSE,TRUE,FALSE,NA
967813,FALSE,FALSE,FALSE,NA
773357,FALSE,TRUE,FALSE,NA
905527,FALSE,TRUE,FALSE,NA
932119,FALSE,TRUE,FALSE,NA
480075,FALSE,TRUE,TRUE,NA
55081,FALSE,FALSE,FALSE,NA
251426,FALSE,FALSE,FALSE,NA
262761,FALSE,TRUE,FALSE,NA
575044,FALSE,TRUE,FALSE,NA
529156,FALSE,TRUE,FALSE,NA
506677,FALSE,FALSE,FALSE,NA
834043,FALSE,FALSE,FALSE,NA
794947,FALSE,TRUE,FALSE,NA
194295,FALSE,TRUE,FALSE,NA
705407,FALSE,TRUE,TRUE,NA
33207,FALSE,FALSE,FALSE,NA
339109,FALSE,TRUE,TRUE,NA
473978,FALSE,TRUE,FALSE,NA
912621,FALSE,TRUE,FALSE,NA
230169,FALSE,TRUE,FALSE,NA
746802,TRUE,TRUE,FALSE,NA
373316,FALSE,TRUE,FALSE,NA
482830,FALSE,TRUE,TRUE,NA
163348,FALSE,FALSE,FALSE,NA
173043,FALSE,FALSE,FALSE,NA
500751,FALSE,FALSE,FALSE,NA
869697,FALSE,TRUE,FALSE,NA
741923,TRUE,TRUE,FALSE,NA
971274,FALSE,TRUE,FALSE,NA
603289,FALSE,FALSE,FALSE,NA
768498,FALSE,FALSE,FALSE,NA
225543,FALSE,FALSE,FALSE,NA
12124,FALSE,TRUE,FALSE,NA
480257,TRUE,TRUE,FALSE,NA
659104,FALSE,FALSE,FALSE,NA
94877,TRUE,FALSE,FALSE,NA
768326,FALSE,TRUE,FALSE,NA
615714,FALSE,FALSE,FALSE,NA
193428,FALSE,FALSE,FALSE,NA
834442,FALSE,TRUE,FALSE,NA
100715,FALSE,TRUE,FALSE,NA
314656,FALSE,TRUE,FALSE,NA
23082,FALSE,TRUE,FALSE,NA
638464,FALSE,TRUE,FALSE,NA
261558,FALSE,FALSE,FALSE,NA
103178,TRUE,FALSE,FALSE,NA
466098,FALSE,TRUE,FALSE,NA
345244,FALSE,TRUE,TRUE,NA
645094,FALSE,TRUE,FALSE,NA
149023,FALSE,TRUE,FALSE,NA
794269,FALSE,TRUE,FALSE,NA
255477,FALSE,TRUE,FALSE,NA
748971,FALSE,TRUE,FALSE,NA
584199,FALSE,TRUE,FALSE,NA
57138,FALSE,FALSE,TRUE,NA
781945,FALSE,FALSE,FALSE,NA
970537,FALSE,FALSE,FALSE,NA
582448,FALSE,TRUE,FALSE,NA
364397,FALSE,FALSE,FALSE,NA
629645,FALSE,TRUE,FALSE,NA
254727,FALSE,FALSE,FALSE,NA
971992,FALSE,FALSE,FALSE,NA
278256,FALSE,TRUE,FALSE,NA
701592,FALSE,TRUE,FALSE,NA
963503,FALSE,FALSE,FALSE,NA
579218,FALSE,TRUE,FALSE,NA
556519,FALSE,FALSE,FALSE,NA
867711,FALSE,TRUE,FALSE,NA
345843,FALSE,TRUE,FALSE,NA
490962,FALSE,TRUE,FALSE,NA
13263,FALSE,FALSE,FALSE,NA
419529,FALSE,FALSE,FALSE,NA
915543,FALSE,FALSE,TRUE,NA
806435,FALSE,TRUE,FALSE,NA
813960,FALSE,TRUE,FALSE,NA
512118,FALSE,FALSE,FALSE,NA
775654,FALSE,FALSE,FALSE,NA
470105,FALSE,FALSE,TRUE,NA
200478,FALSE,TRUE,FALSE,NA
966301,FALSE,TRUE,FALSE,NA
171428,FALSE,TRUE,FALSE,NA
577788,FALSE,FALSE,FALSE,NA
536769,FALSE,TRUE,FALSE,NA
99921,FALSE,TRUE,FALSE,NA
38145,FALSE,TRUE,TRUE,NA
207981,FALSE,TRUE,FALSE,NA
793786,FALSE,FALSE,FALSE,NA
655447,FALSE,TRUE,FALSE,NA
862439,FALSE,TRUE,FALSE,NA
814878,FALSE,TRUE,FALSE,NA
453734,FALSE,TRUE,FALSE,NA
819715,FALSE,FALSE,FALSE,NA
243078,FALSE,FALSE,FALSE,NA
31053,FALSE,FALSE,FALSE,NA
477903,FALSE,TRUE,FALSE,NA
279101,FALSE,TRUE,FALSE,NA
823319,FALSE,TRUE,FALSE,NA
679310,FALSE,TRUE,FALSE,NA
795525,FALSE,TRUE,FALSE,NA
413870,FALSE,TRUE,FALSE,NA
8457,FALSE,TRUE,FALSE,NA
311921,FALSE,TRUE,FALSE,NA
236002,FALSE,TRUE,FALSE,NA
897067,FALSE,TRUE,FALSE,NA
78739,FALSE,TRUE,FALSE,NA
800162,FALSE,FALSE,FALSE,NA
439290,FALSE,TRUE,FALSE,NA
220331,FALSE,TRUE,FALSE,NA
631800,FALSE,TRUE,FALSE,NA
43399,FALSE,FALSE,FALSE,NA
173789,FALSE,FALSE,FALSE,NA
15856,FALSE,TRUE,FALSE,NA
881169,FALSE,TRUE,FALSE,NA
952918,TRUE,FALSE,FALSE,NA
116196,FALSE,TRUE,FALSE,NA
46702,FALSE,TRUE,FALSE,NA
261140,FALSE,TRUE,FALSE,NA
169351,FALSE,FALSE,FALSE,NA
437433,FALSE,FALSE,FALSE,NA
210037,FALSE,FALSE,FALSE,NA
116206,FALSE,TRUE,FALSE,NA
142230,FALSE,FALSE,FALSE,NA
394879,FALSE,TRUE,FALSE,NA
266877,FALSE,TRUE,FALSE,NA
636980,FALSE,TRUE,TRUE,NA
101663,FALSE,TRUE,FALSE,NA
797602,FALSE,TRUE,FALSE,NA
495025,FALSE,FALSE,TRUE,NA
609822,FALSE,TRUE,FALSE,NA
713209,FALSE,FALSE,TRUE,NA
483048,FALSE,TRUE,FALSE,NA
519000,FALSE,FALSE,FALSE,NA
140184,FALSE,TRUE,FALSE,NA
94917,FALSE,TRUE,FALSE,NA
766803,FALSE,FALSE,TRUE,NA
889924,FALSE,TRUE,FALSE,NA
96371,FALSE,TRUE,FALSE,NA
357037,FALSE,TRUE,FALSE,NA
629656,FALSE,TRUE,FALSE,NA
96423,FALSE,FALSE,FALSE,NA
732442,FALSE,FALSE,FALSE,NA
813894,FALSE,TRUE,FALSE,NA
852346,FALSE,TRUE,FALSE,NA
252068,FALSE,TRUE,FALSE,NA
526396,FALSE,TRUE,FALSE,NA
905609,FALSE,TRUE,FALSE,NA
866506,TRUE,TRUE,FALSE,NA
10119,FALSE,TRUE,FALSE,NA
970069,FALSE,TRUE,FALSE,NA
621985,FALSE,TRUE,FALSE,NA
763073,FALSE,TRUE,FALSE,NA
459134,FALSE,FALSE,FALSE,NA
908316,FALSE,FALSE,FALSE,NA
166052,FALSE,FALSE,FALSE,NA
912957,FALSE,TRUE,TRUE,NA
56091,TRUE,FALSE,FALSE,NA
398966,FALSE,TRUE,FALSE,NA
312692,FALSE,FALSE,FALSE,NA
991318,FALSE,FALSE,FALSE,NA
37112,FALSE,TRUE,FALSE,NA
287423,FALSE,TRUE,FALSE,NA
44278,FALSE,FALSE,FALSE,NA
613821,FALSE,TRUE,FALSE,NA
243635,FALSE,FALSE,FALSE,NA
552919,FALSE,TRUE,FALSE,NA
382680,FALSE,TRUE,FALSE,NA
916068,FALSE,TRUE,TRUE,NA
924614,FALSE,TRUE,FALSE,NA
617396,FALSE,TRUE,FALSE,NA
475324,FALSE,TRUE,FALSE,NA
31908,FALSE,TRUE,FALSE,NA
420399,FALSE,FALSE,FALSE,NA
425870,FALSE,TRUE,FALSE,NA
806218,FALSE,TRUE,FALSE,NA
771840,FALSE,TRUE,FALSE,NA
312819,FALSE,TRUE,FALSE,NA
645127,FALSE,TRUE,FALSE,NA
825311,FALSE,TRUE,FALSE,NA
528768,FALSE,TRUE,FALSE,NA
812166,TRUE,TRUE,FALSE,NA
180275,FALSE,TRUE,FALSE,NA
435002,FALSE,TRUE,FALSE,NA
972171,FALSE,TRUE,TRUE,NA
869019,FALSE,TRUE,TRUE,NA
395374,FALSE,TRUE,TRUE,NA
193662,FALSE,TRUE,FALSE,NA
922545,FALSE,TRUE,FALSE,NA
205126,FALSE,FALSE,FALSE,NA
182583,FALSE,TRUE,FALSE,NA
990508,FALSE,TRUE,FALSE,NA
197630,FALSE,TRUE,FALSE,NA
83340,FALSE,TRUE,FALSE,NA
807005,FALSE,TRUE,TRUE,NA
588495,FALSE,FALSE,FALSE,NA
826223,TRUE,TRUE,FALSE,NA
821033,FALSE,TRUE,FALSE,NA
613559,FALSE,TRUE,FALSE,NA
83188,TRUE,FALSE,FALSE,NA
449098,FALSE,TRUE,FALSE,NA
539721,FALSE,TRUE,FALSE,NA
764904,TRUE,TRUE,FALSE,NA
46454,FALSE,FALSE,TRUE,NA
949266,FALSE,FALSE,FALSE,NA
869242,FALSE,TRUE,TRUE,NA
143873,FALSE,TRUE,FALSE,NA
314504,FALSE,TRUE,FALSE,NA
920414,FALSE,FALSE,FALSE,NA
521450,FALSE,TRUE,FALSE,NA
464654,FALSE,TRUE,FALSE,NA
996243,FALSE,TRUE,FALSE,NA
510,FALSE,TRUE,TRUE,NA
217668,FALSE,TRUE,FALSE,NA
500988,FALSE,FALSE,TRUE,NA
852205,FALSE,TRUE,FALSE,NA
703124,TRUE,TRUE,FALSE,NA
483444,FALSE,TRUE,FALSE,NA
654324,FALSE,TRUE,FALSE,NA
258261,FALSE,FALSE,TRUE,NA
355411,FALSE,TRUE,FALSE,NA
806274,FALSE,TRUE,FALSE,NA
412110,FALSE,TRUE,FALSE,NA
852504,FALSE,FALSE,TRUE,NA
210306,FALSE,TRUE,FALSE,NA
478571,FALSE,FALSE,FALSE,NA
678983,FALSE,TRUE,FALSE,NA
764360,FALSE,TRUE,FALSE,NA
554045,TRUE,TRUE,FALSE,NA
506077,FALSE,TRUE,FALSE,NA
953583,FALSE,TRUE,FALSE,NA
667711,FALSE,TRUE,FALSE,NA
837414,FALSE,TRUE,FALSE,NA
638037,FALSE,FALSE,FALSE,NA
546044,FALSE,TRUE,FALSE,NA
284427,FALSE,TRUE,FALSE,NA
24120,FALSE,TRUE,FALSE,NA
548409,FALSE,TRUE,FALSE,NA
102560,FALSE,TRUE,FALSE,NA
157813,FALSE,TRUE,FALSE,NA
222500,FALSE,TRUE,TRUE,NA
816211,FALSE,TRUE,FALSE,NA
739920,FALSE,TRUE,FALSE,NA
911685,FALSE,TRUE,FALSE,NA
624774,FALSE,TRUE,FALSE,NA
814549,FALSE,FALSE,FALSE,NA
253966,FALSE,TRUE,FALSE,NA
581080,FALSE,TRUE,FALSE,NA
634528,FALSE,TRUE,FALSE,NA
434671,FALSE,TRUE,FALSE,NA
198111,TRUE,TRUE,FALSE,NA
874296,TRUE,TRUE,FALSE,NA
643960,FALSE,TRUE,FALSE,NA
219180,FALSE,FALSE,FALSE,NA
21096,TRUE,FALSE,FALSE,NA
488079,FALSE,TRUE,FALSE,NA
592763,FALSE,TRUE,FALSE,NA
209019,FALSE,FALSE,FALSE,NA
580682,FALSE,TRUE,FALSE,NA
311664,FALSE,TRUE,FALSE,NA
844236,TRUE,TRUE,FALSE,NA
933715,FALSE,TRUE,FALSE,NA
616737,FALSE,TRUE,FALSE,NA
717436,FALSE,TRUE,FALSE,NA
528962,FALSE,TRUE,FALSE,NA
437782,FALSE,TRUE,FALSE,NA
723516,FALSE,FALSE,FALSE,NA
73125,FALSE,TRUE,FALSE,NA
247230,FALSE,TRUE,FALSE,NA
230705,FALSE,TRUE,FALSE,NA
654730,FALSE,FALSE,FALSE,NA
62643,FALSE,TRUE,FALSE,NA
707151,FALSE,TRUE,FALSE,NA
960436,TRUE,TRUE,FALSE,NA
561923,FALSE,FALSE,FALSE,NA
491639,FALSE,FALSE,FALSE,NA
387386,FALSE,TRUE,FALSE,NA
129635,FALSE,FALSE,TRUE,NA
933007,FALSE,FALSE,FALSE,NA
872704,FALSE,TRUE,FALSE,NA
618584,FALSE,FALSE,FALSE,NA
515631,FALSE,TRUE,FALSE,NA
55449,TRUE,FALSE,FALSE,NA
769397,FALSE,TRUE,FALSE,NA
902945,TRUE,FALSE,FALSE,NA
627967,FALSE,TRUE,TRUE,NA
703081,FALSE,TRUE,FALSE,NA
510702,FALSE,FALSE,FALSE,NA
976289,FALSE,TRUE,FALSE,NA
64887,FALSE,TRUE,FALSE,NA
54496,FALSE,FALSE,FALSE,NA
389257,FALSE,TRUE,FALSE,NA
860328,FALSE,TRUE,FALSE,NA
940432,FALSE,TRUE,FALSE,NA
653956,FALSE,TRUE,FALSE,NA
357723,TRUE,TRUE,FALSE,NA
480119,FALSE,TRUE,FALSE,NA
145547,FALSE,TRUE,FALSE,NA
224994,FALSE,TRUE,FALSE,NA
837849,FALSE,TRUE,FALSE,NA
491278,FALSE,FALSE,FALSE,NA
953849,FALSE,TRUE,FALSE,NA
643600,FALSE,TRUE,FALSE,NA
952466,FALSE,TRUE,FALSE,NA
208007,NA,NA,NA,"Error in glmnet(x, y, weights = weights, offset = offset, lambda = lambda, : x should be a matrix with 2 or more columns
"
128343,FALSE,TRUE,FALSE,NA
925065,FALSE,FALSE,FALSE,NA
290984,FALSE,FALSE,TRUE,NA
326766,FALSE,TRUE,FALSE,NA
150794,FALSE,TRUE,FALSE,NA
858522,FALSE,FALSE,FALSE,NA
671271,FALSE,TRUE,FALSE,NA
960333,FALSE,TRUE,FALSE,NA
845539,FALSE,TRUE,FALSE,NA
743538,FALSE,TRUE,FALSE,NA
66106,FALSE,TRUE,FALSE,NA
60645,FALSE,TRUE,FALSE,NA
52534,FALSE,TRUE,FALSE,NA
53791,FALSE,TRUE,FALSE,NA
421089,FALSE,TRUE,FALSE,NA
29603,FALSE,TRUE,FALSE,NA
293371,FALSE,TRUE,FALSE,NA
961376,FALSE,TRUE,FALSE,NA
835011,FALSE,TRUE,FALSE,NA
114900,FALSE,TRUE,FALSE,NA
609533,FALSE,TRUE,FALSE,NA
952578,FALSE,FALSE,FALSE,NA
452852,FALSE,TRUE,FALSE,NA
137488,FALSE,TRUE,FALSE,NA
934216,FALSE,TRUE,FALSE,NA
817484,FALSE,FALSE,FALSE,NA
442173,FALSE,TRUE,FALSE,NA
271600,FALSE,FALSE,FALSE,NA
588335,FALSE,FALSE,FALSE,NA
987925,TRUE,TRUE,FALSE,NA
217406,FALSE,TRUE,FALSE,NA
30440,FALSE,TRUE,FALSE,NA
897768,FALSE,TRUE,FALSE,NA
790462,FALSE,TRUE,FALSE,NA
547714,FALSE,TRUE,FALSE,NA
240403,FALSE,TRUE,FALSE,NA
67476,FALSE,FALSE,FALSE,NA
343188,FALSE,TRUE,FALSE,NA
813327,FALSE,TRUE,FALSE,NA
129932,FALSE,TRUE,FALSE,NA
854226,FALSE,TRUE,FALSE,NA
615937,FALSE,TRUE,FALSE,NA
290311,FALSE,TRUE,FALSE,NA
824166,FALSE,TRUE,FALSE,NA
326240,TRUE,FALSE,FALSE,NA
781638,FALSE,TRUE,FALSE,NA
635092,FALSE,TRUE,FALSE,NA
399997,FALSE,TRUE,FALSE,NA
511785,FALSE,TRUE,FALSE,NA
636888,TRUE,TRUE,FALSE,NA
632653,FALSE,FALSE,FALSE,NA
502951,FALSE,TRUE,TRUE,NA
39850,FALSE,TRUE,FALSE,NA
784660,FALSE,TRUE,TRUE,NA
708195,FALSE,TRUE,FALSE,NA
67611,FALSE,TRUE,FALSE,NA
199570,FALSE,FALSE,FALSE,NA
931270,FALSE,FALSE,FALSE,NA
903638,TRUE,TRUE,FALSE,NA
508618,FALSE,TRUE,FALSE,NA
762098,FALSE,TRUE,FALSE,NA
461411,FALSE,FALSE,FALSE,NA
867631,FALSE,FALSE,FALSE,NA
201509,FALSE,TRUE,FALSE,NA
684742,FALSE,TRUE,FALSE,NA
246367,FALSE,FALSE,FALSE,NA
548823,FALSE,FALSE,FALSE,NA
97168,FALSE,TRUE,FALSE,NA
37243,FALSE,FALSE,TRUE,NA
954284,FALSE,TRUE,FALSE,NA
68404,FALSE,TRUE,FALSE,NA
433314,FALSE,TRUE,FALSE,NA
524674,FALSE,FALSE,FALSE,NA
625442,TRUE,FALSE,FALSE,NA
99654,FALSE,FALSE,FALSE,NA
136985,FALSE,TRUE,FALSE,NA
442385,FALSE,FALSE,TRUE,NA
871362,FALSE,FALSE,FALSE,NA
253652,FALSE,FALSE,FALSE,NA
281148,FALSE,TRUE,FALSE,NA
658429,FALSE,TRUE,FALSE,NA
306668,FALSE,TRUE,FALSE,NA
494387,FALSE,TRUE,FALSE,NA
657732,FALSE,TRUE,FALSE,NA
476723,FALSE,TRUE,FALSE,NA
115810,FALSE,TRUE,FALSE,NA
955731,FALSE,TRUE,FALSE,NA
293051,FALSE,TRUE,FALSE,NA
105572,FALSE,TRUE,FALSE,NA
411241,FALSE,FALSE,TRUE,NA
868230,FALSE,TRUE,FALSE,NA
705929,FALSE,FALSE,FALSE,NA
344695,FALSE,TRUE,FALSE,NA
246840,FALSE,TRUE,FALSE,NA
582571,FALSE,FALSE,FALSE,NA
668883,FALSE,TRUE,FALSE,NA
578890,FALSE,TRUE,FALSE,NA
810384,FALSE,TRUE,FALSE,NA
173399,FALSE,TRUE,FALSE,NA
203695,FALSE,TRUE,FALSE,NA
885725,FALSE,TRUE,FALSE,NA
516473,FALSE,TRUE,FALSE,NA
306034,TRUE,FALSE,FALSE,NA
187553,FALSE,TRUE,FALSE,NA
531391,FALSE,TRUE,FALSE,NA
758392,FALSE,TRUE,FALSE,NA
328793,FALSE,TRUE,FALSE,NA
521432,FALSE,TRUE,FALSE,NA
207901,TRUE,TRUE,FALSE,NA
798879,FALSE,TRUE,FALSE,NA
554908,FALSE,TRUE,FALSE,NA
261648,FALSE,TRUE,FALSE,NA
825291,FALSE,TRUE,FALSE,NA
149796,TRUE,TRUE,FALSE,NA
116342,FALSE,TRUE,FALSE,NA
882414,FALSE,TRUE,TRUE,NA
509765,FALSE,TRUE,FALSE,NA
53037,FALSE,TRUE,FALSE,NA
716596,FALSE,TRUE,FALSE,NA
282465,FALSE,FALSE,FALSE,NA
344782,FALSE,FALSE,FALSE,NA
561360,FALSE,TRUE,FALSE,NA
554163,FALSE,FALSE,FALSE,NA
210906,FALSE,TRUE,FALSE,NA
238203,FALSE,TRUE,FALSE,NA
222321,FALSE,TRUE,FALSE,NA
740252,FALSE,TRUE,FALSE,NA
520459,FALSE,TRUE,FALSE,NA
858364,FALSE,TRUE,FALSE,NA
257465,TRUE,TRUE,FALSE,NA
519691,FALSE,TRUE,FALSE,NA
57417,TRUE,TRUE,FALSE,NA
512432,FALSE,TRUE,FALSE,NA
672256,FALSE,TRUE,FALSE,NA
888523,FALSE,TRUE,TRUE,NA
483051,FALSE,FALSE,FALSE,NA
53237,FALSE,TRUE,FALSE,NA
757364,FALSE,TRUE,FALSE,NA
438933,FALSE,TRUE,FALSE,NA
58496,FALSE,FALSE,FALSE,NA
943093,FALSE,TRUE,FALSE,NA
335239,FALSE,TRUE,FALSE,NA
666922,FALSE,TRUE,FALSE,NA
399559,FALSE,TRUE,FALSE,NA
299832,FALSE,FALSE,FALSE,NA
183306,FALSE,TRUE,FALSE,NA
295066,FALSE,TRUE,FALSE,NA
554876,FALSE,TRUE,FALSE,NA
547827,FALSE,TRUE,FALSE,NA
906417,FALSE,TRUE,FALSE,NA
536319,TRUE,TRUE,FALSE,NA
875961,FALSE,TRUE,FALSE,NA
284198,FALSE,FALSE,FALSE,NA
673690,FALSE,TRUE,FALSE,NA
941525,FALSE,TRUE,FALSE,NA
617709,FALSE,TRUE,TRUE,NA
479733,FALSE,TRUE,FALSE,NA
519816,FALSE,TRUE,FALSE,NA
473479,FALSE,TRUE,TRUE,NA
882906,FALSE,TRUE,FALSE,NA
642475,FALSE,TRUE,FALSE,NA
187855,FALSE,TRUE,FALSE,NA
18459,FALSE,TRUE,FALSE,NA
962691,FALSE,TRUE,TRUE,NA
49246,FALSE,FALSE,FALSE,NA
739483,FALSE,TRUE,FALSE,NA
151157,FALSE,TRUE,FALSE,NA
256472,FALSE,TRUE,FALSE,NA
771685,FALSE,TRUE,FALSE,NA
408224,FALSE,FALSE,FALSE,NA
437078,FALSE,FALSE,TRUE,NA
679902,FALSE,TRUE,FALSE,NA
802889,FALSE,TRUE,FALSE,NA
621429,FALSE,TRUE,FALSE,NA
81654,FALSE,TRUE,FALSE,NA
194975,FALSE,FALSE,FALSE,NA
320340,FALSE,FALSE,TRUE,NA
841434,FALSE,TRUE,TRUE,NA
247381,FALSE,TRUE,FALSE,NA
917549,FALSE,TRUE,FALSE,NA
848303,FALSE,TRUE,FALSE,NA
524420,FALSE,TRUE,FALSE,NA
522414,FALSE,TRUE,TRUE,NA
272769,FALSE,TRUE,FALSE,NA
614640,FALSE,FALSE,FALSE,NA
259828,FALSE,TRUE,FALSE,NA
519093,TRUE,FALSE,FALSE,NA
453619,FALSE,TRUE,FALSE,NA
387076,FALSE,TRUE,FALSE,NA
957365,FALSE,TRUE,FALSE,NA
703087,FALSE,TRUE,FALSE,NA
64494,FALSE,FALSE,FALSE,NA
300856,FALSE,TRUE,FALSE,NA
819912,FALSE,TRUE,TRUE,NA
799905,FALSE,FALSE,FALSE,NA
662403,FALSE,TRUE,FALSE,NA
28733,FALSE,TRUE,FALSE,NA
281125,FALSE,FALSE,FALSE,NA
683861,TRUE,TRUE,FALSE,NA
833241,FALSE,TRUE,FALSE,NA
382397,FALSE,TRUE,FALSE,NA
342881,FALSE,TRUE,TRUE,NA
846569,FALSE,TRUE,FALSE,NA
725081,FALSE,FALSE,FALSE,NA
597014,FALSE,TRUE,FALSE,NA
303386,FALSE,TRUE,FALSE,NA
25176,FALSE,TRUE,FALSE,NA
992821,FALSE,FALSE,FALSE,NA
421973,FALSE,TRUE,FALSE,NA
645080,FALSE,TRUE,FALSE,NA
783485,FALSE,FALSE,FALSE,NA
93947,FALSE,TRUE,TRUE,NA
542794,FALSE,TRUE,TRUE,NA
98023,FALSE,TRUE,FALSE,NA
447982,FALSE,TRUE,FALSE,NA
880151,FALSE,TRUE,FALSE,NA
328018,FALSE,TRUE,FALSE,NA
180342,TRUE,TRUE,FALSE,NA
724025,FALSE,FALSE,FALSE,NA
730500,FALSE,TRUE,FALSE,NA
355720,FALSE,TRUE,FALSE,NA
114092,FALSE,FALSE,FALSE,NA
373923,FALSE,TRUE,FALSE,NA
776142,FALSE,TRUE,TRUE,NA
504966,FALSE,TRUE,FALSE,NA
197289,FALSE,TRUE,FALSE,NA
318291,TRUE,TRUE,FALSE,NA
799415,FALSE,FALSE,FALSE,NA
668720,FALSE,TRUE,FALSE,NA
989707,FALSE,FALSE,FALSE,NA
336872,FALSE,FALSE,FALSE,NA
531829,FALSE,FALSE,FALSE,NA
497760,FALSE,TRUE,FALSE,NA
85202,FALSE,TRUE,FALSE,NA
914267,FALSE,TRUE,FALSE,NA
952643,FALSE,TRUE,FALSE,NA
310135,FALSE,FALSE,FALSE,NA
190109,FALSE,TRUE,FALSE,NA
543439,TRUE,TRUE,FALSE,NA
23469,FALSE,TRUE,FALSE,NA
724830,FALSE,TRUE,FALSE,NA
215025,FALSE,TRUE,FALSE,NA
472743,FALSE,TRUE,TRUE,NA
338175,FALSE,FALSE,FALSE,NA
723130,FALSE,TRUE,FALSE,NA
430294,FALSE,TRUE,FALSE,NA
105739,FALSE,TRUE,FALSE,NA
851504,FALSE,FALSE,FALSE,NA
690014,FALSE,FALSE,FALSE,NA
789509,FALSE,TRUE,FALSE,NA
551014,FALSE,TRUE,FALSE,NA
110340,FALSE,TRUE,FALSE,NA
996127,FALSE,FALSE,FALSE,NA
225310,TRUE,TRUE,FALSE,NA
681399,FALSE,TRUE,FALSE,NA
118020,FALSE,TRUE,FALSE,NA
359832,TRUE,TRUE,FALSE,NA
437891,FALSE,TRUE,FALSE,NA
738570,FALSE,FALSE,FALSE,NA
534272,FALSE,TRUE,FALSE,NA
387962,FALSE,TRUE,FALSE,NA
584543,FALSE,TRUE,FALSE,NA
617551,FALSE,TRUE,FALSE,NA
861018,FALSE,TRUE,FALSE,NA
635044,TRUE,TRUE,TRUE,NA
323509,FALSE,TRUE,TRUE,NA
665183,FALSE,TRUE,FALSE,NA
871455,FALSE,FALSE,FALSE,NA
644706,TRUE,FALSE,FALSE,NA
72104,FALSE,TRUE,TRUE,NA
761730,FALSE,TRUE,FALSE,NA
154022,FALSE,TRUE,FALSE,NA
861448,FALSE,TRUE,FALSE,NA
577453,FALSE,TRUE,FALSE,NA
701519,FALSE,TRUE,FALSE,NA
809344,FALSE,TRUE,FALSE,NA
243371,TRUE,TRUE,FALSE,NA
679923,FALSE,TRUE,FALSE,NA
101172,FALSE,TRUE,FALSE,NA
657376,FALSE,TRUE,FALSE,NA
843322,FALSE,TRUE,FALSE,NA
221843,FALSE,FALSE,FALSE,NA
756383,FALSE,TRUE,FALSE,NA
707276,FALSE,TRUE,TRUE,NA
937065,FALSE,TRUE,FALSE,NA
3286,FALSE,FALSE,FALSE,NA
406476,FALSE,TRUE,FALSE,NA
192245,FALSE,FALSE,TRUE,NA
119907,FALSE,TRUE,FALSE,NA
363891,FALSE,FALSE,FALSE,NA
793777,FALSE,TRUE,FALSE,NA
194702,FALSE,FALSE,FALSE,NA
415757,FALSE,TRUE,FALSE,NA
9223,FALSE,TRUE,FALSE,NA
83321,FALSE,TRUE,FALSE,NA
602185,FALSE,FALSE,FALSE,NA
257046,FALSE,FALSE,FALSE,NA
661289,FALSE,TRUE,TRUE,NA
789040,FALSE,TRUE,TRUE,NA
379958,FALSE,FALSE,TRUE,NA
191053,FALSE,TRUE,FALSE,NA
128202,FALSE,TRUE,FALSE,NA
178799,FALSE,FALSE,FALSE,NA
795971,FALSE,TRUE,FALSE,NA
68531,FALSE,FALSE,FALSE,NA
741821,TRUE,FALSE,FALSE,NA
79195,TRUE,FALSE,FALSE,NA
56945,FALSE,TRUE,FALSE,NA
667111,FALSE,TRUE,FALSE,NA
975554,FALSE,TRUE,FALSE,NA
934300,FALSE,TRUE,FALSE,NA
467102,FALSE,TRUE,FALSE,NA
929446,FALSE,TRUE,TRUE,NA
300231,FALSE,TRUE,FALSE,NA
988919,FALSE,FALSE,FALSE,NA
635898,FALSE,TRUE,FALSE,NA
450231,FALSE,TRUE,TRUE,NA
970962,FALSE,TRUE,FALSE,NA
462131,FALSE,TRUE,FALSE,NA
796500,TRUE,FALSE,FALSE,NA
489512,FALSE,TRUE,FALSE,NA
274552,FALSE,TRUE,FALSE,NA
920440,FALSE,TRUE,FALSE,NA
478438,FALSE,TRUE,FALSE,NA
15349,TRUE,FALSE,FALSE,NA
300983,FALSE,TRUE,TRUE,NA
263648,FALSE,FALSE,FALSE,NA
533305,FALSE,TRUE,FALSE,NA
639812,FALSE,TRUE,FALSE,NA
663205,FALSE,FALSE,FALSE,NA
438371,FALSE,TRUE,FALSE,NA
720274,FALSE,TRUE,FALSE,NA
416956,FALSE,TRUE,FALSE,NA
45181,FALSE,TRUE,FALSE,NA
512128,FALSE,FALSE,FALSE,NA
653311,FALSE,TRUE,FALSE,NA
857937,FALSE,FALSE,FALSE,NA
751370,FALSE,TRUE,FALSE,NA
433316,FALSE,TRUE,FALSE,NA
99241,FALSE,FALSE,FALSE,NA
783079,FALSE,TRUE,FALSE,NA
760451,FALSE,TRUE,FALSE,NA
80632,FALSE,FALSE,FALSE,NA
900474,TRUE,TRUE,FALSE,NA
336908,TRUE,TRUE,FALSE,NA
445787,FALSE,FALSE,FALSE,NA
944032,FALSE,TRUE,FALSE,NA
448144,FALSE,TRUE,FALSE,NA
959890,FALSE,TRUE,TRUE,NA
486854,FALSE,TRUE,FALSE,NA
176900,FALSE,TRUE,FALSE,NA
875655,FALSE,FALSE,FALSE,NA
438706,FALSE,TRUE,FALSE,NA
57479,FALSE,TRUE,FALSE,NA
635431,FALSE,TRUE,FALSE,NA
58265,FALSE,TRUE,FALSE,NA
939843,FALSE,TRUE,FALSE,NA
196500,FALSE,FALSE,FALSE,NA
225210,TRUE,FALSE,FALSE,NA
904197,FALSE,TRUE,FALSE,NA
370341,FALSE,TRUE,FALSE,NA
475037,TRUE,FALSE,FALSE,NA
904666,FALSE,TRUE,FALSE,NA
505755,FALSE,TRUE,FALSE,NA
489541,FALSE,TRUE,FALSE,NA
527694,FALSE,TRUE,FALSE,NA
591596,TRUE,TRUE,FALSE,NA
285759,TRUE,TRUE,FALSE,NA
927959,TRUE,FALSE,FALSE,NA
106149,TRUE,TRUE,TRUE,NA
900999,FALSE,FALSE,FALSE,NA
346291,FALSE,TRUE,FALSE,NA
107254,FALSE,TRUE,FALSE,NA
645317,FALSE,TRUE,FALSE,NA
153810,FALSE,FALSE,FALSE,NA
868023,FALSE,TRUE,FALSE,NA
463578,FALSE,FALSE,FALSE,NA
340861,FALSE,TRUE,FALSE,NA
929338,FALSE,TRUE,FALSE,NA
91277,FALSE,TRUE,FALSE,NA
501631,FALSE,FALSE,FALSE,NA
92210,FALSE,FALSE,TRUE,NA
109767,FALSE,TRUE,FALSE,NA
306467,FALSE,TRUE,FALSE,NA
192640,TRUE,TRUE,FALSE,NA
462467,FALSE,TRUE,FALSE,NA
458691,FALSE,TRUE,TRUE,NA
312451,FALSE,TRUE,FALSE,NA
815093,FALSE,FALSE,FALSE,NA
724411,FALSE,TRUE,FALSE,NA
637101,FALSE,TRUE,FALSE,NA
308474,FALSE,TRUE,FALSE,NA
179605,FALSE,FALSE,FALSE,NA
66193,FALSE,TRUE,TRUE,NA
134640,FALSE,TRUE,FALSE,NA
67109,FALSE,TRUE,FALSE,NA
30027,FALSE,FALSE,FALSE,NA
838493,FALSE,TRUE,FALSE,NA
340984,TRUE,TRUE,FALSE,NA
799467,FALSE,TRUE,FALSE,NA
527288,FALSE,TRUE,FALSE,NA
133645,FALSE,TRUE,FALSE,NA
369114,FALSE,TRUE,FALSE,NA
745708,FALSE,FALSE,FALSE,NA
462220,FALSE,TRUE,FALSE,NA
645744,FALSE,TRUE,FALSE,NA
468001,FALSE,TRUE,FALSE,NA
840164,TRUE,FALSE,FALSE,NA
382995,FALSE,TRUE,FALSE,NA
106138,FALSE,TRUE,FALSE,NA
341515,FALSE,FALSE,FALSE,NA
298370,FALSE,TRUE,FALSE,NA
650948,FALSE,TRUE,FALSE,NA
699498,FALSE,TRUE,FALSE,NA
188003,FALSE,TRUE,FALSE,NA
714544,FALSE,TRUE,FALSE,NA
562161,FALSE,TRUE,FALSE,NA
5065,FALSE,FALSE,FALSE,NA
643081,TRUE,FALSE,FALSE,NA
442056,FALSE,TRUE,FALSE,NA
197537,FALSE,TRUE,FALSE,NA
663673,FALSE,FALSE,FALSE,NA
870014,FALSE,FALSE,FALSE,NA
957364,FALSE,TRUE,FALSE,NA
595811,FALSE,TRUE,TRUE,NA
620662,FALSE,FALSE,FALSE,NA
163937,FALSE,TRUE,FALSE,NA
96959,TRUE,FALSE,FALSE,NA
148202,FALSE,FALSE,TRUE,NA
562858,FALSE,TRUE,FALSE,NA
404077,FALSE,FALSE,FALSE,NA
427383,FALSE,FALSE,FALSE,NA
875154,FALSE,TRUE,FALSE,NA
376368,FALSE,TRUE,FALSE,NA
461097,FALSE,TRUE,FALSE,NA
101027,FALSE,TRUE,FALSE,NA
859798,FALSE,TRUE,FALSE,NA
589941,TRUE,TRUE,FALSE,NA
391677,FALSE,TRUE,FALSE,NA
364084,TRUE,TRUE,FALSE,NA
898454,FALSE,TRUE,TRUE,NA
572024,FALSE,TRUE,FALSE,NA
170343,FALSE,TRUE,FALSE,NA
269653,FALSE,FALSE,FALSE,NA
400897,FALSE,TRUE,FALSE,NA
845567,FALSE,TRUE,FALSE,NA
155971,FALSE,TRUE,FALSE,NA
597190,FALSE,TRUE,FALSE,NA
895506,FALSE,FALSE,FALSE,NA
598734,FALSE,TRUE,FALSE,NA
427110,FALSE,TRUE,FALSE,NA
865062,FALSE,TRUE,FALSE,NA
587869,FALSE,TRUE,FALSE,NA
26753,FALSE,TRUE,FALSE,NA
837901,FALSE,TRUE,FALSE,NA
636202,FALSE,TRUE,FALSE,NA
384132,FALSE,FALSE,FALSE,NA
471643,FALSE,FALSE,FALSE,NA
959373,FALSE,TRUE,FALSE,NA
545669,FALSE,TRUE,FALSE,NA
251575,FALSE,FALSE,FALSE,NA
581287,FALSE,FALSE,FALSE,NA
909122,TRUE,TRUE,FALSE,NA
185066,FALSE,TRUE,FALSE,NA
121864,FALSE,TRUE,FALSE,NA
154593,FALSE,TRUE,FALSE,NA
306366,FALSE,TRUE,FALSE,NA
422725,FALSE,TRUE,FALSE,NA
467915,FALSE,TRUE,FALSE,NA
739322,FALSE,TRUE,FALSE,NA
214520,FALSE,TRUE,FALSE,NA
660058,FALSE,TRUE,FALSE,NA
402040,FALSE,TRUE,FALSE,NA
544495,TRUE,TRUE,FALSE,NA
128491,FALSE,TRUE,FALSE,NA
701629,FALSE,TRUE,FALSE,NA
94031,FALSE,FALSE,TRUE,NA
380526,FALSE,TRUE,FALSE,NA
473851,FALSE,TRUE,FALSE,NA
570968,FALSE,TRUE,FALSE,NA
502903,FALSE,FALSE,FALSE,NA
925267,FALSE,TRUE,FALSE,NA
314531,FALSE,FALSE,FALSE,NA
23831,TRUE,TRUE,FALSE,NA
519893,TRUE,TRUE,TRUE,NA
337867,FALSE,TRUE,FALSE,NA
764694,FALSE,TRUE,FALSE,NA
862966,FALSE,TRUE,FALSE,NA
462645,FALSE,TRUE,FALSE,NA
877594,FALSE,TRUE,FALSE,NA
328116,TRUE,TRUE,FALSE,NA
499000,FALSE,TRUE,FALSE,NA
543151,FALSE,TRUE,FALSE,NA
600088,FALSE,TRUE,FALSE,NA
691185,FALSE,TRUE,FALSE,NA
641517,FALSE,TRUE,FALSE,NA
26546,FALSE,TRUE,FALSE,NA
365248,FALSE,TRUE,TRUE,NA
997892,FALSE,TRUE,FALSE,NA
447814,FALSE,TRUE,FALSE,NA
209550,FALSE,TRUE,FALSE,NA
595120,TRUE,TRUE,FALSE,NA
556773,FALSE,TRUE,TRUE,NA
468042,TRUE,TRUE,FALSE,NA
254888,FALSE,FALSE,FALSE,NA
453712,FALSE,TRUE,FALSE,NA
82466,FALSE,TRUE,FALSE,NA
267759,FALSE,TRUE,TRUE,NA
336247,FALSE,FALSE,FALSE,NA
538686,FALSE,TRUE,FALSE,NA
235108,FALSE,TRUE,FALSE,NA
774968,FALSE,TRUE,TRUE,NA
323218,FALSE,FALSE,TRUE,NA
30166,FALSE,TRUE,FALSE,NA
970584,FALSE,FALSE,FALSE,NA
445880,FALSE,TRUE,FALSE,NA
545558,FALSE,TRUE,TRUE,NA
232629,FALSE,FALSE,FALSE,NA
618791,FALSE,TRUE,TRUE,NA
572757,FALSE,TRUE,FALSE,NA
33954,FALSE,FALSE,FALSE,NA
9446,TRUE,TRUE,FALSE,NA
130322,FALSE,TRUE,TRUE,NA
202851,FALSE,FALSE,FALSE,NA
929755,FALSE,TRUE,TRUE,NA
304943,FALSE,TRUE,FALSE,NA
958349,FALSE,TRUE,FALSE,NA
319795,FALSE,TRUE,FALSE,NA
598518,FALSE,TRUE,FALSE,NA
178971,FALSE,FALSE,FALSE,NA
866230,FALSE,TRUE,FALSE,NA
312191,FALSE,FALSE,FALSE,NA
996277,FALSE,TRUE,FALSE,NA
170174,FALSE,FALSE,FALSE,NA
474657,FALSE,TRUE,FALSE,NA
55493,FALSE,TRUE,FALSE,NA
754409,TRUE,TRUE,FALSE,NA
943341,FALSE,TRUE,FALSE,NA
626458,FALSE,FALSE,TRUE,NA
535106,FALSE,TRUE,FALSE,NA
635752,FALSE,TRUE,FALSE,NA
680091,FALSE,FALSE,FALSE,NA
223812,FALSE,TRUE,FALSE,NA
351209,FALSE,FALSE,FALSE,NA
352247,TRUE,TRUE,FALSE,NA
288812,FALSE,FALSE,FALSE,NA
955583,FALSE,FALSE,FALSE,NA
392511,FALSE,FALSE,TRUE,NA
284499,FALSE,TRUE,FALSE,NA
966229,FALSE,FALSE,FALSE,NA
989403,FALSE,TRUE,FALSE,NA
586134,FALSE,TRUE,FALSE,NA
620167,FALSE,TRUE,TRUE,NA
545198,FALSE,FALSE,FALSE,NA
536979,FALSE,TRUE,FALSE,NA
614400,FALSE,TRUE,FALSE,NA
985912,FALSE,TRUE,FALSE,NA
605187,FALSE,TRUE,FALSE,NA
183219,FALSE,TRUE,FALSE,NA
166844,FALSE,TRUE,FALSE,NA
50325,FALSE,TRUE,FALSE,NA
833542,FALSE,TRUE,FALSE,NA
314360,FALSE,FALSE,FALSE,NA
198029,FALSE,TRUE,TRUE,NA
967630,FALSE,TRUE,FALSE,NA
561595,FALSE,TRUE,FALSE,NA
625426,FALSE,TRUE,FALSE,NA
199594,FALSE,TRUE,FALSE,NA
557338,FALSE,TRUE,FALSE,NA
346083,FALSE,TRUE,FALSE,NA
667839,FALSE,TRUE,FALSE,NA
349730,FALSE,FALSE,FALSE,NA
814764,FALSE,FALSE,FALSE,NA
923652,FALSE,FALSE,FALSE,NA
908003,TRUE,TRUE,FALSE,NA
97550,FALSE,TRUE,FALSE,NA
944663,FALSE,FALSE,FALSE,NA
337826,FALSE,TRUE,FALSE,NA
320231,FALSE,FALSE,TRUE,NA
574721,FALSE,FALSE,FALSE,NA
755860,FALSE,TRUE,FALSE,NA
341981,FALSE,TRUE,FALSE,NA
137902,FALSE,FALSE,FALSE,NA
93468,FALSE,FALSE,FALSE,NA
573398,FALSE,FALSE,FALSE,NA
867546,FALSE,FALSE,FALSE,NA
180069,FALSE,TRUE,FALSE,NA
540913,FALSE,TRUE,FALSE,NA
806793,FALSE,TRUE,FALSE,NA
475568,TRUE,TRUE,FALSE,NA
375143,TRUE,TRUE,FALSE,NA
970061,TRUE,TRUE,FALSE,NA
335378,FALSE,TRUE,FALSE,NA
409913,FALSE,TRUE,FALSE,NA
236703,TRUE,FALSE,TRUE,NA
316552,FALSE,TRUE,FALSE,NA
83096,FALSE,FALSE,FALSE,NA
553607,FALSE,TRUE,FALSE,NA
287527,FALSE,TRUE,FALSE,NA
397272,FALSE,TRUE,FALSE,NA
15240,FALSE,TRUE,FALSE,NA
421321,FALSE,TRUE,FALSE,NA
148067,FALSE,TRUE,FALSE,NA
427727,FALSE,FALSE,FALSE,NA
305702,FALSE,FALSE,FALSE,NA
210048,FALSE,TRUE,FALSE,NA
175984,FALSE,TRUE,FALSE,NA
59494,FALSE,FALSE,FALSE,NA
219031,FALSE,TRUE,FALSE,NA
846974,TRUE,TRUE,FALSE,NA
979481,FALSE,TRUE,TRUE,NA
852385,FALSE,TRUE,FALSE,NA
31770,FALSE,TRUE,FALSE,NA
785418,FALSE,TRUE,FALSE,NA
301445,FALSE,TRUE,TRUE,NA
658526,FALSE,TRUE,FALSE,NA
193233,FALSE,TRUE,FALSE,NA
700353,FALSE,FALSE,FALSE,NA
531170,FALSE,FALSE,FALSE,NA
143139,FALSE,TRUE,FALSE,NA
362050,FALSE,TRUE,FALSE,NA
393574,FALSE,FALSE,FALSE,NA
277264,FALSE,FALSE,FALSE,NA
908381,FALSE,TRUE,FALSE,NA
110762,FALSE,TRUE,FALSE,NA
852600,FALSE,TRUE,FALSE,NA
378210,FALSE,FALSE,FALSE,NA
537171,FALSE,FALSE,TRUE,NA
586700,TRUE,FALSE,FALSE,NA
943520,FALSE,TRUE,FALSE,NA
897945,FALSE,FALSE,FALSE,NA
247140,FALSE,TRUE,FALSE,NA
137259,FALSE,TRUE,FALSE,NA
912698,FALSE,TRUE,FALSE,NA
769913,FALSE,FALSE,FALSE,NA
901103,FALSE,TRUE,FALSE,NA
125938,FALSE,FALSE,FALSE,NA
324077,FALSE,FALSE,FALSE,NA
182745,FALSE,FALSE,FALSE,NA
115707,FALSE,TRUE,FALSE,NA
488995,TRUE,FALSE,FALSE,NA
330603,FALSE,TRUE,TRUE,NA
844279,FALSE,TRUE,FALSE,NA
990388,FALSE,TRUE,FALSE,NA
996456,FALSE,TRUE,FALSE,NA
500350,FALSE,TRUE,FALSE,NA
742221,FALSE,FALSE,FALSE,NA
390327,FALSE,TRUE,FALSE,NA
378333,FALSE,FALSE,FALSE,NA
176209,FALSE,FALSE,FALSE,NA
993031,FALSE,TRUE,FALSE,NA
479417,FALSE,TRUE,TRUE,NA
416320,FALSE,TRUE,FALSE,NA
650818,FALSE,TRUE,FALSE,NA
324037,FALSE,TRUE,FALSE,NA
276082,FALSE,TRUE,FALSE,NA
440893,FALSE,TRUE,FALSE,NA
230832,FALSE,TRUE,FALSE,NA
908779,FALSE,FALSE,FALSE,NA
715296,FALSE,TRUE,FALSE,NA
61366,FALSE,FALSE,FALSE,NA
654642,FALSE,FALSE,TRUE,NA
172549,FALSE,TRUE,TRUE,NA
881753,FALSE,TRUE,FALSE,NA
321615,FALSE,TRUE,FALSE,NA
724194,FALSE,TRUE,FALSE,NA
889382,FALSE,TRUE,TRUE,NA
174559,FALSE,FALSE,FALSE,NA
519834,FALSE,TRUE,FALSE,NA
933438,FALSE,FALSE,FALSE,NA
569870,FALSE,TRUE,FALSE,NA
823412,FALSE,TRUE,FALSE,NA
208756,FALSE,TRUE,TRUE,NA
807463,FALSE,TRUE,FALSE,NA
187567,FALSE,FALSE,FALSE,NA
818726,FALSE,TRUE,FALSE,NA
481425,FALSE,TRUE,FALSE,NA
533152,FALSE,TRUE,FALSE,NA
687300,FALSE,TRUE,FALSE,NA
172547,FALSE,TRUE,FALSE,NA
883099,FALSE,TRUE,FALSE,NA
734043,FALSE,TRUE,FALSE,NA
515947,TRUE,TRUE,FALSE,NA
88051,FALSE,TRUE,FALSE,NA
612858,FALSE,FALSE,FALSE,NA
464935,FALSE,TRUE,FALSE,NA
531079,FALSE,TRUE,FALSE,NA
781635,FALSE,FALSE,FALSE,NA
288685,FALSE,TRUE,TRUE,NA
397482,FALSE,FALSE,FALSE,NA
152444,FALSE,FALSE,FALSE,NA
537019,FALSE,TRUE,FALSE,NA
793095,FALSE,TRUE,FALSE,NA
579272,FALSE,TRUE,FALSE,NA
928645,FALSE,FALSE,FALSE,NA
410719,TRUE,TRUE,FALSE,NA
264987,FALSE,TRUE,FALSE,NA
58628,FALSE,FALSE,FALSE,NA
354320,FALSE,TRUE,FALSE,NA
299555,FALSE,TRUE,FALSE,NA
834805,FALSE,FALSE,FALSE,NA
830583,FALSE,FALSE,FALSE,NA
323905,FALSE,TRUE,FALSE,NA
586982,FALSE,TRUE,FALSE,NA
446699,FALSE,TRUE,TRUE,NA
190416,FALSE,TRUE,FALSE,NA
41549,FALSE,TRUE,FALSE,NA
848087,FALSE,TRUE,FALSE,NA
350200,FALSE,TRUE,FALSE,NA
395671,FALSE,TRUE,FALSE,NA
741078,FALSE,TRUE,FALSE,NA
952398,FALSE,TRUE,FALSE,NA
989481,FALSE,FALSE,FALSE,NA
679479,FALSE,TRUE,FALSE,NA
851883,FALSE,FALSE,FALSE,NA
735721,FALSE,TRUE,FALSE,NA
846327,FALSE,TRUE,FALSE,NA
15307,FALSE,TRUE,FALSE,NA
865274,FALSE,TRUE,FALSE,NA
947402,FALSE,TRUE,FALSE,NA
436092,FALSE,TRUE,FALSE,NA
890535,TRUE,TRUE,FALSE,NA
267688,FALSE,TRUE,FALSE,NA
131875,FALSE,TRUE,FALSE,NA
763469,FALSE,FALSE,FALSE,NA
183451,FALSE,FALSE,FALSE,NA
73409,FALSE,TRUE,FALSE,NA
490374,FALSE,TRUE,FALSE,NA
86452,FALSE,FALSE,FALSE,NA
859546,FALSE,TRUE,FALSE,NA
933061,FALSE,FALSE,FALSE,NA
412259,FALSE,FALSE,FALSE,NA
988863,FALSE,TRUE,FALSE,NA
22880,FALSE,FALSE,FALSE,NA
179268,TRUE,FALSE,FALSE,NA
267438,FALSE,FALSE,TRUE,NA
60803,FALSE,TRUE,FALSE,NA
351416,FALSE,FALSE,FALSE,NA
378316,FALSE,TRUE,FALSE,NA
184577,FALSE,TRUE,FALSE,NA
57371,FALSE,TRUE,FALSE,NA
88972,TRUE,TRUE,FALSE,NA
69835,FALSE,TRUE,FALSE,NA
147823,FALSE,FALSE,FALSE,NA
493568,FALSE,TRUE,FALSE,NA
98247,FALSE,TRUE,FALSE,NA
19387,FALSE,TRUE,TRUE,NA
671717,FALSE,TRUE,FALSE,NA
261873,FALSE,TRUE,FALSE,NA
821287,FALSE,TRUE,FALSE,NA
194247,FALSE,TRUE,FALSE,NA
140663,FALSE,TRUE,FALSE,NA
75210,FALSE,TRUE,FALSE,NA
851619,FALSE,TRUE,FALSE,NA
545812,FALSE,TRUE,FALSE,NA
194423,TRUE,FALSE,FALSE,NA
520974,FALSE,TRUE,FALSE,NA
902247,FALSE,TRUE,FALSE,NA
33274,FALSE,TRUE,FALSE,NA
671690,FALSE,TRUE,FALSE,NA
931107,FALSE,TRUE,FALSE,NA
331845,FALSE,TRUE,FALSE,NA
406197,FALSE,TRUE,FALSE,NA
806200,FALSE,TRUE,FALSE,NA
179331,FALSE,TRUE,FALSE,NA
30772,FALSE,TRUE,FALSE,NA
60190,TRUE,TRUE,FALSE,NA
257932,FALSE,FALSE,FALSE,NA
234316,FALSE,TRUE,FALSE,NA
374923,FALSE,FALSE,FALSE,NA
812982,FALSE,FALSE,FALSE,NA
88366,FALSE,TRUE,FALSE,NA
337143,FALSE,TRUE,FALSE,NA
331468,FALSE,TRUE,FALSE,NA
66013,FALSE,TRUE,TRUE,NA
584225,FALSE,TRUE,FALSE,NA
734513,FALSE,TRUE,FALSE,NA
561350,FALSE,TRUE,FALSE,NA
332603,FALSE,TRUE,FALSE,NA
84480,FALSE,TRUE,FALSE,NA
313864,FALSE,TRUE,FALSE,NA
578545,FALSE,FALSE,FALSE,NA
228110,TRUE,TRUE,FALSE,NA
361450,FALSE,FALSE,FALSE,NA
958814,FALSE,TRUE,TRUE,NA
687860,FALSE,TRUE,FALSE,NA
548557,FALSE,TRUE,FALSE,NA
815241,FALSE,TRUE,FALSE,NA
117532,FALSE,TRUE,FALSE,NA
100018,FALSE,TRUE,FALSE,NA
480567,FALSE,TRUE,FALSE,NA
56636,TRUE,TRUE,FALSE,NA
386408,TRUE,TRUE,FALSE,NA
326205,FALSE,TRUE,FALSE,NA
782238,FALSE,TRUE,FALSE,NA
833269,FALSE,FALSE,FALSE,NA
957933,FALSE,TRUE,FALSE,NA
828342,FALSE,FALSE,FALSE,NA
122039,FALSE,FALSE,TRUE,NA
968662,FALSE,FALSE,FALSE,NA
500908,FALSE,TRUE,FALSE,NA
408200,TRUE,TRUE,FALSE,NA
695872,FALSE,TRUE,FALSE,NA
377898,FALSE,TRUE,FALSE,NA
95654,FALSE,TRUE,FALSE,NA
548709,FALSE,TRUE,FALSE,NA
876913,FALSE,TRUE,FALSE,NA
988156,FALSE,TRUE,FALSE,NA
357874,FALSE,TRUE,FALSE,NA
430887,TRUE,TRUE,FALSE,NA
87223,FALSE,TRUE,FALSE,NA
964460,FALSE,TRUE,TRUE,NA
888872,FALSE,TRUE,FALSE,NA
390350,FALSE,TRUE,FALSE,NA
409016,FALSE,FALSE,FALSE,NA
82033,FALSE,TRUE,FALSE,NA
896221,FALSE,TRUE,FALSE,NA
186050,TRUE,TRUE,FALSE,NA
584471,FALSE,TRUE,FALSE,NA
581879,FALSE,FALSE,FALSE,NA
541570,FALSE,TRUE,FALSE,NA
967613,FALSE,FALSE,TRUE,NA
828220,FALSE,TRUE,FALSE,NA
53154,FALSE,FALSE,FALSE,NA
470948,FALSE,TRUE,FALSE,NA
168673,FALSE,TRUE,FALSE,NA
956474,FALSE,FALSE,FALSE,NA
215556,FALSE,TRUE,FALSE,NA
228793,TRUE,TRUE,FALSE,NA
695204,FALSE,FALSE,FALSE,NA
706157,FALSE,TRUE,FALSE,NA
808732,FALSE,TRUE,FALSE,NA
729766,FALSE,TRUE,FALSE,NA
526359,FALSE,FALSE,FALSE,NA
687335,FALSE,FALSE,FALSE,NA
902415,FALSE,TRUE,FALSE,NA
621697,FALSE,TRUE,TRUE,NA
854526,FALSE,FALSE,FALSE,NA
199886,FALSE,FALSE,FALSE,NA
574440,FALSE,FALSE,FALSE,NA
407133,FALSE,TRUE,FALSE,NA
25645,FALSE,FALSE,FALSE,NA
161037,FALSE,FALSE,FALSE,NA
204630,FALSE,TRUE,TRUE,NA
946038,FALSE,TRUE,FALSE,NA
616709,FALSE,TRUE,FALSE,NA
629957,FALSE,FALSE,FALSE,NA
31642,FALSE,TRUE,FALSE,NA
571811,FALSE,TRUE,FALSE,NA
289685,FALSE,FALSE,FALSE,NA
799304,FALSE,FALSE,FALSE,NA
808249,TRUE,TRUE,FALSE,NA
797517,TRUE,TRUE,FALSE,NA
495677,FALSE,TRUE,FALSE,NA
795395,FALSE,TRUE,FALSE,NA
11883,FALSE,TRUE,FALSE,NA
939072,FALSE,TRUE,FALSE,NA
942811,FALSE,TRUE,FALSE,NA
359564,FALSE,TRUE,FALSE,NA
48974,FALSE,TRUE,FALSE,NA
148781,FALSE,TRUE,TRUE,NA
517718,FALSE,TRUE,FALSE,NA
2919,FALSE,FALSE,FALSE,NA
828269,FALSE,FALSE,FALSE,NA
583837,FALSE,TRUE,FALSE,NA
155831,FALSE,TRUE,FALSE,NA
214699,TRUE,TRUE,FALSE,NA
650131,FALSE,FALSE,FALSE,NA
407375,FALSE,TRUE,FALSE,NA
541814,FALSE,FALSE,FALSE,NA
640412,FALSE,TRUE,FALSE,NA
569802,FALSE,TRUE,TRUE,NA
817348,FALSE,FALSE,FALSE,NA
231011,FALSE,TRUE,TRUE,NA
35751,FALSE,FALSE,FALSE,NA
790311,FALSE,TRUE,FALSE,NA
84213,FALSE,TRUE,FALSE,NA
34273,FALSE,TRUE,FALSE,NA
338970,FALSE,TRUE,FALSE,NA
586300,FALSE,TRUE,FALSE,NA
48503,FALSE,TRUE,FALSE,NA
802357,FALSE,TRUE,FALSE,NA
852056,FALSE,TRUE,FALSE,NA
521890,FALSE,FALSE,FALSE,NA
778137,FALSE,TRUE,FALSE,NA
580288,TRUE,TRUE,FALSE,NA
615715,FALSE,TRUE,FALSE,NA
430952,FALSE,FALSE,FALSE,NA
688664,FALSE,TRUE,FALSE,NA
659282,FALSE,TRUE,FALSE,NA
121432,FALSE,TRUE,TRUE,NA
605662,FALSE,TRUE,FALSE,NA
963026,FALSE,FALSE,FALSE,NA
329221,FALSE,TRUE,FALSE,NA
692428,FALSE,TRUE,FALSE,NA
673569,FALSE,TRUE,FALSE,NA
274935,FALSE,TRUE,FALSE,NA
141992,FALSE,TRUE,FALSE,NA
885143,FALSE,FALSE,FALSE,NA
912997,TRUE,TRUE,TRUE,NA
866542,FALSE,FALSE,FALSE,NA
608522,FALSE,TRUE,TRUE,NA
209595,FALSE,TRUE,TRUE,NA
18670,FALSE,TRUE,FALSE,NA
264473,FALSE,TRUE,FALSE,NA
373258,FALSE,TRUE,FALSE,NA
364916,FALSE,TRUE,FALSE,NA
727044,FALSE,TRUE,FALSE,NA
13304,FALSE,TRUE,FALSE,NA
394138,FALSE,TRUE,FALSE,NA
187093,FALSE,TRUE,FALSE,NA
586032,TRUE,TRUE,FALSE,NA
271395,FALSE,FALSE,FALSE,NA
52979,TRUE,TRUE,FALSE,NA
901473,FALSE,FALSE,FALSE,NA
422450,FALSE,TRUE,FALSE,NA
259183,FALSE,TRUE,FALSE,NA
705347,FALSE,TRUE,FALSE,NA
501893,TRUE,TRUE,FALSE,NA
641143,FALSE,FALSE,FALSE,NA
589994,FALSE,TRUE,FALSE,NA
386691,TRUE,TRUE,FALSE,NA
538424,FALSE,TRUE,FALSE,NA
393096,FALSE,TRUE,FALSE,NA
311241,FALSE,TRUE,FALSE,NA
180140,FALSE,FALSE,FALSE,NA
922333,FALSE,TRUE,FALSE,NA
640992,FALSE,FALSE,FALSE,NA
298208,FALSE,TRUE,FALSE,NA
900874,FALSE,TRUE,FALSE,NA
223388,FALSE,FALSE,FALSE,NA
262941,FALSE,TRUE,FALSE,NA
925986,FALSE,FALSE,FALSE,NA
137291,FALSE,TRUE,FALSE,NA
265460,FALSE,FALSE,FALSE,NA
794192,FALSE,FALSE,FALSE,NA
161299,FALSE,TRUE,FALSE,NA
3859,FALSE,TRUE,FALSE,NA
407408,FALSE,TRUE,FALSE,NA
265114,FALSE,TRUE,FALSE,NA
527847,FALSE,TRUE,FALSE,NA
672046,FALSE,FALSE,FALSE,NA
960465,FALSE,TRUE,FALSE,NA
723807,FALSE,TRUE,FALSE,NA
641234,FALSE,TRUE,TRUE,NA
861571,TRUE,TRUE,FALSE,NA
208618,FALSE,TRUE,FALSE,NA
409048,FALSE,FALSE,FALSE,NA
980945,FALSE,TRUE,FALSE,NA
570093,FALSE,TRUE,FALSE,NA
963332,FALSE,TRUE,FALSE,NA
702951,TRUE,TRUE,FALSE,NA
266487,FALSE,TRUE,FALSE,NA
531968,FALSE,TRUE,FALSE,NA
268830,FALSE,FALSE,FALSE,NA
752115,FALSE,FALSE,FALSE,NA
343589,FALSE,FALSE,FALSE,NA
819505,FALSE,TRUE,FALSE,NA
90055,FALSE,TRUE,FALSE,NA
109085,TRUE,FALSE,FALSE,NA
295427,FALSE,TRUE,FALSE,NA
966493,FALSE,TRUE,FALSE,NA
173936,FALSE,TRUE,FALSE,NA
360539,FALSE,TRUE,FALSE,NA
808450,FALSE,TRUE,FALSE,NA
952929,FALSE,FALSE,FALSE,NA
620635,FALSE,FALSE,FALSE,NA
77280,FALSE,TRUE,FALSE,NA
466294,TRUE,TRUE,TRUE,NA
198210,FALSE,FALSE,FALSE,NA
205322,TRUE,TRUE,FALSE,NA
215755,FALSE,TRUE,FALSE,NA
774562,FALSE,TRUE,FALSE,NA
894690,TRUE,FALSE,FALSE,NA
61508,TRUE,TRUE,TRUE,NA
657060,FALSE,TRUE,FALSE,NA
928615,FALSE,FALSE,FALSE,NA
647975,FALSE,TRUE,FALSE,NA
616556,FALSE,TRUE,FALSE,NA
68802,FALSE,TRUE,FALSE,NA
871350,FALSE,TRUE,FALSE,NA
332347,TRUE,TRUE,FALSE,NA
445946,FALSE,TRUE,FALSE,NA
674242,TRUE,FALSE,FALSE,NA
487305,FALSE,FALSE,FALSE,NA
39115,FALSE,TRUE,FALSE,NA
248714,FALSE,TRUE,FALSE,NA
389973,FALSE,TRUE,FALSE,NA
403705,FALSE,TRUE,FALSE,NA
135805,FALSE,TRUE,FALSE,NA
775140,FALSE,TRUE,FALSE,NA
417081,FALSE,TRUE,FALSE,NA
398119,FALSE,TRUE,FALSE,NA
276777,FALSE,TRUE,FALSE,NA
171838,FALSE,TRUE,FALSE,NA
235844,TRUE,TRUE,FALSE,NA
148429,FALSE,TRUE,FALSE,NA
110592,FALSE,TRUE,FALSE,NA
579810,FALSE,FALSE,TRUE,NA
772339,FALSE,TRUE,FALSE,NA
299264,FALSE,TRUE,FALSE,NA
348107,FALSE,TRUE,FALSE,NA
122226,FALSE,TRUE,FALSE,NA
567702,FALSE,TRUE,FALSE,NA
968506,FALSE,TRUE,FALSE,NA
688058,FALSE,TRUE,FALSE,NA
845398,FALSE,TRUE,FALSE,NA
847191,FALSE,FALSE,FALSE,NA
200842,FALSE,TRUE,FALSE,NA
358954,FALSE,TRUE,TRUE,NA
942084,FALSE,TRUE,FALSE,NA
109681,FALSE,TRUE,FALSE,NA
915430,FALSE,TRUE,FALSE,NA
656068,FALSE,TRUE,FALSE,NA
343501,TRUE,TRUE,FALSE,NA
964265,FALSE,TRUE,TRUE,NA
792879,FALSE,FALSE,TRUE,NA
264173,FALSE,TRUE,TRUE,NA
177793,FALSE,FALSE,FALSE,NA
339333,FALSE,FALSE,FALSE,NA
874176,TRUE,TRUE,FALSE,NA
348498,TRUE,TRUE,FALSE,NA
29815,FALSE,TRUE,TRUE,NA
658568,FALSE,TRUE,FALSE,NA
223155,FALSE,TRUE,FALSE,NA
343127,FALSE,TRUE,FALSE,NA
17577,FALSE,TRUE,FALSE,NA
322216,FALSE,TRUE,FALSE,NA
140982,FALSE,TRUE,FALSE,NA
213672,FALSE,TRUE,FALSE,NA
394888,FALSE,TRUE,FALSE,NA
552869,FALSE,FALSE,FALSE,NA
96329,FALSE,TRUE,TRUE,NA
265024,FALSE,TRUE,FALSE,NA
256705,FALSE,TRUE,FALSE,NA
518326,TRUE,TRUE,FALSE,NA
528468,FALSE,FALSE,FALSE,NA
770671,TRUE,FALSE,FALSE,NA
835459,FALSE,TRUE,TRUE,NA
20031,FALSE,TRUE,FALSE,NA
858271,FALSE,TRUE,FALSE,NA
571060,FALSE,TRUE,FALSE,NA
296806,FALSE,TRUE,FALSE,NA
493094,FALSE,TRUE,FALSE,NA
206775,FALSE,FALSE,FALSE,NA
756889,FALSE,TRUE,TRUE,NA
870430,FALSE,TRUE,FALSE,NA
466283,FALSE,TRUE,FALSE,NA
51542,FALSE,TRUE,FALSE,NA
709509,TRUE,TRUE,FALSE,NA
654046,FALSE,TRUE,FALSE,NA
765987,FALSE,TRUE,FALSE,NA
390629,FALSE,TRUE,FALSE,NA
731849,FALSE,TRUE,FALSE,NA
336076,FALSE,TRUE,FALSE,NA
922064,FALSE,TRUE,FALSE,NA
74373,FALSE,TRUE,FALSE,NA
884719,FALSE,TRUE,FALSE,NA
174819,FALSE,TRUE,FALSE,NA
219832,FALSE,TRUE,FALSE,NA
690621,FALSE,FALSE,FALSE,NA
928965,FALSE,FALSE,FALSE,NA
971955,FALSE,TRUE,FALSE,NA
891598,FALSE,FALSE,FALSE,NA
702139,TRUE,TRUE,FALSE,NA
334664,FALSE,FALSE,FALSE,NA
270838,FALSE,FALSE,TRUE,NA
933837,FALSE,TRUE,FALSE,NA
143347,FALSE,TRUE,FALSE,NA
340262,FALSE,TRUE,FALSE,NA
131600,FALSE,TRUE,FALSE,NA
252154,FALSE,TRUE,FALSE,NA
918281,FALSE,TRUE,FALSE,NA
922472,FALSE,TRUE,FALSE,NA
725235,FALSE,FALSE,TRUE,NA
297289,FALSE,FALSE,FALSE,NA
816251,FALSE,TRUE,TRUE,NA
656698,FALSE,FALSE,FALSE,NA
988335,FALSE,FALSE,FALSE,NA
42249,TRUE,FALSE,FALSE,NA
648242,FALSE,TRUE,TRUE,NA
348418,FALSE,FALSE,FALSE,NA
317879,FALSE,TRUE,FALSE,NA
722837,FALSE,TRUE,FALSE,NA
100432,FALSE,TRUE,FALSE,NA
445642,FALSE,TRUE,FALSE,NA
302824,FALSE,TRUE,FALSE,NA
451189,FALSE,FALSE,FALSE,NA
952434,FALSE,TRUE,FALSE,NA
165498,FALSE,FALSE,TRUE,NA
945196,FALSE,FALSE,FALSE,NA
178700,FALSE,FALSE,FALSE,NA
533126,FALSE,TRUE,FALSE,NA
865218,FALSE,TRUE,FALSE,NA
434943,FALSE,TRUE,FALSE,NA
608801,FALSE,TRUE,FALSE,NA
210759,FALSE,TRUE,FALSE,NA
411005,FALSE,TRUE,FALSE,NA
944994,FALSE,TRUE,FALSE,NA
47365,FALSE,TRUE,FALSE,NA
140449,FALSE,TRUE,FALSE,NA
176268,FALSE,TRUE,FALSE,NA
782207,FALSE,TRUE,FALSE,NA
270235,FALSE,FALSE,FALSE,NA
375279,FALSE,TRUE,FALSE,NA
628016,FALSE,FALSE,FALSE,NA
415534,FALSE,TRUE,FALSE,NA
11153,FALSE,TRUE,TRUE,NA
760742,FALSE,TRUE,FALSE,NA
839702,FALSE,TRUE,FALSE,NA
145740,FALSE,TRUE,FALSE,NA
736661,FALSE,FALSE,FALSE,NA
657947,FALSE,TRUE,FALSE,NA
35642,FALSE,TRUE,FALSE,NA
275168,FALSE,TRUE,FALSE,NA
691249,FALSE,TRUE,FALSE,NA
975037,TRUE,TRUE,FALSE,NA
246092,FALSE,TRUE,FALSE,NA
456166,FALSE,TRUE,FALSE,NA
363608,FALSE,TRUE,FALSE,NA
119710,FALSE,TRUE,TRUE,NA
989729,FALSE,TRUE,FALSE,NA
150853,FALSE,TRUE,FALSE,NA
650444,FALSE,FALSE,FALSE,NA
845524,FALSE,TRUE,FALSE,NA
344796,FALSE,TRUE,FALSE,NA
389566,FALSE,TRUE,FALSE,NA
345767,TRUE,TRUE,FALSE,NA
948669,FALSE,FALSE,FALSE,NA
187929,TRUE,TRUE,FALSE,NA
469502,FALSE,TRUE,FALSE,NA
347466,FALSE,TRUE,FALSE,NA
378102,FALSE,TRUE,FALSE,NA
29383,FALSE,TRUE,FALSE,NA
497154,TRUE,TRUE,FALSE,NA
997990,FALSE,TRUE,FALSE,NA
199960,FALSE,TRUE,TRUE,NA
740112,FALSE,TRUE,TRUE,NA
889698,FALSE,TRUE,FALSE,NA
911180,FALSE,FALSE,FALSE,NA
360185,FALSE,TRUE,FALSE,NA
967749,FALSE,TRUE,FALSE,NA
14614,FALSE,FALSE,FALSE,NA
674001,FALSE,TRUE,FALSE,NA
660133,TRUE,FALSE,FALSE,NA
265556,FALSE,TRUE,FALSE,NA
229142,TRUE,TRUE,FALSE,NA
29061,FALSE,TRUE,FALSE,NA
189749,FALSE,TRUE,FALSE,NA
721817,FALSE,FALSE,FALSE,NA
113988,FALSE,FALSE,FALSE,NA
643950,FALSE,TRUE,FALSE,NA
414657,FALSE,FALSE,FALSE,NA
782199,FALSE,TRUE,FALSE,NA
987662,FALSE,TRUE,FALSE,NA
649159,FALSE,TRUE,FALSE,NA
59998,FALSE,FALSE,FALSE,NA
773189,FALSE,TRUE,FALSE,NA
300592,TRUE,FALSE,FALSE,NA
347576,FALSE,FALSE,FALSE,NA
937278,FALSE,FALSE,FALSE,NA
643100,TRUE,FALSE,FALSE,NA
8177,FALSE,TRUE,FALSE,NA
494638,FALSE,TRUE,FALSE,NA
525283,FALSE,TRUE,FALSE,NA
560129,TRUE,TRUE,FALSE,NA
793108,FALSE,FALSE,FALSE,NA
257624,FALSE,TRUE,FALSE,NA
150893,FALSE,FALSE,FALSE,NA
796023,FALSE,TRUE,FALSE,NA
80400,FALSE,FALSE,FALSE,NA
879335,FALSE,FALSE,FALSE,NA
369978,FALSE,TRUE,FALSE,NA
288736,TRUE,TRUE,FALSE,NA
133043,FALSE,TRUE,FALSE,NA
796799,FALSE,TRUE,FALSE,NA
546436,FALSE,TRUE,FALSE,NA
445070,FALSE,FALSE,FALSE,NA
53713,FALSE,TRUE,FALSE,NA
478220,FALSE,FALSE,FALSE,NA
229404,FALSE,TRUE,FALSE,NA
408693,FALSE,TRUE,FALSE,NA
313758,FALSE,FALSE,FALSE,NA
665855,FALSE,TRUE,FALSE,NA
432158,FALSE,FALSE,FALSE,NA
412084,FALSE,FALSE,TRUE,NA
668839,FALSE,FALSE,FALSE,NA
616168,FALSE,TRUE,FALSE,NA
440103,FALSE,TRUE,TRUE,NA
312214,FALSE,TRUE,TRUE,NA
419727,FALSE,TRUE,FALSE,NA
392148,FALSE,FALSE,FALSE,NA
683385,FALSE,TRUE,FALSE,NA
587458,FALSE,FALSE,FALSE,NA
408885,FALSE,TRUE,FALSE,NA
914387,FALSE,TRUE,FALSE,NA
62342,FALSE,TRUE,FALSE,NA
667880,FALSE,TRUE,FALSE,NA
320421,FALSE,TRUE,FALSE,NA
129295,FALSE,TRUE,TRUE,NA
909355,TRUE,TRUE,FALSE,NA
871171,FALSE,TRUE,FALSE,NA
808688,TRUE,TRUE,FALSE,NA
956870,TRUE,TRUE,FALSE,NA
267472,FALSE,TRUE,TRUE,NA
21124,FALSE,FALSE,FALSE,NA
821643,FALSE,FALSE,FALSE,NA
668411,FALSE,TRUE,FALSE,NA
61788,FALSE,TRUE,FALSE,NA
48908,FALSE,TRUE,TRUE,NA
160443,FALSE,TRUE,FALSE,NA
846499,FALSE,TRUE,FALSE,NA
551716,FALSE,FALSE,FALSE,NA
778848,TRUE,TRUE,FALSE,NA
328066,FALSE,TRUE,FALSE,NA
720064,FALSE,TRUE,FALSE,NA
203198,FALSE,TRUE,FALSE,NA
142086,FALSE,TRUE,FALSE,NA
695489,FALSE,TRUE,FALSE,NA
33856,FALSE,TRUE,FALSE,NA
962318,TRUE,FALSE,FALSE,NA
684084,FALSE,TRUE,FALSE,NA
326916,FALSE,FALSE,FALSE,NA
274092,FALSE,FALSE,FALSE,NA
570237,FALSE,TRUE,FALSE,NA
978529,FALSE,TRUE,FALSE,NA
474032,FALSE,TRUE,FALSE,NA
516244,FALSE,TRUE,FALSE,NA
696537,FALSE,TRUE,FALSE,NA
880929,FALSE,TRUE,FALSE,NA
355795,FALSE,TRUE,FALSE,NA
17334,FALSE,TRUE,FALSE,NA
27758,FALSE,TRUE,FALSE,NA
443598,FALSE,FALSE,FALSE,NA
175612,FALSE,TRUE,FALSE,NA
194417,FALSE,FALSE,TRUE,NA
962761,FALSE,FALSE,TRUE,NA
923129,FALSE,TRUE,FALSE,NA
392782,TRUE,FALSE,FALSE,NA
30796,FALSE,FALSE,FALSE,NA
341301,FALSE,FALSE,FALSE,NA
75578,TRUE,TRUE,FALSE,NA
39139,FALSE,TRUE,FALSE,NA
902190,FALSE,TRUE,FALSE,NA
662251,FALSE,TRUE,FALSE,NA
969951,FALSE,TRUE,FALSE,NA
869896,FALSE,TRUE,FALSE,NA
207430,FALSE,TRUE,FALSE,NA
338286,FALSE,TRUE,FALSE,NA
373095,FALSE,TRUE,FALSE,NA
308548,FALSE,TRUE,FALSE,NA
62111,FALSE,TRUE,TRUE,NA
39738,FALSE,FALSE,FALSE,NA
246785,FALSE,TRUE,FALSE,NA
144518,FALSE,TRUE,FALSE,NA
592208,FALSE,TRUE,FALSE,NA
117250,FALSE,TRUE,FALSE,NA
317817,TRUE,TRUE,FALSE,NA
392238,FALSE,TRUE,FALSE,NA
700040,TRUE,TRUE,FALSE,NA
57861,FALSE,TRUE,FALSE,NA
231281,FALSE,TRUE,FALSE,NA
978706,FALSE,TRUE,FALSE,NA
633638,FALSE,TRUE,FALSE,NA
901972,FALSE,TRUE,TRUE,NA
341036,TRUE,TRUE,FALSE,NA
519679,FALSE,TRUE,FALSE,NA
808251,FALSE,TRUE,FALSE,NA
831282,FALSE,TRUE,FALSE,NA
542370,FALSE,TRUE,FALSE,NA
718916,TRUE,TRUE,TRUE,NA
540263,FALSE,TRUE,FALSE,NA
710051,FALSE,TRUE,FALSE,NA
80176,FALSE,TRUE,FALSE,NA
713446,FALSE,TRUE,FALSE,NA
915853,FALSE,FALSE,FALSE,NA
658279,FALSE,FALSE,FALSE,NA
622578,FALSE,TRUE,TRUE,NA
933867,FALSE,TRUE,FALSE,NA
755760,FALSE,TRUE,FALSE,NA
931116,TRUE,TRUE,FALSE,NA
387096,FALSE,TRUE,FALSE,NA
819445,FALSE,TRUE,FALSE,NA
244597,FALSE,TRUE,FALSE,NA
807318,FALSE,FALSE,FALSE,NA
191264,TRUE,TRUE,TRUE,NA
131650,FALSE,TRUE,FALSE,NA
524553,FALSE,TRUE,FALSE,NA
970793,FALSE,TRUE,TRUE,NA
937527,FALSE,FALSE,FALSE,NA
359094,FALSE,FALSE,FALSE,NA
413070,FALSE,TRUE,FALSE,NA
927270,FALSE,TRUE,FALSE,NA
705402,FALSE,TRUE,FALSE,NA
367575,FALSE,TRUE,FALSE,NA
393599,FALSE,TRUE,FALSE,NA
128342,FALSE,TRUE,FALSE,NA
474766,FALSE,TRUE,FALSE,NA
906980,FALSE,TRUE,FALSE,NA
247984,FALSE,TRUE,FALSE,NA
918563,FALSE,FALSE,FALSE,NA
818099,FALSE,TRUE,FALSE,NA
657137,FALSE,TRUE,FALSE,NA
916596,FALSE,FALSE,FALSE,NA
207194,FALSE,TRUE,FALSE,NA
273124,FALSE,TRUE,FALSE,NA
44827,FALSE,FALSE,FALSE,NA
878112,FALSE,TRUE,FALSE,NA
622002,TRUE,TRUE,FALSE,NA
57713,FALSE,TRUE,FALSE,NA
319762,FALSE,TRUE,FALSE,NA
769113,FALSE,TRUE,FALSE,NA
748011,FALSE,TRUE,FALSE,NA
197025,FALSE,TRUE,FALSE,NA
447403,TRUE,FALSE,FALSE,NA
364685,FALSE,TRUE,FALSE,NA
85398,FALSE,FALSE,FALSE,NA
421719,TRUE,TRUE,FALSE,NA
474033,FALSE,TRUE,FALSE,NA
286331,FALSE,TRUE,FALSE,NA
390731,FALSE,TRUE,FALSE,NA
43716,FALSE,TRUE,FALSE,NA
869325,FALSE,FALSE,FALSE,NA
542588,FALSE,TRUE,FALSE,NA
337346,FALSE,TRUE,FALSE,NA
996055,FALSE,FALSE,TRUE,NA
890750,FALSE,TRUE,FALSE,NA
849413,FALSE,TRUE,FALSE,NA
731053,FALSE,FALSE,FALSE,NA
766494,FALSE,TRUE,TRUE,NA
572215,FALSE,TRUE,FALSE,NA
1794,FALSE,TRUE,FALSE,NA
716068,TRUE,TRUE,FALSE,NA
254002,FALSE,TRUE,FALSE,NA
535414,FALSE,TRUE,FALSE,NA
664144,FALSE,FALSE,FALSE,NA
854561,TRUE,TRUE,TRUE,NA
670259,FALSE,TRUE,FALSE,NA
339607,FALSE,TRUE,TRUE,NA
141972,FALSE,TRUE,FALSE,NA
593258,FALSE,TRUE,FALSE,NA
502751,FALSE,TRUE,TRUE,NA
359329,TRUE,TRUE,FALSE,NA
398173,FALSE,TRUE,FALSE,NA
724674,FALSE,TRUE,FALSE,NA
217001,FALSE,TRUE,FALSE,NA
76362,FALSE,TRUE,FALSE,NA
843784,FALSE,FALSE,FALSE,NA
459392,TRUE,FALSE,FALSE,NA
434182,FALSE,TRUE,FALSE,NA
481069,TRUE,TRUE,TRUE,NA
34448,FALSE,TRUE,FALSE,NA
22951,FALSE,TRUE,FALSE,NA
314087,FALSE,FALSE,FALSE,NA
751873,FALSE,TRUE,FALSE,NA
228836,FALSE,TRUE,FALSE,NA
931957,FALSE,TRUE,FALSE,NA
272027,FALSE,FALSE,FALSE,NA
540117,FALSE,TRUE,FALSE,NA
417736,FALSE,FALSE,FALSE,NA
514318,TRUE,TRUE,FALSE,NA
964089,TRUE,TRUE,FALSE,NA
329156,FALSE,TRUE,FALSE,NA
163428,FALSE,TRUE,FALSE,NA
175446,FALSE,TRUE,FALSE,NA
505034,FALSE,TRUE,FALSE,NA
484584,FALSE,FALSE,TRUE,NA
256190,FALSE,TRUE,FALSE,NA
731479,FALSE,FALSE,FALSE,NA
878724,FALSE,TRUE,FALSE,NA
739472,FALSE,FALSE,FALSE,NA
816575,FALSE,TRUE,FALSE,NA
539277,FALSE,TRUE,FALSE,NA
806036,FALSE,FALSE,FALSE,NA
699164,FALSE,TRUE,FALSE,NA
421287,FALSE,TRUE,FALSE,NA
635206,FALSE,TRUE,FALSE,NA
924708,FALSE,TRUE,FALSE,NA
276192,FALSE,TRUE,FALSE,NA
659601,FALSE,TRUE,FALSE,NA
705515,TRUE,TRUE,FALSE,NA
739241,FALSE,TRUE,FALSE,NA
302955,FALSE,FALSE,FALSE,NA
22128,FALSE,TRUE,FALSE,NA
20227,FALSE,TRUE,FALSE,NA
660438,FALSE,TRUE,FALSE,NA
818336,FALSE,TRUE,FALSE,NA
73008,FALSE,TRUE,FALSE,NA
560315,FALSE,TRUE,FALSE,NA
176925,FALSE,FALSE,FALSE,NA
666674,FALSE,TRUE,FALSE,NA
570867,FALSE,TRUE,TRUE,NA
634596,TRUE,TRUE,FALSE,NA
924066,FALSE,TRUE,FALSE,NA
994968,FALSE,TRUE,FALSE,NA
691062,FALSE,TRUE,FALSE,NA
434039,FALSE,TRUE,FALSE,NA
214008,FALSE,TRUE,FALSE,NA
795013,FALSE,TRUE,TRUE,NA
48834,FALSE,TRUE,FALSE,NA
132343,FALSE,TRUE,FALSE,NA
331875,FALSE,TRUE,FALSE,NA
256409,FALSE,TRUE,FALSE,NA
263117,FALSE,FALSE,FALSE,NA
281825,FALSE,FALSE,FALSE,NA
893369,FALSE,TRUE,FALSE,NA
626013,FALSE,FALSE,FALSE,NA
106207,FALSE,TRUE,FALSE,NA
427696,FALSE,FALSE,FALSE,NA
703297,FALSE,TRUE,FALSE,NA
754442,FALSE,TRUE,FALSE,NA
392282,FALSE,TRUE,FALSE,NA
857007,FALSE,TRUE,FALSE,NA
865766,FALSE,TRUE,FALSE,NA
818514,FALSE,TRUE,FALSE,NA
952493,FALSE,FALSE,TRUE,NA
406217,FALSE,TRUE,TRUE,NA
712232,FALSE,FALSE,FALSE,NA
48119,TRUE,TRUE,FALSE,NA
759593,FALSE,TRUE,FALSE,NA
158054,FALSE,FALSE,TRUE,NA
802251,TRUE,TRUE,FALSE,NA
620700,FALSE,TRUE,FALSE,NA
244609,FALSE,FALSE,FALSE,NA
135609,FALSE,TRUE,FALSE,NA
12162,FALSE,FALSE,FALSE,NA
216823,FALSE,TRUE,FALSE,NA
221585,FALSE,TRUE,FALSE,NA
158119,FALSE,TRUE,FALSE,NA
562768,FALSE,FALSE,FALSE,NA
369724,TRUE,TRUE,FALSE,NA
43350,FALSE,TRUE,FALSE,NA
596259,FALSE,TRUE,FALSE,NA
104881,FALSE,TRUE,TRUE,NA
456392,FALSE,TRUE,FALSE,NA
725380,FALSE,FALSE,FALSE,NA
728852,FALSE,TRUE,FALSE,NA
689073,FALSE,TRUE,FALSE,NA
665579,FALSE,FALSE,FALSE,NA
460943,FALSE,TRUE,FALSE,NA
113627,FALSE,TRUE,FALSE,NA
479133,FALSE,TRUE,FALSE,NA
107959,FALSE,TRUE,FALSE,NA
830614,FALSE,FALSE,FALSE,NA
955966,FALSE,TRUE,FALSE,NA
830438,FALSE,TRUE,FALSE,NA
152940,FALSE,TRUE,TRUE,NA
461188,FALSE,FALSE,FALSE,NA
741688,FALSE,FALSE,FALSE,NA
883436,FALSE,TRUE,FALSE,NA
401451,FALSE,TRUE,FALSE,NA
517801,FALSE,TRUE,FALSE,NA
897769,TRUE,FALSE,FALSE,NA
165508,FALSE,TRUE,FALSE,NA
971032,FALSE,TRUE,TRUE,NA
398742,FALSE,FALSE,FALSE,NA
615886,FALSE,TRUE,FALSE,NA
807682,FALSE,TRUE,FALSE,NA
754340,FALSE,TRUE,FALSE,NA
911910,FALSE,TRUE,FALSE,NA
679378,FALSE,TRUE,FALSE,NA
870778,FALSE,TRUE,FALSE,NA
175020,FALSE,FALSE,FALSE,NA
918532,TRUE,TRUE,FALSE,NA
306606,FALSE,TRUE,FALSE,NA
491324,FALSE,TRUE,FALSE,NA
745417,FALSE,FALSE,FALSE,NA
486380,FALSE,TRUE,FALSE,NA
273044,FALSE,TRUE,FALSE,NA
248455,TRUE,TRUE,FALSE,NA
424317,FALSE,FALSE,FALSE,NA
674042,FALSE,TRUE,FALSE,NA
96791,FALSE,TRUE,FALSE,NA
505209,FALSE,TRUE,FALSE,NA
53010,FALSE,FALSE,FALSE,NA
912184,FALSE,TRUE,FALSE,NA
338178,FALSE,FALSE,FALSE,NA
375416,FALSE,TRUE,FALSE,NA
73164,FALSE,TRUE,FALSE,NA
491799,FALSE,TRUE,FALSE,NA
458044,FALSE,TRUE,FALSE,NA
23554,FALSE,FALSE,FALSE,NA
207444,FALSE,TRUE,FALSE,NA
695151,FALSE,TRUE,FALSE,NA
449939,FALSE,TRUE,FALSE,NA
287337,FALSE,TRUE,FALSE,NA
994630,FALSE,TRUE,FALSE,NA
911644,FALSE,TRUE,FALSE,NA
473368,FALSE,TRUE,FALSE,NA
2339,FALSE,FALSE,FALSE,NA
857582,TRUE,TRUE,FALSE,NA
117011,FALSE,FALSE,FALSE,NA
604435,FALSE,TRUE,FALSE,NA
493921,FALSE,TRUE,FALSE,NA
358656,FALSE,FALSE,FALSE,NA
283048,TRUE,TRUE,FALSE,NA
856826,FALSE,TRUE,FALSE,NA
715545,FALSE,TRUE,FALSE,NA
254848,FALSE,FALSE,FALSE,NA
858963,FALSE,FALSE,TRUE,NA
637566,TRUE,FALSE,FALSE,NA
840961,FALSE,TRUE,TRUE,NA
610397,FALSE,TRUE,FALSE,NA
496655,FALSE,FALSE,FALSE,NA
496393,FALSE,TRUE,TRUE,NA
546946,FALSE,FALSE,TRUE,NA
460420,TRUE,TRUE,FALSE,NA
868011,FALSE,TRUE,FALSE,NA
21236,FALSE,FALSE,FALSE,NA
305500,FALSE,TRUE,TRUE,NA
992340,FALSE,TRUE,FALSE,NA
135093,FALSE,FALSE,FALSE,NA
296812,FALSE,TRUE,FALSE,NA
23778,FALSE,FALSE,FALSE,NA
322990,FALSE,TRUE,FALSE,NA
238850,FALSE,TRUE,FALSE,NA
745978,FALSE,TRUE,FALSE,NA
948188,FALSE,TRUE,FALSE,NA
553407,FALSE,TRUE,FALSE,NA
578633,FALSE,TRUE,FALSE,NA
625515,TRUE,TRUE,FALSE,NA
679166,FALSE,TRUE,FALSE,NA
692721,FALSE,FALSE,FALSE,NA
779065,FALSE,FALSE,FALSE,NA
226253,FALSE,TRUE,FALSE,NA
142803,FALSE,TRUE,FALSE,NA
780808,FALSE,FALSE,FALSE,NA
981527,FALSE,TRUE,FALSE,NA
795844,FALSE,TRUE,TRUE,NA
369561,FALSE,TRUE,FALSE,NA
394922,FALSE,TRUE,FALSE,NA
218975,FALSE,TRUE,FALSE,NA
345988,FALSE,TRUE,FALSE,NA
392138,FALSE,FALSE,FALSE,NA
480890,TRUE,TRUE,FALSE,NA
531124,FALSE,TRUE,FALSE,NA
50711,FALSE,FALSE,FALSE,NA
202710,FALSE,FALSE,FALSE,NA
591318,TRUE,TRUE,TRUE,NA
190932,FALSE,TRUE,FALSE,NA
122552,FALSE,TRUE,FALSE,NA
259257,FALSE,TRUE,FALSE,NA
591446,TRUE,TRUE,FALSE,NA
723928,FALSE,TRUE,FALSE,NA
570700,TRUE,TRUE,FALSE,NA
159729,FALSE,FALSE,FALSE,NA
279631,FALSE,TRUE,FALSE,NA
356317,FALSE,TRUE,TRUE,NA
606589,FALSE,TRUE,FALSE,NA
449690,FALSE,TRUE,FALSE,NA
121297,TRUE,TRUE,FALSE,NA
536024,FALSE,TRUE,FALSE,NA
503791,TRUE,TRUE,FALSE,NA
431546,FALSE,TRUE,FALSE,NA
512672,FALSE,TRUE,FALSE,NA
401134,FALSE,TRUE,FALSE,NA
490502,FALSE,TRUE,FALSE,NA
14372,FALSE,TRUE,FALSE,NA
116580,FALSE,TRUE,FALSE,NA
201378,FALSE,TRUE,FALSE,NA
327071,FALSE,FALSE,FALSE,NA
771056,FALSE,TRUE,FALSE,NA
251077,FALSE,TRUE,FALSE,NA
998033,FALSE,TRUE,FALSE,NA
574859,FALSE,FALSE,FALSE,NA
46074,TRUE,TRUE,FALSE,NA
399238,FALSE,FALSE,TRUE,NA
427309,TRUE,TRUE,FALSE,NA
6096,FALSE,TRUE,FALSE,NA
813007,FALSE,TRUE,FALSE,NA
515203,FALSE,TRUE,FALSE,NA
561495,TRUE,FALSE,FALSE,NA
607944,FALSE,TRUE,FALSE,NA
903247,FALSE,TRUE,FALSE,NA
326833,FALSE,TRUE,FALSE,NA
807658,FALSE,TRUE,FALSE,NA
326517,FALSE,TRUE,FALSE,NA
390089,FALSE,TRUE,FALSE,NA
862794,TRUE,TRUE,FALSE,NA
396869,FALSE,TRUE,FALSE,NA
292753,FALSE,TRUE,FALSE,NA
844833,FALSE,TRUE,FALSE,NA
696121,FALSE,TRUE,FALSE,NA
272948,FALSE,FALSE,FALSE,NA
184548,FALSE,TRUE,FALSE,NA
775330,FALSE,TRUE,FALSE,NA
55695,FALSE,FALSE,TRUE,NA
989007,FALSE,TRUE,FALSE,NA
175306,FALSE,TRUE,FALSE,NA
558779,FALSE,TRUE,FALSE,NA
673268,FALSE,FALSE,FALSE,NA
694173,FALSE,TRUE,FALSE,NA
757569,FALSE,FALSE,TRUE,NA
299460,FALSE,FALSE,FALSE,NA
733975,FALSE,TRUE,FALSE,NA
350869,FALSE,TRUE,FALSE,NA
39463,FALSE,TRUE,TRUE,NA
609503,FALSE,TRUE,FALSE,NA
745465,FALSE,TRUE,FALSE,NA
222173,FALSE,TRUE,FALSE,NA
199048,FALSE,FALSE,FALSE,NA
378395,FALSE,TRUE,FALSE,NA
774983,FALSE,FALSE,FALSE,NA
430681,FALSE,FALSE,FALSE,NA
650673,FALSE,TRUE,FALSE,NA
515765,FALSE,TRUE,FALSE,NA
645910,FALSE,TRUE,FALSE,NA
879136,FALSE,TRUE,FALSE,NA
31235,FALSE,TRUE,FALSE,NA
117963,FALSE,TRUE,FALSE,NA
738091,FALSE,FALSE,FALSE,NA
30834,FALSE,TRUE,FALSE,NA
808795,FALSE,FALSE,FALSE,NA
416589,FALSE,TRUE,TRUE,NA
909560,FALSE,FALSE,FALSE,NA
76657,FALSE,FALSE,FALSE,NA
264806,FALSE,FALSE,FALSE,NA
974213,FALSE,TRUE,FALSE,NA
428794,FALSE,TRUE,FALSE,NA
915981,FALSE,FALSE,FALSE,NA
897793,FALSE,FALSE,FALSE,NA
18178,FALSE,FALSE,FALSE,NA
435548,FALSE,TRUE,TRUE,NA
697456,FALSE,TRUE,FALSE,NA
947987,FALSE,FALSE,FALSE,NA
780353,TRUE,TRUE,TRUE,NA
242763,FALSE,FALSE,FALSE,NA
523966,FALSE,TRUE,FALSE,NA
689564,FALSE,TRUE,FALSE,NA
88979,FALSE,TRUE,FALSE,NA
1698,TRUE,TRUE,FALSE,NA
848756,FALSE,TRUE,FALSE,NA
51087,FALSE,TRUE,FALSE,NA
519139,FALSE,TRUE,FALSE,NA
184293,FALSE,TRUE,FALSE,NA
340823,FALSE,TRUE,FALSE,NA
915241,FALSE,TRUE,TRUE,NA
652666,FALSE,TRUE,FALSE,NA
378249,FALSE,TRUE,FALSE,NA
311210,FALSE,FALSE,FALSE,NA
285358,FALSE,TRUE,FALSE,NA
836552,FALSE,TRUE,FALSE,NA
32913,FALSE,TRUE,FALSE,NA
410508,FALSE,TRUE,FALSE,NA
309188,FALSE,TRUE,FALSE,NA
391824,FALSE,TRUE,FALSE,NA
396812,FALSE,TRUE,FALSE,NA
942859,FALSE,TRUE,FALSE,NA
19729,FALSE,TRUE,FALSE,NA
359061,TRUE,TRUE,FALSE,NA
638984,FALSE,TRUE,FALSE,NA
69942,FALSE,FALSE,FALSE,NA
137553,FALSE,TRUE,FALSE,NA
707257,FALSE,TRUE,FALSE,NA
672543,FALSE,TRUE,FALSE,NA
766498,FALSE,TRUE,FALSE,NA
725820,FALSE,FALSE,FALSE,NA
488699,TRUE,TRUE,TRUE,NA
701784,FALSE,TRUE,FALSE,NA
879339,FALSE,TRUE,FALSE,NA
900771,FALSE,FALSE,FALSE,NA
388561,FALSE,TRUE,FALSE,NA
478405,FALSE,FALSE,FALSE,NA
262772,TRUE,TRUE,FALSE,NA
61068,FALSE,TRUE,FALSE,NA
740000,FALSE,TRUE,FALSE,NA
155133,FALSE,TRUE,TRUE,NA
243752,FALSE,TRUE,FALSE,NA
857049,FALSE,FALSE,FALSE,NA
299533,FALSE,TRUE,FALSE,NA
803364,FALSE,TRUE,FALSE,NA
111464,FALSE,TRUE,FALSE,NA
268622,TRUE,TRUE,FALSE,NA
160369,FALSE,TRUE,FALSE,NA
153023,FALSE,TRUE,FALSE,NA
72495,FALSE,TRUE,FALSE,NA
458162,FALSE,TRUE,FALSE,NA
456882,TRUE,TRUE,FALSE,NA
412148,FALSE,FALSE,FALSE,NA
521856,FALSE,TRUE,FALSE,NA
782551,FALSE,FALSE,FALSE,NA
109915,FALSE,FALSE,FALSE,NA
125448,FALSE,TRUE,FALSE,NA
569703,FALSE,TRUE,FALSE,NA
390184,FALSE,FALSE,FALSE,NA
727297,FALSE,FALSE,FALSE,NA
378661,TRUE,TRUE,FALSE,NA
400541,FALSE,TRUE,FALSE,NA
555564,FALSE,TRUE,FALSE,NA
930419,TRUE,TRUE,FALSE,NA
87540,FALSE,TRUE,FALSE,NA
902626,FALSE,TRUE,FALSE,NA
613085,FALSE,TRUE,FALSE,NA
382548,FALSE,TRUE,FALSE,NA
492315,FALSE,TRUE,FALSE,NA
558153,FALSE,TRUE,FALSE,NA
449992,FALSE,TRUE,FALSE,NA
124386,FALSE,TRUE,FALSE,NA
881493,FALSE,TRUE,FALSE,NA
206769,FALSE,TRUE,FALSE,NA
572165,FALSE,FALSE,FALSE,NA
821430,FALSE,TRUE,FALSE,NA
85408,FALSE,TRUE,FALSE,NA
707928,FALSE,TRUE,FALSE,NA
304197,FALSE,TRUE,FALSE,NA
296670,FALSE,FALSE,FALSE,NA
516213,FALSE,TRUE,FALSE,NA
16558,TRUE,TRUE,FALSE,NA
226046,FALSE,TRUE,FALSE,NA
441310,FALSE,TRUE,FALSE,NA
627176,FALSE,TRUE,FALSE,NA
542880,TRUE,TRUE,FALSE,NA
330210,FALSE,TRUE,FALSE,NA
731780,FALSE,FALSE,FALSE,NA
109980,FALSE,TRUE,FALSE,NA
600976,FALSE,TRUE,FALSE,NA
557387,FALSE,TRUE,FALSE,NA
237848,FALSE,FALSE,FALSE,NA
261290,TRUE,TRUE,FALSE,NA
432457,TRUE,TRUE,FALSE,NA
224772,FALSE,TRUE,FALSE,NA
590544,FALSE,TRUE,TRUE,NA
44448,FALSE,TRUE,FALSE,NA
193601,FALSE,TRUE,FALSE,NA
493012,FALSE,TRUE,FALSE,NA
693149,FALSE,FALSE,FALSE,NA
499660,FALSE,TRUE,FALSE,NA
668854,FALSE,TRUE,TRUE,NA
646113,FALSE,TRUE,FALSE,NA
78186,FALSE,FALSE,FALSE,NA
795640,TRUE,TRUE,TRUE,NA
650256,FALSE,TRUE,FALSE,NA
716646,FALSE,TRUE,FALSE,NA
293947,TRUE,TRUE,FALSE,NA
240844,FALSE,TRUE,FALSE,NA
894538,FALSE,TRUE,FALSE,NA
374115,FALSE,TRUE,FALSE,NA
574674,FALSE,TRUE,FALSE,NA
54669,FALSE,TRUE,FALSE,NA
462834,FALSE,TRUE,FALSE,NA
660166,FALSE,TRUE,FALSE,NA
176284,FALSE,TRUE,FALSE,NA
631266,FALSE,TRUE,FALSE,NA
890640,FALSE,TRUE,FALSE,NA
679826,FALSE,FALSE,FALSE,NA
454656,TRUE,TRUE,FALSE,NA
357719,FALSE,FALSE,FALSE,NA
107220,FALSE,TRUE,FALSE,NA
840657,FALSE,TRUE,FALSE,NA
564049,TRUE,TRUE,FALSE,NA
690174,FALSE,FALSE,FALSE,NA
387330,FALSE,TRUE,FALSE,NA
170536,TRUE,TRUE,FALSE,NA
582447,FALSE,TRUE,FALSE,NA
171468,FALSE,TRUE,FALSE,NA
297736,FALSE,TRUE,FALSE,NA
567600,FALSE,FALSE,FALSE,NA
775976,FALSE,TRUE,FALSE,NA
163712,FALSE,FALSE,FALSE,NA
599539,FALSE,TRUE,FALSE,NA
813356,FALSE,TRUE,FALSE,NA
17568,TRUE,TRUE,FALSE,NA
974984,TRUE,TRUE,TRUE,NA
246079,FALSE,TRUE,FALSE,NA
119314,FALSE,FALSE,FALSE,NA
800700,TRUE,TRUE,FALSE,NA
734049,FALSE,TRUE,FALSE,NA
863597,FALSE,FALSE,FALSE,NA
785560,FALSE,TRUE,FALSE,NA
496091,FALSE,TRUE,FALSE,NA
769574,FALSE,TRUE,FALSE,NA
189108,FALSE,TRUE,FALSE,NA
717396,TRUE,TRUE,FALSE,NA
33242,FALSE,TRUE,FALSE,NA
496641,FALSE,TRUE,FALSE,NA
232099,FALSE,TRUE,FALSE,NA
353735,FALSE,TRUE,FALSE,NA
856433,FALSE,FALSE,FALSE,NA
295490,FALSE,TRUE,FALSE,NA
510447,TRUE,TRUE,FALSE,NA
521362,FALSE,TRUE,FALSE,NA
139650,TRUE,TRUE,TRUE,NA
864944,FALSE,TRUE,FALSE,NA
627878,FALSE,TRUE,FALSE,NA
933674,FALSE,TRUE,TRUE,NA
140787,FALSE,TRUE,FALSE,NA
78303,TRUE,TRUE,FALSE,NA
333353,FALSE,TRUE,FALSE,NA
958147,FALSE,TRUE,FALSE,NA
46291,FALSE,FALSE,FALSE,NA
81373,TRUE,TRUE,FALSE,NA
744492,FALSE,FALSE,FALSE,NA
734111,FALSE,TRUE,FALSE,NA
478896,FALSE,TRUE,FALSE,NA
537258,FALSE,FALSE,FALSE,NA
455907,FALSE,TRUE,FALSE,NA
376958,FALSE,TRUE,FALSE,NA
912284,FALSE,TRUE,FALSE,NA
825252,FALSE,TRUE,FALSE,NA
398471,FALSE,TRUE,TRUE,NA
196577,FALSE,TRUE,FALSE,NA
458335,FALSE,FALSE,FALSE,NA
539503,FALSE,TRUE,FALSE,NA
962894,FALSE,TRUE,FALSE,NA
182024,FALSE,FALSE,FALSE,NA
447043,FALSE,TRUE,FALSE,NA
6390,TRUE,TRUE,FALSE,NA
564002,FALSE,FALSE,FALSE,NA
287859,TRUE,TRUE,FALSE,NA
767479,FALSE,TRUE,FALSE,NA
555492,FALSE,TRUE,FALSE,NA
865785,FALSE,TRUE,FALSE,NA
962960,FALSE,FALSE,FALSE,NA
341397,FALSE,TRUE,FALSE,NA
899613,FALSE,TRUE,FALSE,NA
838270,FALSE,FALSE,FALSE,NA
527513,FALSE,TRUE,FALSE,NA
601322,TRUE,TRUE,FALSE,NA
813684,FALSE,FALSE,FALSE,NA
729942,FALSE,TRUE,FALSE,NA
925722,FALSE,TRUE,FALSE,NA
633765,TRUE,TRUE,FALSE,NA
914472,FALSE,TRUE,FALSE,NA
15936,FALSE,FALSE,FALSE,NA
324912,FALSE,TRUE,TRUE,NA
280104,FALSE,TRUE,FALSE,NA
779793,TRUE,FALSE,FALSE,NA
258362,FALSE,TRUE,FALSE,NA
446476,FALSE,TRUE,FALSE,NA
441426,TRUE,TRUE,FALSE,NA
906719,FALSE,TRUE,FALSE,NA
971623,FALSE,TRUE,FALSE,NA
654154,FALSE,FALSE,FALSE,NA
304461,FALSE,TRUE,FALSE,NA
1066,FALSE,FALSE,FALSE,NA
77587,TRUE,TRUE,FALSE,NA
856572,FALSE,TRUE,FALSE,NA
552000,FALSE,TRUE,FALSE,NA
689849,FALSE,TRUE,FALSE,NA
964676,TRUE,TRUE,FALSE,NA
924004,FALSE,TRUE,FALSE,NA
337748,FALSE,TRUE,FALSE,NA
700398,FALSE,TRUE,FALSE,NA
859247,FALSE,TRUE,FALSE,NA
561715,FALSE,TRUE,FALSE,NA
865003,FALSE,TRUE,FALSE,NA
436709,FALSE,TRUE,FALSE,NA
864976,FALSE,TRUE,FALSE,NA
785101,FALSE,FALSE,FALSE,NA
175007,FALSE,TRUE,FALSE,NA
952513,FALSE,FALSE,FALSE,NA
376834,FALSE,TRUE,FALSE,NA
867734,FALSE,TRUE,FALSE,NA
807885,FALSE,FALSE,FALSE,NA
825964,FALSE,FALSE,FALSE,NA
467005,FALSE,FALSE,FALSE,NA
786085,FALSE,TRUE,FALSE,NA
206321,FALSE,TRUE,FALSE,NA
651149,FALSE,TRUE,FALSE,NA
111974,TRUE,TRUE,FALSE,NA
967731,FALSE,FALSE,FALSE,NA
606143,FALSE,FALSE,FALSE,NA
562197,FALSE,TRUE,FALSE,NA
27822,FALSE,TRUE,TRUE,NA
800329,FALSE,TRUE,FALSE,NA
81392,FALSE,TRUE,FALSE,NA
774695,FALSE,TRUE,FALSE,NA
116021,FALSE,TRUE,FALSE,NA
697910,FALSE,TRUE,FALSE,NA
991373,FALSE,TRUE,FALSE,NA
315563,FALSE,TRUE,FALSE,NA
697940,TRUE,FALSE,FALSE,NA
205513,FALSE,TRUE,FALSE,NA
605275,FALSE,TRUE,FALSE,NA
305952,FALSE,FALSE,FALSE,NA
91099,FALSE,FALSE,FALSE,NA
438234,TRUE,FALSE,FALSE,NA
131715,FALSE,FALSE,FALSE,NA
345877,FALSE,TRUE,FALSE,NA
690250,FALSE,TRUE,FALSE,NA
156312,FALSE,TRUE,FALSE,NA
160610,TRUE,TRUE,FALSE,NA
66731,FALSE,TRUE,FALSE,NA
91537,TRUE,FALSE,TRUE,NA
368450,FALSE,FALSE,FALSE,NA
857956,FALSE,TRUE,FALSE,NA
679620,FALSE,FALSE,FALSE,NA
959807,FALSE,TRUE,FALSE,NA
955178,FALSE,TRUE,FALSE,NA
148663,FALSE,FALSE,FALSE,NA
700884,FALSE,FALSE,FALSE,NA
512759,FALSE,TRUE,FALSE,NA
91956,FALSE,TRUE,FALSE,NA
520017,FALSE,FALSE,FALSE,NA
202506,FALSE,FALSE,FALSE,NA
615557,FALSE,FALSE,FALSE,NA
669337,FALSE,FALSE,FALSE,NA
522619,FALSE,TRUE,FALSE,NA
72620,FALSE,TRUE,TRUE,NA
341521,FALSE,TRUE,FALSE,NA
808646,FALSE,TRUE,FALSE,NA
154625,TRUE,TRUE,FALSE,NA
293750,FALSE,TRUE,FALSE,NA
753133,TRUE,TRUE,FALSE,NA
796920,FALSE,TRUE,FALSE,NA
606086,FALSE,TRUE,FALSE,NA
559637,TRUE,TRUE,FALSE,NA
501902,FALSE,FALSE,FALSE,NA
448384,FALSE,FALSE,TRUE,NA
510785,FALSE,TRUE,FALSE,NA
211333,TRUE,TRUE,FALSE,NA
132487,FALSE,FALSE,FALSE,NA
736586,FALSE,TRUE,FALSE,NA
20942,TRUE,TRUE,TRUE,NA
217533,FALSE,TRUE,FALSE,NA
402836,FALSE,TRUE,FALSE,NA
619533,FALSE,FALSE,FALSE,NA
148177,FALSE,TRUE,FALSE,NA
22307,FALSE,TRUE,FALSE,NA
806721,TRUE,TRUE,FALSE,NA
940603,FALSE,TRUE,TRUE,NA
270700,FALSE,TRUE,FALSE,NA
444782,FALSE,TRUE,FALSE,NA
936833,FALSE,TRUE,FALSE,NA
486760,FALSE,TRUE,FALSE,NA
851590,TRUE,TRUE,FALSE,NA
235401,FALSE,TRUE,FALSE,NA
936355,FALSE,TRUE,FALSE,NA
524250,FALSE,TRUE,FALSE,NA
258616,FALSE,FALSE,FALSE,NA
136501,FALSE,FALSE,FALSE,NA
145621,FALSE,TRUE,FALSE,NA
416115,FALSE,TRUE,FALSE,NA
627055,TRUE,TRUE,FALSE,NA
964105,FALSE,TRUE,FALSE,NA
286243,FALSE,TRUE,FALSE,NA
772965,FALSE,FALSE,FALSE,NA
434641,FALSE,FALSE,FALSE,NA
196489,FALSE,FALSE,FALSE,NA
171951,FALSE,FALSE,FALSE,NA
353095,FALSE,TRUE,FALSE,NA
389647,FALSE,FALSE,FALSE,NA
371816,FALSE,TRUE,FALSE,NA
560366,FALSE,TRUE,FALSE,NA
146241,FALSE,TRUE,FALSE,NA
447159,FALSE,TRUE,FALSE,NA
895211,FALSE,TRUE,FALSE,NA
29896,FALSE,TRUE,FALSE,NA
408626,TRUE,TRUE,FALSE,NA
724711,FALSE,TRUE,FALSE,NA
116278,FALSE,FALSE,FALSE,NA
137747,FALSE,FALSE,FALSE,NA
703848,TRUE,FALSE,FALSE,NA
905723,TRUE,TRUE,FALSE,NA
507156,FALSE,TRUE,FALSE,NA
284573,FALSE,TRUE,FALSE,NA
980122,FALSE,TRUE,FALSE,NA
687951,FALSE,TRUE,TRUE,NA
811283,FALSE,TRUE,TRUE,NA
815530,TRUE,TRUE,TRUE,NA
115051,FALSE,TRUE,FALSE,NA
454097,FALSE,TRUE,FALSE,NA
302345,FALSE,TRUE,TRUE,NA
157217,FALSE,TRUE,FALSE,NA
462241,FALSE,FALSE,FALSE,NA
610948,FALSE,FALSE,FALSE,NA
753039,FALSE,TRUE,FALSE,NA
889053,FALSE,TRUE,FALSE,NA
233995,FALSE,TRUE,FALSE,NA
64412,FALSE,TRUE,FALSE,NA
317605,TRUE,TRUE,TRUE,NA
427921,FALSE,TRUE,TRUE,NA
551017,FALSE,TRUE,FALSE,NA
893156,FALSE,FALSE,FALSE,NA
165985,FALSE,TRUE,FALSE,NA
192160,FALSE,FALSE,FALSE,NA
733853,FALSE,TRUE,FALSE,NA
656544,FALSE,TRUE,FALSE,NA
315333,FALSE,TRUE,FALSE,NA
823684,FALSE,TRUE,FALSE,NA
854406,FALSE,TRUE,TRUE,NA
874193,FALSE,TRUE,TRUE,NA
431062,FALSE,TRUE,TRUE,NA
115236,FALSE,TRUE,FALSE,NA
164555,FALSE,TRUE,TRUE,NA
510594,FALSE,TRUE,FALSE,NA
275838,FALSE,TRUE,FALSE,NA
468813,FALSE,TRUE,FALSE,NA
403891,TRUE,FALSE,FALSE,NA
527844,FALSE,TRUE,FALSE,NA
416179,FALSE,TRUE,FALSE,NA
106822,FALSE,TRUE,TRUE,NA
38931,FALSE,FALSE,FALSE,NA
435615,TRUE,TRUE,FALSE,NA
620389,FALSE,TRUE,FALSE,NA
588558,FALSE,FALSE,FALSE,NA
77172,FALSE,FALSE,FALSE,NA
884943,FALSE,TRUE,FALSE,NA
615614,FALSE,TRUE,FALSE,NA
246177,FALSE,TRUE,FALSE,NA
455186,TRUE,TRUE,FALSE,NA
513719,FALSE,FALSE,FALSE,NA
426869,FALSE,TRUE,FALSE,NA
969024,FALSE,TRUE,FALSE,NA
87083,FALSE,TRUE,FALSE,NA
932913,FALSE,TRUE,FALSE,NA
782063,FALSE,FALSE,FALSE,NA
442087,TRUE,TRUE,FALSE,NA
840004,FALSE,TRUE,FALSE,NA
955101,FALSE,FALSE,FALSE,NA
849573,FALSE,TRUE,FALSE,NA
559109,FALSE,TRUE,FALSE,NA
595920,FALSE,TRUE,FALSE,NA
698700,FALSE,FALSE,FALSE,NA
228871,FALSE,FALSE,FALSE,NA
509482,FALSE,FALSE,TRUE,NA
777481,FALSE,FALSE,FALSE,NA
966805,FALSE,TRUE,FALSE,NA
820013,FALSE,TRUE,FALSE,NA
910398,FALSE,TRUE,FALSE,NA
178834,FALSE,TRUE,TRUE,NA
313779,FALSE,TRUE,FALSE,NA
164457,TRUE,TRUE,FALSE,NA
589934,FALSE,TRUE,FALSE,NA
124687,FALSE,FALSE,FALSE,NA
403774,FALSE,TRUE,TRUE,NA
944156,FALSE,TRUE,FALSE,NA
523825,FALSE,TRUE,FALSE,NA
25831,FALSE,FALSE,FALSE,NA
933968,FALSE,TRUE,FALSE,NA
740806,FALSE,TRUE,FALSE,NA
35515,FALSE,TRUE,FALSE,NA
637378,FALSE,TRUE,FALSE,NA
88169,FALSE,TRUE,FALSE,NA
139585,TRUE,TRUE,FALSE,NA
668301,TRUE,TRUE,FALSE,NA
389562,FALSE,TRUE,FALSE,NA
176689,FALSE,TRUE,FALSE,NA
740046,FALSE,TRUE,FALSE,NA
811040,FALSE,TRUE,FALSE,NA
132484,FALSE,FALSE,FALSE,NA
244363,FALSE,TRUE,FALSE,NA
867128,FALSE,FALSE,TRUE,NA
807919,FALSE,TRUE,FALSE,NA
90646,TRUE,TRUE,TRUE,NA
309604,FALSE,FALSE,FALSE,NA
939856,TRUE,TRUE,FALSE,NA
620570,FALSE,FALSE,FALSE,NA
252728,FALSE,FALSE,FALSE,NA
599495,FALSE,FALSE,FALSE,NA
232656,FALSE,TRUE,FALSE,NA
963607,TRUE,FALSE,FALSE,NA
531976,FALSE,TRUE,FALSE,NA
677609,FALSE,TRUE,FALSE,NA
582529,FALSE,FALSE,TRUE,NA
671466,FALSE,TRUE,FALSE,NA
108731,FALSE,TRUE,FALSE,NA
642932,FALSE,FALSE,FALSE,NA
881188,FALSE,FALSE,FALSE,NA
4106,FALSE,TRUE,FALSE,NA
104703,FALSE,TRUE,FALSE,NA
479280,FALSE,TRUE,FALSE,NA
410875,FALSE,TRUE,FALSE,NA
733758,FALSE,TRUE,FALSE,NA
659515,FALSE,FALSE,FALSE,NA
690539,FALSE,TRUE,FALSE,NA
201755,FALSE,TRUE,FALSE,NA
447544,FALSE,TRUE,TRUE,NA
138693,TRUE,FALSE,FALSE,NA
905444,FALSE,TRUE,FALSE,NA
45308,FALSE,FALSE,FALSE,NA
873892,FALSE,TRUE,FALSE,NA
428283,FALSE,TRUE,FALSE,NA
597645,FALSE,FALSE,FALSE,NA
818636,FALSE,TRUE,FALSE,NA
104538,FALSE,TRUE,FALSE,NA
918769,FALSE,TRUE,FALSE,NA
723975,FALSE,TRUE,FALSE,NA
777899,FALSE,TRUE,FALSE,NA
818108,TRUE,FALSE,FALSE,NA
725597,FALSE,FALSE,FALSE,NA
407849,FALSE,TRUE,FALSE,NA
260292,FALSE,TRUE,FALSE,NA
846289,FALSE,TRUE,FALSE,NA
358944,FALSE,TRUE,FALSE,NA
391356,FALSE,TRUE,FALSE,NA
85081,FALSE,TRUE,FALSE,NA
215143,FALSE,FALSE,FALSE,NA
369541,FALSE,TRUE,FALSE,NA
366482,FALSE,FALSE,FALSE,NA
19047,TRUE,TRUE,FALSE,NA
173136,FALSE,TRUE,FALSE,NA
120643,FALSE,TRUE,FALSE,NA
464247,FALSE,TRUE,TRUE,NA
268490,FALSE,TRUE,TRUE,NA
48444,FALSE,TRUE,FALSE,NA
200580,FALSE,TRUE,FALSE,NA
612390,FALSE,FALSE,FALSE,NA
190222,FALSE,TRUE,FALSE,NA
831467,TRUE,TRUE,FALSE,NA
717053,FALSE,TRUE,FALSE,NA
423812,FALSE,TRUE,FALSE,NA
722414,TRUE,FALSE,FALSE,NA
507477,TRUE,TRUE,FALSE,NA
502684,FALSE,FALSE,FALSE,NA
88378,FALSE,TRUE,FALSE,NA
744645,FALSE,TRUE,FALSE,NA
2680,FALSE,FALSE,TRUE,NA
479458,FALSE,FALSE,TRUE,NA
922336,FALSE,TRUE,FALSE,NA
168493,FALSE,TRUE,FALSE,NA
816513,FALSE,FALSE,FALSE,NA
215932,FALSE,TRUE,FALSE,NA
967870,FALSE,TRUE,FALSE,NA
770534,FALSE,TRUE,TRUE,NA
930929,FALSE,TRUE,FALSE,NA
375029,FALSE,TRUE,FALSE,NA
181662,TRUE,TRUE,FALSE,NA
456203,FALSE,TRUE,FALSE,NA
309302,FALSE,FALSE,FALSE,NA
311086,FALSE,TRUE,FALSE,NA
610631,FALSE,FALSE,FALSE,NA
290080,FALSE,TRUE,FALSE,NA
764234,FALSE,TRUE,FALSE,NA
125710,FALSE,TRUE,FALSE,NA
963917,FALSE,TRUE,FALSE,NA
683277,FALSE,FALSE,FALSE,NA
534047,FALSE,FALSE,FALSE,NA
637604,FALSE,FALSE,TRUE,NA
628135,FALSE,TRUE,FALSE,NA
554562,FALSE,TRUE,FALSE,NA
384843,FALSE,TRUE,FALSE,NA
248332,FALSE,FALSE,FALSE,NA
241141,FALSE,FALSE,FALSE,NA
256506,FALSE,TRUE,TRUE,NA
466511,FALSE,TRUE,FALSE,NA
427633,FALSE,TRUE,FALSE,NA
911846,FALSE,TRUE,FALSE,NA
718335,TRUE,TRUE,FALSE,NA
644555,FALSE,TRUE,FALSE,NA
904328,FALSE,FALSE,FALSE,NA
637039,FALSE,TRUE,FALSE,NA
184275,FALSE,TRUE,FALSE,NA
560742,FALSE,TRUE,FALSE,NA
572632,FALSE,FALSE,FALSE,NA
516638,FALSE,FALSE,FALSE,NA
517420,FALSE,TRUE,FALSE,NA
360019,FALSE,FALSE,FALSE,NA
473050,FALSE,FALSE,FALSE,NA
33,TRUE,FALSE,FALSE,NA
4103,TRUE,FALSE,FALSE,NA
616256,FALSE,TRUE,FALSE,NA
862695,FALSE,FALSE,FALSE,NA
927390,FALSE,TRUE,FALSE,NA
406498,FALSE,TRUE,FALSE,NA
628339,FALSE,TRUE,FALSE,NA
664310,FALSE,TRUE,FALSE,NA
275993,TRUE,FALSE,TRUE,NA
221909,FALSE,TRUE,FALSE,NA
767149,FALSE,TRUE,FALSE,NA
344857,FALSE,TRUE,FALSE,NA
606112,TRUE,FALSE,TRUE,NA
836806,FALSE,TRUE,FALSE,NA
446812,FALSE,FALSE,FALSE,NA
721903,FALSE,FALSE,FALSE,NA
306431,FALSE,TRUE,TRUE,NA
298398,TRUE,TRUE,FALSE,NA
137186,TRUE,TRUE,FALSE,NA
31819,FALSE,TRUE,FALSE,NA
608049,FALSE,TRUE,FALSE,NA
694421,FALSE,FALSE,FALSE,NA
6953,FALSE,TRUE,FALSE,NA
137326,FALSE,TRUE,FALSE,NA
717230,FALSE,TRUE,FALSE,NA
414438,FALSE,TRUE,FALSE,NA
347924,FALSE,TRUE,FALSE,NA
194879,FALSE,TRUE,FALSE,NA
260057,FALSE,FALSE,FALSE,NA
181267,FALSE,TRUE,FALSE,NA
715021,FALSE,TRUE,FALSE,NA
327451,FALSE,FALSE,FALSE,NA
916207,TRUE,TRUE,FALSE,NA
295799,FALSE,TRUE,FALSE,NA
594094,FALSE,TRUE,FALSE,NA
882983,FALSE,TRUE,FALSE,NA
673902,FALSE,FALSE,TRUE,NA
445732,FALSE,TRUE,TRUE,NA
918453,FALSE,TRUE,FALSE,NA
963408,TRUE,TRUE,TRUE,NA
429266,FALSE,TRUE,FALSE,NA
362021,FALSE,TRUE,FALSE,NA
709202,FALSE,TRUE,TRUE,NA
752489,FALSE,TRUE,FALSE,NA
199146,FALSE,FALSE,FALSE,NA
291732,FALSE,FALSE,FALSE,NA
115388,FALSE,TRUE,FALSE,NA
569103,FALSE,FALSE,FALSE,NA
401767,FALSE,TRUE,FALSE,NA
767206,FALSE,TRUE,TRUE,NA
884145,FALSE,TRUE,FALSE,NA
930953,FALSE,TRUE,FALSE,NA
359322,TRUE,TRUE,FALSE,NA
338525,FALSE,TRUE,FALSE,NA
25597,TRUE,TRUE,FALSE,NA
552448,FALSE,FALSE,FALSE,NA
594327,FALSE,FALSE,FALSE,NA
451436,FALSE,FALSE,FALSE,NA
328019,FALSE,FALSE,FALSE,NA
940787,FALSE,TRUE,FALSE,NA
873420,FALSE,TRUE,TRUE,NA
124192,FALSE,TRUE,FALSE,NA
587790,FALSE,FALSE,FALSE,NA
110850,FALSE,TRUE,FALSE,NA
948916,FALSE,TRUE,FALSE,NA
456736,FALSE,FALSE,FALSE,NA
380644,FALSE,FALSE,FALSE,NA
555026,FALSE,FALSE,FALSE,NA
113576,FALSE,FALSE,FALSE,NA
311148,FALSE,TRUE,TRUE,NA
621514,FALSE,TRUE,FALSE,NA
639900,FALSE,TRUE,FALSE,NA
534495,FALSE,FALSE,FALSE,NA
147761,FALSE,TRUE,FALSE,NA
902217,FALSE,TRUE,FALSE,NA
517342,FALSE,TRUE,FALSE,NA
426773,FALSE,FALSE,FALSE,NA
831779,FALSE,TRUE,FALSE,NA
259807,FALSE,TRUE,FALSE,NA
814132,TRUE,TRUE,FALSE,NA
316391,FALSE,TRUE,FALSE,NA
736961,FALSE,TRUE,FALSE,NA
696525,FALSE,TRUE,FALSE,NA
899429,FALSE,TRUE,FALSE,NA
800926,FALSE,TRUE,FALSE,NA
72335,FALSE,TRUE,FALSE,NA
432848,FALSE,TRUE,TRUE,NA
362181,FALSE,TRUE,FALSE,NA
490645,TRUE,TRUE,FALSE,NA
260246,FALSE,TRUE,FALSE,NA
409743,FALSE,TRUE,FALSE,NA
665062,FALSE,FALSE,FALSE,NA
598151,FALSE,FALSE,FALSE,NA
387704,FALSE,TRUE,FALSE,NA
602306,FALSE,TRUE,FALSE,NA
307639,FALSE,TRUE,FALSE,NA
792060,FALSE,FALSE,FALSE,NA
314819,FALSE,TRUE,FALSE,NA
95904,FALSE,TRUE,FALSE,NA
854870,FALSE,TRUE,FALSE,NA
409449,FALSE,FALSE,FALSE,NA
132852,TRUE,TRUE,FALSE,NA
357027,FALSE,TRUE,FALSE,NA
307778,FALSE,TRUE,FALSE,NA
85373,FALSE,FALSE,FALSE,NA
258765,FALSE,TRUE,TRUE,NA
887764,FALSE,TRUE,FALSE,NA
815957,TRUE,TRUE,FALSE,NA
164243,FALSE,TRUE,FALSE,NA
118341,FALSE,TRUE,FALSE,NA
819870,FALSE,TRUE,FALSE,NA
138155,FALSE,TRUE,FALSE,NA
687943,FALSE,FALSE,TRUE,NA
883733,FALSE,FALSE,FALSE,NA
650699,FALSE,TRUE,TRUE,NA
657028,FALSE,TRUE,FALSE,NA
650744,FALSE,TRUE,FALSE,NA
109606,FALSE,FALSE,FALSE,NA
700041,FALSE,TRUE,FALSE,NA
500354,FALSE,TRUE,FALSE,NA
438200,FALSE,FALSE,FALSE,NA
232788,FALSE,TRUE,FALSE,NA
775155,FALSE,FALSE,FALSE,NA
146872,FALSE,TRUE,FALSE,NA
220649,FALSE,TRUE,FALSE,NA
758081,FALSE,TRUE,FALSE,NA
401779,FALSE,TRUE,FALSE,NA
489744,FALSE,TRUE,FALSE,NA
643745,FALSE,TRUE,FALSE,NA
552090,FALSE,FALSE,FALSE,NA
352110,FALSE,TRUE,FALSE,NA
188001,FALSE,TRUE,TRUE,NA
680607,FALSE,FALSE,FALSE,NA
121004,FALSE,FALSE,FALSE,NA
657048,FALSE,FALSE,FALSE,NA
997263,FALSE,FALSE,FALSE,NA
762305,FALSE,FALSE,FALSE,NA
581029,FALSE,FALSE,FALSE,NA
292682,TRUE,TRUE,FALSE,NA
130361,TRUE,FALSE,FALSE,NA
905450,FALSE,TRUE,FALSE,NA
28169,FALSE,FALSE,FALSE,NA
116074,FALSE,TRUE,FALSE,NA
291501,FALSE,TRUE,FALSE,NA
583054,FALSE,TRUE,FALSE,NA
472060,FALSE,TRUE,FALSE,NA
784016,FALSE,TRUE,FALSE,NA
83913,FALSE,TRUE,FALSE,NA
39065,FALSE,TRUE,FALSE,NA
757923,FALSE,TRUE,FALSE,NA
691493,FALSE,TRUE,FALSE,NA
416767,FALSE,TRUE,FALSE,NA
90215,FALSE,FALSE,FALSE,NA
667522,FALSE,TRUE,FALSE,NA
551714,FALSE,FALSE,FALSE,NA
937147,FALSE,TRUE,FALSE,NA
570889,FALSE,TRUE,FALSE,NA
251715,FALSE,TRUE,FALSE,NA
68636,FALSE,TRUE,FALSE,NA
849195,FALSE,TRUE,FALSE,NA
856573,FALSE,TRUE,FALSE,NA
998648,FALSE,FALSE,FALSE,NA
445525,FALSE,TRUE,FALSE,NA
289406,FALSE,TRUE,FALSE,NA
237705,FALSE,TRUE,FALSE,NA
950720,FALSE,TRUE,TRUE,NA
776716,FALSE,TRUE,FALSE,NA
143932,FALSE,TRUE,FALSE,NA
918234,FALSE,TRUE,FALSE,NA
471049,FALSE,FALSE,FALSE,NA
70940,FALSE,TRUE,FALSE,NA
439737,TRUE,FALSE,FALSE,NA
212811,FALSE,TRUE,FALSE,NA
3522,FALSE,TRUE,FALSE,NA
69493,FALSE,TRUE,FALSE,NA
583391,FALSE,TRUE,FALSE,NA
517482,FALSE,TRUE,FALSE,NA
533181,FALSE,TRUE,FALSE,NA
342326,FALSE,TRUE,FALSE,NA
478906,FALSE,TRUE,FALSE,NA
288960,FALSE,FALSE,FALSE,NA
130231,FALSE,TRUE,FALSE,NA
894621,FALSE,TRUE,TRUE,NA
368044,FALSE,TRUE,FALSE,NA
223177,TRUE,TRUE,FALSE,NA
436559,FALSE,TRUE,FALSE,NA
101237,FALSE,TRUE,FALSE,NA
713388,FALSE,TRUE,FALSE,NA
722681,FALSE,FALSE,FALSE,NA
460804,FALSE,FALSE,FALSE,NA
692592,FALSE,TRUE,FALSE,NA
522072,FALSE,TRUE,FALSE,NA
540743,FALSE,FALSE,FALSE,NA
776823,FALSE,FALSE,FALSE,NA
128444,FALSE,TRUE,FALSE,NA
369483,FALSE,TRUE,FALSE,NA
172128,FALSE,TRUE,TRUE,NA
590269,FALSE,TRUE,FALSE,NA
593626,FALSE,FALSE,FALSE,NA
980195,TRUE,TRUE,FALSE,NA
73803,FALSE,TRUE,FALSE,NA
753105,FALSE,TRUE,TRUE,NA
200877,FALSE,TRUE,FALSE,NA
903869,FALSE,TRUE,TRUE,NA
886028,FALSE,TRUE,FALSE,NA
538826,FALSE,TRUE,FALSE,NA
490370,FALSE,TRUE,FALSE,NA
643984,FALSE,TRUE,FALSE,NA
433255,FALSE,TRUE,TRUE,NA
505092,FALSE,TRUE,FALSE,NA
27970,FALSE,TRUE,FALSE,NA
165895,FALSE,TRUE,FALSE,NA
696358,TRUE,TRUE,FALSE,NA
83498,FALSE,TRUE,TRUE,NA
581281,FALSE,FALSE,FALSE,NA
832547,FALSE,TRUE,FALSE,NA
138326,FALSE,TRUE,FALSE,NA
702132,TRUE,TRUE,FALSE,NA
625140,FALSE,TRUE,FALSE,NA
575449,FALSE,TRUE,FALSE,NA
354160,FALSE,TRUE,FALSE,NA
557555,FALSE,FALSE,FALSE,NA
616618,FALSE,TRUE,FALSE,NA
769938,FALSE,TRUE,FALSE,NA
277829,FALSE,TRUE,FALSE,NA
527414,FALSE,TRUE,TRUE,NA
862064,FALSE,TRUE,FALSE,NA
428719,FALSE,TRUE,FALSE,NA
204060,FALSE,TRUE,FALSE,NA
99744,FALSE,TRUE,FALSE,NA
51112,FALSE,FALSE,FALSE,NA
80756,FALSE,TRUE,FALSE,NA
467239,FALSE,TRUE,FALSE,NA
431005,FALSE,TRUE,FALSE,NA
381549,FALSE,TRUE,FALSE,NA
530935,FALSE,TRUE,FALSE,NA
440329,FALSE,TRUE,FALSE,NA
183440,FALSE,TRUE,FALSE,NA
407794,FALSE,TRUE,FALSE,NA
997427,FALSE,TRUE,FALSE,NA
925648,FALSE,TRUE,TRUE,NA
849155,FALSE,FALSE,FALSE,NA
32797,FALSE,TRUE,FALSE,NA
163759,FALSE,TRUE,FALSE,NA
11495,FALSE,TRUE,FALSE,NA
571310,FALSE,TRUE,FALSE,NA
559902,FALSE,FALSE,TRUE,NA
196375,FALSE,TRUE,FALSE,NA
904663,FALSE,FALSE,FALSE,NA
267188,FALSE,TRUE,FALSE,NA
213951,FALSE,TRUE,FALSE,NA
264285,FALSE,FALSE,FALSE,NA
851403,FALSE,TRUE,FALSE,NA
132070,FALSE,TRUE,FALSE,NA
532089,FALSE,TRUE,TRUE,NA
575270,FALSE,TRUE,FALSE,NA
705390,FALSE,TRUE,FALSE,NA
79991,FALSE,TRUE,FALSE,NA
518917,FALSE,FALSE,FALSE,NA
769262,FALSE,FALSE,TRUE,NA
170603,FALSE,FALSE,FALSE,NA
919937,FALSE,TRUE,FALSE,NA
318007,FALSE,TRUE,FALSE,NA
342407,FALSE,TRUE,FALSE,NA
810074,FALSE,TRUE,FALSE,NA
568377,FALSE,TRUE,FALSE,NA
197798,FALSE,FALSE,FALSE,NA
492833,FALSE,TRUE,FALSE,NA
360448,FALSE,FALSE,FALSE,NA
735263,FALSE,TRUE,FALSE,NA
423362,FALSE,TRUE,TRUE,NA
336744,FALSE,TRUE,FALSE,NA
163277,FALSE,TRUE,FALSE,NA
780798,TRUE,TRUE,FALSE,NA
214028,TRUE,TRUE,FALSE,NA
144356,FALSE,TRUE,FALSE,NA
717659,FALSE,FALSE,FALSE,NA
705733,FALSE,TRUE,FALSE,NA
140095,FALSE,TRUE,FALSE,NA
28151,FALSE,TRUE,FALSE,NA
995680,FALSE,FALSE,FALSE,NA
367715,FALSE,TRUE,FALSE,NA
786491,FALSE,TRUE,FALSE,NA
931799,FALSE,TRUE,FALSE,NA
746728,FALSE,FALSE,FALSE,NA
535798,FALSE,TRUE,FALSE,NA
45140,FALSE,TRUE,FALSE,NA
213770,FALSE,FALSE,FALSE,NA
393357,FALSE,FALSE,FALSE,NA
133334,FALSE,TRUE,FALSE,NA
867624,FALSE,TRUE,FALSE,NA
703049,FALSE,TRUE,FALSE,NA
260661,FALSE,FALSE,FALSE,NA
46852,FALSE,FALSE,TRUE,NA
690940,FALSE,TRUE,FALSE,NA
128153,FALSE,TRUE,FALSE,NA
994880,FALSE,TRUE,FALSE,NA
49412,FALSE,TRUE,FALSE,NA
411215,FALSE,TRUE,FALSE,NA
632846,FALSE,TRUE,FALSE,NA
335635,FALSE,FALSE,FALSE,NA
409686,FALSE,TRUE,FALSE,NA
953183,TRUE,TRUE,FALSE,NA
638250,FALSE,FALSE,FALSE,NA
509211,FALSE,TRUE,TRUE,NA
537778,FALSE,TRUE,FALSE,NA
821819,FALSE,TRUE,FALSE,NA
794278,TRUE,TRUE,TRUE,NA
293804,FALSE,TRUE,FALSE,NA
733448,TRUE,TRUE,FALSE,NA
106058,FALSE,TRUE,FALSE,NA
103882,FALSE,TRUE,FALSE,NA
897782,FALSE,TRUE,FALSE,NA
86401,FALSE,FALSE,FALSE,NA
870550,TRUE,TRUE,FALSE,NA
700563,FALSE,FALSE,FALSE,NA
848946,FALSE,TRUE,FALSE,NA
696617,FALSE,TRUE,TRUE,NA
344778,FALSE,TRUE,FALSE,NA
944254,FALSE,TRUE,FALSE,NA
76733,FALSE,TRUE,TRUE,NA
887328,FALSE,TRUE,FALSE,NA
25975,FALSE,TRUE,FALSE,NA
303233,TRUE,TRUE,FALSE,NA
768464,FALSE,TRUE,FALSE,NA
301053,FALSE,TRUE,FALSE,NA
589304,TRUE,FALSE,FALSE,NA
361442,FALSE,TRUE,FALSE,NA
862997,FALSE,FALSE,FALSE,NA
658733,FALSE,FALSE,FALSE,NA
104450,FALSE,FALSE,TRUE,NA
401951,FALSE,TRUE,FALSE,NA
843979,TRUE,TRUE,FALSE,NA
975061,FALSE,TRUE,FALSE,NA
101107,FALSE,TRUE,FALSE,NA
434840,FALSE,TRUE,FALSE,NA
682843,FALSE,TRUE,FALSE,NA
293744,FALSE,TRUE,TRUE,NA
274221,FALSE,TRUE,FALSE,NA
171663,FALSE,FALSE,FALSE,NA
635221,FALSE,TRUE,FALSE,NA
291291,FALSE,TRUE,FALSE,NA
906775,FALSE,FALSE,FALSE,NA
480060,FALSE,TRUE,TRUE,NA
326037,FALSE,TRUE,FALSE,NA
512295,TRUE,FALSE,FALSE,NA
413747,FALSE,TRUE,FALSE,NA
727378,FALSE,TRUE,FALSE,NA
187991,FALSE,FALSE,FALSE,NA
432390,TRUE,FALSE,FALSE,NA
189721,TRUE,FALSE,TRUE,NA
878149,FALSE,TRUE,FALSE,NA
125434,FALSE,FALSE,TRUE,NA
803203,FALSE,FALSE,FALSE,NA
191110,FALSE,TRUE,FALSE,NA
897388,FALSE,FALSE,FALSE,NA
157567,TRUE,TRUE,FALSE,NA
877554,TRUE,TRUE,FALSE,NA
264705,FALSE,FALSE,FALSE,NA
603983,TRUE,TRUE,FALSE,NA
375376,FALSE,FALSE,FALSE,NA
414186,FALSE,TRUE,FALSE,NA
32840,FALSE,TRUE,TRUE,NA
328413,TRUE,TRUE,FALSE,NA
216544,FALSE,TRUE,FALSE,NA
351528,FALSE,FALSE,FALSE,NA
786963,TRUE,FALSE,FALSE,NA
542430,FALSE,TRUE,FALSE,NA
308151,FALSE,TRUE,FALSE,NA
102021,FALSE,TRUE,FALSE,NA
567532,FALSE,TRUE,FALSE,NA
48725,TRUE,FALSE,FALSE,NA
587350,FALSE,TRUE,FALSE,NA
584615,FALSE,FALSE,FALSE,NA
1544,FALSE,TRUE,FALSE,NA
829950,FALSE,TRUE,FALSE,NA
530032,FALSE,FALSE,FALSE,NA
847530,FALSE,FALSE,FALSE,NA
421165,FALSE,TRUE,FALSE,NA
961687,FALSE,FALSE,FALSE,NA
967,FALSE,TRUE,FALSE,NA
442658,FALSE,FALSE,FALSE,NA
363058,FALSE,TRUE,FALSE,NA
521827,FALSE,FALSE,TRUE,NA
548201,FALSE,TRUE,FALSE,NA
661194,FALSE,TRUE,FALSE,NA
620892,FALSE,FALSE,FALSE,NA
473494,FALSE,TRUE,FALSE,NA
869282,FALSE,TRUE,FALSE,NA
902040,FALSE,FALSE,FALSE,NA
278603,FALSE,TRUE,FALSE,NA
348973,FALSE,TRUE,FALSE,NA
941984,FALSE,TRUE,FALSE,NA
353341,FALSE,TRUE,FALSE,NA
823904,TRUE,TRUE,FALSE,NA
995494,FALSE,TRUE,FALSE,NA
219869,FALSE,FALSE,FALSE,NA
513039,FALSE,FALSE,FALSE,NA
272468,FALSE,TRUE,FALSE,NA
902929,FALSE,TRUE,FALSE,NA
605441,TRUE,TRUE,FALSE,NA
898834,FALSE,FALSE,FALSE,NA
813598,TRUE,TRUE,FALSE,NA
571280,FALSE,FALSE,FALSE,NA
549745,FALSE,TRUE,TRUE,NA
801814,FALSE,TRUE,FALSE,NA
113829,FALSE,TRUE,FALSE,NA
508635,FALSE,TRUE,FALSE,NA
926157,FALSE,FALSE,FALSE,NA
778521,FALSE,FALSE,FALSE,NA
205202,FALSE,TRUE,FALSE,NA
582858,TRUE,TRUE,FALSE,NA
655587,TRUE,TRUE,FALSE,NA
472937,FALSE,TRUE,FALSE,NA
119411,FALSE,FALSE,TRUE,NA
320156,FALSE,TRUE,FALSE,NA
266483,FALSE,TRUE,FALSE,NA
991951,FALSE,TRUE,FALSE,NA
378791,FALSE,TRUE,FALSE,NA
220636,FALSE,TRUE,FALSE,NA
166214,FALSE,TRUE,FALSE,NA
56315,FALSE,TRUE,FALSE,NA
599719,FALSE,FALSE,FALSE,NA
818244,FALSE,FALSE,FALSE,NA
521490,FALSE,TRUE,FALSE,NA
232943,FALSE,TRUE,FALSE,NA
57081,FALSE,TRUE,FALSE,NA
606849,FALSE,TRUE,TRUE,NA
943615,FALSE,FALSE,FALSE,NA
493585,FALSE,TRUE,FALSE,NA
769866,FALSE,FALSE,FALSE,NA
935964,FALSE,FALSE,FALSE,NA
789962,FALSE,TRUE,FALSE,NA
516542,FALSE,FALSE,FALSE,NA
37691,FALSE,TRUE,FALSE,NA
996401,FALSE,TRUE,FALSE,NA
42663,FALSE,TRUE,FALSE,NA
418853,FALSE,FALSE,FALSE,NA
673855,TRUE,TRUE,FALSE,NA
848534,FALSE,TRUE,TRUE,NA
929510,FALSE,TRUE,TRUE,NA
456954,FALSE,TRUE,FALSE,NA
497268,FALSE,TRUE,FALSE,NA
844762,FALSE,TRUE,TRUE,NA
457696,FALSE,FALSE,FALSE,NA
699324,FALSE,TRUE,FALSE,NA
228600,FALSE,TRUE,FALSE,NA
132053,FALSE,TRUE,FALSE,NA
294746,FALSE,TRUE,FALSE,NA
490783,FALSE,TRUE,FALSE,NA
313269,TRUE,TRUE,TRUE,NA
923908,TRUE,TRUE,FALSE,NA
214406,FALSE,TRUE,FALSE,NA
13251,FALSE,FALSE,FALSE,NA
54732,TRUE,FALSE,FALSE,NA
237295,FALSE,TRUE,FALSE,NA
139723,FALSE,FALSE,FALSE,NA
633356,FALSE,FALSE,TRUE,NA
462808,FALSE,FALSE,FALSE,NA
870723,FALSE,TRUE,FALSE,NA
761081,FALSE,TRUE,FALSE,NA
562933,FALSE,TRUE,FALSE,NA
525640,FALSE,TRUE,FALSE,NA
735092,FALSE,TRUE,FALSE,NA
546817,FALSE,TRUE,FALSE,NA
116548,FALSE,FALSE,FALSE,NA
256645,FALSE,TRUE,TRUE,NA
297211,FALSE,TRUE,FALSE,NA
175209,FALSE,TRUE,FALSE,NA
413808,FALSE,FALSE,FALSE,NA
897619,FALSE,TRUE,FALSE,NA
652786,FALSE,TRUE,FALSE,NA
163828,FALSE,TRUE,FALSE,NA
92683,FALSE,TRUE,TRUE,NA
779577,TRUE,TRUE,FALSE,NA
831824,FALSE,TRUE,FALSE,NA
965533,FALSE,TRUE,FALSE,NA
581676,FALSE,FALSE,FALSE,NA
413678,FALSE,TRUE,FALSE,NA
352013,FALSE,FALSE,TRUE,NA
722761,FALSE,TRUE,FALSE,NA
36582,FALSE,TRUE,FALSE,NA
174495,FALSE,TRUE,FALSE,NA
938204,FALSE,TRUE,FALSE,NA
373448,FALSE,TRUE,FALSE,NA
490312,TRUE,TRUE,TRUE,NA
491377,FALSE,FALSE,FALSE,NA
823538,FALSE,TRUE,FALSE,NA
931346,FALSE,TRUE,FALSE,NA
176792,FALSE,TRUE,FALSE,NA
603231,FALSE,TRUE,FALSE,NA
674934,FALSE,FALSE,FALSE,NA
720965,FALSE,TRUE,FALSE,NA
905865,TRUE,TRUE,FALSE,NA
276680,TRUE,TRUE,FALSE,NA
411666,FALSE,TRUE,FALSE,NA
956444,FALSE,TRUE,FALSE,NA
265052,FALSE,FALSE,FALSE,NA
647891,FALSE,TRUE,FALSE,NA
279582,FALSE,TRUE,FALSE,NA
202381,FALSE,TRUE,FALSE,NA
216525,FALSE,TRUE,FALSE,NA
427886,FALSE,FALSE,FALSE,NA
770092,FALSE,TRUE,FALSE,NA
467722,TRUE,TRUE,FALSE,NA
822796,FALSE,TRUE,FALSE,NA
304399,FALSE,TRUE,FALSE,NA
343469,FALSE,TRUE,FALSE,NA
817040,FALSE,FALSE,FALSE,NA
771774,TRUE,TRUE,FALSE,NA
209909,FALSE,TRUE,FALSE,NA
648489,FALSE,TRUE,TRUE,NA
798648,FALSE,FALSE,FALSE,NA
577332,FALSE,TRUE,FALSE,NA
888833,FALSE,TRUE,FALSE,NA
59993,FALSE,TRUE,FALSE,NA
408276,FALSE,FALSE,FALSE,NA
927827,TRUE,TRUE,FALSE,NA
277589,FALSE,TRUE,FALSE,NA
913647,FALSE,TRUE,FALSE,NA
630254,FALSE,TRUE,FALSE,NA
874906,FALSE,TRUE,FALSE,NA
22892,FALSE,FALSE,FALSE,NA
974592,FALSE,TRUE,FALSE,NA
59252,FALSE,TRUE,FALSE,NA
168217,FALSE,TRUE,TRUE,NA
456522,FALSE,TRUE,FALSE,NA
288138,FALSE,FALSE,FALSE,NA
475740,FALSE,TRUE,FALSE,NA
763790,FALSE,TRUE,FALSE,NA
202596,FALSE,FALSE,FALSE,NA
789870,FALSE,TRUE,TRUE,NA
828561,FALSE,FALSE,FALSE,NA
196305,FALSE,TRUE,FALSE,NA
461897,FALSE,TRUE,TRUE,NA
605524,TRUE,FALSE,FALSE,NA
958921,FALSE,TRUE,FALSE,NA
948497,FALSE,FALSE,FALSE,NA
733046,FALSE,TRUE,FALSE,NA
544469,FALSE,FALSE,FALSE,NA
357791,FALSE,FALSE,FALSE,NA
178567,FALSE,TRUE,FALSE,NA
684175,FALSE,TRUE,FALSE,NA
149350,FALSE,TRUE,FALSE,NA
675750,FALSE,FALSE,FALSE,NA
459642,FALSE,FALSE,FALSE,NA
380619,FALSE,TRUE,TRUE,NA
939166,FALSE,FALSE,FALSE,NA
835279,FALSE,TRUE,FALSE,NA
363800,TRUE,TRUE,FALSE,NA
551090,TRUE,TRUE,FALSE,NA
795141,FALSE,TRUE,FALSE,NA
548549,FALSE,TRUE,FALSE,NA
772445,FALSE,FALSE,FALSE,NA
208918,FALSE,FALSE,FALSE,NA
913742,FALSE,TRUE,FALSE,NA
781125,FALSE,TRUE,FALSE,NA
405984,FALSE,FALSE,FALSE,NA
828630,FALSE,FALSE,FALSE,NA
704458,FALSE,FALSE,FALSE,NA
586657,FALSE,TRUE,FALSE,NA
528385,FALSE,FALSE,FALSE,NA
99876,FALSE,TRUE,FALSE,NA
589539,FALSE,TRUE,FALSE,NA
585400,FALSE,TRUE,FALSE,NA
467181,FALSE,FALSE,FALSE,NA
275965,FALSE,TRUE,FALSE,NA
832133,FALSE,TRUE,FALSE,NA
583792,FALSE,TRUE,FALSE,NA
848596,FALSE,TRUE,FALSE,NA
455767,TRUE,TRUE,FALSE,NA
506333,FALSE,TRUE,FALSE,NA
89165,FALSE,TRUE,FALSE,NA
311153,FALSE,TRUE,FALSE,NA
867394,FALSE,FALSE,FALSE,NA
344449,FALSE,FALSE,FALSE,NA
553740,FALSE,TRUE,FALSE,NA
864601,FALSE,TRUE,FALSE,NA
543946,FALSE,TRUE,FALSE,NA
108911,FALSE,TRUE,FALSE,NA
794100,FALSE,TRUE,TRUE,NA
305341,FALSE,FALSE,FALSE,NA
767270,FALSE,TRUE,FALSE,NA
685878,TRUE,TRUE,FALSE,NA
843998,FALSE,FALSE,FALSE,NA
24404,FALSE,FALSE,FALSE,NA
937188,FALSE,FALSE,FALSE,NA
484542,FALSE,FALSE,FALSE,NA
251330,FALSE,TRUE,FALSE,NA
624876,FALSE,TRUE,TRUE,NA
565667,FALSE,TRUE,FALSE,NA
879725,FALSE,TRUE,FALSE,NA
950230,FALSE,TRUE,FALSE,NA
69679,FALSE,FALSE,FALSE,NA
554434,TRUE,TRUE,FALSE,NA
738103,FALSE,TRUE,TRUE,NA
680045,FALSE,TRUE,FALSE,NA
963288,FALSE,TRUE,FALSE,NA
460590,FALSE,TRUE,FALSE,NA
362639,FALSE,TRUE,FALSE,NA
247607,FALSE,TRUE,TRUE,NA
124651,FALSE,FALSE,FALSE,NA
510459,FALSE,TRUE,FALSE,NA
167273,FALSE,TRUE,FALSE,NA
110527,FALSE,TRUE,FALSE,NA
336737,TRUE,FALSE,FALSE,NA
817020,FALSE,FALSE,FALSE,NA
110404,FALSE,TRUE,FALSE,NA
261308,FALSE,TRUE,FALSE,NA
47423,FALSE,TRUE,FALSE,NA
256311,TRUE,FALSE,FALSE,NA
487985,FALSE,TRUE,FALSE,NA
324080,FALSE,TRUE,FALSE,NA
340548,FALSE,TRUE,FALSE,NA
326889,FALSE,TRUE,FALSE,NA
936301,FALSE,TRUE,FALSE,NA
798596,FALSE,FALSE,FALSE,NA
85216,FALSE,FALSE,FALSE,NA
296594,FALSE,TRUE,FALSE,NA
376149,FALSE,TRUE,FALSE,NA
243041,FALSE,TRUE,FALSE,NA
110748,FALSE,TRUE,FALSE,NA
712880,FALSE,TRUE,FALSE,NA
73156,FALSE,TRUE,FALSE,NA
983659,FALSE,TRUE,FALSE,NA
327277,FALSE,TRUE,FALSE,NA
834042,FALSE,FALSE,TRUE,NA
428660,FALSE,TRUE,FALSE,NA
113419,FALSE,TRUE,FALSE,NA
188960,FALSE,TRUE,FALSE,NA
106410,FALSE,FALSE,FALSE,NA
882426,FALSE,TRUE,FALSE,NA
4694,FALSE,TRUE,FALSE,NA
195766,FALSE,TRUE,FALSE,NA
381312,FALSE,FALSE,FALSE,NA
510994,FALSE,FALSE,FALSE,NA
364586,FALSE,TRUE,FALSE,NA
184791,FALSE,FALSE,FALSE,NA
650758,FALSE,TRUE,FALSE,NA
364030,FALSE,TRUE,FALSE,NA
334878,FALSE,FALSE,FALSE,NA
66942,FALSE,TRUE,FALSE,NA
108589,FALSE,TRUE,FALSE,NA
331068,FALSE,FALSE,FALSE,NA
60054,FALSE,TRUE,FALSE,NA
169153,FALSE,TRUE,FALSE,NA
629689,FALSE,TRUE,FALSE,NA
444623,TRUE,TRUE,FALSE,NA
964052,FALSE,TRUE,FALSE,NA
774212,FALSE,FALSE,FALSE,NA
549333,FALSE,TRUE,TRUE,NA
984763,FALSE,TRUE,FALSE,NA
250230,FALSE,FALSE,FALSE,NA
578140,TRUE,TRUE,FALSE,NA
81734,TRUE,TRUE,FALSE,NA
993945,FALSE,TRUE,FALSE,NA
172934,TRUE,FALSE,FALSE,NA
142299,FALSE,FALSE,FALSE,NA
211688,FALSE,FALSE,FALSE,NA
952409,FALSE,FALSE,FALSE,NA
783197,FALSE,TRUE,FALSE,NA
261955,FALSE,TRUE,FALSE,NA
385193,FALSE,FALSE,FALSE,NA
921915,FALSE,TRUE,FALSE,NA
222900,FALSE,FALSE,FALSE,NA
818206,FALSE,TRUE,FALSE,NA
687879,FALSE,TRUE,TRUE,NA
750778,FALSE,TRUE,FALSE,NA
950327,FALSE,TRUE,FALSE,NA
171435,FALSE,FALSE,TRUE,NA
4759,FALSE,TRUE,FALSE,NA
114862,FALSE,TRUE,FALSE,NA
946431,FALSE,FALSE,FALSE,NA
206508,FALSE,TRUE,FALSE,NA
602085,FALSE,FALSE,FALSE,NA
675309,TRUE,FALSE,FALSE,NA
910248,FALSE,FALSE,FALSE,NA
153996,TRUE,TRUE,FALSE,NA
152941,TRUE,FALSE,FALSE,NA
722084,FALSE,TRUE,FALSE,NA
981237,FALSE,TRUE,FALSE,NA
50346,FALSE,TRUE,FALSE,NA
983403,FALSE,TRUE,FALSE,NA
36033,FALSE,TRUE,FALSE,NA
594691,FALSE,TRUE,FALSE,NA
67621,FALSE,TRUE,FALSE,NA
838611,FALSE,FALSE,FALSE,NA
472345,FALSE,TRUE,FALSE,NA
450900,FALSE,TRUE,FALSE,NA
218449,FALSE,TRUE,FALSE,NA
9777,FALSE,FALSE,FALSE,NA
331702,FALSE,TRUE,FALSE,NA
625801,FALSE,FALSE,FALSE,NA
816137,TRUE,TRUE,FALSE,NA
158292,FALSE,TRUE,FALSE,NA
994912,TRUE,FALSE,FALSE,NA
897019,FALSE,TRUE,FALSE,NA
359001,FALSE,FALSE,TRUE,NA
889322,FALSE,TRUE,TRUE,NA
757149,FALSE,TRUE,FALSE,NA
34735,FALSE,TRUE,FALSE,NA
385688,FALSE,FALSE,FALSE,NA
942512,FALSE,TRUE,FALSE,NA
802253,FALSE,TRUE,FALSE,NA
851373,FALSE,TRUE,FALSE,NA
517541,FALSE,TRUE,FALSE,NA
242419,FALSE,TRUE,FALSE,NA
804124,TRUE,TRUE,TRUE,NA
106059,FALSE,FALSE,FALSE,NA
584048,FALSE,TRUE,TRUE,NA
616170,FALSE,TRUE,FALSE,NA
494990,FALSE,TRUE,FALSE,NA
966711,TRUE,FALSE,TRUE,NA
939492,FALSE,TRUE,TRUE,NA
134181,FALSE,TRUE,TRUE,NA
643452,FALSE,TRUE,FALSE,NA
634422,FALSE,TRUE,TRUE,NA
563548,FALSE,TRUE,FALSE,NA
814472,TRUE,TRUE,FALSE,NA
743724,FALSE,TRUE,FALSE,NA
491580,FALSE,TRUE,FALSE,NA
965876,FALSE,FALSE,FALSE,NA
956101,FALSE,TRUE,FALSE,NA
248454,FALSE,TRUE,FALSE,NA
376109,FALSE,TRUE,FALSE,NA
454569,FALSE,FALSE,FALSE,NA
354405,FALSE,TRUE,FALSE,NA
697208,TRUE,TRUE,FALSE,NA
433943,FALSE,TRUE,FALSE,NA
751880,FALSE,FALSE,FALSE,NA
397660,FALSE,FALSE,FALSE,NA
955535,FALSE,TRUE,FALSE,NA
748292,FALSE,TRUE,FALSE,NA
335261,FALSE,TRUE,FALSE,NA
581583,FALSE,FALSE,FALSE,NA
374350,FALSE,FALSE,FALSE,NA
189041,FALSE,FALSE,FALSE,NA
585736,FALSE,TRUE,FALSE,NA
42630,FALSE,FALSE,FALSE,NA
612688,FALSE,FALSE,FALSE,NA
862282,FALSE,TRUE,FALSE,NA
473172,FALSE,FALSE,FALSE,NA
486161,FALSE,FALSE,TRUE,NA
59648,FALSE,TRUE,FALSE,NA
267313,FALSE,FALSE,FALSE,NA
780224,FALSE,TRUE,FALSE,NA
324337,FALSE,TRUE,FALSE,NA
804813,FALSE,TRUE,FALSE,NA
208219,FALSE,FALSE,FALSE,NA
914903,TRUE,TRUE,FALSE,NA
232045,FALSE,TRUE,FALSE,NA
322202,FALSE,TRUE,FALSE,NA
497485,FALSE,TRUE,FALSE,NA
329779,FALSE,TRUE,FALSE,NA
844766,TRUE,TRUE,FALSE,NA
264785,FALSE,TRUE,FALSE,NA
572665,FALSE,TRUE,FALSE,NA
323485,FALSE,FALSE,FALSE,NA
918060,FALSE,FALSE,FALSE,NA
221019,FALSE,TRUE,FALSE,NA
92222,TRUE,FALSE,FALSE,NA
799807,FALSE,TRUE,FALSE,NA
479077,FALSE,TRUE,FALSE,NA
306372,TRUE,TRUE,FALSE,NA
969302,FALSE,TRUE,FALSE,NA
227001,TRUE,TRUE,TRUE,NA
244810,FALSE,TRUE,FALSE,NA
796109,FALSE,TRUE,FALSE,NA
34708,FALSE,TRUE,FALSE,NA
853385,FALSE,FALSE,FALSE,NA
346847,FALSE,TRUE,FALSE,NA
365710,FALSE,TRUE,FALSE,NA
340201,FALSE,FALSE,FALSE,NA
353478,FALSE,FALSE,FALSE,NA
653966,FALSE,TRUE,FALSE,NA
838066,TRUE,TRUE,FALSE,NA
502702,TRUE,TRUE,TRUE,NA
944103,FALSE,FALSE,TRUE,NA
664167,FALSE,TRUE,FALSE,NA
509815,FALSE,TRUE,FALSE,NA
331116,FALSE,TRUE,FALSE,NA
317927,FALSE,FALSE,FALSE,NA
289434,FALSE,TRUE,TRUE,NA
217232,FALSE,TRUE,FALSE,NA
649062,FALSE,TRUE,FALSE,NA
460627,FALSE,TRUE,FALSE,NA
403075,FALSE,TRUE,FALSE,NA
124617,FALSE,TRUE,FALSE,NA
858758,FALSE,FALSE,FALSE,NA
136724,FALSE,TRUE,FALSE,NA
545720,FALSE,FALSE,FALSE,NA
751399,TRUE,TRUE,FALSE,NA
766101,FALSE,FALSE,FALSE,NA
821006,FALSE,TRUE,FALSE,NA
684585,FALSE,TRUE,FALSE,NA
893049,FALSE,TRUE,FALSE,NA
308301,FALSE,FALSE,TRUE,NA
178082,TRUE,TRUE,FALSE,NA
266058,FALSE,TRUE,FALSE,NA
601459,TRUE,FALSE,FALSE,NA
539606,TRUE,TRUE,FALSE,NA
997181,FALSE,TRUE,FALSE,NA
828997,FALSE,FALSE,FALSE,NA
344160,FALSE,TRUE,FALSE,NA
778077,FALSE,TRUE,FALSE,NA
406886,FALSE,TRUE,FALSE,NA
759007,FALSE,TRUE,FALSE,NA
345427,FALSE,TRUE,FALSE,NA
709427,FALSE,TRUE,FALSE,NA
564279,TRUE,TRUE,FALSE,NA
789759,FALSE,TRUE,FALSE,NA
315809,FALSE,TRUE,FALSE,NA
145103,FALSE,TRUE,FALSE,NA
148292,FALSE,TRUE,FALSE,NA
289071,FALSE,TRUE,FALSE,NA
202097,FALSE,TRUE,FALSE,NA
698496,FALSE,TRUE,FALSE,NA
999324,FALSE,TRUE,FALSE,NA
499137,FALSE,TRUE,FALSE,NA
213198,FALSE,TRUE,FALSE,NA
751230,FALSE,TRUE,FALSE,NA
757829,FALSE,FALSE,FALSE,NA
832400,FALSE,TRUE,FALSE,NA
496835,TRUE,TRUE,FALSE,NA
550596,TRUE,TRUE,TRUE,NA
502261,FALSE,FALSE,FALSE,NA
104033,FALSE,TRUE,FALSE,NA
202531,FALSE,TRUE,FALSE,NA
775796,FALSE,FALSE,FALSE,NA
129271,FALSE,TRUE,FALSE,NA
761983,FALSE,TRUE,TRUE,NA
849567,TRUE,TRUE,FALSE,NA
440260,FALSE,FALSE,FALSE,NA
843844,FALSE,TRUE,FALSE,NA
902914,FALSE,TRUE,FALSE,NA
293338,FALSE,TRUE,FALSE,NA
769917,FALSE,TRUE,FALSE,NA
270470,FALSE,FALSE,FALSE,NA
518973,FALSE,FALSE,TRUE,NA
153480,FALSE,FALSE,FALSE,NA
395332,FALSE,TRUE,FALSE,NA
374419,FALSE,TRUE,FALSE,NA
86454,FALSE,TRUE,TRUE,NA
868894,FALSE,TRUE,FALSE,NA
789747,FALSE,TRUE,FALSE,NA
780328,FALSE,TRUE,FALSE,NA
537009,FALSE,TRUE,FALSE,NA
702465,FALSE,TRUE,FALSE,NA
356115,FALSE,TRUE,FALSE,NA
172939,FALSE,TRUE,FALSE,NA
91263,FALSE,TRUE,TRUE,NA
807567,FALSE,TRUE,FALSE,NA
363072,FALSE,TRUE,TRUE,NA
156774,FALSE,TRUE,FALSE,NA
593331,FALSE,TRUE,FALSE,NA
858143,FALSE,TRUE,FALSE,NA
924221,FALSE,TRUE,FALSE,NA
732859,FALSE,TRUE,FALSE,NA
442873,FALSE,TRUE,TRUE,NA
910455,TRUE,TRUE,FALSE,NA
647560,FALSE,TRUE,FALSE,NA
46221,FALSE,TRUE,FALSE,NA
673625,FALSE,TRUE,FALSE,NA
386377,FALSE,TRUE,FALSE,NA
278132,FALSE,TRUE,FALSE,NA
222100,FALSE,FALSE,TRUE,NA
264755,FALSE,TRUE,FALSE,NA
930691,FALSE,TRUE,FALSE,NA
813747,FALSE,TRUE,FALSE,NA
983503,FALSE,TRUE,FALSE,NA
517233,FALSE,FALSE,FALSE,NA
431885,FALSE,TRUE,FALSE,NA
450671,FALSE,TRUE,FALSE,NA
889505,FALSE,FALSE,FALSE,NA
757939,FALSE,FALSE,TRUE,NA
46824,FALSE,FALSE,FALSE,NA
639556,FALSE,TRUE,FALSE,NA
491543,FALSE,TRUE,FALSE,NA
957712,FALSE,TRUE,FALSE,NA
665015,FALSE,TRUE,FALSE,NA
543634,FALSE,TRUE,FALSE,NA
871000,FALSE,TRUE,FALSE,NA
121387,FALSE,TRUE,TRUE,NA
883714,FALSE,TRUE,FALSE,NA
141680,FALSE,TRUE,FALSE,NA
952742,FALSE,FALSE,FALSE,NA
42977,FALSE,TRUE,FALSE,NA
666648,FALSE,TRUE,FALSE,NA
848000,FALSE,TRUE,FALSE,NA
383638,FALSE,TRUE,FALSE,NA
224568,FALSE,TRUE,FALSE,NA
277471,FALSE,TRUE,FALSE,NA
431782,FALSE,TRUE,FALSE,NA
306068,FALSE,TRUE,FALSE,NA
867747,TRUE,TRUE,TRUE,NA
67713,FALSE,TRUE,FALSE,NA
306906,TRUE,TRUE,FALSE,NA
606731,FALSE,TRUE,FALSE,NA
541611,FALSE,FALSE,FALSE,NA
31013,FALSE,TRUE,FALSE,NA
328946,FALSE,TRUE,FALSE,NA
702480,FALSE,FALSE,FALSE,NA
774129,FALSE,TRUE,FALSE,NA
165160,FALSE,TRUE,FALSE,NA
375839,FALSE,FALSE,FALSE,NA
808060,FALSE,FALSE,FALSE,NA
50589,FALSE,TRUE,TRUE,NA
83737,FALSE,TRUE,FALSE,NA
259038,FALSE,TRUE,FALSE,NA
376188,FALSE,FALSE,FALSE,NA
335308,FALSE,FALSE,FALSE,NA
281409,FALSE,TRUE,FALSE,NA
155280,FALSE,TRUE,FALSE,NA
576405,FALSE,FALSE,TRUE,NA
289136,FALSE,TRUE,TRUE,NA
311749,FALSE,TRUE,FALSE,NA
199927,FALSE,TRUE,FALSE,NA
319363,TRUE,TRUE,FALSE,NA
174617,FALSE,TRUE,FALSE,NA
628041,FALSE,FALSE,FALSE,NA
367255,FALSE,TRUE,FALSE,NA
71204,FALSE,TRUE,FALSE,NA
511306,FALSE,TRUE,FALSE,NA
324149,TRUE,TRUE,FALSE,NA
676933,FALSE,FALSE,FALSE,NA
443808,FALSE,TRUE,FALSE,NA
519355,FALSE,TRUE,FALSE,NA
809230,FALSE,TRUE,FALSE,NA
489259,FALSE,FALSE,FALSE,NA
615486,FALSE,TRUE,TRUE,NA
32930,FALSE,TRUE,TRUE,NA
144549,FALSE,TRUE,FALSE,NA
510826,FALSE,TRUE,FALSE,NA
501061,FALSE,TRUE,FALSE,NA
621009,FALSE,TRUE,FALSE,NA
776454,TRUE,TRUE,FALSE,NA
658867,FALSE,TRUE,FALSE,NA
759464,FALSE,TRUE,FALSE,NA
380094,FALSE,TRUE,FALSE,NA
238353,TRUE,TRUE,FALSE,NA
685565,FALSE,TRUE,FALSE,NA
327761,FALSE,TRUE,FALSE,NA
870899,FALSE,TRUE,FALSE,NA
307943,FALSE,TRUE,FALSE,NA
247417,FALSE,FALSE,FALSE,NA
503645,FALSE,TRUE,FALSE,NA
893750,FALSE,TRUE,FALSE,NA
700962,FALSE,TRUE,FALSE,NA
639190,FALSE,TRUE,TRUE,NA
238176,FALSE,TRUE,FALSE,NA
543494,FALSE,TRUE,TRUE,NA
627652,FALSE,FALSE,FALSE,NA
555263,FALSE,TRUE,FALSE,NA
549808,FALSE,TRUE,TRUE,NA
621833,FALSE,TRUE,FALSE,NA
805441,FALSE,TRUE,TRUE,NA
435053,TRUE,TRUE,FALSE,NA
796073,FALSE,TRUE,FALSE,NA
645885,TRUE,TRUE,FALSE,NA
731888,FALSE,TRUE,FALSE,NA
941174,FALSE,TRUE,FALSE,NA
892430,FALSE,TRUE,FALSE,NA
132347,FALSE,FALSE,FALSE,NA
425132,TRUE,TRUE,FALSE,NA
621344,FALSE,FALSE,FALSE,NA
880835,FALSE,FALSE,FALSE,NA
146849,TRUE,TRUE,FALSE,NA
234246,FALSE,TRUE,FALSE,NA
787443,FALSE,TRUE,FALSE,NA
947637,FALSE,TRUE,FALSE,NA
418580,FALSE,TRUE,FALSE,NA
657764,FALSE,TRUE,FALSE,NA
597227,FALSE,TRUE,FALSE,NA
757814,FALSE,TRUE,FALSE,NA
69138,FALSE,TRUE,FALSE,NA
538988,FALSE,TRUE,FALSE,NA
939792,FALSE,TRUE,FALSE,NA
893614,FALSE,TRUE,FALSE,NA
980411,FALSE,FALSE,FALSE,NA
646063,FALSE,TRUE,FALSE,NA
779216,FALSE,TRUE,FALSE,NA
959636,FALSE,TRUE,FALSE,NA
918109,TRUE,TRUE,FALSE,NA
505429,FALSE,FALSE,FALSE,NA
144303,FALSE,FALSE,FALSE,NA
659871,FALSE,TRUE,FALSE,NA
412863,FALSE,FALSE,FALSE,NA
338530,FALSE,TRUE,FALSE,NA
854197,FALSE,TRUE,FALSE,NA
297331,FALSE,TRUE,FALSE,NA
194309,TRUE,TRUE,FALSE,NA
532506,FALSE,TRUE,TRUE,NA
257445,TRUE,TRUE,FALSE,NA
956781,FALSE,FALSE,FALSE,NA
541112,FALSE,TRUE,FALSE,NA
953808,FALSE,FALSE,FALSE,NA
695163,FALSE,TRUE,FALSE,NA
608536,TRUE,TRUE,FALSE,NA
552765,FALSE,TRUE,FALSE,NA
459358,FALSE,TRUE,FALSE,NA
784737,FALSE,FALSE,FALSE,NA
624228,FALSE,FALSE,FALSE,NA
58502,FALSE,TRUE,FALSE,NA
923750,TRUE,TRUE,TRUE,NA
356915,FALSE,TRUE,FALSE,NA
197013,FALSE,TRUE,FALSE,NA
960301,FALSE,FALSE,FALSE,NA
623694,FALSE,TRUE,FALSE,NA
297489,FALSE,TRUE,FALSE,NA
168359,FALSE,TRUE,FALSE,NA
402661,FALSE,FALSE,FALSE,NA
358067,FALSE,TRUE,FALSE,NA
613522,FALSE,TRUE,FALSE,NA
832616,TRUE,TRUE,FALSE,NA
148127,FALSE,TRUE,FALSE,NA
62880,FALSE,TRUE,FALSE,NA
251862,FALSE,TRUE,FALSE,NA
482471,FALSE,TRUE,FALSE,NA
412027,FALSE,TRUE,FALSE,NA
9567,FALSE,FALSE,FALSE,NA
313372,FALSE,FALSE,TRUE,NA
960517,TRUE,FALSE,FALSE,NA
773310,FALSE,TRUE,FALSE,NA
540556,FALSE,TRUE,FALSE,NA
581470,FALSE,FALSE,FALSE,NA
234940,FALSE,TRUE,FALSE,NA
245307,FALSE,TRUE,FALSE,NA
696691,FALSE,TRUE,FALSE,NA
655082,TRUE,TRUE,FALSE,NA
495485,FALSE,TRUE,FALSE,NA
689106,FALSE,TRUE,FALSE,NA
646234,TRUE,TRUE,TRUE,NA
682792,FALSE,FALSE,TRUE,NA
91454,FALSE,TRUE,FALSE,NA
929070,FALSE,TRUE,TRUE,NA
90799,FALSE,TRUE,FALSE,NA
626974,FALSE,TRUE,FALSE,NA
874534,FALSE,TRUE,FALSE,NA
630252,FALSE,TRUE,FALSE,NA
269965,FALSE,TRUE,FALSE,NA
66561,FALSE,TRUE,FALSE,NA
268383,FALSE,TRUE,FALSE,NA
441722,FALSE,TRUE,FALSE,NA
799746,FALSE,TRUE,FALSE,NA
531641,TRUE,TRUE,FALSE,NA
249348,FALSE,TRUE,FALSE,NA
163638,FALSE,TRUE,FALSE,NA
745320,FALSE,FALSE,FALSE,NA
446959,TRUE,TRUE,FALSE,NA
155847,FALSE,TRUE,FALSE,NA
648169,FALSE,TRUE,TRUE,NA
346707,FALSE,TRUE,FALSE,NA
422443,FALSE,TRUE,FALSE,NA
782025,FALSE,FALSE,FALSE,NA
495201,FALSE,TRUE,FALSE,NA
591684,FALSE,TRUE,FALSE,NA
873052,FALSE,TRUE,TRUE,NA
765841,FALSE,FALSE,FALSE,NA
389419,FALSE,TRUE,FALSE,NA
441075,FALSE,FALSE,FALSE,NA
600346,FALSE,TRUE,FALSE,NA
287012,FALSE,TRUE,FALSE,NA
649264,FALSE,TRUE,FALSE,NA
925744,FALSE,FALSE,FALSE,NA
918289,FALSE,FALSE,FALSE,NA
200277,FALSE,TRUE,FALSE,NA
497825,FALSE,TRUE,FALSE,NA
940183,FALSE,TRUE,FALSE,NA
466975,TRUE,FALSE,FALSE,NA
582544,FALSE,TRUE,FALSE,NA
35798,FALSE,TRUE,FALSE,NA
588150,FALSE,TRUE,FALSE,NA
726794,FALSE,TRUE,FALSE,NA
776684,FALSE,TRUE,TRUE,NA
331959,FALSE,TRUE,FALSE,NA
922702,FALSE,TRUE,FALSE,NA
299996,FALSE,FALSE,FALSE,NA
427196,FALSE,TRUE,FALSE,NA
527149,FALSE,TRUE,FALSE,NA
434820,FALSE,TRUE,FALSE,NA
466651,FALSE,TRUE,FALSE,NA
754515,FALSE,FALSE,FALSE,NA
725411,FALSE,TRUE,FALSE,NA
741304,TRUE,TRUE,FALSE,NA
538282,FALSE,TRUE,FALSE,NA
409235,FALSE,TRUE,FALSE,NA
113146,FALSE,FALSE,FALSE,NA
99055,FALSE,TRUE,FALSE,NA
611236,FALSE,FALSE,FALSE,NA
451622,FALSE,TRUE,FALSE,NA
964996,TRUE,TRUE,FALSE,NA
122771,FALSE,TRUE,FALSE,NA
559630,FALSE,TRUE,FALSE,NA
870511,FALSE,TRUE,FALSE,NA
328958,FALSE,TRUE,FALSE,NA
670874,FALSE,TRUE,TRUE,NA
595482,FALSE,TRUE,FALSE,NA
313339,FALSE,FALSE,FALSE,NA
40409,FALSE,TRUE,FALSE,NA
507902,FALSE,TRUE,FALSE,NA
686175,FALSE,TRUE,FALSE,NA
482270,FALSE,TRUE,FALSE,NA
338954,FALSE,TRUE,FALSE,NA
371507,FALSE,TRUE,FALSE,NA
263192,FALSE,TRUE,FALSE,NA
15420,FALSE,TRUE,FALSE,NA
281086,FALSE,TRUE,FALSE,NA
991646,TRUE,FALSE,FALSE,NA
419874,FALSE,TRUE,FALSE,NA
738601,FALSE,TRUE,FALSE,NA
5614,TRUE,FALSE,FALSE,NA
286834,FALSE,FALSE,FALSE,NA
985210,FALSE,TRUE,TRUE,NA
262038,FALSE,FALSE,FALSE,NA
529788,FALSE,FALSE,FALSE,NA
314854,FALSE,TRUE,FALSE,NA
834106,TRUE,TRUE,FALSE,NA
104900,FALSE,TRUE,FALSE,NA
695588,FALSE,TRUE,FALSE,NA
494088,FALSE,TRUE,FALSE,NA
832041,FALSE,TRUE,FALSE,NA
87361,FALSE,TRUE,FALSE,NA
715207,FALSE,TRUE,FALSE,NA
713970,FALSE,TRUE,FALSE,NA
466521,FALSE,TRUE,FALSE,NA
84038,FALSE,TRUE,FALSE,NA
153425,FALSE,TRUE,FALSE,NA
436280,FALSE,FALSE,FALSE,NA
314869,FALSE,TRUE,FALSE,NA
827175,FALSE,TRUE,FALSE,NA
196122,FALSE,TRUE,FALSE,NA
180403,FALSE,FALSE,FALSE,NA
784809,FALSE,TRUE,FALSE,NA
263456,TRUE,FALSE,FALSE,NA
471074,FALSE,TRUE,FALSE,NA
34154,FALSE,FALSE,FALSE,NA
967792,FALSE,TRUE,FALSE,NA
270512,FALSE,TRUE,FALSE,NA
510776,FALSE,TRUE,FALSE,NA
298491,FALSE,TRUE,FALSE,NA
708500,FALSE,TRUE,FALSE,NA
115987,FALSE,FALSE,FALSE,NA
986126,FALSE,TRUE,FALSE,NA
434887,FALSE,FALSE,FALSE,NA
835789,FALSE,TRUE,FALSE,NA
758523,FALSE,TRUE,FALSE,NA
832066,TRUE,TRUE,TRUE,NA
80557,FALSE,TRUE,FALSE,NA
394374,FALSE,TRUE,FALSE,NA
389918,FALSE,TRUE,FALSE,NA
474763,FALSE,FALSE,FALSE,NA
931041,TRUE,TRUE,FALSE,NA
583456,TRUE,TRUE,FALSE,NA
779997,FALSE,TRUE,FALSE,NA
27851,FALSE,TRUE,FALSE,NA
344624,FALSE,TRUE,FALSE,NA
660597,FALSE,FALSE,FALSE,NA
431313,FALSE,FALSE,FALSE,NA
933986,FALSE,TRUE,FALSE,NA
471529,FALSE,FALSE,FALSE,NA
603247,FALSE,TRUE,FALSE,NA
238449,FALSE,TRUE,FALSE,NA
356919,TRUE,FALSE,FALSE,NA
418541,FALSE,TRUE,FALSE,NA
663030,TRUE,FALSE,FALSE,NA
130946,FALSE,TRUE,FALSE,NA
180014,TRUE,TRUE,FALSE,NA
634625,FALSE,TRUE,FALSE,NA
416914,FALSE,TRUE,FALSE,NA
982117,FALSE,TRUE,FALSE,NA
332492,FALSE,FALSE,FALSE,NA
944124,FALSE,TRUE,FALSE,NA
144463,FALSE,FALSE,FALSE,NA
640326,FALSE,FALSE,FALSE,NA
942633,TRUE,TRUE,FALSE,NA
384737,FALSE,TRUE,TRUE,NA
881015,FALSE,FALSE,FALSE,NA
299999,FALSE,FALSE,FALSE,NA
529976,FALSE,TRUE,FALSE,NA
875188,FALSE,TRUE,FALSE,NA
714264,FALSE,TRUE,FALSE,NA
50513,TRUE,TRUE,FALSE,NA
56435,FALSE,TRUE,FALSE,NA
455334,FALSE,TRUE,FALSE,NA
10490,FALSE,TRUE,FALSE,NA
777335,TRUE,TRUE,FALSE,NA
336283,TRUE,FALSE,FALSE,NA
953233,FALSE,FALSE,FALSE,NA
194920,FALSE,TRUE,FALSE,NA
770308,FALSE,TRUE,FALSE,NA
707402,FALSE,TRUE,FALSE,NA
418082,FALSE,TRUE,FALSE,NA
234849,FALSE,FALSE,TRUE,NA
967216,FALSE,TRUE,FALSE,NA
350070,FALSE,FALSE,FALSE,NA
322898,FALSE,TRUE,FALSE,NA
957356,TRUE,TRUE,FALSE,NA
111211,FALSE,TRUE,FALSE,NA
377015,FALSE,TRUE,FALSE,NA
980102,FALSE,TRUE,FALSE,NA
871006,FALSE,TRUE,FALSE,NA
765174,TRUE,TRUE,FALSE,NA
488077,FALSE,TRUE,FALSE,NA
28584,TRUE,FALSE,FALSE,NA
607632,TRUE,TRUE,FALSE,NA
959796,FALSE,TRUE,FALSE,NA
517135,FALSE,FALSE,FALSE,NA
768737,FALSE,FALSE,FALSE,NA
2482,FALSE,TRUE,FALSE,NA
413604,FALSE,TRUE,FALSE,NA
470550,FALSE,FALSE,FALSE,NA
693996,FALSE,TRUE,FALSE,NA
395536,FALSE,TRUE,FALSE,NA
250024,FALSE,FALSE,FALSE,NA
572676,TRUE,TRUE,FALSE,NA
370160,FALSE,TRUE,FALSE,NA
896002,FALSE,TRUE,FALSE,NA
685150,FALSE,TRUE,FALSE,NA
752754,FALSE,TRUE,FALSE,NA
249234,FALSE,FALSE,FALSE,NA
883328,FALSE,FALSE,FALSE,NA
290264,FALSE,FALSE,FALSE,NA
427699,FALSE,TRUE,FALSE,NA
450681,FALSE,TRUE,FALSE,NA
843107,FALSE,TRUE,FALSE,NA
668179,FALSE,TRUE,FALSE,NA
188163,FALSE,FALSE,FALSE,NA
369239,FALSE,FALSE,FALSE,NA
991488,FALSE,TRUE,FALSE,NA
513529,FALSE,FALSE,FALSE,NA
808327,FALSE,TRUE,TRUE,NA
678653,FALSE,TRUE,FALSE,NA
208386,FALSE,TRUE,FALSE,NA
582734,FALSE,TRUE,FALSE,NA
476542,FALSE,FALSE,FALSE,NA
760008,FALSE,TRUE,TRUE,NA
844967,FALSE,TRUE,FALSE,NA
691521,FALSE,TRUE,FALSE,NA
207088,FALSE,FALSE,FALSE,NA
59907,FALSE,TRUE,FALSE,NA
33545,FALSE,TRUE,FALSE,NA
374317,FALSE,TRUE,FALSE,NA
601997,FALSE,FALSE,FALSE,NA
565419,FALSE,TRUE,FALSE,NA
646230,FALSE,TRUE,FALSE,NA
144986,FALSE,TRUE,FALSE,NA
320201,FALSE,TRUE,FALSE,NA
893227,FALSE,TRUE,FALSE,NA
537265,FALSE,TRUE,FALSE,NA
591373,FALSE,FALSE,FALSE,NA
362519,FALSE,TRUE,FALSE,NA
971414,TRUE,FALSE,FALSE,NA
297846,FALSE,TRUE,FALSE,NA
771084,TRUE,TRUE,FALSE,NA
785035,FALSE,TRUE,TRUE,NA
679035,FALSE,TRUE,FALSE,NA
190491,FALSE,TRUE,FALSE,NA
255237,FALSE,TRUE,FALSE,NA
977390,FALSE,TRUE,FALSE,NA
775061,FALSE,TRUE,FALSE,NA
501564,FALSE,TRUE,FALSE,NA
526625,TRUE,TRUE,FALSE,NA
451030,FALSE,TRUE,FALSE,NA
986714,FALSE,FALSE,TRUE,NA
356717,FALSE,TRUE,FALSE,NA
236228,FALSE,FALSE,FALSE,NA
474789,FALSE,FALSE,TRUE,NA
507076,FALSE,TRUE,FALSE,NA
376328,FALSE,TRUE,FALSE,NA
739544,FALSE,TRUE,TRUE,NA
854730,FALSE,TRUE,FALSE,NA
297347,FALSE,TRUE,FALSE,NA
359575,FALSE,TRUE,FALSE,NA
235227,FALSE,FALSE,FALSE,NA
947347,FALSE,FALSE,FALSE,NA
37501,FALSE,TRUE,FALSE,NA
984110,FALSE,FALSE,FALSE,NA
850808,FALSE,TRUE,FALSE,NA
125593,FALSE,FALSE,FALSE,NA
353283,FALSE,FALSE,TRUE,NA
913959,FALSE,TRUE,FALSE,NA
608538,FALSE,TRUE,FALSE,NA
980219,FALSE,TRUE,FALSE,NA
882132,FALSE,TRUE,FALSE,NA
326060,FALSE,TRUE,TRUE,NA
131402,FALSE,TRUE,FALSE,NA
136518,TRUE,TRUE,FALSE,NA
430998,TRUE,TRUE,FALSE,NA
102873,FALSE,FALSE,FALSE,NA
130471,FALSE,FALSE,FALSE,NA
36265,FALSE,TRUE,FALSE,NA
96575,TRUE,TRUE,FALSE,NA
896537,FALSE,FALSE,FALSE,NA
626163,FALSE,FALSE,FALSE,NA
2357,FALSE,TRUE,FALSE,NA
923215,FALSE,TRUE,FALSE,NA
960151,FALSE,TRUE,TRUE,NA
395839,FALSE,TRUE,FALSE,NA
350812,TRUE,FALSE,FALSE,NA
191968,FALSE,TRUE,FALSE,NA
293475,FALSE,TRUE,FALSE,NA
654662,FALSE,FALSE,FALSE,NA
796229,TRUE,TRUE,FALSE,NA
796992,FALSE,TRUE,FALSE,NA
374599,TRUE,TRUE,FALSE,NA
738307,FALSE,TRUE,FALSE,NA
65674,FALSE,FALSE,FALSE,NA
8965,FALSE,TRUE,FALSE,NA
202477,FALSE,TRUE,FALSE,NA
594623,FALSE,TRUE,TRUE,NA
656771,FALSE,TRUE,FALSE,NA
879049,FALSE,TRUE,FALSE,NA
467160,FALSE,FALSE,FALSE,NA
353046,FALSE,FALSE,FALSE,NA
355533,FALSE,TRUE,FALSE,NA
730659,FALSE,TRUE,FALSE,NA
979081,FALSE,TRUE,FALSE,NA
210905,TRUE,TRUE,FALSE,NA
376729,FALSE,FALSE,FALSE,NA
775224,FALSE,FALSE,FALSE,NA
519647,FALSE,TRUE,FALSE,NA
653632,FALSE,TRUE,FALSE,NA
963060,FALSE,TRUE,FALSE,NA
342918,FALSE,FALSE,FALSE,NA
795230,FALSE,FALSE,FALSE,NA
716675,FALSE,TRUE,FALSE,NA
998333,FALSE,TRUE,FALSE,NA
736781,FALSE,TRUE,TRUE,NA
667620,FALSE,FALSE,FALSE,NA
921689,FALSE,TRUE,FALSE,NA
199578,FALSE,TRUE,FALSE,NA
213763,FALSE,TRUE,FALSE,NA
905413,FALSE,TRUE,FALSE,NA
403374,FALSE,FALSE,FALSE,NA
748283,FALSE,TRUE,FALSE,NA
957658,FALSE,FALSE,FALSE,NA
349113,FALSE,FALSE,FALSE,NA
426594,FALSE,TRUE,FALSE,NA
209136,FALSE,FALSE,FALSE,NA
311690,FALSE,TRUE,FALSE,NA
410310,FALSE,TRUE,FALSE,NA
38434,FALSE,TRUE,FALSE,NA
542874,TRUE,TRUE,FALSE,NA
895787,FALSE,FALSE,FALSE,NA
715966,FALSE,TRUE,FALSE,NA
214850,FALSE,TRUE,TRUE,NA
99836,FALSE,FALSE,FALSE,NA
76155,FALSE,TRUE,FALSE,NA
165368,FALSE,TRUE,TRUE,NA
522942,FALSE,FALSE,TRUE,NA
571077,FALSE,TRUE,TRUE,NA
802617,FALSE,TRUE,FALSE,NA
388623,TRUE,FALSE,FALSE,NA
463932,FALSE,TRUE,TRUE,NA
188980,FALSE,TRUE,FALSE,NA
598615,FALSE,TRUE,TRUE,NA
920178,FALSE,TRUE,FALSE,NA
794884,TRUE,TRUE,FALSE,NA
938650,FALSE,FALSE,FALSE,NA
653969,FALSE,FALSE,FALSE,NA
924043,FALSE,TRUE,FALSE,NA
673657,FALSE,TRUE,FALSE,NA
188422,FALSE,TRUE,FALSE,NA
87764,FALSE,TRUE,FALSE,NA
134854,FALSE,TRUE,FALSE,NA
10574,FALSE,TRUE,FALSE,NA
282990,FALSE,TRUE,FALSE,NA
156141,FALSE,TRUE,FALSE,NA
614996,FALSE,TRUE,FALSE,NA
289863,FALSE,FALSE,FALSE,NA
546792,FALSE,TRUE,FALSE,NA
625974,FALSE,TRUE,FALSE,NA
832329,FALSE,FALSE,FALSE,NA
150579,FALSE,FALSE,FALSE,NA
334357,FALSE,FALSE,TRUE,NA
599375,FALSE,TRUE,TRUE,NA
582652,FALSE,TRUE,TRUE,NA
884759,FALSE,TRUE,FALSE,NA
339978,TRUE,FALSE,FALSE,NA
973489,FALSE,FALSE,TRUE,NA
946798,FALSE,TRUE,FALSE,NA
633260,FALSE,TRUE,FALSE,NA
100453,FALSE,TRUE,FALSE,NA
274533,FALSE,TRUE,FALSE,NA
315069,FALSE,TRUE,FALSE,NA
849056,FALSE,TRUE,FALSE,NA
79776,FALSE,FALSE,FALSE,NA
119338,FALSE,TRUE,FALSE,NA
901837,FALSE,FALSE,FALSE,NA
405703,FALSE,TRUE,FALSE,NA
349658,FALSE,TRUE,FALSE,NA
747620,FALSE,FALSE,FALSE,NA
394837,TRUE,FALSE,FALSE,NA
483824,FALSE,FALSE,FALSE,NA
798236,TRUE,FALSE,FALSE,NA
965553,FALSE,TRUE,TRUE,NA
209217,FALSE,FALSE,FALSE,NA
723758,FALSE,TRUE,FALSE,NA
936326,FALSE,TRUE,FALSE,NA
539583,FALSE,FALSE,FALSE,NA
945488,FALSE,TRUE,FALSE,NA
845157,FALSE,TRUE,FALSE,NA
579200,FALSE,TRUE,FALSE,NA
566907,FALSE,TRUE,TRUE,NA
751806,FALSE,FALSE,FALSE,NA
519845,FALSE,TRUE,FALSE,NA
236839,FALSE,FALSE,FALSE,NA
593502,FALSE,FALSE,FALSE,NA
261497,FALSE,FALSE,FALSE,NA
582101,FALSE,TRUE,FALSE,NA
387251,FALSE,TRUE,FALSE,NA
416644,TRUE,TRUE,FALSE,NA
232027,FALSE,TRUE,FALSE,NA
906007,FALSE,TRUE,FALSE,NA
906864,FALSE,TRUE,TRUE,NA
829102,FALSE,TRUE,FALSE,NA
835443,FALSE,TRUE,FALSE,NA
975349,FALSE,TRUE,FALSE,NA
647106,FALSE,TRUE,TRUE,NA
535003,FALSE,TRUE,FALSE,NA
522036,FALSE,TRUE,FALSE,NA
831466,FALSE,TRUE,FALSE,NA
562760,FALSE,TRUE,FALSE,NA
243168,FALSE,TRUE,TRUE,NA
648708,FALSE,TRUE,FALSE,NA
81592,FALSE,FALSE,TRUE,NA
844340,FALSE,TRUE,FALSE,NA
816506,FALSE,TRUE,FALSE,NA
500392,FALSE,TRUE,FALSE,NA
74225,FALSE,TRUE,FALSE,NA
552245,FALSE,FALSE,FALSE,NA
462292,FALSE,FALSE,FALSE,NA
610052,FALSE,TRUE,FALSE,NA
239445,FALSE,FALSE,FALSE,NA
962949,TRUE,TRUE,FALSE,NA
966204,FALSE,TRUE,FALSE,NA
754579,FALSE,FALSE,FALSE,NA
616543,FALSE,FALSE,FALSE,NA
6847,FALSE,TRUE,FALSE,NA
696643,FALSE,FALSE,FALSE,NA
672579,FALSE,TRUE,FALSE,NA
929559,FALSE,TRUE,FALSE,NA
887913,FALSE,FALSE,FALSE,NA
673592,FALSE,FALSE,FALSE,NA
202267,FALSE,TRUE,FALSE,NA
374364,FALSE,TRUE,FALSE,NA
621775,FALSE,FALSE,FALSE,NA
939906,FALSE,TRUE,FALSE,NA
62843,FALSE,TRUE,FALSE,NA
337680,FALSE,TRUE,FALSE,NA
409253,FALSE,TRUE,FALSE,NA
342887,TRUE,TRUE,FALSE,NA
152604,FALSE,TRUE,FALSE,NA
783861,FALSE,TRUE,FALSE,NA
517721,FALSE,TRUE,FALSE,NA
244842,FALSE,TRUE,FALSE,NA
404870,FALSE,TRUE,FALSE,NA
714985,FALSE,TRUE,FALSE,NA
900171,TRUE,TRUE,FALSE,NA
583910,FALSE,TRUE,FALSE,NA
590666,FALSE,TRUE,FALSE,NA
406436,FALSE,FALSE,FALSE,NA
909140,FALSE,FALSE,FALSE,NA
216955,FALSE,TRUE,FALSE,NA
472619,FALSE,FALSE,FALSE,NA
422967,FALSE,FALSE,FALSE,NA
393216,TRUE,TRUE,FALSE,NA
911863,TRUE,FALSE,FALSE,NA
428937,TRUE,FALSE,FALSE,NA
493934,FALSE,TRUE,FALSE,NA
462996,FALSE,TRUE,TRUE,NA
477180,FALSE,TRUE,FALSE,NA
230381,FALSE,TRUE,FALSE,NA
389194,FALSE,TRUE,FALSE,NA
459459,FALSE,TRUE,FALSE,NA
282431,FALSE,TRUE,FALSE,NA
596519,FALSE,TRUE,FALSE,NA
83714,FALSE,TRUE,FALSE,NA
244930,FALSE,FALSE,TRUE,NA
86406,FALSE,TRUE,FALSE,NA
712497,FALSE,TRUE,FALSE,NA
917989,FALSE,TRUE,FALSE,NA
632335,FALSE,TRUE,FALSE,NA
253437,FALSE,TRUE,FALSE,NA
750412,TRUE,TRUE,FALSE,NA
510932,FALSE,TRUE,FALSE,NA
456565,FALSE,TRUE,FALSE,NA
556847,FALSE,TRUE,FALSE,NA
25524,FALSE,TRUE,FALSE,NA
118165,FALSE,TRUE,FALSE,NA
777014,FALSE,TRUE,FALSE,NA
580605,TRUE,TRUE,FALSE,NA
588985,FALSE,TRUE,FALSE,NA
593631,FALSE,TRUE,FALSE,NA
893591,FALSE,TRUE,FALSE,NA
800632,FALSE,TRUE,FALSE,NA
484600,FALSE,TRUE,FALSE,NA
927854,FALSE,TRUE,FALSE,NA
235715,FALSE,TRUE,FALSE,NA
312859,TRUE,FALSE,FALSE,NA
539438,FALSE,FALSE,FALSE,NA
150913,FALSE,FALSE,FALSE,NA
764100,TRUE,TRUE,FALSE,NA
864187,FALSE,TRUE,FALSE,NA
81056,FALSE,TRUE,FALSE,NA
786443,FALSE,TRUE,FALSE,NA
324163,FALSE,TRUE,FALSE,NA
46124,FALSE,TRUE,FALSE,NA
538560,FALSE,TRUE,FALSE,NA
76966,FALSE,TRUE,FALSE,NA
639484,FALSE,FALSE,TRUE,NA
340829,TRUE,FALSE,FALSE,NA
12250,FALSE,TRUE,FALSE,NA
642044,FALSE,TRUE,FALSE,NA
544301,FALSE,TRUE,FALSE,NA
727435,FALSE,TRUE,FALSE,NA
274779,FALSE,TRUE,FALSE,NA
685278,FALSE,TRUE,FALSE,NA
316550,FALSE,TRUE,FALSE,NA
998141,FALSE,FALSE,TRUE,NA
792904,FALSE,TRUE,FALSE,NA
550555,FALSE,FALSE,FALSE,NA
692908,FALSE,TRUE,FALSE,NA
316918,FALSE,TRUE,FALSE,NA
754717,FALSE,TRUE,FALSE,NA
889524,FALSE,FALSE,FALSE,NA
589014,FALSE,TRUE,FALSE,NA
685886,TRUE,TRUE,FALSE,NA
125772,FALSE,TRUE,FALSE,NA
749596,FALSE,TRUE,FALSE,NA
489421,FALSE,TRUE,FALSE,NA
429923,FALSE,TRUE,FALSE,NA
35666,FALSE,TRUE,FALSE,NA
138971,FALSE,FALSE,FALSE,NA
184893,FALSE,TRUE,FALSE,NA
372755,FALSE,TRUE,FALSE,NA
50433,FALSE,TRUE,FALSE,NA
135018,FALSE,TRUE,FALSE,NA
11932,FALSE,FALSE,FALSE,NA
810070,FALSE,TRUE,FALSE,NA
500829,FALSE,TRUE,FALSE,NA
166512,FALSE,TRUE,FALSE,NA
633378,FALSE,TRUE,TRUE,NA
86463,FALSE,FALSE,FALSE,NA
612140,FALSE,TRUE,FALSE,NA
332977,FALSE,FALSE,TRUE,NA
434553,TRUE,TRUE,FALSE,NA
574784,FALSE,TRUE,FALSE,NA
682699,FALSE,TRUE,FALSE,NA
154330,TRUE,TRUE,TRUE,NA
367863,TRUE,TRUE,FALSE,NA
985240,TRUE,TRUE,FALSE,NA
179654,FALSE,TRUE,FALSE,NA
223681,FALSE,TRUE,TRUE,NA
643157,FALSE,TRUE,FALSE,NA
663446,FALSE,TRUE,FALSE,NA
75123,FALSE,FALSE,FALSE,NA
34192,FALSE,TRUE,FALSE,NA
846442,FALSE,TRUE,FALSE,NA
917215,FALSE,TRUE,FALSE,NA
84565,FALSE,TRUE,FALSE,NA
645019,FALSE,TRUE,TRUE,NA
530641,FALSE,TRUE,FALSE,NA
583403,FALSE,TRUE,FALSE,NA
197107,FALSE,FALSE,FALSE,NA
810439,FALSE,TRUE,FALSE,NA
386375,FALSE,TRUE,FALSE,NA
490047,FALSE,TRUE,FALSE,NA
441445,FALSE,TRUE,FALSE,NA
206648,FALSE,TRUE,FALSE,NA
948838,FALSE,TRUE,FALSE,NA
6924,FALSE,TRUE,FALSE,NA
997729,FALSE,TRUE,FALSE,NA
124163,FALSE,TRUE,FALSE,NA
710825,FALSE,TRUE,FALSE,NA
627913,FALSE,TRUE,TRUE,NA
228533,FALSE,FALSE,FALSE,NA
338595,FALSE,TRUE,FALSE,NA
572300,FALSE,TRUE,FALSE,NA
649804,FALSE,FALSE,FALSE,NA
96055,FALSE,TRUE,FALSE,NA
849485,FALSE,FALSE,FALSE,NA
291354,FALSE,TRUE,FALSE,NA
524177,FALSE,TRUE,FALSE,NA
370245,FALSE,TRUE,FALSE,NA
692842,TRUE,FALSE,TRUE,NA
775943,FALSE,TRUE,FALSE,NA
430578,FALSE,TRUE,FALSE,NA
564254,FALSE,TRUE,FALSE,NA
265852,FALSE,TRUE,FALSE,NA
93192,TRUE,FALSE,FALSE,NA
261895,FALSE,TRUE,FALSE,NA
123432,FALSE,FALSE,FALSE,NA
819563,FALSE,TRUE,FALSE,NA
452917,FALSE,TRUE,FALSE,NA
647386,FALSE,TRUE,FALSE,NA
411311,FALSE,TRUE,FALSE,NA
491253,FALSE,FALSE,FALSE,NA
153415,FALSE,TRUE,FALSE,NA
91359,FALSE,TRUE,FALSE,NA
960637,TRUE,FALSE,FALSE,NA
812531,FALSE,TRUE,FALSE,NA
345952,FALSE,TRUE,FALSE,NA
343515,FALSE,TRUE,FALSE,NA
184347,FALSE,TRUE,FALSE,NA
976207,FALSE,FALSE,FALSE,NA
37359,FALSE,TRUE,FALSE,NA
243160,FALSE,TRUE,TRUE,NA
787500,FALSE,FALSE,FALSE,NA
312610,FALSE,TRUE,FALSE,NA
418136,FALSE,FALSE,TRUE,NA
354373,TRUE,TRUE,FALSE,NA
58007,FALSE,FALSE,FALSE,NA
597237,FALSE,FALSE,FALSE,NA
723968,FALSE,TRUE,FALSE,NA
517314,FALSE,TRUE,FALSE,NA
459451,FALSE,TRUE,FALSE,NA
183970,FALSE,TRUE,FALSE,NA
389202,FALSE,TRUE,FALSE,NA
549097,FALSE,TRUE,FALSE,NA
59568,TRUE,TRUE,FALSE,NA
786920,FALSE,TRUE,TRUE,NA
908569,FALSE,TRUE,FALSE,NA
977822,FALSE,TRUE,FALSE,NA
63205,FALSE,TRUE,FALSE,NA
436388,FALSE,TRUE,FALSE,NA
707284,FALSE,TRUE,FALSE,NA
697256,FALSE,TRUE,FALSE,NA
380131,TRUE,FALSE,FALSE,NA
235027,FALSE,TRUE,FALSE,NA
184299,FALSE,TRUE,FALSE,NA
487392,FALSE,FALSE,FALSE,NA
964782,FALSE,FALSE,FALSE,NA
134953,FALSE,TRUE,FALSE,NA
883460,FALSE,FALSE,FALSE,NA
55298,FALSE,FALSE,FALSE,NA
112036,FALSE,TRUE,FALSE,NA
573163,FALSE,FALSE,FALSE,NA
521235,FALSE,TRUE,FALSE,NA
353409,TRUE,FALSE,FALSE,NA
845709,FALSE,TRUE,FALSE,NA
79896,FALSE,FALSE,TRUE,NA
485083,FALSE,TRUE,FALSE,NA
76043,FALSE,FALSE,FALSE,NA
628131,FALSE,TRUE,FALSE,NA
301687,FALSE,TRUE,FALSE,NA
645393,FALSE,FALSE,FALSE,NA
509071,FALSE,TRUE,FALSE,NA
695784,FALSE,TRUE,FALSE,NA
501683,FALSE,TRUE,FALSE,NA
602465,FALSE,FALSE,FALSE,NA
569369,FALSE,FALSE,FALSE,NA
406321,FALSE,TRUE,FALSE,NA
613018,FALSE,TRUE,FALSE,NA
423864,TRUE,FALSE,FALSE,NA
757303,FALSE,FALSE,FALSE,NA
114613,FALSE,TRUE,FALSE,NA
898300,FALSE,TRUE,FALSE,NA
321657,FALSE,TRUE,FALSE,NA
358283,FALSE,TRUE,FALSE,NA
128712,TRUE,TRUE,FALSE,NA
762358,FALSE,TRUE,FALSE,NA
359922,FALSE,TRUE,FALSE,NA
720683,FALSE,TRUE,TRUE,NA
619385,TRUE,TRUE,FALSE,NA
31596,FALSE,FALSE,FALSE,NA
55849,TRUE,TRUE,FALSE,NA
249823,FALSE,TRUE,FALSE,NA
275840,FALSE,FALSE,FALSE,NA
481677,FALSE,TRUE,FALSE,NA
590321,FALSE,FALSE,FALSE,NA
691757,FALSE,TRUE,FALSE,NA
36181,FALSE,TRUE,FALSE,NA
49772,FALSE,TRUE,TRUE,NA
908400,FALSE,TRUE,FALSE,NA
438205,FALSE,FALSE,FALSE,NA
237609,TRUE,TRUE,FALSE,NA
477476,FALSE,FALSE,FALSE,NA
160512,FALSE,FALSE,FALSE,NA
276898,FALSE,FALSE,FALSE,NA
951152,FALSE,TRUE,FALSE,NA
220159,FALSE,TRUE,FALSE,NA
290218,FALSE,TRUE,FALSE,NA
122045,FALSE,TRUE,FALSE,NA
844447,TRUE,FALSE,FALSE,NA
65879,FALSE,TRUE,FALSE,NA
556408,FALSE,TRUE,FALSE,NA
248719,FALSE,FALSE,FALSE,NA
122785,FALSE,FALSE,FALSE,NA
661167,FALSE,TRUE,FALSE,NA
268696,FALSE,FALSE,FALSE,NA
106621,FALSE,TRUE,TRUE,NA
322284,FALSE,TRUE,FALSE,NA
370335,FALSE,TRUE,FALSE,NA
913863,FALSE,FALSE,FALSE,NA
461569,FALSE,TRUE,FALSE,NA
347486,TRUE,TRUE,FALSE,NA
690805,FALSE,FALSE,FALSE,NA
759802,FALSE,FALSE,FALSE,NA
428493,FALSE,TRUE,FALSE,NA
608470,TRUE,TRUE,FALSE,NA
497012,TRUE,TRUE,FALSE,NA
944286,FALSE,TRUE,FALSE,NA
427056,FALSE,TRUE,FALSE,NA
904346,FALSE,TRUE,FALSE,NA
854911,FALSE,TRUE,FALSE,NA
793024,FALSE,TRUE,FALSE,NA
752066,FALSE,TRUE,FALSE,NA
320290,FALSE,FALSE,FALSE,NA
657195,FALSE,FALSE,FALSE,NA
679533,FALSE,FALSE,FALSE,NA
796372,FALSE,FALSE,FALSE,NA
369498,FALSE,TRUE,FALSE,NA
499098,TRUE,TRUE,FALSE,NA
926550,FALSE,TRUE,TRUE,NA
785861,FALSE,TRUE,FALSE,NA
746829,FALSE,TRUE,FALSE,NA
543470,FALSE,TRUE,FALSE,NA
443077,FALSE,TRUE,FALSE,NA
959224,FALSE,TRUE,FALSE,NA
589850,FALSE,TRUE,FALSE,NA
641008,FALSE,TRUE,FALSE,NA
746265,FALSE,FALSE,FALSE,NA
783944,FALSE,TRUE,FALSE,NA
731601,FALSE,TRUE,FALSE,NA
35272,FALSE,TRUE,TRUE,NA
960513,FALSE,FALSE,FALSE,NA
406186,FALSE,TRUE,FALSE,NA
275775,FALSE,TRUE,FALSE,NA
902754,FALSE,TRUE,FALSE,NA
981604,TRUE,TRUE,FALSE,NA
942191,FALSE,TRUE,FALSE,NA
332665,FALSE,TRUE,FALSE,NA
12886,FALSE,TRUE,FALSE,NA
635467,FALSE,FALSE,FALSE,NA
126167,FALSE,TRUE,FALSE,NA
855037,FALSE,TRUE,FALSE,NA
998674,FALSE,FALSE,FALSE,NA
112265,FALSE,TRUE,FALSE,NA
597793,FALSE,TRUE,FALSE,NA
509618,FALSE,FALSE,FALSE,NA
904952,FALSE,FALSE,FALSE,NA
683376,TRUE,TRUE,FALSE,NA
894677,FALSE,TRUE,FALSE,NA
129480,FALSE,FALSE,FALSE,NA
875766,FALSE,TRUE,FALSE,NA
456720,FALSE,FALSE,FALSE,NA
449325,FALSE,FALSE,TRUE,NA
876494,FALSE,TRUE,FALSE,NA
468000,TRUE,TRUE,TRUE,NA
268966,FALSE,FALSE,FALSE,NA
361314,FALSE,FALSE,FALSE,NA
771698,FALSE,TRUE,FALSE,NA
797354,FALSE,TRUE,FALSE,NA
382402,TRUE,TRUE,FALSE,NA
147714,FALSE,TRUE,TRUE,NA
318053,FALSE,FALSE,FALSE,NA
651071,FALSE,TRUE,FALSE,NA
103173,FALSE,TRUE,FALSE,NA
142650,FALSE,TRUE,FALSE,NA
325140,FALSE,TRUE,FALSE,NA
394227,FALSE,TRUE,FALSE,NA
129258,FALSE,TRUE,FALSE,NA
660838,FALSE,TRUE,FALSE,NA
528230,FALSE,FALSE,TRUE,NA
686111,FALSE,TRUE,FALSE,NA
508924,FALSE,TRUE,FALSE,NA
824751,FALSE,TRUE,FALSE,NA
230307,FALSE,TRUE,TRUE,NA
280326,FALSE,FALSE,FALSE,NA
104011,FALSE,TRUE,FALSE,NA
870811,TRUE,TRUE,FALSE,NA
267212,FALSE,FALSE,FALSE,NA
831413,FALSE,TRUE,FALSE,NA
51827,FALSE,TRUE,TRUE,NA
618139,FALSE,FALSE,FALSE,NA
410384,FALSE,FALSE,FALSE,NA
972038,FALSE,TRUE,FALSE,NA
258030,FALSE,FALSE,FALSE,NA
667095,FALSE,TRUE,FALSE,NA
525290,FALSE,TRUE,FALSE,NA
902614,FALSE,TRUE,FALSE,NA
359180,FALSE,TRUE,FALSE,NA
37453,FALSE,FALSE,FALSE,NA
696512,FALSE,TRUE,TRUE,NA
666587,FALSE,TRUE,FALSE,NA
562948,FALSE,FALSE,FALSE,NA
969321,FALSE,TRUE,FALSE,NA
113318,TRUE,FALSE,FALSE,NA
851236,FALSE,FALSE,TRUE,NA
904105,FALSE,TRUE,TRUE,NA
743903,FALSE,FALSE,FALSE,NA
464017,FALSE,TRUE,FALSE,NA
722812,FALSE,TRUE,FALSE,NA
795332,FALSE,TRUE,FALSE,NA
852554,TRUE,TRUE,FALSE,NA
281513,FALSE,TRUE,FALSE,NA
512422,FALSE,FALSE,FALSE,NA
722545,FALSE,FALSE,FALSE,NA
744135,FALSE,TRUE,FALSE,NA
809611,FALSE,TRUE,TRUE,NA
180237,FALSE,TRUE,FALSE,NA
795162,FALSE,TRUE,FALSE,NA
109118,FALSE,TRUE,FALSE,NA
232273,FALSE,FALSE,TRUE,NA
449965,FALSE,FALSE,TRUE,NA
701439,FALSE,TRUE,FALSE,NA
201993,FALSE,FALSE,FALSE,NA
104667,FALSE,FALSE,FALSE,NA
227500,FALSE,TRUE,FALSE,NA
86083,FALSE,TRUE,FALSE,NA
274129,FALSE,TRUE,FALSE,NA
591877,FALSE,TRUE,FALSE,NA
241278,FALSE,TRUE,FALSE,NA
459738,FALSE,TRUE,FALSE,NA
578372,FALSE,TRUE,FALSE,NA
848537,FALSE,FALSE,FALSE,NA
917178,FALSE,FALSE,FALSE,NA
695087,FALSE,FALSE,FALSE,NA
404550,TRUE,TRUE,FALSE,NA
452069,FALSE,TRUE,FALSE,NA
916399,FALSE,FALSE,FALSE,NA
84878,FALSE,FALSE,FALSE,NA
805699,FALSE,TRUE,FALSE,NA
204887,FALSE,TRUE,FALSE,NA
582916,FALSE,FALSE,FALSE,NA
98436,TRUE,TRUE,FALSE,NA
56918,FALSE,TRUE,FALSE,NA
510699,FALSE,TRUE,FALSE,NA
712741,FALSE,TRUE,FALSE,NA
115861,FALSE,TRUE,FALSE,NA
133242,FALSE,TRUE,FALSE,NA
563605,TRUE,FALSE,FALSE,NA
202600,FALSE,TRUE,FALSE,NA
873287,FALSE,TRUE,FALSE,NA
42812,FALSE,TRUE,FALSE,NA
485564,FALSE,TRUE,FALSE,NA
597845,FALSE,TRUE,TRUE,NA
964012,FALSE,TRUE,FALSE,NA
744597,FALSE,TRUE,FALSE,NA
762816,FALSE,TRUE,FALSE,NA
246353,FALSE,TRUE,FALSE,NA
960950,FALSE,TRUE,FALSE,NA
494755,FALSE,FALSE,FALSE,NA
550490,FALSE,TRUE,FALSE,NA
85638,FALSE,TRUE,FALSE,NA
976674,FALSE,TRUE,FALSE,NA
587259,FALSE,FALSE,FALSE,NA
533756,FALSE,TRUE,FALSE,NA
546365,FALSE,TRUE,TRUE,NA
811459,FALSE,FALSE,FALSE,NA
455336,FALSE,FALSE,FALSE,NA
643573,FALSE,TRUE,FALSE,NA
783516,FALSE,FALSE,FALSE,NA
988041,FALSE,TRUE,FALSE,NA
323479,FALSE,TRUE,FALSE,NA
473039,FALSE,TRUE,FALSE,NA
736921,FALSE,TRUE,FALSE,NA
933016,TRUE,TRUE,FALSE,NA
771694,FALSE,TRUE,FALSE,NA
371245,FALSE,FALSE,TRUE,NA
367940,FALSE,FALSE,FALSE,NA
623376,FALSE,TRUE,FALSE,NA
683871,FALSE,TRUE,FALSE,NA
680020,FALSE,TRUE,FALSE,NA
511904,FALSE,TRUE,TRUE,NA
656111,FALSE,TRUE,FALSE,NA
858721,FALSE,TRUE,FALSE,NA
581299,FALSE,TRUE,FALSE,NA
419846,FALSE,TRUE,FALSE,NA
516767,FALSE,FALSE,FALSE,NA
723631,FALSE,TRUE,FALSE,NA
229662,FALSE,TRUE,FALSE,NA
691060,FALSE,FALSE,FALSE,NA
523644,FALSE,TRUE,FALSE,NA
336046,FALSE,TRUE,FALSE,NA
980050,FALSE,TRUE,FALSE,NA
694022,FALSE,TRUE,TRUE,NA
456050,FALSE,TRUE,FALSE,NA
831665,FALSE,TRUE,FALSE,NA
635455,FALSE,FALSE,FALSE,NA
615108,FALSE,TRUE,FALSE,NA
357720,FALSE,TRUE,FALSE,NA
610361,FALSE,TRUE,FALSE,NA
263772,TRUE,TRUE,FALSE,NA
421946,FALSE,FALSE,FALSE,NA
206337,TRUE,TRUE,FALSE,NA
279071,FALSE,FALSE,FALSE,NA
592493,TRUE,FALSE,FALSE,NA
193127,FALSE,TRUE,FALSE,NA
169427,FALSE,TRUE,FALSE,NA
436127,FALSE,TRUE,FALSE,NA
605556,FALSE,TRUE,FALSE,NA
716079,FALSE,TRUE,FALSE,NA
546260,TRUE,TRUE,TRUE,NA
156446,FALSE,TRUE,FALSE,NA
405907,FALSE,TRUE,FALSE,NA
116207,FALSE,TRUE,FALSE,NA
230338,FALSE,TRUE,FALSE,NA
638176,FALSE,TRUE,TRUE,NA
525426,FALSE,TRUE,FALSE,NA
443580,FALSE,TRUE,FALSE,NA
842171,FALSE,FALSE,FALSE,NA
133438,FALSE,TRUE,FALSE,NA
27884,TRUE,TRUE,FALSE,NA
724797,FALSE,TRUE,FALSE,NA
657882,TRUE,FALSE,FALSE,NA
671587,FALSE,TRUE,FALSE,NA
81251,FALSE,FALSE,FALSE,NA
770615,FALSE,TRUE,FALSE,NA
254637,TRUE,FALSE,FALSE,NA
120131,FALSE,TRUE,FALSE,NA
810145,FALSE,FALSE,FALSE,NA
582090,FALSE,TRUE,FALSE,NA
603152,FALSE,TRUE,TRUE,NA
124309,FALSE,TRUE,FALSE,NA
667138,FALSE,TRUE,FALSE,NA
465849,FALSE,TRUE,FALSE,NA
399107,FALSE,TRUE,FALSE,NA
517733,FALSE,FALSE,TRUE,NA
148039,TRUE,FALSE,FALSE,NA
474844,FALSE,TRUE,FALSE,NA
665175,FALSE,TRUE,FALSE,NA
545326,FALSE,TRUE,FALSE,NA
701528,FALSE,TRUE,FALSE,NA
558632,FALSE,TRUE,FALSE,NA
303666,TRUE,TRUE,TRUE,NA
834625,FALSE,FALSE,FALSE,NA
832119,TRUE,TRUE,FALSE,NA
180929,FALSE,TRUE,FALSE,NA
769878,FALSE,TRUE,FALSE,NA
911767,FALSE,TRUE,TRUE,NA
608231,FALSE,FALSE,FALSE,NA
346802,FALSE,TRUE,TRUE,NA
557663,FALSE,FALSE,FALSE,NA
126694,FALSE,TRUE,FALSE,NA
85160,FALSE,FALSE,FALSE,NA
16643,FALSE,TRUE,FALSE,NA
854678,FALSE,FALSE,FALSE,NA
981007,FALSE,FALSE,FALSE,NA
441943,TRUE,FALSE,FALSE,NA
828394,FALSE,TRUE,FALSE,NA
658530,NA,NA,NA,"Error in glmnet(x, y, weights = weights, offset = offset, lambda = lambda, : x should be a matrix with 2 or more columns
"
638879,FALSE,FALSE,FALSE,NA
755058,TRUE,FALSE,FALSE,NA
649201,FALSE,TRUE,FALSE,NA
387033,FALSE,FALSE,FALSE,NA
773732,FALSE,TRUE,FALSE,NA
75359,FALSE,FALSE,FALSE,NA
116719,FALSE,TRUE,FALSE,NA
130097,FALSE,FALSE,FALSE,NA
163524,FALSE,TRUE,FALSE,NA
130780,FALSE,TRUE,FALSE,NA
988058,FALSE,FALSE,FALSE,NA
220018,FALSE,TRUE,FALSE,NA
542899,FALSE,TRUE,FALSE,NA
492791,FALSE,FALSE,TRUE,NA
173896,FALSE,TRUE,FALSE,NA
162310,FALSE,TRUE,FALSE,NA
187935,FALSE,TRUE,FALSE,NA
315747,FALSE,TRUE,FALSE,NA
699045,FALSE,TRUE,TRUE,NA
373745,FALSE,TRUE,TRUE,NA
230898,TRUE,TRUE,FALSE,NA
750615,FALSE,TRUE,FALSE,NA
759520,FALSE,TRUE,FALSE,NA
25893,FALSE,FALSE,FALSE,NA
685595,FALSE,FALSE,TRUE,NA
335633,TRUE,TRUE,FALSE,NA
329483,FALSE,TRUE,FALSE,NA
832480,FALSE,TRUE,FALSE,NA
329360,FALSE,TRUE,FALSE,NA
377939,FALSE,TRUE,FALSE,NA
827176,FALSE,TRUE,FALSE,NA
538806,FALSE,FALSE,FALSE,NA
218045,FALSE,FALSE,FALSE,NA
974647,FALSE,TRUE,FALSE,NA
259493,FALSE,TRUE,FALSE,NA
184942,TRUE,TRUE,FALSE,NA
494851,FALSE,FALSE,FALSE,NA
656554,FALSE,FALSE,FALSE,NA
150938,FALSE,TRUE,FALSE,NA
997416,FALSE,TRUE,FALSE,NA
585337,FALSE,TRUE,FALSE,NA
644061,FALSE,TRUE,TRUE,NA
447184,FALSE,TRUE,FALSE,NA
334854,FALSE,FALSE,FALSE,NA
426536,FALSE,TRUE,FALSE,NA
503525,TRUE,TRUE,FALSE,NA
306188,FALSE,TRUE,FALSE,NA
299737,FALSE,TRUE,FALSE,NA
301033,TRUE,TRUE,FALSE,NA
749218,FALSE,TRUE,TRUE,NA
80194,FALSE,TRUE,FALSE,NA
930131,TRUE,TRUE,FALSE,NA
174869,FALSE,TRUE,FALSE,NA
227819,FALSE,FALSE,FALSE,NA
660846,FALSE,TRUE,FALSE,NA
514084,FALSE,TRUE,FALSE,NA
336128,FALSE,FALSE,FALSE,NA
899806,FALSE,FALSE,FALSE,NA
287588,FALSE,TRUE,FALSE,NA
402102,FALSE,FALSE,FALSE,NA
513519,FALSE,TRUE,FALSE,NA
722051,FALSE,TRUE,FALSE,NA
763965,FALSE,TRUE,FALSE,NA
742637,FALSE,TRUE,FALSE,NA
828102,FALSE,TRUE,FALSE,NA
110434,FALSE,TRUE,FALSE,NA
266782,FALSE,FALSE,FALSE,NA
570202,TRUE,TRUE,FALSE,NA
987509,FALSE,TRUE,FALSE,NA
149104,FALSE,TRUE,FALSE,NA
759526,FALSE,TRUE,FALSE,NA
584987,FALSE,TRUE,TRUE,NA
291714,FALSE,FALSE,FALSE,NA
318044,FALSE,TRUE,FALSE,NA
347077,FALSE,TRUE,FALSE,NA
546267,FALSE,TRUE,FALSE,NA
98236,TRUE,FALSE,FALSE,NA
579635,FALSE,TRUE,FALSE,NA
531584,FALSE,TRUE,FALSE,NA
555294,FALSE,TRUE,FALSE,NA
292240,FALSE,FALSE,FALSE,NA
698594,FALSE,TRUE,FALSE,NA
491462,FALSE,TRUE,FALSE,NA
668243,FALSE,TRUE,FALSE,NA
366990,FALSE,TRUE,FALSE,NA
795027,FALSE,TRUE,FALSE,NA
257526,FALSE,FALSE,FALSE,NA
664539,TRUE,FALSE,FALSE,NA
633985,FALSE,TRUE,FALSE,NA
855615,FALSE,TRUE,TRUE,NA
610057,FALSE,TRUE,FALSE,NA
405672,FALSE,TRUE,FALSE,NA
263932,FALSE,TRUE,FALSE,NA
589950,FALSE,TRUE,FALSE,NA
203844,FALSE,TRUE,FALSE,NA
345538,FALSE,TRUE,FALSE,NA
393,FALSE,TRUE,FALSE,NA
966985,FALSE,TRUE,FALSE,NA
589479,TRUE,FALSE,FALSE,NA
854513,FALSE,FALSE,FALSE,NA
313988,FALSE,FALSE,FALSE,NA
546028,TRUE,TRUE,FALSE,NA
604838,TRUE,TRUE,FALSE,NA
670746,FALSE,TRUE,FALSE,NA
821985,FALSE,TRUE,TRUE,NA
136274,FALSE,TRUE,FALSE,NA
875529,FALSE,FALSE,FALSE,NA
304889,FALSE,FALSE,FALSE,NA
146573,FALSE,TRUE,FALSE,NA
102806,FALSE,FALSE,FALSE,NA
338234,FALSE,TRUE,FALSE,NA
862081,FALSE,FALSE,FALSE,NA
734330,FALSE,FALSE,FALSE,NA
161318,FALSE,TRUE,FALSE,NA
920413,FALSE,TRUE,FALSE,NA
746133,FALSE,TRUE,FALSE,NA
286575,FALSE,TRUE,FALSE,NA
201811,FALSE,TRUE,FALSE,NA
514825,FALSE,TRUE,TRUE,NA
942693,FALSE,TRUE,FALSE,NA
47875,FALSE,TRUE,FALSE,NA
279274,FALSE,TRUE,FALSE,NA
381688,FALSE,TRUE,FALSE,NA
686454,FALSE,FALSE,FALSE,NA
736691,TRUE,FALSE,FALSE,NA
296218,FALSE,TRUE,FALSE,NA
33839,TRUE,TRUE,FALSE,NA
768083,FALSE,TRUE,FALSE,NA
745486,FALSE,FALSE,FALSE,NA
553831,FALSE,TRUE,FALSE,NA
355875,FALSE,TRUE,FALSE,NA
317061,FALSE,FALSE,FALSE,NA
801520,FALSE,TRUE,FALSE,NA
773700,FALSE,TRUE,FALSE,NA
897344,FALSE,TRUE,FALSE,NA
713374,FALSE,TRUE,FALSE,NA
738904,TRUE,TRUE,FALSE,NA
907977,FALSE,TRUE,FALSE,NA
337571,FALSE,TRUE,FALSE,NA
567247,FALSE,TRUE,FALSE,NA
22055,FALSE,TRUE,FALSE,NA
686714,FALSE,TRUE,FALSE,NA
527633,FALSE,TRUE,FALSE,NA
71989,TRUE,TRUE,FALSE,NA
732890,FALSE,TRUE,FALSE,NA
869416,FALSE,FALSE,FALSE,NA
593779,FALSE,TRUE,FALSE,NA
608220,FALSE,TRUE,FALSE,NA
894392,FALSE,TRUE,FALSE,NA
140508,FALSE,TRUE,FALSE,NA
515711,FALSE,TRUE,FALSE,NA
60344,FALSE,TRUE,FALSE,NA
195492,FALSE,TRUE,FALSE,NA
779935,FALSE,TRUE,FALSE,NA
466908,FALSE,TRUE,FALSE,NA
621465,FALSE,TRUE,FALSE,NA
782597,FALSE,TRUE,FALSE,NA
246646,FALSE,TRUE,FALSE,NA
91805,FALSE,TRUE,FALSE,NA
117182,FALSE,TRUE,FALSE,NA
714523,FALSE,TRUE,FALSE,NA
950671,TRUE,TRUE,FALSE,NA
877465,FALSE,TRUE,FALSE,NA
303524,FALSE,TRUE,FALSE,NA
999330,FALSE,TRUE,TRUE,NA
753539,FALSE,TRUE,TRUE,NA
23313,FALSE,TRUE,FALSE,NA
767921,FALSE,TRUE,FALSE,NA
23359,FALSE,TRUE,FALSE,NA
733260,FALSE,TRUE,FALSE,NA
102856,FALSE,TRUE,FALSE,NA
229366,FALSE,FALSE,FALSE,NA
543430,FALSE,TRUE,FALSE,NA
683927,FALSE,FALSE,FALSE,NA
198162,FALSE,TRUE,FALSE,NA
281930,FALSE,TRUE,FALSE,NA
684026,FALSE,TRUE,FALSE,NA
931379,FALSE,TRUE,FALSE,NA
367805,FALSE,TRUE,FALSE,NA
793326,FALSE,TRUE,FALSE,NA
214613,FALSE,TRUE,FALSE,NA
299545,TRUE,TRUE,TRUE,NA
211725,FALSE,TRUE,FALSE,NA
157230,FALSE,TRUE,FALSE,NA
449004,FALSE,TRUE,FALSE,NA
102630,FALSE,TRUE,FALSE,NA
593871,FALSE,FALSE,FALSE,NA
755960,FALSE,TRUE,FALSE,NA
96769,TRUE,TRUE,FALSE,NA
87123,TRUE,TRUE,FALSE,NA
65088,FALSE,TRUE,FALSE,NA
201162,FALSE,TRUE,FALSE,NA
307461,TRUE,TRUE,FALSE,NA
564797,FALSE,TRUE,FALSE,NA
542764,FALSE,TRUE,FALSE,NA
27817,FALSE,TRUE,FALSE,NA
131198,TRUE,FALSE,FALSE,NA
702014,FALSE,TRUE,FALSE,NA
479122,FALSE,TRUE,FALSE,NA
377070,FALSE,FALSE,TRUE,NA
844218,FALSE,FALSE,TRUE,NA
584233,TRUE,TRUE,FALSE,NA
722699,FALSE,TRUE,FALSE,NA
17896,TRUE,TRUE,FALSE,NA
651563,FALSE,FALSE,FALSE,NA
918089,FALSE,TRUE,FALSE,NA
399694,FALSE,TRUE,FALSE,NA
859396,TRUE,TRUE,FALSE,NA
573644,TRUE,TRUE,FALSE,NA
272456,FALSE,TRUE,FALSE,NA
668505,FALSE,TRUE,FALSE,NA
625558,FALSE,FALSE,FALSE,NA
448906,FALSE,TRUE,FALSE,NA
887874,FALSE,TRUE,FALSE,NA
990141,FALSE,FALSE,FALSE,NA
908301,FALSE,TRUE,FALSE,NA
377762,FALSE,FALSE,FALSE,NA
224450,FALSE,TRUE,FALSE,NA
86313,FALSE,TRUE,TRUE,NA
135470,TRUE,TRUE,FALSE,NA
535144,TRUE,TRUE,FALSE,NA
691915,FALSE,TRUE,FALSE,NA
396341,FALSE,TRUE,FALSE,NA
447920,FALSE,FALSE,FALSE,NA
658714,TRUE,FALSE,FALSE,NA
544064,FALSE,TRUE,FALSE,NA
962782,FALSE,FALSE,FALSE,NA
158009,FALSE,FALSE,FALSE,NA
820478,FALSE,TRUE,FALSE,NA
404900,FALSE,TRUE,FALSE,NA
229769,FALSE,TRUE,FALSE,NA
516571,FALSE,TRUE,TRUE,NA
158030,FALSE,TRUE,FALSE,NA
871441,FALSE,FALSE,FALSE,NA
686978,FALSE,TRUE,TRUE,NA
139832,FALSE,TRUE,FALSE,NA
897428,FALSE,TRUE,FALSE,NA
450760,FALSE,TRUE,TRUE,NA
63412,FALSE,TRUE,FALSE,NA
411240,FALSE,TRUE,FALSE,NA
3527,TRUE,FALSE,FALSE,NA
144024,FALSE,TRUE,FALSE,NA
354918,FALSE,TRUE,FALSE,NA
576132,FALSE,TRUE,FALSE,NA
728029,FALSE,FALSE,FALSE,NA
216615,FALSE,FALSE,FALSE,NA
971869,FALSE,TRUE,FALSE,NA
836770,FALSE,TRUE,FALSE,NA
661338,TRUE,TRUE,FALSE,NA
6922,FALSE,TRUE,FALSE,NA
552356,FALSE,TRUE,FALSE,NA
549726,FALSE,TRUE,FALSE,NA
618220,FALSE,FALSE,FALSE,NA
572177,FALSE,FALSE,FALSE,NA
299198,FALSE,TRUE,FALSE,NA
475795,FALSE,FALSE,FALSE,NA
493857,FALSE,TRUE,FALSE,NA
254835,FALSE,TRUE,FALSE,NA
61147,FALSE,FALSE,FALSE,NA
925369,TRUE,TRUE,FALSE,NA
794859,FALSE,TRUE,FALSE,NA
923142,FALSE,TRUE,FALSE,NA
775148,FALSE,FALSE,FALSE,NA
159570,FALSE,TRUE,FALSE,NA
497385,FALSE,TRUE,FALSE,NA
769633,FALSE,TRUE,FALSE,NA
309243,FALSE,TRUE,FALSE,NA
686771,FALSE,TRUE,FALSE,NA
91453,TRUE,TRUE,FALSE,NA
572249,FALSE,TRUE,FALSE,NA
601809,FALSE,TRUE,FALSE,NA
15943,FALSE,TRUE,FALSE,NA
282653,FALSE,TRUE,FALSE,NA
696357,FALSE,FALSE,FALSE,NA
755385,FALSE,TRUE,FALSE,NA
303859,FALSE,TRUE,FALSE,NA
167602,FALSE,TRUE,FALSE,NA
190192,FALSE,TRUE,FALSE,NA
265484,FALSE,TRUE,FALSE,NA
563289,FALSE,TRUE,FALSE,NA
331706,FALSE,TRUE,FALSE,NA
884846,FALSE,TRUE,FALSE,NA
267630,FALSE,TRUE,FALSE,NA
814575,FALSE,TRUE,FALSE,NA
543839,FALSE,TRUE,FALSE,NA
76139,FALSE,TRUE,FALSE,NA
119675,FALSE,TRUE,FALSE,NA
890399,FALSE,TRUE,FALSE,NA
250560,FALSE,TRUE,FALSE,NA
12076,FALSE,FALSE,FALSE,NA
610486,FALSE,FALSE,FALSE,NA
896950,FALSE,TRUE,FALSE,NA
23514,TRUE,TRUE,FALSE,NA
405821,FALSE,TRUE,FALSE,NA
767301,FALSE,TRUE,FALSE,NA
186675,FALSE,TRUE,FALSE,NA
711733,TRUE,TRUE,FALSE,NA
981783,FALSE,FALSE,FALSE,NA
770997,FALSE,FALSE,FALSE,NA
71808,FALSE,TRUE,FALSE,NA
539200,FALSE,FALSE,FALSE,NA
481745,FALSE,TRUE,FALSE,NA
973554,TRUE,TRUE,FALSE,NA
372947,FALSE,TRUE,FALSE,NA
511796,FALSE,TRUE,FALSE,NA
951157,FALSE,TRUE,FALSE,NA
532311,FALSE,TRUE,TRUE,NA
977433,FALSE,TRUE,FALSE,NA
993172,FALSE,TRUE,FALSE,NA
258027,FALSE,TRUE,FALSE,NA
836357,FALSE,FALSE,FALSE,NA
578820,FALSE,TRUE,TRUE,NA
549197,FALSE,FALSE,TRUE,NA
301931,FALSE,TRUE,FALSE,NA
80718,FALSE,TRUE,FALSE,NA
910526,FALSE,TRUE,FALSE,NA
169858,FALSE,TRUE,FALSE,NA
306510,FALSE,TRUE,FALSE,NA
982731,FALSE,TRUE,FALSE,NA
534708,FALSE,TRUE,FALSE,NA
409904,FALSE,TRUE,FALSE,NA
349642,TRUE,TRUE,TRUE,NA
999079,FALSE,TRUE,FALSE,NA
392080,TRUE,FALSE,FALSE,NA
254335,TRUE,TRUE,FALSE,NA
979889,FALSE,TRUE,FALSE,NA
973764,FALSE,FALSE,FALSE,NA
585737,FALSE,FALSE,FALSE,NA
407255,TRUE,TRUE,FALSE,NA
521482,FALSE,FALSE,FALSE,NA
955627,FALSE,TRUE,FALSE,NA
6287,FALSE,FALSE,FALSE,NA
757109,FALSE,TRUE,FALSE,NA
370981,FALSE,TRUE,FALSE,NA
207003,FALSE,TRUE,FALSE,NA
170372,FALSE,TRUE,TRUE,NA
806710,FALSE,FALSE,FALSE,NA
70922,FALSE,TRUE,FALSE,NA
820570,FALSE,TRUE,FALSE,NA
290552,FALSE,TRUE,FALSE,NA
803949,FALSE,FALSE,FALSE,NA
286793,FALSE,TRUE,FALSE,NA
904773,TRUE,FALSE,FALSE,NA
406709,FALSE,TRUE,FALSE,NA
862663,FALSE,TRUE,FALSE,NA
337952,FALSE,TRUE,FALSE,NA
798127,FALSE,TRUE,FALSE,NA
94246,TRUE,TRUE,FALSE,NA
884988,FALSE,FALSE,FALSE,NA
772489,FALSE,FALSE,FALSE,NA
673161,FALSE,TRUE,FALSE,NA
905525,FALSE,FALSE,FALSE,NA
633220,FALSE,FALSE,FALSE,NA
168164,FALSE,TRUE,FALSE,NA
344215,FALSE,TRUE,FALSE,NA
742156,FALSE,TRUE,FALSE,NA
425679,FALSE,TRUE,FALSE,NA
762256,FALSE,TRUE,TRUE,NA
552127,FALSE,TRUE,FALSE,NA
860076,TRUE,TRUE,FALSE,NA
319180,TRUE,TRUE,FALSE,NA
761213,FALSE,TRUE,FALSE,NA
785631,FALSE,TRUE,FALSE,NA
403586,FALSE,TRUE,FALSE,NA
678190,TRUE,FALSE,FALSE,NA
643322,FALSE,TRUE,FALSE,NA
215076,FALSE,TRUE,FALSE,NA
674109,FALSE,TRUE,FALSE,NA
112900,FALSE,FALSE,FALSE,NA
447761,FALSE,FALSE,FALSE,NA
678281,FALSE,TRUE,FALSE,NA
26630,FALSE,TRUE,FALSE,NA
567915,FALSE,FALSE,FALSE,NA
701526,FALSE,TRUE,FALSE,NA
4678,FALSE,TRUE,FALSE,NA
533531,FALSE,TRUE,FALSE,NA
262241,FALSE,TRUE,FALSE,NA
163401,FALSE,TRUE,FALSE,NA
684027,FALSE,TRUE,FALSE,NA
163944,FALSE,TRUE,FALSE,NA
747582,FALSE,FALSE,FALSE,NA
374959,FALSE,FALSE,TRUE,NA
836007,FALSE,TRUE,FALSE,NA
241034,FALSE,FALSE,FALSE,NA
966443,FALSE,TRUE,FALSE,NA
261809,TRUE,FALSE,TRUE,NA
794004,FALSE,TRUE,FALSE,NA
210912,FALSE,TRUE,FALSE,NA
3139,FALSE,TRUE,FALSE,NA
672501,FALSE,TRUE,FALSE,NA
774026,FALSE,TRUE,FALSE,NA
42339,FALSE,TRUE,FALSE,NA
925240,FALSE,TRUE,FALSE,NA
140914,FALSE,TRUE,FALSE,NA
744633,FALSE,TRUE,FALSE,NA
980885,FALSE,TRUE,FALSE,NA
828798,FALSE,TRUE,FALSE,NA
831479,FALSE,TRUE,FALSE,NA
449629,TRUE,FALSE,FALSE,NA
421884,FALSE,TRUE,FALSE,NA
515809,FALSE,FALSE,FALSE,NA
163405,FALSE,FALSE,FALSE,NA
501653,FALSE,TRUE,FALSE,NA
834755,FALSE,TRUE,TRUE,NA
891619,FALSE,FALSE,FALSE,NA
30828,FALSE,FALSE,FALSE,NA
211762,FALSE,TRUE,TRUE,NA
427231,FALSE,FALSE,FALSE,NA
499288,FALSE,FALSE,FALSE,NA
346481,FALSE,TRUE,FALSE,NA
223354,FALSE,TRUE,FALSE,NA
831092,FALSE,TRUE,FALSE,NA
818274,FALSE,TRUE,FALSE,NA
702950,FALSE,FALSE,FALSE,NA
236245,FALSE,TRUE,FALSE,NA
114950,FALSE,TRUE,FALSE,NA
76708,FALSE,TRUE,FALSE,NA
149137,FALSE,TRUE,FALSE,NA
984744,FALSE,TRUE,FALSE,NA
246714,TRUE,FALSE,FALSE,NA
533935,FALSE,TRUE,FALSE,NA
120419,FALSE,TRUE,FALSE,NA
489221,FALSE,TRUE,FALSE,NA
577046,FALSE,FALSE,FALSE,NA
420473,FALSE,FALSE,FALSE,NA
791600,FALSE,TRUE,FALSE,NA
938684,FALSE,FALSE,FALSE,NA
800532,FALSE,TRUE,FALSE,NA
195561,FALSE,TRUE,FALSE,NA
16717,FALSE,TRUE,FALSE,NA
296016,FALSE,TRUE,FALSE,NA
471902,FALSE,FALSE,FALSE,NA
997586,TRUE,FALSE,FALSE,NA
951190,FALSE,TRUE,TRUE,NA
783196,FALSE,TRUE,FALSE,NA
309040,FALSE,FALSE,FALSE,NA
403838,FALSE,FALSE,TRUE,NA
526514,FALSE,FALSE,FALSE,NA
998694,TRUE,TRUE,FALSE,NA
373060,FALSE,TRUE,FALSE,NA
163361,FALSE,TRUE,FALSE,NA
752309,FALSE,TRUE,FALSE,NA
639670,FALSE,TRUE,FALSE,NA
650146,FALSE,TRUE,FALSE,NA
591526,FALSE,TRUE,FALSE,NA
820017,FALSE,TRUE,FALSE,NA
833409,FALSE,FALSE,FALSE,NA
940065,FALSE,FALSE,FALSE,NA
221411,TRUE,TRUE,FALSE,NA
529890,FALSE,TRUE,FALSE,NA
658849,FALSE,TRUE,FALSE,NA
916664,FALSE,FALSE,FALSE,NA
693689,TRUE,TRUE,TRUE,NA
966141,FALSE,FALSE,FALSE,NA
708045,FALSE,FALSE,FALSE,NA
944260,FALSE,TRUE,FALSE,NA
728020,FALSE,FALSE,FALSE,NA
19679,FALSE,TRUE,FALSE,NA
74534,FALSE,FALSE,FALSE,NA
616279,FALSE,TRUE,FALSE,NA
134563,FALSE,TRUE,FALSE,NA
49970,FALSE,TRUE,FALSE,NA
153862,TRUE,FALSE,FALSE,NA
118824,FALSE,TRUE,FALSE,NA
528473,FALSE,FALSE,FALSE,NA
144441,FALSE,TRUE,TRUE,NA
937349,FALSE,TRUE,FALSE,NA
291977,FALSE,TRUE,FALSE,NA
437649,FALSE,FALSE,FALSE,NA
660355,FALSE,TRUE,FALSE,NA
902395,FALSE,TRUE,FALSE,NA
496580,FALSE,TRUE,TRUE,NA
267214,FALSE,TRUE,FALSE,NA
98963,FALSE,TRUE,FALSE,NA
490315,FALSE,TRUE,FALSE,NA
91053,FALSE,TRUE,TRUE,NA
304932,FALSE,TRUE,TRUE,NA
563854,FALSE,TRUE,FALSE,NA
56873,FALSE,TRUE,FALSE,NA
189037,FALSE,FALSE,FALSE,NA
345364,FALSE,TRUE,FALSE,NA
715619,FALSE,TRUE,FALSE,NA
561254,FALSE,FALSE,FALSE,NA
61611,FALSE,TRUE,FALSE,NA
551978,FALSE,TRUE,FALSE,NA
920942,FALSE,TRUE,FALSE,NA
525569,FALSE,TRUE,FALSE,NA
271830,FALSE,FALSE,FALSE,NA
438242,FALSE,TRUE,FALSE,NA
486013,FALSE,TRUE,FALSE,NA
542420,FALSE,TRUE,FALSE,NA
225886,FALSE,TRUE,FALSE,NA
367598,TRUE,TRUE,FALSE,NA
860535,FALSE,TRUE,FALSE,NA
392825,FALSE,TRUE,FALSE,NA
452695,TRUE,TRUE,TRUE,NA
234320,FALSE,TRUE,FALSE,NA
109963,FALSE,TRUE,FALSE,NA
224492,FALSE,TRUE,FALSE,NA
500362,TRUE,FALSE,FALSE,NA
755297,FALSE,TRUE,FALSE,NA
422758,FALSE,TRUE,FALSE,NA
125027,FALSE,TRUE,TRUE,NA
34078,FALSE,TRUE,FALSE,NA
570510,FALSE,FALSE,FALSE,NA
515188,FALSE,TRUE,FALSE,NA
563832,TRUE,TRUE,FALSE,NA
623026,FALSE,TRUE,FALSE,NA
239720,FALSE,TRUE,FALSE,NA
53803,TRUE,FALSE,FALSE,NA
332510,TRUE,TRUE,FALSE,NA
932598,FALSE,TRUE,FALSE,NA
834875,FALSE,TRUE,FALSE,NA
289972,FALSE,TRUE,FALSE,NA
153675,FALSE,FALSE,FALSE,NA
365768,FALSE,TRUE,FALSE,NA
159198,FALSE,TRUE,FALSE,NA
892722,FALSE,TRUE,FALSE,NA
935181,FALSE,TRUE,FALSE,NA
723600,TRUE,TRUE,FALSE,NA
383560,FALSE,TRUE,FALSE,NA
477316,TRUE,TRUE,FALSE,NA
851868,TRUE,FALSE,FALSE,NA
317597,FALSE,FALSE,FALSE,NA
543571,FALSE,FALSE,FALSE,NA
724401,TRUE,FALSE,FALSE,NA
356835,FALSE,TRUE,FALSE,NA
378131,FALSE,FALSE,FALSE,NA
781008,FALSE,TRUE,FALSE,NA
913583,FALSE,TRUE,FALSE,NA
170874,FALSE,FALSE,TRUE,NA
906331,FALSE,TRUE,FALSE,NA
494656,FALSE,FALSE,FALSE,NA
51462,FALSE,TRUE,FALSE,NA
115437,FALSE,TRUE,FALSE,NA
885118,FALSE,TRUE,FALSE,NA
392372,FALSE,TRUE,FALSE,NA
832161,FALSE,TRUE,FALSE,NA
990335,FALSE,FALSE,FALSE,NA
989930,FALSE,FALSE,TRUE,NA
835799,FALSE,TRUE,FALSE,NA
748654,FALSE,TRUE,FALSE,NA
385466,FALSE,FALSE,FALSE,NA
667177,FALSE,FALSE,TRUE,NA
110361,FALSE,TRUE,TRUE,NA
568098,FALSE,FALSE,FALSE,NA
732288,FALSE,TRUE,TRUE,NA
990662,FALSE,TRUE,FALSE,NA
111693,FALSE,TRUE,FALSE,NA
969542,FALSE,TRUE,FALSE,NA
607922,FALSE,TRUE,FALSE,NA
115606,FALSE,TRUE,FALSE,NA
133627,FALSE,FALSE,FALSE,NA
282700,FALSE,TRUE,FALSE,NA
29662,FALSE,TRUE,FALSE,NA
710177,FALSE,TRUE,FALSE,NA
566786,FALSE,TRUE,TRUE,NA
539787,FALSE,FALSE,FALSE,NA
407679,FALSE,FALSE,FALSE,NA
484446,FALSE,TRUE,FALSE,NA
275228,FALSE,TRUE,FALSE,NA
161628,FALSE,TRUE,FALSE,NA
342930,FALSE,TRUE,FALSE,NA
662201,FALSE,TRUE,FALSE,NA
760040,TRUE,FALSE,FALSE,NA
174828,TRUE,FALSE,FALSE,NA
121763,FALSE,TRUE,FALSE,NA
180390,FALSE,FALSE,TRUE,NA
698329,FALSE,FALSE,FALSE,NA
813233,FALSE,TRUE,FALSE,NA
610406,FALSE,TRUE,FALSE,NA
568982,FALSE,FALSE,FALSE,NA
459824,FALSE,TRUE,FALSE,NA
610386,FALSE,TRUE,FALSE,NA
277464,FALSE,TRUE,FALSE,NA
375223,FALSE,TRUE,FALSE,NA
235841,FALSE,TRUE,FALSE,NA
22244,FALSE,TRUE,FALSE,NA
68783,FALSE,FALSE,FALSE,NA
116179,FALSE,TRUE,FALSE,NA
275857,FALSE,TRUE,TRUE,NA
383294,TRUE,FALSE,FALSE,NA
655398,FALSE,FALSE,FALSE,NA
476988,FALSE,TRUE,FALSE,NA
581959,TRUE,TRUE,FALSE,NA
213014,FALSE,TRUE,FALSE,NA
369490,FALSE,TRUE,FALSE,NA
396618,FALSE,TRUE,FALSE,NA
877660,FALSE,FALSE,FALSE,NA
298143,FALSE,TRUE,FALSE,NA
249039,FALSE,TRUE,FALSE,NA
432463,FALSE,TRUE,FALSE,NA
928314,FALSE,TRUE,FALSE,NA
757088,FALSE,TRUE,FALSE,NA
391855,FALSE,FALSE,FALSE,NA
498941,FALSE,FALSE,FALSE,NA
475725,FALSE,TRUE,FALSE,NA
335787,FALSE,TRUE,FALSE,NA
641652,FALSE,FALSE,FALSE,NA
883156,FALSE,FALSE,TRUE,NA
759389,FALSE,TRUE,FALSE,NA
905310,FALSE,TRUE,FALSE,NA
191186,FALSE,TRUE,FALSE,NA
714157,FALSE,TRUE,FALSE,NA
272557,FALSE,TRUE,FALSE,NA
147465,FALSE,TRUE,FALSE,NA
158742,FALSE,FALSE,FALSE,NA
945519,FALSE,FALSE,FALSE,NA
834828,FALSE,TRUE,FALSE,NA
324010,FALSE,TRUE,TRUE,NA
76955,TRUE,TRUE,FALSE,NA
545944,FALSE,FALSE,FALSE,NA
962709,FALSE,TRUE,FALSE,NA
874039,TRUE,TRUE,FALSE,NA
871906,TRUE,TRUE,TRUE,NA
6219,FALSE,FALSE,FALSE,NA
214475,FALSE,TRUE,FALSE,NA
564657,FALSE,TRUE,FALSE,NA
347842,FALSE,FALSE,FALSE,NA
623756,FALSE,TRUE,FALSE,NA
188412,FALSE,TRUE,FALSE,NA
767320,FALSE,TRUE,FALSE,NA
728806,FALSE,TRUE,FALSE,NA
154380,FALSE,TRUE,FALSE,NA
325397,FALSE,TRUE,FALSE,NA
482353,FALSE,TRUE,FALSE,NA
63665,FALSE,FALSE,FALSE,NA
909338,FALSE,TRUE,FALSE,NA
644672,FALSE,FALSE,FALSE,NA
958493,TRUE,TRUE,FALSE,NA
248451,FALSE,FALSE,FALSE,NA
137005,FALSE,TRUE,FALSE,NA
552302,FALSE,TRUE,FALSE,NA
451570,FALSE,FALSE,FALSE,NA
325485,FALSE,TRUE,FALSE,NA
616861,FALSE,TRUE,FALSE,NA
488173,FALSE,TRUE,TRUE,NA
229686,FALSE,TRUE,FALSE,NA
176590,FALSE,TRUE,FALSE,NA
942704,FALSE,TRUE,FALSE,NA
414981,FALSE,FALSE,FALSE,NA
757093,TRUE,TRUE,FALSE,NA
213694,FALSE,TRUE,FALSE,NA
8930,FALSE,TRUE,FALSE,NA
202297,FALSE,TRUE,FALSE,NA
928803,FALSE,TRUE,FALSE,NA
283620,FALSE,TRUE,FALSE,NA
482251,TRUE,TRUE,FALSE,NA
592154,FALSE,FALSE,FALSE,NA
841594,FALSE,TRUE,FALSE,NA
168070,FALSE,FALSE,TRUE,NA
266287,FALSE,TRUE,FALSE,NA
81241,FALSE,TRUE,FALSE,NA
229483,FALSE,TRUE,FALSE,NA
636377,FALSE,TRUE,FALSE,NA
284157,FALSE,TRUE,FALSE,NA
280995,FALSE,TRUE,FALSE,NA
123810,FALSE,TRUE,FALSE,NA
113899,FALSE,TRUE,FALSE,NA
210280,FALSE,TRUE,FALSE,NA
963735,FALSE,TRUE,FALSE,NA
335003,FALSE,TRUE,FALSE,NA
66222,FALSE,TRUE,FALSE,NA
520202,TRUE,FALSE,TRUE,NA
246090,FALSE,TRUE,FALSE,NA
907756,FALSE,TRUE,FALSE,NA
927242,FALSE,TRUE,TRUE,NA
588920,TRUE,TRUE,FALSE,NA
293948,FALSE,TRUE,FALSE,NA
280243,FALSE,TRUE,FALSE,NA
517185,FALSE,TRUE,FALSE,NA
48798,FALSE,TRUE,FALSE,NA
770693,FALSE,TRUE,FALSE,NA
247930,FALSE,FALSE,FALSE,NA
765822,TRUE,TRUE,FALSE,NA
757400,FALSE,FALSE,FALSE,NA
68012,TRUE,TRUE,FALSE,NA
672700,TRUE,TRUE,FALSE,NA
320967,FALSE,FALSE,FALSE,NA
164384,FALSE,FALSE,FALSE,NA
837543,FALSE,TRUE,FALSE,NA
227266,FALSE,TRUE,FALSE,NA
778307,FALSE,FALSE,FALSE,NA
657754,TRUE,TRUE,FALSE,NA
843147,FALSE,TRUE,FALSE,NA
395353,FALSE,TRUE,FALSE,NA
665827,FALSE,TRUE,FALSE,NA
163478,FALSE,TRUE,TRUE,NA
848088,FALSE,TRUE,FALSE,NA
9477,FALSE,TRUE,FALSE,NA
53271,FALSE,TRUE,FALSE,NA
423725,FALSE,TRUE,FALSE,NA
135039,FALSE,TRUE,FALSE,NA
793919,FALSE,TRUE,FALSE,NA
934844,FALSE,TRUE,FALSE,NA
570358,FALSE,TRUE,FALSE,NA
980522,FALSE,FALSE,FALSE,NA
812530,FALSE,TRUE,FALSE,NA
263916,FALSE,TRUE,FALSE,NA
679611,FALSE,TRUE,FALSE,NA
815847,FALSE,TRUE,FALSE,NA
787089,FALSE,TRUE,FALSE,NA
199956,FALSE,TRUE,FALSE,NA
131645,FALSE,TRUE,FALSE,NA
765832,FALSE,TRUE,FALSE,NA
336322,FALSE,TRUE,FALSE,NA
77835,FALSE,TRUE,FALSE,NA
649266,TRUE,TRUE,FALSE,NA
99574,FALSE,TRUE,FALSE,NA
840784,FALSE,TRUE,FALSE,NA
38777,FALSE,TRUE,FALSE,NA
894043,TRUE,FALSE,FALSE,NA
392333,FALSE,TRUE,FALSE,NA
922307,FALSE,TRUE,FALSE,NA
516587,FALSE,FALSE,FALSE,NA
674624,FALSE,TRUE,TRUE,NA
557487,FALSE,TRUE,FALSE,NA
478009,FALSE,FALSE,FALSE,NA
688965,FALSE,TRUE,FALSE,NA
905388,FALSE,TRUE,FALSE,NA
510093,FALSE,TRUE,FALSE,NA
974646,FALSE,TRUE,FALSE,NA
397558,FALSE,TRUE,FALSE,NA
501345,FALSE,TRUE,FALSE,NA
481038,FALSE,TRUE,FALSE,NA
76464,TRUE,TRUE,FALSE,NA
499435,FALSE,FALSE,FALSE,NA
780148,FALSE,TRUE,FALSE,NA
202900,FALSE,TRUE,FALSE,NA
650454,FALSE,TRUE,FALSE,NA
177755,FALSE,TRUE,TRUE,NA
327198,FALSE,FALSE,FALSE,NA
648639,FALSE,TRUE,FALSE,NA
680053,FALSE,TRUE,FALSE,NA
932419,FALSE,TRUE,FALSE,NA
427957,FALSE,TRUE,FALSE,NA
908644,FALSE,TRUE,FALSE,NA
931176,FALSE,TRUE,FALSE,NA
59199,FALSE,TRUE,FALSE,NA
206129,TRUE,TRUE,FALSE,NA
469933,FALSE,TRUE,FALSE,NA
309075,FALSE,TRUE,FALSE,NA
785969,TRUE,TRUE,FALSE,NA
157901,FALSE,TRUE,FALSE,NA
202809,FALSE,TRUE,FALSE,NA
498388,TRUE,TRUE,FALSE,NA
331234,FALSE,TRUE,FALSE,NA
644724,FALSE,FALSE,FALSE,NA
245842,FALSE,TRUE,FALSE,NA
773354,FALSE,TRUE,FALSE,NA
294340,FALSE,TRUE,FALSE,NA
340609,FALSE,TRUE,FALSE,NA
920885,FALSE,FALSE,FALSE,NA
120507,FALSE,TRUE,FALSE,NA
419685,FALSE,TRUE,FALSE,NA
294771,FALSE,TRUE,FALSE,NA
812367,FALSE,TRUE,FALSE,NA
874253,FALSE,TRUE,FALSE,NA
930907,FALSE,TRUE,FALSE,NA
197592,FALSE,TRUE,FALSE,NA
340648,FALSE,FALSE,FALSE,NA
374202,FALSE,TRUE,FALSE,NA
616503,FALSE,FALSE,FALSE,NA
20388,FALSE,FALSE,FALSE,NA
487428,FALSE,TRUE,FALSE,NA
644784,FALSE,TRUE,FALSE,NA
970664,FALSE,TRUE,FALSE,NA
537389,FALSE,TRUE,FALSE,NA
390724,FALSE,TRUE,FALSE,NA
704903,FALSE,TRUE,FALSE,NA
554117,FALSE,TRUE,TRUE,NA
553988,FALSE,FALSE,FALSE,NA
568074,FALSE,FALSE,FALSE,NA
545240,FALSE,TRUE,FALSE,NA
888624,FALSE,TRUE,FALSE,NA
590553,FALSE,TRUE,FALSE,NA
23615,FALSE,TRUE,FALSE,NA
81454,FALSE,TRUE,FALSE,NA
751699,FALSE,TRUE,FALSE,NA
889151,FALSE,TRUE,FALSE,NA
555952,FALSE,TRUE,FALSE,NA
483594,FALSE,FALSE,FALSE,NA
950431,FALSE,FALSE,TRUE,NA
693221,FALSE,TRUE,FALSE,NA
285338,FALSE,TRUE,FALSE,NA
962388,FALSE,FALSE,FALSE,NA
691920,TRUE,FALSE,FALSE,NA
86042,FALSE,TRUE,FALSE,NA
533351,FALSE,TRUE,FALSE,NA
981761,FALSE,TRUE,FALSE,NA
637840,FALSE,FALSE,FALSE,NA
446633,FALSE,TRUE,FALSE,NA
254822,FALSE,TRUE,FALSE,NA
366064,FALSE,TRUE,FALSE,NA
389534,FALSE,TRUE,FALSE,NA
185868,FALSE,TRUE,FALSE,NA
491060,FALSE,TRUE,FALSE,NA
239678,FALSE,TRUE,FALSE,NA
963820,TRUE,FALSE,FALSE,NA
219263,FALSE,TRUE,TRUE,NA
923531,FALSE,FALSE,TRUE,NA
561884,FALSE,TRUE,FALSE,NA
531948,FALSE,TRUE,FALSE,NA
302281,FALSE,TRUE,FALSE,NA
78353,FALSE,TRUE,FALSE,NA
1945,FALSE,TRUE,FALSE,NA
424890,FALSE,TRUE,FALSE,NA
424999,FALSE,TRUE,FALSE,NA
856750,FALSE,FALSE,FALSE,NA
920690,TRUE,TRUE,FALSE,NA
901875,FALSE,TRUE,FALSE,NA
106259,FALSE,TRUE,FALSE,NA
760664,FALSE,TRUE,FALSE,NA
881699,FALSE,TRUE,FALSE,NA
367962,FALSE,TRUE,FALSE,NA
217017,FALSE,TRUE,FALSE,NA
797226,TRUE,TRUE,FALSE,NA
844394,FALSE,TRUE,FALSE,NA
933143,TRUE,TRUE,FALSE,NA
315607,FALSE,TRUE,FALSE,NA
45291,FALSE,TRUE,FALSE,NA
704754,FALSE,TRUE,FALSE,NA
135038,FALSE,TRUE,FALSE,NA
164535,FALSE,FALSE,FALSE,NA
786763,TRUE,FALSE,FALSE,NA
347242,FALSE,TRUE,FALSE,NA
875916,FALSE,TRUE,FALSE,NA
902689,FALSE,TRUE,FALSE,NA
685945,FALSE,TRUE,FALSE,NA
207282,FALSE,TRUE,FALSE,NA
72901,FALSE,TRUE,FALSE,NA
42644,FALSE,TRUE,FALSE,NA
212354,FALSE,TRUE,FALSE,NA
879295,TRUE,TRUE,TRUE,NA
80900,FALSE,FALSE,FALSE,NA
596986,FALSE,TRUE,FALSE,NA
57971,FALSE,TRUE,FALSE,NA
222178,FALSE,TRUE,FALSE,NA
604347,FALSE,FALSE,FALSE,NA
10916,FALSE,TRUE,FALSE,NA
614270,FALSE,TRUE,FALSE,NA
688324,FALSE,FALSE,FALSE,NA
287475,FALSE,TRUE,FALSE,NA
110218,FALSE,TRUE,FALSE,NA
290447,FALSE,TRUE,FALSE,NA
258482,FALSE,TRUE,FALSE,NA
948055,FALSE,TRUE,FALSE,NA
746055,FALSE,TRUE,FALSE,NA
483320,FALSE,TRUE,FALSE,NA
334724,FALSE,TRUE,FALSE,NA
372349,FALSE,TRUE,FALSE,NA
631320,FALSE,TRUE,FALSE,NA
234711,FALSE,TRUE,FALSE,NA
382610,FALSE,TRUE,FALSE,NA
374540,FALSE,TRUE,TRUE,NA
238725,FALSE,FALSE,FALSE,NA
382620,FALSE,TRUE,FALSE,NA
58762,FALSE,TRUE,FALSE,NA
210763,FALSE,TRUE,FALSE,NA
516262,FALSE,FALSE,FALSE,NA
201894,FALSE,FALSE,FALSE,NA
213865,FALSE,TRUE,FALSE,NA
816215,FALSE,TRUE,FALSE,NA
710213,FALSE,TRUE,FALSE,NA
814789,FALSE,FALSE,FALSE,NA
55490,FALSE,TRUE,FALSE,NA
173333,FALSE,FALSE,FALSE,NA
553843,FALSE,FALSE,FALSE,NA
126998,FALSE,TRUE,FALSE,NA
794714,FALSE,FALSE,FALSE,NA
691631,FALSE,TRUE,FALSE,NA
159205,FALSE,FALSE,FALSE,NA
572998,TRUE,FALSE,FALSE,NA
956946,FALSE,TRUE,FALSE,NA
542543,FALSE,TRUE,FALSE,NA
960110,FALSE,TRUE,FALSE,NA
787157,FALSE,TRUE,FALSE,NA
129706,FALSE,TRUE,FALSE,NA
30103,FALSE,FALSE,FALSE,NA
601788,FALSE,TRUE,FALSE,NA
38675,FALSE,TRUE,TRUE,NA
67251,FALSE,FALSE,FALSE,NA
521486,FALSE,TRUE,FALSE,NA
770313,FALSE,TRUE,FALSE,NA
567969,FALSE,TRUE,FALSE,NA
8522,FALSE,FALSE,FALSE,NA
145247,FALSE,TRUE,FALSE,NA
951873,FALSE,TRUE,FALSE,NA
520565,FALSE,FALSE,FALSE,NA
984003,FALSE,TRUE,FALSE,NA
791345,FALSE,TRUE,FALSE,NA
264170,FALSE,TRUE,FALSE,NA
428497,FALSE,TRUE,FALSE,NA
261632,FALSE,FALSE,FALSE,NA
960394,FALSE,TRUE,FALSE,NA
980505,FALSE,TRUE,FALSE,NA
438448,FALSE,TRUE,FALSE,NA
742135,FALSE,TRUE,FALSE,NA
314339,FALSE,TRUE,FALSE,NA
199625,FALSE,TRUE,FALSE,NA
479887,FALSE,TRUE,FALSE,NA
804377,FALSE,TRUE,FALSE,NA
59621,FALSE,FALSE,FALSE,NA
107664,FALSE,FALSE,FALSE,NA
816214,FALSE,FALSE,FALSE,NA
537513,FALSE,TRUE,FALSE,NA
73730,FALSE,TRUE,FALSE,NA
241310,FALSE,FALSE,FALSE,NA
532355,FALSE,TRUE,FALSE,NA
117732,FALSE,TRUE,FALSE,NA
180087,FALSE,TRUE,FALSE,NA
675105,FALSE,TRUE,FALSE,NA
228135,FALSE,TRUE,FALSE,NA
823299,FALSE,TRUE,FALSE,NA
181448,FALSE,TRUE,FALSE,NA
413038,FALSE,TRUE,FALSE,NA
45067,FALSE,TRUE,FALSE,NA
986150,FALSE,TRUE,FALSE,NA
653936,FALSE,TRUE,FALSE,NA
892510,FALSE,TRUE,FALSE,NA
724966,FALSE,TRUE,FALSE,NA
47510,FALSE,TRUE,FALSE,NA
311608,FALSE,FALSE,FALSE,NA
871209,FALSE,TRUE,FALSE,NA
643961,FALSE,TRUE,FALSE,NA
442421,FALSE,TRUE,FALSE,NA
94258,TRUE,FALSE,FALSE,NA
946005,FALSE,TRUE,FALSE,NA
991849,FALSE,TRUE,FALSE,NA
630902,TRUE,TRUE,FALSE,NA
164417,FALSE,FALSE,FALSE,NA
689090,FALSE,TRUE,FALSE,NA
423013,FALSE,FALSE,FALSE,NA
324973,FALSE,TRUE,FALSE,NA
406306,FALSE,TRUE,TRUE,NA
764349,FALSE,TRUE,FALSE,NA
495228,FALSE,TRUE,FALSE,NA
989406,FALSE,TRUE,FALSE,NA
790071,TRUE,TRUE,FALSE,NA
576923,FALSE,TRUE,FALSE,NA
146202,FALSE,FALSE,FALSE,NA
711575,FALSE,TRUE,FALSE,NA
198345,FALSE,FALSE,FALSE,NA
858042,FALSE,TRUE,FALSE,NA
766774,FALSE,TRUE,FALSE,NA
34358,FALSE,TRUE,TRUE,NA
766556,FALSE,FALSE,FALSE,NA
376031,FALSE,FALSE,FALSE,NA
943293,FALSE,FALSE,FALSE,NA
583874,FALSE,TRUE,FALSE,NA
165954,FALSE,TRUE,FALSE,NA
975869,FALSE,TRUE,FALSE,NA
863614,FALSE,TRUE,FALSE,NA
571984,FALSE,TRUE,FALSE,NA
799388,FALSE,TRUE,FALSE,NA
50213,FALSE,TRUE,FALSE,NA
898885,FALSE,TRUE,FALSE,NA
415950,FALSE,TRUE,FALSE,NA
844586,FALSE,TRUE,FALSE,NA
67123,FALSE,TRUE,FALSE,NA
773293,FALSE,TRUE,FALSE,NA
523902,FALSE,FALSE,FALSE,NA
509802,FALSE,FALSE,FALSE,NA
966938,FALSE,TRUE,FALSE,NA
213872,FALSE,TRUE,FALSE,NA
859446,FALSE,TRUE,TRUE,NA
913840,FALSE,TRUE,FALSE,NA
444423,FALSE,TRUE,FALSE,NA
674657,FALSE,TRUE,FALSE,NA
412213,FALSE,FALSE,FALSE,NA
814670,FALSE,TRUE,FALSE,NA
765208,FALSE,FALSE,FALSE,NA
417031,TRUE,FALSE,FALSE,NA
961348,FALSE,TRUE,FALSE,NA
273894,FALSE,FALSE,FALSE,NA
881887,FALSE,TRUE,FALSE,NA
451147,FALSE,TRUE,FALSE,NA
38952,FALSE,TRUE,FALSE,NA
936307,FALSE,TRUE,FALSE,NA
619034,FALSE,TRUE,FALSE,NA
443745,FALSE,FALSE,FALSE,NA
31591,FALSE,FALSE,FALSE,NA
561483,TRUE,TRUE,FALSE,NA
799589,FALSE,TRUE,FALSE,NA
313691,FALSE,FALSE,FALSE,NA
23966,FALSE,TRUE,FALSE,NA
879012,FALSE,TRUE,FALSE,NA
901685,FALSE,TRUE,FALSE,NA
703780,FALSE,TRUE,TRUE,NA
821442,FALSE,TRUE,FALSE,NA
885168,FALSE,TRUE,FALSE,NA
968267,FALSE,TRUE,FALSE,NA
257940,TRUE,TRUE,FALSE,NA
830584,FALSE,FALSE,FALSE,NA
493426,FALSE,FALSE,TRUE,NA
640456,FALSE,TRUE,FALSE,NA
379413,FALSE,TRUE,FALSE,NA
545343,FALSE,TRUE,FALSE,NA
726267,TRUE,FALSE,FALSE,NA
883893,FALSE,FALSE,FALSE,NA
678977,TRUE,TRUE,FALSE,NA
775376,FALSE,TRUE,FALSE,NA
918873,FALSE,TRUE,FALSE,NA
353486,FALSE,TRUE,FALSE,NA
784485,FALSE,TRUE,FALSE,NA
621970,FALSE,TRUE,FALSE,NA
302794,FALSE,FALSE,TRUE,NA
959246,FALSE,TRUE,FALSE,NA
676209,FALSE,FALSE,FALSE,NA
655254,FALSE,TRUE,FALSE,NA
130153,FALSE,TRUE,FALSE,NA
327305,FALSE,TRUE,FALSE,NA
108128,FALSE,TRUE,FALSE,NA
914132,FALSE,TRUE,FALSE,NA
501306,FALSE,TRUE,FALSE,NA
640778,FALSE,FALSE,FALSE,NA
217867,FALSE,TRUE,FALSE,NA
624985,FALSE,TRUE,FALSE,NA
278277,FALSE,TRUE,FALSE,NA
554487,FALSE,TRUE,FALSE,NA
739682,FALSE,TRUE,FALSE,NA
615321,FALSE,TRUE,FALSE,NA
12693,FALSE,TRUE,FALSE,NA
6945,FALSE,TRUE,TRUE,NA
517190,FALSE,FALSE,FALSE,NA
210624,FALSE,TRUE,FALSE,NA
811957,FALSE,TRUE,FALSE,NA
752605,FALSE,TRUE,FALSE,NA
106809,FALSE,TRUE,TRUE,NA
614199,FALSE,FALSE,FALSE,NA
788336,FALSE,TRUE,FALSE,NA
441842,FALSE,TRUE,FALSE,NA
640507,FALSE,TRUE,FALSE,NA
482626,FALSE,TRUE,FALSE,NA
447766,FALSE,FALSE,FALSE,NA
339450,FALSE,FALSE,FALSE,NA
192685,FALSE,FALSE,FALSE,NA
76830,FALSE,TRUE,FALSE,NA
507326,FALSE,FALSE,FALSE,NA
746057,FALSE,FALSE,FALSE,NA
434888,FALSE,TRUE,FALSE,NA
362805,FALSE,TRUE,FALSE,NA
250176,FALSE,TRUE,FALSE,NA
918073,FALSE,FALSE,FALSE,NA
777455,FALSE,FALSE,FALSE,NA
758891,FALSE,TRUE,FALSE,NA
661423,FALSE,TRUE,FALSE,NA
300542,FALSE,TRUE,FALSE,NA
724864,FALSE,TRUE,FALSE,NA
536182,FALSE,TRUE,TRUE,NA
52872,FALSE,FALSE,FALSE,NA
240426,FALSE,TRUE,FALSE,NA
354396,TRUE,FALSE,FALSE,NA
616626,TRUE,TRUE,TRUE,NA
342803,FALSE,TRUE,FALSE,NA
566754,FALSE,TRUE,FALSE,NA
51341,FALSE,FALSE,FALSE,NA
450342,FALSE,TRUE,FALSE,NA
340275,TRUE,FALSE,FALSE,NA
207155,FALSE,TRUE,FALSE,NA
362877,FALSE,TRUE,FALSE,NA
635527,FALSE,FALSE,TRUE,NA
672028,FALSE,FALSE,FALSE,NA
414074,FALSE,TRUE,FALSE,NA
329585,FALSE,TRUE,TRUE,NA
855974,FALSE,TRUE,TRUE,NA
727103,FALSE,TRUE,FALSE,NA
484395,FALSE,TRUE,FALSE,NA
306223,FALSE,TRUE,FALSE,NA
929001,FALSE,TRUE,FALSE,NA
670503,TRUE,TRUE,FALSE,NA
520502,FALSE,TRUE,FALSE,NA
186558,FALSE,TRUE,FALSE,NA
822109,FALSE,TRUE,FALSE,NA
617537,FALSE,TRUE,FALSE,NA
72539,FALSE,TRUE,FALSE,NA
439351,TRUE,TRUE,TRUE,NA
142280,FALSE,FALSE,FALSE,NA
131230,FALSE,TRUE,FALSE,NA
335255,FALSE,TRUE,FALSE,NA
670271,FALSE,FALSE,FALSE,NA
677108,FALSE,TRUE,FALSE,NA
31649,FALSE,FALSE,FALSE,NA
622388,FALSE,TRUE,FALSE,NA
291178,TRUE,TRUE,FALSE,NA
545986,FALSE,TRUE,FALSE,NA
185696,FALSE,FALSE,FALSE,NA
888291,FALSE,FALSE,FALSE,NA
984339,TRUE,FALSE,FALSE,NA
120805,FALSE,TRUE,FALSE,NA
398444,TRUE,TRUE,FALSE,NA
16068,TRUE,TRUE,FALSE,NA
206077,FALSE,TRUE,FALSE,NA
993662,FALSE,TRUE,FALSE,NA
856419,FALSE,TRUE,FALSE,NA
518369,TRUE,FALSE,FALSE,NA
783018,FALSE,FALSE,FALSE,NA
551203,FALSE,TRUE,FALSE,NA
930264,FALSE,TRUE,FALSE,NA
91606,TRUE,TRUE,FALSE,NA
328551,FALSE,TRUE,FALSE,NA
84921,FALSE,TRUE,FALSE,NA
341807,FALSE,TRUE,FALSE,NA
626031,FALSE,FALSE,FALSE,NA
685485,FALSE,FALSE,FALSE,NA
839423,FALSE,FALSE,TRUE,NA
617340,FALSE,FALSE,FALSE,NA
732875,FALSE,TRUE,FALSE,NA
156351,FALSE,TRUE,FALSE,NA
415047,TRUE,FALSE,FALSE,NA
886923,FALSE,TRUE,FALSE,NA
497544,FALSE,TRUE,FALSE,NA
411441,FALSE,TRUE,FALSE,NA
44127,FALSE,TRUE,FALSE,NA
224268,FALSE,TRUE,FALSE,NA
721188,FALSE,TRUE,FALSE,NA
867179,FALSE,FALSE,TRUE,NA
21805,FALSE,TRUE,FALSE,NA
720414,FALSE,TRUE,FALSE,NA
349065,FALSE,FALSE,TRUE,NA
589691,FALSE,FALSE,FALSE,NA
36975,TRUE,TRUE,FALSE,NA
962828,FALSE,FALSE,FALSE,NA
497755,FALSE,TRUE,FALSE,NA
315552,FALSE,FALSE,FALSE,NA
434511,FALSE,TRUE,FALSE,NA
329428,FALSE,TRUE,FALSE,NA
526688,FALSE,TRUE,FALSE,NA
625470,FALSE,TRUE,FALSE,NA
323333,FALSE,TRUE,FALSE,NA
409410,FALSE,FALSE,FALSE,NA
286586,FALSE,TRUE,FALSE,NA
636272,FALSE,TRUE,FALSE,NA
781365,TRUE,FALSE,FALSE,NA
437771,FALSE,FALSE,FALSE,NA
392534,FALSE,TRUE,FALSE,NA
4986,FALSE,FALSE,TRUE,NA
15199,FALSE,TRUE,FALSE,NA
612490,FALSE,FALSE,FALSE,NA
243590,FALSE,TRUE,FALSE,NA
188895,FALSE,TRUE,FALSE,NA
531433,FALSE,FALSE,FALSE,NA
666111,FALSE,FALSE,FALSE,NA
45863,FALSE,TRUE,FALSE,NA
984250,FALSE,TRUE,FALSE,NA
3823,FALSE,FALSE,FALSE,NA
724327,FALSE,TRUE,FALSE,NA
146885,TRUE,FALSE,FALSE,NA
717014,FALSE,TRUE,FALSE,NA
832394,FALSE,TRUE,TRUE,NA
706073,FALSE,TRUE,FALSE,NA
958093,TRUE,TRUE,FALSE,NA
422159,TRUE,TRUE,FALSE,NA
212958,FALSE,TRUE,FALSE,NA
650727,FALSE,FALSE,FALSE,NA
941989,FALSE,TRUE,TRUE,NA
568499,FALSE,FALSE,FALSE,NA
393278,FALSE,TRUE,FALSE,NA
157407,FALSE,FALSE,FALSE,NA
96689,FALSE,TRUE,FALSE,NA
92175,TRUE,FALSE,FALSE,NA
115029,FALSE,TRUE,FALSE,NA
234008,FALSE,TRUE,FALSE,NA
134793,FALSE,TRUE,FALSE,NA
763918,FALSE,TRUE,FALSE,NA
17431,FALSE,FALSE,FALSE,NA
308657,FALSE,TRUE,FALSE,NA
230871,TRUE,TRUE,FALSE,NA
610320,FALSE,FALSE,FALSE,NA
977283,FALSE,FALSE,FALSE,NA
441264,FALSE,TRUE,FALSE,NA
572016,FALSE,TRUE,FALSE,NA
470443,FALSE,TRUE,FALSE,NA
530377,FALSE,TRUE,FALSE,NA
104331,FALSE,FALSE,FALSE,NA
797657,FALSE,TRUE,FALSE,NA
409414,FALSE,TRUE,FALSE,NA
809614,FALSE,FALSE,FALSE,NA
183514,FALSE,TRUE,FALSE,NA
743524,FALSE,TRUE,FALSE,NA
164411,TRUE,TRUE,TRUE,NA
880915,FALSE,FALSE,FALSE,NA
562087,FALSE,TRUE,FALSE,NA
616404,FALSE,FALSE,FALSE,NA
948031,FALSE,TRUE,FALSE,NA
692044,FALSE,TRUE,FALSE,NA
474247,FALSE,FALSE,FALSE,NA
860380,FALSE,TRUE,FALSE,NA
376338,FALSE,TRUE,FALSE,NA
466280,FALSE,TRUE,TRUE,NA
729526,FALSE,TRUE,TRUE,NA
540567,FALSE,TRUE,FALSE,NA
158598,FALSE,FALSE,FALSE,NA
401079,FALSE,TRUE,TRUE,NA
42688,FALSE,TRUE,FALSE,NA
11586,FALSE,TRUE,FALSE,NA
777017,FALSE,FALSE,FALSE,NA
104319,FALSE,FALSE,FALSE,NA
200410,FALSE,TRUE,FALSE,NA
425994,FALSE,TRUE,FALSE,NA
915292,TRUE,TRUE,FALSE,NA
151673,TRUE,TRUE,FALSE,NA
857658,FALSE,TRUE,FALSE,NA
751759,FALSE,TRUE,FALSE,NA
591396,FALSE,TRUE,FALSE,NA
410220,FALSE,FALSE,FALSE,NA
681459,FALSE,TRUE,FALSE,NA
669180,FALSE,FALSE,TRUE,NA
13585,FALSE,TRUE,FALSE,NA
369732,FALSE,TRUE,FALSE,NA
824360,FALSE,TRUE,TRUE,NA
666589,FALSE,FALSE,FALSE,NA
860202,FALSE,TRUE,FALSE,NA
330295,FALSE,TRUE,FALSE,NA
77376,FALSE,FALSE,FALSE,NA
475839,FALSE,TRUE,FALSE,NA
667158,FALSE,TRUE,FALSE,NA
382029,FALSE,TRUE,FALSE,NA
86073,FALSE,TRUE,FALSE,NA
746648,TRUE,FALSE,TRUE,NA
33092,FALSE,TRUE,FALSE,NA
931144,FALSE,TRUE,FALSE,NA
154737,FALSE,FALSE,FALSE,NA
672657,FALSE,TRUE,FALSE,NA
581751,FALSE,TRUE,FALSE,NA
704325,FALSE,FALSE,FALSE,NA
274155,FALSE,FALSE,FALSE,NA
544468,FALSE,TRUE,FALSE,NA
600250,FALSE,FALSE,FALSE,NA
908230,FALSE,TRUE,FALSE,NA
685197,FALSE,TRUE,FALSE,NA
113711,FALSE,FALSE,FALSE,NA
471353,FALSE,FALSE,FALSE,NA
711074,FALSE,TRUE,FALSE,NA
754973,FALSE,FALSE,FALSE,NA
77952,FALSE,FALSE,FALSE,NA
621528,FALSE,TRUE,FALSE,NA
218679,FALSE,FALSE,TRUE,NA
142979,FALSE,TRUE,FALSE,NA
55375,FALSE,TRUE,FALSE,NA
975316,FALSE,TRUE,FALSE,NA
599662,FALSE,TRUE,FALSE,NA
752257,FALSE,TRUE,FALSE,NA
222044,FALSE,TRUE,FALSE,NA
863100,FALSE,TRUE,FALSE,NA
181850,TRUE,TRUE,FALSE,NA
300253,FALSE,FALSE,FALSE,NA
566022,FALSE,FALSE,FALSE,NA
811704,FALSE,TRUE,TRUE,NA
889993,FALSE,FALSE,FALSE,NA
161140,FALSE,TRUE,FALSE,NA
316580,FALSE,TRUE,FALSE,NA
144144,FALSE,TRUE,FALSE,NA
229629,FALSE,TRUE,FALSE,NA
566324,FALSE,FALSE,FALSE,NA
165529,FALSE,TRUE,FALSE,NA
1210,FALSE,TRUE,FALSE,NA
606766,FALSE,TRUE,FALSE,NA
254596,FALSE,TRUE,FALSE,NA
742982,FALSE,TRUE,FALSE,NA
823706,FALSE,TRUE,TRUE,NA
619157,FALSE,TRUE,FALSE,NA
935989,FALSE,TRUE,FALSE,NA
932490,FALSE,TRUE,FALSE,NA
115630,FALSE,FALSE,FALSE,NA
925760,FALSE,TRUE,FALSE,NA
570575,FALSE,FALSE,FALSE,NA
899486,FALSE,FALSE,FALSE,NA
76,FALSE,FALSE,TRUE,NA
929471,FALSE,TRUE,FALSE,NA
478835,FALSE,TRUE,FALSE,NA
310576,TRUE,FALSE,FALSE,NA
399520,FALSE,FALSE,FALSE,NA
310409,FALSE,TRUE,FALSE,NA
657141,FALSE,TRUE,FALSE,NA
118256,FALSE,FALSE,FALSE,NA
60451,FALSE,FALSE,FALSE,NA
978437,FALSE,TRUE,FALSE,NA
910873,FALSE,FALSE,FALSE,NA
639038,FALSE,TRUE,FALSE,NA
821837,FALSE,TRUE,FALSE,NA
343046,FALSE,TRUE,FALSE,NA
26600,FALSE,TRUE,FALSE,NA
770569,FALSE,TRUE,FALSE,NA
215764,FALSE,TRUE,FALSE,NA
463367,FALSE,TRUE,FALSE,NA
51052,FALSE,TRUE,FALSE,NA
565913,FALSE,TRUE,FALSE,NA
854530,FALSE,TRUE,FALSE,NA
684207,FALSE,TRUE,FALSE,NA
477403,TRUE,TRUE,FALSE,NA
686462,FALSE,TRUE,FALSE,NA
154398,TRUE,TRUE,FALSE,NA
528080,FALSE,TRUE,FALSE,NA
218200,FALSE,TRUE,FALSE,NA
827299,FALSE,TRUE,FALSE,NA
373502,FALSE,FALSE,FALSE,NA
428351,FALSE,TRUE,FALSE,NA
839283,FALSE,TRUE,FALSE,NA
295674,FALSE,FALSE,FALSE,NA
890642,FALSE,TRUE,FALSE,NA
38567,FALSE,TRUE,TRUE,NA
809714,FALSE,TRUE,FALSE,NA
227213,FALSE,FALSE,FALSE,NA
393904,FALSE,TRUE,FALSE,NA
84063,FALSE,TRUE,FALSE,NA
353528,FALSE,FALSE,FALSE,NA
116308,FALSE,TRUE,FALSE,NA
592732,TRUE,FALSE,FALSE,NA
624437,FALSE,FALSE,FALSE,NA
635883,FALSE,FALSE,FALSE,NA
402910,FALSE,TRUE,FALSE,NA
215060,FALSE,TRUE,FALSE,NA
714820,FALSE,TRUE,FALSE,NA
647572,FALSE,TRUE,FALSE,NA
137323,FALSE,TRUE,FALSE,NA
28339,FALSE,TRUE,FALSE,NA
355634,TRUE,TRUE,TRUE,NA
985000,FALSE,FALSE,FALSE,NA
236264,FALSE,TRUE,FALSE,NA
512453,FALSE,TRUE,TRUE,NA
26339,FALSE,TRUE,TRUE,NA
922485,FALSE,TRUE,FALSE,NA
404763,TRUE,TRUE,FALSE,NA
950932,TRUE,TRUE,FALSE,NA
508543,FALSE,FALSE,FALSE,NA
916147,FALSE,TRUE,TRUE,NA
247837,FALSE,TRUE,FALSE,NA
722933,TRUE,TRUE,FALSE,NA
893506,FALSE,TRUE,FALSE,NA
478332,FALSE,TRUE,FALSE,NA
395420,FALSE,TRUE,FALSE,NA
925946,FALSE,TRUE,FALSE,NA
797051,FALSE,TRUE,FALSE,NA
925547,FALSE,TRUE,FALSE,NA
941049,FALSE,TRUE,FALSE,NA
701825,FALSE,FALSE,TRUE,NA
200065,FALSE,TRUE,FALSE,NA
675200,FALSE,FALSE,FALSE,NA
319458,FALSE,TRUE,FALSE,NA
162928,FALSE,TRUE,FALSE,NA
825103,FALSE,TRUE,FALSE,NA
283415,FALSE,TRUE,FALSE,NA
136516,FALSE,TRUE,FALSE,NA
241880,FALSE,TRUE,FALSE,NA
125380,FALSE,TRUE,FALSE,NA
676217,FALSE,TRUE,FALSE,NA
26399,FALSE,FALSE,FALSE,NA
133879,FALSE,TRUE,FALSE,NA
491745,FALSE,TRUE,FALSE,NA
806268,NA,NA,NA,"Error in glmnet(x, y, weights = weights, offset = offset, lambda = lambda, : x should be a matrix with 2 or more columns
"
322296,FALSE,TRUE,FALSE,NA
253927,FALSE,FALSE,FALSE,NA
160235,FALSE,TRUE,FALSE,NA
737743,FALSE,TRUE,TRUE,NA
130732,FALSE,TRUE,FALSE,NA
247477,FALSE,TRUE,FALSE,NA
347982,FALSE,FALSE,FALSE,NA
501987,FALSE,TRUE,FALSE,NA
435827,FALSE,TRUE,FALSE,NA
693545,FALSE,FALSE,FALSE,NA
566588,FALSE,FALSE,FALSE,NA
769575,FALSE,TRUE,FALSE,NA
763706,FALSE,TRUE,FALSE,NA
43982,FALSE,TRUE,FALSE,NA
431435,FALSE,TRUE,FALSE,NA
222266,FALSE,TRUE,FALSE,NA
958374,FALSE,TRUE,FALSE,NA
253932,FALSE,TRUE,FALSE,NA
147934,FALSE,FALSE,FALSE,NA
451811,FALSE,TRUE,FALSE,NA
55766,FALSE,TRUE,FALSE,NA
415307,FALSE,TRUE,FALSE,NA
667485,FALSE,TRUE,FALSE,NA
192999,FALSE,FALSE,FALSE,NA
487016,TRUE,TRUE,FALSE,NA
832362,FALSE,TRUE,FALSE,NA
962810,FALSE,TRUE,FALSE,NA
884338,FALSE,FALSE,FALSE,NA
251783,FALSE,TRUE,FALSE,NA
961659,FALSE,TRUE,FALSE,NA
586058,FALSE,FALSE,FALSE,NA
216418,FALSE,TRUE,FALSE,NA
899949,FALSE,TRUE,FALSE,NA
651956,FALSE,TRUE,FALSE,NA
347534,FALSE,TRUE,TRUE,NA
113737,FALSE,TRUE,FALSE,NA
969842,FALSE,FALSE,FALSE,NA
222588,FALSE,TRUE,FALSE,NA
245592,FALSE,TRUE,FALSE,NA
713811,FALSE,TRUE,FALSE,NA
327029,FALSE,TRUE,FALSE,NA
771675,FALSE,TRUE,FALSE,NA
652242,FALSE,TRUE,FALSE,NA
243257,FALSE,FALSE,FALSE,NA
31528,FALSE,TRUE,FALSE,NA
523045,FALSE,FALSE,FALSE,NA
862856,FALSE,TRUE,FALSE,NA
75798,FALSE,FALSE,FALSE,NA
41963,TRUE,FALSE,FALSE,NA
747346,FALSE,TRUE,FALSE,NA
458786,FALSE,TRUE,FALSE,NA
707672,FALSE,TRUE,FALSE,NA
344406,FALSE,TRUE,FALSE,NA
478592,FALSE,FALSE,FALSE,NA
117564,FALSE,TRUE,FALSE,NA
430042,FALSE,TRUE,FALSE,NA
206816,FALSE,TRUE,FALSE,NA
829644,FALSE,FALSE,FALSE,NA
111961,FALSE,FALSE,FALSE,NA
347397,FALSE,TRUE,FALSE,NA
91645,FALSE,TRUE,FALSE,NA
513672,FALSE,TRUE,FALSE,NA
952007,FALSE,TRUE,FALSE,NA
976074,FALSE,TRUE,FALSE,NA
828408,FALSE,FALSE,FALSE,NA
681478,FALSE,TRUE,FALSE,NA
354159,FALSE,TRUE,FALSE,NA
981000,FALSE,TRUE,FALSE,NA
877228,FALSE,TRUE,FALSE,NA
539452,FALSE,TRUE,FALSE,NA
940153,FALSE,TRUE,FALSE,NA
169901,FALSE,TRUE,FALSE,NA
943544,TRUE,FALSE,FALSE,NA
281322,FALSE,TRUE,FALSE,NA
337169,FALSE,TRUE,FALSE,NA
349782,FALSE,TRUE,FALSE,NA
215800,TRUE,FALSE,FALSE,NA
848497,FALSE,TRUE,TRUE,NA
248870,FALSE,TRUE,FALSE,NA
534519,FALSE,TRUE,FALSE,NA
430177,FALSE,TRUE,FALSE,NA
690650,FALSE,FALSE,FALSE,NA
753883,FALSE,FALSE,FALSE,NA
149082,FALSE,TRUE,FALSE,NA
555552,FALSE,TRUE,FALSE,NA
39239,FALSE,TRUE,FALSE,NA
786606,FALSE,FALSE,FALSE,NA
224860,FALSE,FALSE,FALSE,NA
572077,FALSE,FALSE,TRUE,NA
940803,FALSE,FALSE,FALSE,NA
867887,FALSE,TRUE,FALSE,NA
530517,FALSE,TRUE,FALSE,NA
129441,FALSE,TRUE,FALSE,NA
231138,FALSE,TRUE,FALSE,NA
215621,FALSE,TRUE,FALSE,NA
363994,FALSE,TRUE,FALSE,NA
427166,FALSE,FALSE,FALSE,NA
162253,FALSE,TRUE,FALSE,NA
953586,FALSE,TRUE,TRUE,NA
266471,FALSE,TRUE,FALSE,NA
675959,FALSE,TRUE,FALSE,NA
531089,FALSE,FALSE,FALSE,NA
557898,FALSE,TRUE,FALSE,NA
773011,TRUE,TRUE,FALSE,NA
144454,FALSE,FALSE,FALSE,NA
762980,FALSE,TRUE,FALSE,NA
523356,FALSE,TRUE,FALSE,NA
543304,FALSE,FALSE,FALSE,NA
943321,FALSE,TRUE,FALSE,NA
162026,FALSE,FALSE,TRUE,NA
123419,FALSE,FALSE,FALSE,NA
386275,FALSE,FALSE,FALSE,NA
290903,FALSE,TRUE,FALSE,NA
623420,FALSE,FALSE,FALSE,NA
525383,FALSE,TRUE,FALSE,NA
879856,FALSE,TRUE,FALSE,NA
856016,FALSE,TRUE,FALSE,NA
835596,FALSE,TRUE,FALSE,NA
152368,FALSE,TRUE,FALSE,NA
470674,FALSE,TRUE,FALSE,NA
28317,FALSE,TRUE,FALSE,NA
565908,FALSE,TRUE,FALSE,NA
751538,FALSE,FALSE,FALSE,NA
109832,FALSE,FALSE,TRUE,NA
669252,FALSE,FALSE,FALSE,NA
616601,FALSE,TRUE,FALSE,NA
399969,TRUE,TRUE,FALSE,NA
583379,FALSE,TRUE,FALSE,NA
855257,TRUE,FALSE,FALSE,NA
928539,FALSE,FALSE,FALSE,NA
565143,FALSE,TRUE,FALSE,NA
428429,TRUE,FALSE,FALSE,NA
27282,FALSE,TRUE,FALSE,NA
109429,FALSE,TRUE,FALSE,NA
53111,FALSE,TRUE,FALSE,NA
313071,FALSE,TRUE,FALSE,NA
680284,FALSE,TRUE,FALSE,NA
726057,FALSE,FALSE,FALSE,NA
570080,FALSE,TRUE,FALSE,NA
876268,FALSE,TRUE,FALSE,NA
228162,FALSE,TRUE,FALSE,NA
565166,FALSE,TRUE,FALSE,NA
412024,FALSE,TRUE,FALSE,NA
91379,FALSE,TRUE,FALSE,NA
97271,FALSE,TRUE,FALSE,NA
102914,FALSE,TRUE,FALSE,NA
726166,FALSE,TRUE,FALSE,NA
636925,FALSE,TRUE,FALSE,NA
980192,FALSE,FALSE,FALSE,NA
126131,FALSE,TRUE,FALSE,NA
501834,TRUE,TRUE,FALSE,NA
467522,FALSE,TRUE,FALSE,NA
382250,FALSE,TRUE,FALSE,NA
964180,FALSE,FALSE,FALSE,NA
399572,FALSE,TRUE,FALSE,NA
54445,FALSE,TRUE,FALSE,NA
698551,FALSE,FALSE,FALSE,NA
850576,FALSE,TRUE,FALSE,NA
340298,FALSE,TRUE,FALSE,NA
22028,FALSE,TRUE,FALSE,NA
455088,FALSE,TRUE,FALSE,NA
300040,FALSE,TRUE,FALSE,NA
522314,FALSE,TRUE,FALSE,NA
661393,FALSE,TRUE,FALSE,NA
533448,FALSE,TRUE,FALSE,NA
88825,FALSE,FALSE,FALSE,NA
781172,FALSE,TRUE,TRUE,NA
336084,FALSE,TRUE,FALSE,NA
936554,FALSE,FALSE,FALSE,NA
243092,FALSE,TRUE,FALSE,NA
586934,FALSE,TRUE,FALSE,NA
363570,FALSE,TRUE,TRUE,NA
498856,TRUE,TRUE,FALSE,NA
741962,FALSE,TRUE,FALSE,NA
493096,FALSE,TRUE,FALSE,NA
333165,FALSE,TRUE,FALSE,NA
405190,FALSE,TRUE,FALSE,NA
386874,FALSE,TRUE,FALSE,NA
89147,FALSE,FALSE,FALSE,NA
383314,FALSE,TRUE,FALSE,NA
590431,FALSE,TRUE,FALSE,NA
471630,FALSE,FALSE,FALSE,NA
497641,FALSE,TRUE,FALSE,NA
474636,FALSE,TRUE,FALSE,NA
845513,FALSE,TRUE,FALSE,NA
114847,FALSE,TRUE,FALSE,NA
830487,FALSE,TRUE,FALSE,NA
139831,FALSE,TRUE,TRUE,NA
960405,FALSE,TRUE,FALSE,NA
169135,FALSE,FALSE,FALSE,NA
2231,TRUE,TRUE,FALSE,NA
240019,FALSE,FALSE,FALSE,NA
292679,FALSE,FALSE,TRUE,NA
95871,FALSE,TRUE,FALSE,NA
338476,FALSE,TRUE,TRUE,NA
16898,TRUE,FALSE,FALSE,NA
52723,FALSE,TRUE,FALSE,NA
96547,FALSE,TRUE,TRUE,NA
633668,FALSE,TRUE,FALSE,NA
923933,FALSE,FALSE,FALSE,NA
962211,FALSE,TRUE,FALSE,NA
290886,FALSE,TRUE,FALSE,NA
219009,FALSE,FALSE,FALSE,NA
929489,FALSE,TRUE,FALSE,NA
635580,FALSE,FALSE,FALSE,NA
734194,FALSE,TRUE,FALSE,NA
273595,FALSE,TRUE,FALSE,NA
666782,FALSE,TRUE,FALSE,NA
887773,FALSE,TRUE,FALSE,NA
216827,TRUE,TRUE,FALSE,NA
586755,FALSE,TRUE,FALSE,NA
726250,FALSE,FALSE,FALSE,NA
10527,FALSE,FALSE,FALSE,NA
556705,FALSE,TRUE,TRUE,NA
172676,FALSE,FALSE,FALSE,NA
244306,FALSE,TRUE,FALSE,NA
501193,FALSE,TRUE,FALSE,NA
984147,FALSE,TRUE,FALSE,NA
451352,TRUE,TRUE,FALSE,NA
67290,FALSE,TRUE,FALSE,NA
32093,FALSE,FALSE,FALSE,NA
8013,FALSE,TRUE,FALSE,NA
796236,FALSE,TRUE,FALSE,NA
293249,FALSE,TRUE,FALSE,NA
991698,TRUE,TRUE,FALSE,NA
861286,FALSE,TRUE,FALSE,NA
59340,FALSE,FALSE,FALSE,NA
267751,FALSE,FALSE,FALSE,NA
2402,FALSE,TRUE,FALSE,NA
812050,FALSE,TRUE,FALSE,NA
104940,FALSE,FALSE,FALSE,NA
178376,FALSE,TRUE,FALSE,NA
86738,TRUE,TRUE,FALSE,NA
339319,TRUE,FALSE,FALSE,NA
54313,FALSE,TRUE,FALSE,NA
421696,FALSE,TRUE,FALSE,NA
389114,TRUE,TRUE,FALSE,NA
501464,FALSE,TRUE,FALSE,NA
677709,FALSE,FALSE,FALSE,NA
589589,FALSE,TRUE,FALSE,NA
464642,FALSE,FALSE,TRUE,NA
820907,FALSE,FALSE,FALSE,NA
545811,TRUE,TRUE,TRUE,NA
880392,FALSE,TRUE,TRUE,NA
77520,FALSE,TRUE,FALSE,NA
705744,FALSE,TRUE,FALSE,NA
876056,FALSE,TRUE,FALSE,NA
365251,FALSE,FALSE,FALSE,NA
703714,FALSE,TRUE,TRUE,NA
249014,FALSE,TRUE,FALSE,NA
150982,FALSE,TRUE,FALSE,NA
384552,FALSE,TRUE,FALSE,NA
412477,FALSE,FALSE,FALSE,NA
931790,FALSE,FALSE,FALSE,NA
196572,FALSE,FALSE,FALSE,NA
84341,FALSE,TRUE,FALSE,NA
396884,FALSE,TRUE,FALSE,NA
240204,FALSE,TRUE,FALSE,NA
993973,FALSE,TRUE,FALSE,NA
926345,FALSE,FALSE,FALSE,NA
852931,FALSE,TRUE,FALSE,NA
253866,TRUE,FALSE,FALSE,NA
741912,FALSE,TRUE,FALSE,NA
686447,FALSE,TRUE,FALSE,NA
50405,FALSE,FALSE,FALSE,NA
367656,FALSE,TRUE,TRUE,NA
406194,FALSE,TRUE,FALSE,NA
515671,FALSE,TRUE,FALSE,NA
782987,FALSE,TRUE,TRUE,NA
856251,FALSE,TRUE,FALSE,NA
531260,FALSE,TRUE,TRUE,NA
185971,FALSE,TRUE,FALSE,NA
717371,FALSE,TRUE,FALSE,NA
589013,FALSE,FALSE,FALSE,NA
796169,FALSE,TRUE,FALSE,NA
679584,TRUE,TRUE,FALSE,NA
358132,FALSE,FALSE,FALSE,NA
962141,FALSE,FALSE,FALSE,NA
52145,FALSE,TRUE,FALSE,NA
756479,FALSE,TRUE,FALSE,NA
534368,FALSE,TRUE,FALSE,NA
270416,FALSE,TRUE,FALSE,NA
872424,TRUE,TRUE,FALSE,NA
333778,FALSE,TRUE,FALSE,NA
140616,FALSE,TRUE,FALSE,NA
621313,FALSE,TRUE,FALSE,NA
614276,FALSE,FALSE,FALSE,NA
229640,FALSE,TRUE,FALSE,NA
621020,FALSE,TRUE,FALSE,NA
202440,FALSE,TRUE,FALSE,NA
737841,FALSE,TRUE,FALSE,NA
758053,FALSE,TRUE,FALSE,NA
764536,FALSE,TRUE,FALSE,NA
891223,TRUE,TRUE,FALSE,NA
210898,FALSE,TRUE,FALSE,NA
596363,FALSE,FALSE,FALSE,NA
596473,FALSE,TRUE,FALSE,NA
607985,FALSE,TRUE,FALSE,NA
943249,FALSE,TRUE,TRUE,NA
822706,FALSE,TRUE,FALSE,NA
308854,FALSE,TRUE,FALSE,NA
587068,FALSE,FALSE,FALSE,NA
117484,FALSE,TRUE,FALSE,NA
210314,FALSE,TRUE,FALSE,NA
17126,FALSE,TRUE,FALSE,NA
707071,FALSE,FALSE,FALSE,NA
885424,FALSE,TRUE,FALSE,NA
79083,TRUE,TRUE,FALSE,NA
897480,FALSE,TRUE,FALSE,NA
250819,FALSE,TRUE,TRUE,NA
872862,FALSE,TRUE,FALSE,NA
559068,FALSE,TRUE,TRUE,NA
296963,FALSE,TRUE,TRUE,NA
838097,FALSE,TRUE,FALSE,NA
73745,FALSE,TRUE,TRUE,NA
825302,FALSE,TRUE,FALSE,NA
408042,FALSE,FALSE,FALSE,NA
848445,FALSE,FALSE,FALSE,NA
954029,FALSE,TRUE,FALSE,NA
90016,FALSE,TRUE,FALSE,NA
349966,FALSE,TRUE,FALSE,NA
825284,FALSE,FALSE,FALSE,NA
828178,FALSE,FALSE,TRUE,NA
100190,FALSE,TRUE,FALSE,NA
118505,FALSE,TRUE,FALSE,NA
609914,FALSE,TRUE,FALSE,NA
142498,FALSE,FALSE,FALSE,NA
126139,FALSE,TRUE,FALSE,NA
772613,FALSE,TRUE,FALSE,NA
177939,FALSE,TRUE,FALSE,NA
238832,FALSE,TRUE,FALSE,NA
560530,FALSE,TRUE,TRUE,NA
545885,FALSE,TRUE,FALSE,NA
762104,TRUE,FALSE,FALSE,NA
275513,FALSE,TRUE,FALSE,NA
604625,FALSE,TRUE,FALSE,NA
507753,FALSE,TRUE,FALSE,NA
405812,FALSE,TRUE,TRUE,NA
37945,FALSE,TRUE,FALSE,NA
751183,FALSE,TRUE,FALSE,NA
436433,FALSE,FALSE,FALSE,NA
31940,FALSE,FALSE,FALSE,NA
113301,FALSE,TRUE,FALSE,NA
882992,FALSE,TRUE,FALSE,NA
562400,FALSE,FALSE,FALSE,NA
936255,FALSE,FALSE,FALSE,NA
894224,FALSE,TRUE,FALSE,NA
569085,FALSE,TRUE,FALSE,NA
71760,TRUE,TRUE,FALSE,NA
879143,FALSE,TRUE,FALSE,NA
747555,FALSE,TRUE,FALSE,NA
566071,FALSE,TRUE,FALSE,NA
429041,FALSE,TRUE,FALSE,NA
47721,FALSE,TRUE,FALSE,NA
464238,FALSE,TRUE,FALSE,NA
527334,FALSE,TRUE,FALSE,NA
182722,FALSE,FALSE,FALSE,NA
503440,FALSE,TRUE,FALSE,NA
920527,TRUE,FALSE,FALSE,NA
37239,FALSE,FALSE,FALSE,NA
288496,FALSE,FALSE,FALSE,NA
840876,FALSE,TRUE,FALSE,NA
893417,FALSE,TRUE,FALSE,NA
9806,FALSE,FALSE,FALSE,NA
701460,TRUE,TRUE,FALSE,NA
342692,FALSE,TRUE,FALSE,NA
306094,FALSE,TRUE,FALSE,NA
415086,TRUE,FALSE,FALSE,NA
808524,FALSE,FALSE,FALSE,NA
393127,FALSE,TRUE,FALSE,NA
263622,FALSE,FALSE,FALSE,NA
28680,TRUE,FALSE,FALSE,NA
391153,FALSE,TRUE,FALSE,NA
816027,TRUE,TRUE,FALSE,NA
590044,FALSE,TRUE,FALSE,NA
536013,FALSE,TRUE,TRUE,NA
643910,FALSE,TRUE,FALSE,NA
268233,FALSE,FALSE,FALSE,NA
891144,FALSE,TRUE,FALSE,NA
269083,FALSE,TRUE,FALSE,NA
229962,FALSE,FALSE,FALSE,NA
296093,FALSE,TRUE,FALSE,NA
467256,FALSE,FALSE,FALSE,NA
486872,FALSE,TRUE,FALSE,NA
252773,FALSE,TRUE,FALSE,NA
600435,FALSE,TRUE,FALSE,NA
886932,FALSE,TRUE,FALSE,NA
480683,FALSE,TRUE,FALSE,NA
885359,FALSE,TRUE,FALSE,NA
134802,FALSE,FALSE,FALSE,NA
220087,FALSE,TRUE,FALSE,NA
732724,FALSE,FALSE,TRUE,NA
659296,FALSE,TRUE,FALSE,NA
901545,FALSE,TRUE,FALSE,NA
791955,TRUE,TRUE,FALSE,NA
539386,FALSE,TRUE,FALSE,NA
777002,FALSE,TRUE,FALSE,NA
1477,FALSE,TRUE,FALSE,NA
105379,FALSE,FALSE,TRUE,NA
706785,FALSE,TRUE,FALSE,NA
80001,FALSE,FALSE,FALSE,NA
100371,FALSE,TRUE,FALSE,NA
815944,FALSE,TRUE,FALSE,NA
339546,FALSE,TRUE,FALSE,NA
742052,FALSE,TRUE,FALSE,NA
305855,FALSE,TRUE,FALSE,NA
93762,FALSE,TRUE,FALSE,NA
289244,TRUE,TRUE,FALSE,NA
158146,TRUE,FALSE,FALSE,NA
985442,FALSE,FALSE,FALSE,NA
664257,FALSE,TRUE,FALSE,NA
134021,FALSE,TRUE,FALSE,NA
166879,FALSE,TRUE,FALSE,NA
452712,FALSE,TRUE,FALSE,NA
508899,FALSE,TRUE,FALSE,NA
153588,FALSE,TRUE,FALSE,NA
251872,FALSE,TRUE,TRUE,NA
978046,FALSE,TRUE,FALSE,NA
768248,FALSE,TRUE,FALSE,NA
13252,TRUE,FALSE,FALSE,NA
842343,FALSE,TRUE,FALSE,NA
651675,FALSE,TRUE,FALSE,NA
163251,FALSE,TRUE,FALSE,NA
198387,FALSE,TRUE,FALSE,NA
677428,TRUE,TRUE,TRUE,NA
829744,FALSE,TRUE,FALSE,NA
23960,FALSE,TRUE,FALSE,NA
575713,FALSE,TRUE,FALSE,NA
470341,FALSE,FALSE,FALSE,NA
556068,FALSE,TRUE,FALSE,NA
133448,FALSE,TRUE,FALSE,NA
927583,FALSE,FALSE,FALSE,NA
210518,FALSE,TRUE,FALSE,NA
565858,FALSE,TRUE,FALSE,NA
117583,FALSE,TRUE,FALSE,NA
119837,FALSE,TRUE,FALSE,NA
651202,FALSE,TRUE,TRUE,NA
896066,FALSE,TRUE,FALSE,NA
603026,FALSE,TRUE,FALSE,NA
257649,FALSE,TRUE,FALSE,NA
261537,FALSE,TRUE,FALSE,NA
482051,FALSE,TRUE,FALSE,NA
793287,FALSE,TRUE,FALSE,NA
544735,FALSE,FALSE,TRUE,NA
887046,FALSE,TRUE,FALSE,NA
12026,FALSE,FALSE,FALSE,NA
620076,TRUE,TRUE,FALSE,NA
834135,FALSE,FALSE,FALSE,NA
126938,FALSE,TRUE,FALSE,NA
308197,FALSE,TRUE,FALSE,NA
574937,FALSE,TRUE,FALSE,NA
518539,TRUE,FALSE,FALSE,NA
439698,FALSE,TRUE,FALSE,NA
714627,FALSE,TRUE,FALSE,NA
563782,FALSE,TRUE,FALSE,NA
528170,FALSE,TRUE,FALSE,NA
756768,FALSE,FALSE,FALSE,NA
788497,FALSE,TRUE,TRUE,NA
811132,FALSE,FALSE,FALSE,NA
769898,FALSE,TRUE,FALSE,NA
741754,FALSE,TRUE,FALSE,NA
430930,FALSE,FALSE,FALSE,NA
592920,TRUE,TRUE,FALSE,NA
674399,FALSE,TRUE,FALSE,NA
284303,FALSE,TRUE,FALSE,NA
647209,FALSE,TRUE,FALSE,NA
237864,FALSE,TRUE,FALSE,NA
93960,FALSE,TRUE,FALSE,NA
180546,FALSE,TRUE,FALSE,NA
497551,FALSE,TRUE,TRUE,NA
644826,FALSE,TRUE,FALSE,NA
324542,FALSE,TRUE,FALSE,NA
847500,FALSE,TRUE,FALSE,NA
561119,FALSE,TRUE,FALSE,NA
395160,FALSE,FALSE,FALSE,NA
790238,FALSE,FALSE,FALSE,NA
605880,FALSE,TRUE,FALSE,NA
689026,FALSE,TRUE,FALSE,NA
514944,TRUE,TRUE,FALSE,NA
796405,FALSE,TRUE,FALSE,NA
2430,FALSE,TRUE,FALSE,NA
165891,FALSE,TRUE,FALSE,NA
576347,FALSE,TRUE,FALSE,NA
374374,FALSE,TRUE,FALSE,NA
241917,FALSE,FALSE,FALSE,NA
735153,FALSE,TRUE,FALSE,NA
982780,FALSE,TRUE,FALSE,NA
575710,FALSE,TRUE,FALSE,NA
497204,FALSE,TRUE,FALSE,NA
273491,TRUE,TRUE,TRUE,NA
764057,FALSE,TRUE,FALSE,NA
615784,FALSE,TRUE,FALSE,NA
367258,FALSE,TRUE,FALSE,NA
130582,FALSE,TRUE,FALSE,NA
165263,FALSE,TRUE,FALSE,NA
996854,FALSE,TRUE,FALSE,NA
6783,FALSE,TRUE,FALSE,NA
848048,FALSE,FALSE,FALSE,NA
636146,FALSE,TRUE,FALSE,NA
347206,FALSE,TRUE,FALSE,NA
121552,FALSE,TRUE,FALSE,NA
317872,FALSE,TRUE,FALSE,NA
609318,FALSE,TRUE,FALSE,NA
4474,FALSE,TRUE,FALSE,NA
491111,FALSE,TRUE,FALSE,NA
907080,FALSE,TRUE,FALSE,NA
664883,FALSE,TRUE,FALSE,NA
588219,FALSE,TRUE,FALSE,NA
895231,FALSE,TRUE,TRUE,NA
468948,FALSE,TRUE,FALSE,NA
616570,FALSE,TRUE,FALSE,NA
198922,FALSE,FALSE,TRUE,NA
898000,FALSE,FALSE,FALSE,NA
303745,FALSE,TRUE,FALSE,NA
571428,FALSE,TRUE,FALSE,NA
117087,FALSE,FALSE,FALSE,NA
183064,FALSE,TRUE,FALSE,NA
595774,FALSE,TRUE,FALSE,NA
526078,FALSE,TRUE,FALSE,NA
856900,FALSE,TRUE,FALSE,NA
909990,TRUE,TRUE,FALSE,NA
516279,FALSE,FALSE,FALSE,NA
324394,FALSE,TRUE,FALSE,NA
371470,FALSE,TRUE,FALSE,NA
101502,FALSE,TRUE,FALSE,NA
303637,FALSE,TRUE,FALSE,NA
32268,FALSE,TRUE,FALSE,NA
890429,FALSE,FALSE,FALSE,NA
896539,FALSE,TRUE,FALSE,NA
359015,FALSE,FALSE,FALSE,NA
866993,FALSE,TRUE,FALSE,NA
889864,FALSE,TRUE,FALSE,NA
573742,FALSE,TRUE,TRUE,NA
556078,FALSE,TRUE,FALSE,NA
809847,FALSE,TRUE,FALSE,NA
299091,FALSE,TRUE,FALSE,NA
206140,FALSE,TRUE,FALSE,NA
490002,FALSE,TRUE,FALSE,NA
424003,TRUE,TRUE,FALSE,NA
619336,FALSE,TRUE,FALSE,NA
46364,FALSE,TRUE,FALSE,NA
153128,FALSE,FALSE,FALSE,NA
45701,FALSE,FALSE,TRUE,NA
63013,TRUE,TRUE,FALSE,NA
784270,FALSE,TRUE,FALSE,NA
116177,FALSE,TRUE,FALSE,NA
686956,TRUE,TRUE,FALSE,NA
480972,FALSE,FALSE,FALSE,NA
147587,FALSE,TRUE,FALSE,NA
796172,FALSE,TRUE,FALSE,NA
537561,FALSE,TRUE,FALSE,NA
546773,TRUE,TRUE,FALSE,NA
909153,FALSE,FALSE,FALSE,NA
148059,FALSE,FALSE,FALSE,NA
797880,FALSE,TRUE,FALSE,NA
139745,FALSE,TRUE,FALSE,NA
62442,FALSE,TRUE,FALSE,NA
222045,FALSE,FALSE,FALSE,NA
841464,FALSE,TRUE,FALSE,NA
780104,TRUE,TRUE,FALSE,NA
524723,FALSE,TRUE,FALSE,NA
806596,TRUE,FALSE,FALSE,NA
658476,FALSE,TRUE,FALSE,NA
721053,FALSE,TRUE,FALSE,NA
513934,FALSE,TRUE,TRUE,NA
804894,FALSE,FALSE,FALSE,NA
813010,TRUE,FALSE,FALSE,NA
156596,FALSE,TRUE,FALSE,NA
427461,FALSE,TRUE,FALSE,NA
613160,FALSE,TRUE,TRUE,NA
673293,FALSE,FALSE,FALSE,NA
716243,FALSE,TRUE,FALSE,NA
901408,FALSE,TRUE,FALSE,NA
45178,FALSE,TRUE,FALSE,NA
311388,FALSE,FALSE,TRUE,NA
143935,TRUE,FALSE,FALSE,NA
304135,FALSE,TRUE,FALSE,NA
327608,FALSE,TRUE,FALSE,NA
16111,FALSE,TRUE,FALSE,NA
146853,FALSE,FALSE,FALSE,NA
586969,FALSE,TRUE,FALSE,NA
652631,FALSE,TRUE,FALSE,NA
881898,FALSE,TRUE,FALSE,NA
125866,FALSE,FALSE,FALSE,NA
725331,FALSE,FALSE,FALSE,NA
696288,FALSE,TRUE,FALSE,NA
329277,FALSE,TRUE,FALSE,NA
58298,FALSE,FALSE,FALSE,NA
487646,FALSE,TRUE,FALSE,NA
480495,FALSE,FALSE,TRUE,NA
253166,FALSE,TRUE,TRUE,NA
756354,FALSE,TRUE,FALSE,NA
969608,FALSE,TRUE,FALSE,NA
188828,FALSE,FALSE,TRUE,NA
958359,FALSE,TRUE,FALSE,NA
937433,FALSE,TRUE,FALSE,NA
451264,FALSE,TRUE,FALSE,NA
2537,FALSE,TRUE,FALSE,NA
703683,FALSE,TRUE,FALSE,NA
698930,TRUE,TRUE,FALSE,NA
939863,TRUE,TRUE,FALSE,NA
786129,FALSE,TRUE,FALSE,NA
19106,FALSE,TRUE,FALSE,NA
1569,FALSE,TRUE,FALSE,NA
462712,FALSE,TRUE,FALSE,NA
837276,FALSE,TRUE,FALSE,NA
671056,FALSE,TRUE,FALSE,NA
674034,FALSE,TRUE,FALSE,NA
926923,FALSE,TRUE,FALSE,NA
32392,FALSE,TRUE,FALSE,NA
531553,TRUE,TRUE,FALSE,NA
190260,FALSE,TRUE,TRUE,NA
819555,FALSE,TRUE,FALSE,NA
915335,TRUE,TRUE,FALSE,NA
536649,FALSE,FALSE,FALSE,NA
77749,FALSE,TRUE,TRUE,NA
34371,FALSE,FALSE,FALSE,NA
913121,FALSE,TRUE,FALSE,NA
60360,TRUE,TRUE,FALSE,NA
23150,TRUE,TRUE,FALSE,NA
971966,FALSE,TRUE,TRUE,NA
201256,FALSE,TRUE,FALSE,NA
321016,FALSE,FALSE,FALSE,NA
804887,TRUE,TRUE,FALSE,NA
326792,FALSE,TRUE,FALSE,NA
132888,FALSE,TRUE,FALSE,NA
539716,FALSE,TRUE,TRUE,NA
681234,FALSE,FALSE,FALSE,NA
149218,FALSE,FALSE,FALSE,NA
643110,FALSE,TRUE,TRUE,NA
250037,FALSE,TRUE,FALSE,NA
631782,FALSE,TRUE,FALSE,NA
968373,FALSE,TRUE,FALSE,NA
278990,TRUE,TRUE,FALSE,NA
579027,FALSE,TRUE,FALSE,NA
419163,FALSE,FALSE,FALSE,NA
54226,FALSE,TRUE,FALSE,NA
724387,FALSE,TRUE,FALSE,NA
290516,FALSE,TRUE,FALSE,NA
196444,FALSE,TRUE,FALSE,NA
882009,FALSE,TRUE,FALSE,NA
873354,FALSE,TRUE,FALSE,NA
38699,FALSE,TRUE,TRUE,NA
8435,FALSE,TRUE,FALSE,NA
273713,FALSE,TRUE,FALSE,NA
461025,FALSE,TRUE,FALSE,NA
809361,FALSE,FALSE,FALSE,NA
432080,FALSE,TRUE,TRUE,NA
347356,FALSE,TRUE,FALSE,NA
25351,FALSE,TRUE,FALSE,NA
378184,FALSE,FALSE,TRUE,NA
384205,FALSE,TRUE,FALSE,NA
170713,TRUE,TRUE,FALSE,NA
543949,FALSE,TRUE,FALSE,NA
39036,FALSE,TRUE,FALSE,NA
560076,FALSE,TRUE,FALSE,NA
836828,FALSE,TRUE,FALSE,NA
935790,FALSE,FALSE,FALSE,NA
772165,FALSE,TRUE,FALSE,NA
291582,TRUE,TRUE,FALSE,NA
895353,FALSE,TRUE,FALSE,NA
502911,FALSE,TRUE,FALSE,NA
308053,FALSE,TRUE,FALSE,NA
904449,FALSE,TRUE,TRUE,NA
9417,FALSE,TRUE,FALSE,NA
159704,FALSE,TRUE,FALSE,NA
185604,FALSE,FALSE,FALSE,NA
767634,FALSE,TRUE,FALSE,NA
698925,FALSE,TRUE,FALSE,NA
282763,FALSE,TRUE,FALSE,NA
975139,FALSE,TRUE,FALSE,NA
847456,TRUE,TRUE,FALSE,NA
478378,FALSE,TRUE,FALSE,NA
527171,FALSE,TRUE,FALSE,NA
910565,FALSE,TRUE,FALSE,NA
645282,FALSE,FALSE,FALSE,NA
861471,FALSE,FALSE,FALSE,NA
162835,TRUE,TRUE,FALSE,NA
295945,FALSE,FALSE,FALSE,NA
654150,FALSE,TRUE,FALSE,NA
299597,FALSE,TRUE,FALSE,NA
846373,FALSE,TRUE,FALSE,NA
9606,FALSE,TRUE,FALSE,NA
363662,FALSE,FALSE,FALSE,NA
593462,FALSE,FALSE,FALSE,NA
594535,TRUE,TRUE,FALSE,NA
751561,FALSE,TRUE,FALSE,NA
814981,FALSE,TRUE,FALSE,NA
291521,FALSE,FALSE,FALSE,NA
648568,FALSE,TRUE,FALSE,NA
268052,TRUE,TRUE,FALSE,NA
951105,FALSE,FALSE,FALSE,NA
778061,FALSE,TRUE,TRUE,NA
194494,TRUE,FALSE,FALSE,NA
827617,FALSE,TRUE,FALSE,NA
290684,TRUE,FALSE,FALSE,NA
984833,FALSE,TRUE,FALSE,NA
443105,TRUE,TRUE,FALSE,NA
573019,FALSE,TRUE,TRUE,NA
436007,FALSE,TRUE,FALSE,NA
228057,FALSE,TRUE,FALSE,NA
207843,FALSE,TRUE,FALSE,NA
210900,TRUE,TRUE,FALSE,NA
247644,FALSE,TRUE,FALSE,NA
399225,FALSE,TRUE,FALSE,NA
44867,FALSE,FALSE,TRUE,NA
703023,FALSE,TRUE,TRUE,NA
539359,FALSE,TRUE,TRUE,NA
677091,FALSE,FALSE,FALSE,NA
288308,FALSE,TRUE,FALSE,NA
394844,FALSE,TRUE,TRUE,NA
280887,FALSE,TRUE,FALSE,NA
234450,TRUE,TRUE,FALSE,NA
199297,FALSE,TRUE,FALSE,NA
837877,FALSE,TRUE,FALSE,NA
516328,FALSE,FALSE,FALSE,NA
86197,FALSE,FALSE,FALSE,NA
154700,FALSE,TRUE,TRUE,NA
978976,FALSE,FALSE,FALSE,NA
816987,FALSE,TRUE,FALSE,NA
170223,FALSE,FALSE,FALSE,NA
69114,FALSE,TRUE,FALSE,NA
732087,TRUE,TRUE,FALSE,NA
271836,FALSE,FALSE,FALSE,NA
454594,FALSE,TRUE,FALSE,NA
633493,FALSE,TRUE,FALSE,NA
402786,FALSE,FALSE,FALSE,NA
90801,FALSE,FALSE,FALSE,NA
440647,FALSE,TRUE,FALSE,NA
57121,FALSE,FALSE,FALSE,NA
833070,FALSE,FALSE,FALSE,NA
782242,FALSE,TRUE,FALSE,NA
768469,FALSE,TRUE,FALSE,NA
609714,FALSE,TRUE,FALSE,NA
37365,FALSE,TRUE,FALSE,NA
364918,FALSE,TRUE,FALSE,NA
309063,FALSE,TRUE,TRUE,NA
210128,FALSE,TRUE,FALSE,NA
140609,FALSE,TRUE,FALSE,NA
653273,FALSE,FALSE,FALSE,NA
905312,TRUE,FALSE,FALSE,NA
266955,FALSE,TRUE,FALSE,NA
700687,FALSE,TRUE,FALSE,NA
706665,FALSE,TRUE,FALSE,NA
694302,FALSE,TRUE,FALSE,NA
626401,FALSE,TRUE,FALSE,NA
124127,FALSE,TRUE,FALSE,NA
177993,FALSE,TRUE,FALSE,NA
781274,FALSE,TRUE,FALSE,NA
698815,TRUE,TRUE,FALSE,NA
511526,FALSE,FALSE,FALSE,NA
831827,FALSE,TRUE,FALSE,NA
870388,FALSE,TRUE,FALSE,NA
144119,FALSE,TRUE,FALSE,NA
46619,FALSE,TRUE,FALSE,NA
473665,FALSE,TRUE,FALSE,NA
858744,FALSE,TRUE,FALSE,NA
918710,FALSE,FALSE,FALSE,NA
898731,TRUE,FALSE,FALSE,NA
671000,FALSE,TRUE,FALSE,NA
166474,FALSE,FALSE,FALSE,NA
605192,FALSE,TRUE,FALSE,NA
292593,FALSE,TRUE,FALSE,NA
598890,FALSE,TRUE,FALSE,NA
516649,FALSE,TRUE,TRUE,NA
812196,FALSE,TRUE,TRUE,NA
351377,TRUE,TRUE,FALSE,NA
309883,FALSE,TRUE,FALSE,NA
747511,FALSE,TRUE,TRUE,NA
495608,FALSE,TRUE,FALSE,NA
324295,FALSE,FALSE,FALSE,NA
296163,FALSE,TRUE,FALSE,NA
454266,FALSE,FALSE,FALSE,NA
255019,FALSE,TRUE,FALSE,NA
502228,FALSE,TRUE,FALSE,NA
607021,FALSE,TRUE,FALSE,NA
109901,FALSE,TRUE,FALSE,NA
216151,FALSE,TRUE,FALSE,NA
427215,FALSE,TRUE,FALSE,NA
289294,FALSE,FALSE,FALSE,NA
616722,FALSE,TRUE,FALSE,NA
43535,FALSE,TRUE,FALSE,NA
467830,FALSE,FALSE,TRUE,NA
741493,FALSE,TRUE,FALSE,NA
256463,FALSE,TRUE,FALSE,NA
167455,FALSE,TRUE,TRUE,NA
252785,FALSE,TRUE,FALSE,NA
965808,TRUE,TRUE,TRUE,NA
181564,FALSE,FALSE,FALSE,NA
990271,FALSE,TRUE,FALSE,NA
672314,TRUE,TRUE,TRUE,NA
560119,TRUE,TRUE,FALSE,NA
772210,FALSE,TRUE,FALSE,NA
611125,FALSE,TRUE,FALSE,NA
305825,FALSE,TRUE,FALSE,NA
767103,FALSE,TRUE,FALSE,NA
980422,TRUE,TRUE,FALSE,NA
722106,FALSE,TRUE,FALSE,NA
90035,FALSE,FALSE,FALSE,NA
861509,FALSE,FALSE,TRUE,NA
756883,FALSE,TRUE,FALSE,NA
369510,FALSE,FALSE,FALSE,NA
909733,FALSE,TRUE,FALSE,NA
383694,FALSE,TRUE,FALSE,NA
116653,FALSE,TRUE,FALSE,NA
985479,FALSE,TRUE,TRUE,NA
478857,TRUE,TRUE,FALSE,NA
887454,FALSE,TRUE,FALSE,NA
435107,FALSE,TRUE,FALSE,NA
58581,FALSE,TRUE,FALSE,NA
791274,FALSE,TRUE,TRUE,NA
851510,FALSE,TRUE,FALSE,NA
488871,FALSE,TRUE,FALSE,NA
418744,FALSE,FALSE,TRUE,NA
930559,FALSE,FALSE,FALSE,NA
783337,FALSE,FALSE,FALSE,NA
459024,FALSE,TRUE,FALSE,NA
98793,FALSE,TRUE,FALSE,NA
320384,FALSE,TRUE,FALSE,NA
469992,FALSE,TRUE,TRUE,NA
111248,FALSE,TRUE,FALSE,NA
693706,TRUE,FALSE,FALSE,NA
256460,FALSE,TRUE,FALSE,NA
911929,FALSE,TRUE,FALSE,NA
534125,FALSE,TRUE,FALSE,NA
501837,TRUE,TRUE,FALSE,NA
582615,FALSE,FALSE,FALSE,NA
821554,FALSE,TRUE,FALSE,NA
287592,FALSE,TRUE,FALSE,NA
513622,FALSE,TRUE,FALSE,NA
27071,FALSE,TRUE,FALSE,NA
484743,FALSE,FALSE,FALSE,NA
609548,FALSE,TRUE,FALSE,NA
714882,FALSE,TRUE,FALSE,NA
940179,FALSE,FALSE,FALSE,NA
454934,FALSE,TRUE,FALSE,NA
361401,FALSE,TRUE,FALSE,NA
46560,TRUE,TRUE,FALSE,NA
138182,FALSE,FALSE,TRUE,NA
350937,FALSE,FALSE,FALSE,NA
875177,FALSE,TRUE,FALSE,NA
363951,FALSE,TRUE,FALSE,NA
800135,FALSE,TRUE,FALSE,NA
331923,FALSE,TRUE,FALSE,NA
941354,FALSE,TRUE,FALSE,NA
958830,FALSE,TRUE,FALSE,NA
465957,FALSE,FALSE,FALSE,NA
48950,TRUE,TRUE,FALSE,NA
360952,FALSE,TRUE,FALSE,NA
728367,FALSE,TRUE,FALSE,NA
977493,TRUE,TRUE,FALSE,NA
63216,FALSE,TRUE,FALSE,NA
59887,FALSE,TRUE,FALSE,NA
784434,FALSE,TRUE,FALSE,NA
930905,FALSE,FALSE,FALSE,NA
597279,FALSE,FALSE,FALSE,NA
350419,FALSE,TRUE,FALSE,NA
983883,FALSE,TRUE,FALSE,NA
80875,FALSE,TRUE,FALSE,NA
63099,FALSE,TRUE,FALSE,NA
758101,FALSE,TRUE,FALSE,NA
918259,FALSE,FALSE,FALSE,NA
688680,FALSE,TRUE,FALSE,NA
252051,FALSE,TRUE,FALSE,NA
461947,FALSE,FALSE,FALSE,NA
177021,FALSE,FALSE,TRUE,NA
181940,FALSE,FALSE,FALSE,NA
454252,FALSE,TRUE,FALSE,NA
837018,TRUE,TRUE,FALSE,NA
953209,FALSE,TRUE,FALSE,NA
761121,FALSE,TRUE,FALSE,NA
651443,FALSE,FALSE,FALSE,NA
61417,FALSE,TRUE,FALSE,NA
723920,FALSE,TRUE,FALSE,NA
991206,FALSE,TRUE,FALSE,NA
346826,FALSE,TRUE,FALSE,NA
891286,FALSE,TRUE,FALSE,NA
850344,FALSE,TRUE,FALSE,NA
735246,FALSE,TRUE,FALSE,NA
146328,TRUE,FALSE,FALSE,NA
