"Seed","Attack1_SingleLeverage","Attack2_LossInference","Attack3_ClusterLeverage","Error"
651282,FALSE,FALSE,TRUE,NA
828301,FALSE,FALSE,FALSE,NA
49743,FALSE,TRUE,TRUE,NA
184367,FALSE,TRUE,FALSE,NA
575527,FALSE,FALSE,TRUE,NA
720440,FALSE,FALSE,TRUE,NA
666684,FALSE,TRUE,FALSE,NA
363538,TRUE,FALSE,FALSE,NA
60219,FALSE,FALSE,FALSE,NA
755137,FALSE,TRUE,FALSE,NA
844728,TRUE,TRUE,FALSE,NA
461990,TRUE,FALSE,FALSE,NA
768123,FALSE,FALSE,TRUE,NA
74993,FALSE,FALSE,FALSE,NA
320175,FALSE,FALSE,FALSE,NA
49320,FALSE,FALSE,TRUE,NA
803176,FALSE,FALSE,FALSE,NA
663610,FALSE,FALSE,FALSE,NA
878391,FALSE,TRUE,FALSE,NA
626192,TRUE,TRUE,FALSE,NA
806449,FALSE,TRUE,FALSE,NA
584619,FALSE,FALSE,TRUE,NA
22571,FALSE,FALSE,FALSE,NA
132176,FALSE,FALSE,FALSE,NA
987147,FALSE,FALSE,TRUE,NA
698949,TRUE,FALSE,TRUE,NA
490611,FALSE,TRUE,FALSE,NA
438599,FALSE,FALSE,FALSE,NA
634523,FALSE,TRUE,FALSE,NA
942515,TRUE,TRUE,FALSE,NA
658673,FALSE,FALSE,TRUE,NA
666222,TRUE,TRUE,FALSE,NA
61751,FALSE,FALSE,FALSE,NA
971122,FALSE,FALSE,FALSE,NA
501141,FALSE,TRUE,FALSE,NA
583064,FALSE,FALSE,FALSE,NA
116549,FALSE,TRUE,TRUE,NA
370781,FALSE,FALSE,FALSE,NA
294868,FALSE,FALSE,FALSE,NA
579666,FALSE,TRUE,FALSE,NA
508533,FALSE,TRUE,FALSE,NA
573940,FALSE,TRUE,FALSE,NA
130011,FALSE,FALSE,FALSE,NA
853141,FALSE,FALSE,FALSE,NA
37525,FALSE,FALSE,FALSE,NA
625448,TRUE,TRUE,FALSE,NA
723047,FALSE,FALSE,FALSE,NA
272462,FALSE,FALSE,FALSE,NA
104488,FALSE,FALSE,FALSE,NA
617395,FALSE,TRUE,FALSE,NA
305083,FALSE,FALSE,TRUE,NA
450677,FALSE,FALSE,FALSE,NA
60378,TRUE,TRUE,FALSE,NA
731621,FALSE,FALSE,TRUE,NA
128101,FALSE,TRUE,FALSE,NA
397065,FALSE,FALSE,TRUE,NA
689273,FALSE,FALSE,FALSE,NA
406152,FALSE,FALSE,FALSE,NA
622538,FALSE,TRUE,TRUE,NA
5874,FALSE,FALSE,FALSE,NA
739959,FALSE,TRUE,TRUE,NA
796209,FALSE,TRUE,FALSE,NA
16756,FALSE,FALSE,FALSE,NA
615426,FALSE,FALSE,FALSE,NA
808671,FALSE,FALSE,TRUE,NA
267207,FALSE,FALSE,TRUE,NA
991480,FALSE,FALSE,FALSE,NA
673465,FALSE,TRUE,TRUE,NA
257420,FALSE,TRUE,FALSE,NA
490786,FALSE,FALSE,FALSE,NA
920162,FALSE,TRUE,TRUE,NA
743445,FALSE,FALSE,TRUE,NA
539421,FALSE,FALSE,TRUE,NA
474340,FALSE,FALSE,TRUE,NA
147046,TRUE,FALSE,FALSE,NA
305114,FALSE,FALSE,FALSE,NA
91955,FALSE,FALSE,FALSE,NA
175103,FALSE,FALSE,FALSE,NA
12748,FALSE,FALSE,FALSE,NA
238134,FALSE,FALSE,FALSE,NA
379600,TRUE,FALSE,FALSE,NA
980609,FALSE,FALSE,FALSE,NA
640890,FALSE,TRUE,FALSE,NA
672972,TRUE,TRUE,FALSE,NA
42886,FALSE,FALSE,TRUE,NA
399116,FALSE,FALSE,TRUE,NA
394122,TRUE,FALSE,FALSE,NA
271050,TRUE,FALSE,FALSE,NA
322731,FALSE,FALSE,TRUE,NA
542828,FALSE,FALSE,FALSE,NA
204971,FALSE,FALSE,TRUE,NA
653636,FALSE,FALSE,FALSE,NA
717671,FALSE,FALSE,FALSE,NA
765303,FALSE,FALSE,FALSE,NA
805501,FALSE,TRUE,FALSE,NA
793898,FALSE,TRUE,FALSE,NA
549140,FALSE,FALSE,TRUE,NA
314843,FALSE,FALSE,TRUE,NA
973321,FALSE,TRUE,TRUE,NA
256110,FALSE,FALSE,FALSE,NA
398805,FALSE,TRUE,TRUE,NA
335569,FALSE,TRUE,TRUE,NA
390484,TRUE,FALSE,FALSE,NA
950854,FALSE,TRUE,FALSE,NA
679616,FALSE,FALSE,FALSE,NA
339369,FALSE,FALSE,FALSE,NA
467702,FALSE,TRUE,FALSE,NA
10907,FALSE,TRUE,FALSE,NA
891240,FALSE,FALSE,TRUE,NA
481836,TRUE,FALSE,FALSE,NA
779070,FALSE,TRUE,FALSE,NA
20200,FALSE,FALSE,TRUE,NA
56341,FALSE,FALSE,TRUE,NA
771926,FALSE,TRUE,FALSE,NA
894259,FALSE,TRUE,TRUE,NA
945290,FALSE,TRUE,TRUE,NA
299900,FALSE,FALSE,FALSE,NA
815901,FALSE,TRUE,FALSE,NA
283432,FALSE,TRUE,TRUE,NA
620530,FALSE,TRUE,FALSE,NA
247382,TRUE,TRUE,TRUE,NA
20235,FALSE,TRUE,TRUE,NA
673197,FALSE,FALSE,TRUE,NA
357129,FALSE,FALSE,TRUE,NA
566686,FALSE,FALSE,FALSE,NA
479701,FALSE,FALSE,TRUE,NA
525199,FALSE,FALSE,TRUE,NA
235316,TRUE,TRUE,TRUE,NA
483400,FALSE,FALSE,FALSE,NA
515981,TRUE,TRUE,TRUE,NA
335855,FALSE,FALSE,TRUE,NA
243843,FALSE,TRUE,FALSE,NA
448196,FALSE,TRUE,TRUE,NA
993707,FALSE,FALSE,FALSE,NA
672668,FALSE,FALSE,TRUE,NA
762917,FALSE,TRUE,FALSE,NA
252885,FALSE,TRUE,TRUE,NA
385507,FALSE,TRUE,TRUE,NA
525418,FALSE,FALSE,FALSE,NA
55274,TRUE,FALSE,FALSE,NA
620356,FALSE,FALSE,FALSE,NA
205610,TRUE,TRUE,FALSE,NA
497331,FALSE,FALSE,FALSE,NA
861572,FALSE,FALSE,TRUE,NA
336922,FALSE,FALSE,FALSE,NA
614690,TRUE,FALSE,FALSE,NA
238407,FALSE,FALSE,FALSE,NA
575881,FALSE,FALSE,FALSE,NA
221340,FALSE,TRUE,TRUE,NA
400168,FALSE,FALSE,FALSE,NA
335240,FALSE,FALSE,FALSE,NA
795931,FALSE,FALSE,FALSE,NA
762286,FALSE,TRUE,FALSE,NA
504567,FALSE,FALSE,TRUE,NA
885025,FALSE,FALSE,FALSE,NA
59034,FALSE,FALSE,FALSE,NA
838973,FALSE,FALSE,TRUE,NA
168138,FALSE,FALSE,TRUE,NA
366752,FALSE,FALSE,FALSE,NA
68400,FALSE,FALSE,FALSE,NA
669192,FALSE,FALSE,TRUE,NA
984202,FALSE,TRUE,TRUE,NA
110933,FALSE,FALSE,TRUE,NA
437366,FALSE,FALSE,FALSE,NA
820874,FALSE,TRUE,FALSE,NA
335091,FALSE,FALSE,TRUE,NA
526334,FALSE,TRUE,FALSE,NA
961478,FALSE,TRUE,TRUE,NA
778518,FALSE,TRUE,TRUE,NA
167680,FALSE,TRUE,FALSE,NA
227414,FALSE,FALSE,TRUE,NA
773862,FALSE,TRUE,FALSE,NA
280762,FALSE,FALSE,FALSE,NA
402759,FALSE,FALSE,FALSE,NA
365564,FALSE,FALSE,FALSE,NA
15661,FALSE,FALSE,FALSE,NA
174970,TRUE,FALSE,FALSE,NA
700176,FALSE,TRUE,TRUE,NA
380176,FALSE,TRUE,TRUE,NA
844841,FALSE,FALSE,TRUE,NA
862238,TRUE,FALSE,TRUE,NA
984931,FALSE,TRUE,FALSE,NA
748121,FALSE,TRUE,TRUE,NA
50286,FALSE,FALSE,FALSE,NA
173160,FALSE,FALSE,FALSE,NA
852334,TRUE,FALSE,FALSE,NA
663913,FALSE,FALSE,FALSE,NA
32960,FALSE,FALSE,FALSE,NA
221368,FALSE,FALSE,FALSE,NA
461969,FALSE,FALSE,FALSE,NA
797620,FALSE,TRUE,FALSE,NA
8151,TRUE,FALSE,TRUE,NA
286894,FALSE,TRUE,TRUE,NA
660354,FALSE,TRUE,FALSE,NA
807157,FALSE,TRUE,FALSE,NA
573800,TRUE,FALSE,TRUE,NA
811090,FALSE,TRUE,TRUE,NA
710228,TRUE,TRUE,FALSE,NA
86599,FALSE,TRUE,FALSE,NA
250659,FALSE,TRUE,FALSE,NA
514894,TRUE,FALSE,FALSE,NA
119329,FALSE,FALSE,FALSE,NA
165364,FALSE,TRUE,FALSE,NA
844323,FALSE,FALSE,TRUE,NA
536283,FALSE,FALSE,FALSE,NA
675855,TRUE,FALSE,FALSE,NA
829369,FALSE,TRUE,TRUE,NA
287666,FALSE,FALSE,FALSE,NA
23494,FALSE,FALSE,TRUE,NA
184060,FALSE,FALSE,FALSE,NA
495576,FALSE,TRUE,TRUE,NA
444823,FALSE,FALSE,TRUE,NA
321445,FALSE,TRUE,TRUE,NA
112012,TRUE,TRUE,TRUE,NA
424860,FALSE,TRUE,TRUE,NA
428915,FALSE,TRUE,FALSE,NA
818285,FALSE,TRUE,TRUE,NA
677200,FALSE,TRUE,FALSE,NA
113391,FALSE,FALSE,TRUE,NA
139082,FALSE,FALSE,FALSE,NA
641461,FALSE,FALSE,TRUE,NA
615052,FALSE,FALSE,FALSE,NA
419554,FALSE,FALSE,FALSE,NA
570559,TRUE,TRUE,TRUE,NA
847651,FALSE,FALSE,FALSE,NA
688758,FALSE,TRUE,FALSE,NA
214126,FALSE,FALSE,TRUE,NA
45627,FALSE,FALSE,FALSE,NA
563498,TRUE,TRUE,TRUE,NA
75956,TRUE,FALSE,FALSE,NA
288721,FALSE,TRUE,FALSE,NA
403641,FALSE,FALSE,TRUE,NA
627265,TRUE,FALSE,TRUE,NA
380780,FALSE,FALSE,FALSE,NA
471306,TRUE,TRUE,TRUE,NA
381040,FALSE,FALSE,FALSE,NA
931233,FALSE,FALSE,TRUE,NA
940856,FALSE,FALSE,FALSE,NA
328054,FALSE,FALSE,FALSE,NA
740351,FALSE,FALSE,FALSE,NA
166169,FALSE,TRUE,FALSE,NA
421672,FALSE,FALSE,FALSE,NA
247293,FALSE,FALSE,FALSE,NA
105504,FALSE,TRUE,FALSE,NA
656205,FALSE,TRUE,FALSE,NA
33779,FALSE,TRUE,TRUE,NA
537800,FALSE,TRUE,FALSE,NA
341275,FALSE,TRUE,TRUE,NA
310901,FALSE,TRUE,TRUE,NA
168421,FALSE,FALSE,FALSE,NA
446059,FALSE,FALSE,FALSE,NA
438551,FALSE,TRUE,FALSE,NA
179794,FALSE,TRUE,TRUE,NA
238598,FALSE,FALSE,FALSE,NA
693023,FALSE,TRUE,TRUE,NA
374134,FALSE,FALSE,FALSE,NA
559042,FALSE,TRUE,TRUE,NA
904597,FALSE,FALSE,TRUE,NA
229969,FALSE,TRUE,TRUE,NA
180648,FALSE,FALSE,FALSE,NA
909740,FALSE,FALSE,FALSE,NA
215893,FALSE,TRUE,FALSE,NA
310626,FALSE,TRUE,FALSE,NA
55437,TRUE,FALSE,FALSE,NA
937790,TRUE,FALSE,FALSE,NA
158431,FALSE,FALSE,FALSE,NA
131404,FALSE,FALSE,FALSE,NA
207850,TRUE,FALSE,TRUE,NA
936725,TRUE,FALSE,TRUE,NA
895769,FALSE,TRUE,FALSE,NA
757940,FALSE,FALSE,TRUE,NA
597735,TRUE,FALSE,FALSE,NA
348569,FALSE,TRUE,TRUE,NA
567979,FALSE,FALSE,FALSE,NA
415886,FALSE,FALSE,TRUE,NA
592685,TRUE,FALSE,TRUE,NA
986935,FALSE,TRUE,TRUE,NA
180880,FALSE,FALSE,FALSE,NA
920185,FALSE,FALSE,FALSE,NA
954975,FALSE,TRUE,FALSE,NA
683737,FALSE,FALSE,FALSE,NA
537639,FALSE,TRUE,FALSE,NA
163592,FALSE,FALSE,TRUE,NA
981736,FALSE,TRUE,FALSE,NA
714467,FALSE,TRUE,FALSE,NA
127035,FALSE,TRUE,TRUE,NA
191258,FALSE,FALSE,FALSE,NA
637923,FALSE,FALSE,TRUE,NA
352952,FALSE,TRUE,FALSE,NA
857769,FALSE,FALSE,TRUE,NA
912794,FALSE,FALSE,TRUE,NA
409590,TRUE,TRUE,FALSE,NA
882837,FALSE,FALSE,FALSE,NA
320577,FALSE,FALSE,TRUE,NA
576169,FALSE,TRUE,FALSE,NA
93229,FALSE,FALSE,TRUE,NA
415300,TRUE,FALSE,TRUE,NA
713479,FALSE,TRUE,TRUE,NA
969287,FALSE,FALSE,FALSE,NA
863181,TRUE,TRUE,TRUE,NA
156948,FALSE,FALSE,FALSE,NA
823489,FALSE,FALSE,FALSE,NA
5731,FALSE,TRUE,TRUE,NA
177405,FALSE,FALSE,FALSE,NA
392075,FALSE,TRUE,FALSE,NA
781440,FALSE,FALSE,FALSE,NA
851923,FALSE,TRUE,TRUE,NA
582775,FALSE,FALSE,FALSE,NA
841836,FALSE,FALSE,FALSE,NA
881757,FALSE,FALSE,FALSE,NA
772708,FALSE,TRUE,FALSE,NA
182003,FALSE,TRUE,TRUE,NA
764119,FALSE,FALSE,TRUE,NA
875937,FALSE,TRUE,TRUE,NA
30305,FALSE,FALSE,FALSE,NA
403722,FALSE,FALSE,FALSE,NA
824973,FALSE,FALSE,FALSE,NA
782339,FALSE,FALSE,TRUE,NA
970518,TRUE,FALSE,FALSE,NA
266372,TRUE,TRUE,FALSE,NA
414637,FALSE,TRUE,FALSE,NA
459436,TRUE,FALSE,FALSE,NA
955105,TRUE,FALSE,TRUE,NA
296396,FALSE,FALSE,TRUE,NA
332662,FALSE,TRUE,TRUE,NA
114124,FALSE,FALSE,FALSE,NA
112213,FALSE,TRUE,FALSE,NA
72594,FALSE,TRUE,TRUE,NA
239606,TRUE,FALSE,TRUE,NA
530564,FALSE,FALSE,FALSE,NA
21494,FALSE,TRUE,FALSE,NA
393855,FALSE,FALSE,TRUE,NA
173347,FALSE,FALSE,FALSE,NA
409214,FALSE,FALSE,FALSE,NA
624173,FALSE,TRUE,FALSE,NA
526130,FALSE,TRUE,FALSE,NA
600512,TRUE,FALSE,FALSE,NA
305699,FALSE,TRUE,TRUE,NA
647592,FALSE,TRUE,TRUE,NA
874166,TRUE,FALSE,TRUE,NA
954852,TRUE,FALSE,FALSE,NA
434624,FALSE,TRUE,FALSE,NA
149586,FALSE,TRUE,FALSE,NA
550472,TRUE,FALSE,FALSE,NA
225232,FALSE,FALSE,FALSE,NA
363970,TRUE,TRUE,TRUE,NA
851261,FALSE,FALSE,TRUE,NA
758391,TRUE,TRUE,FALSE,NA
7986,FALSE,FALSE,FALSE,NA
927917,TRUE,TRUE,FALSE,NA
607927,TRUE,TRUE,FALSE,NA
105926,TRUE,TRUE,FALSE,NA
500402,TRUE,TRUE,FALSE,NA
907304,TRUE,FALSE,FALSE,NA
146940,TRUE,TRUE,TRUE,NA
880075,FALSE,TRUE,FALSE,NA
933086,FALSE,FALSE,FALSE,NA
357212,TRUE,FALSE,FALSE,NA
440535,FALSE,FALSE,TRUE,NA
67101,FALSE,TRUE,TRUE,NA
55571,FALSE,FALSE,TRUE,NA
693930,TRUE,FALSE,FALSE,NA
663942,TRUE,TRUE,FALSE,NA
523104,FALSE,FALSE,FALSE,NA
816843,FALSE,TRUE,FALSE,NA
667673,FALSE,TRUE,FALSE,NA
207532,FALSE,FALSE,FALSE,NA
795142,FALSE,TRUE,TRUE,NA
332816,TRUE,FALSE,TRUE,NA
219086,FALSE,TRUE,FALSE,NA
523274,FALSE,TRUE,FALSE,NA
744734,FALSE,FALSE,FALSE,NA
752537,FALSE,TRUE,FALSE,NA
177936,FALSE,TRUE,FALSE,NA
602910,FALSE,TRUE,FALSE,NA
125043,FALSE,FALSE,FALSE,NA
539569,FALSE,TRUE,TRUE,NA
312879,FALSE,FALSE,FALSE,NA
142704,FALSE,FALSE,FALSE,NA
664423,FALSE,TRUE,FALSE,NA
776712,FALSE,FALSE,FALSE,NA
669134,FALSE,TRUE,FALSE,NA
639047,FALSE,FALSE,FALSE,NA
79078,FALSE,TRUE,TRUE,NA
956825,FALSE,TRUE,FALSE,NA
938272,FALSE,TRUE,TRUE,NA
577276,FALSE,FALSE,TRUE,NA
494921,TRUE,FALSE,FALSE,NA
374237,FALSE,TRUE,FALSE,NA
494444,TRUE,FALSE,TRUE,NA
660060,FALSE,FALSE,TRUE,NA
654783,FALSE,TRUE,FALSE,NA
228483,FALSE,FALSE,FALSE,NA
494131,FALSE,FALSE,TRUE,NA
293180,FALSE,TRUE,FALSE,NA
855720,FALSE,TRUE,FALSE,NA
693136,FALSE,TRUE,TRUE,NA
585886,FALSE,FALSE,FALSE,NA
250631,TRUE,TRUE,FALSE,NA
957335,FALSE,FALSE,FALSE,NA
917367,FALSE,FALSE,TRUE,NA
696581,FALSE,FALSE,FALSE,NA
722233,FALSE,FALSE,TRUE,NA
574995,FALSE,TRUE,FALSE,NA
69764,FALSE,FALSE,FALSE,NA
481853,FALSE,FALSE,TRUE,NA
232951,FALSE,FALSE,FALSE,NA
660150,FALSE,FALSE,FALSE,NA
478852,FALSE,FALSE,TRUE,NA
196509,FALSE,FALSE,TRUE,NA
667446,FALSE,FALSE,FALSE,NA
591634,FALSE,TRUE,FALSE,NA
181777,FALSE,FALSE,TRUE,NA
506360,FALSE,FALSE,TRUE,NA
196939,FALSE,FALSE,FALSE,NA
664068,FALSE,FALSE,FALSE,NA
578389,FALSE,FALSE,FALSE,NA
735912,FALSE,FALSE,TRUE,NA
338327,FALSE,FALSE,FALSE,NA
469258,FALSE,TRUE,TRUE,NA
325736,FALSE,FALSE,FALSE,NA
931368,TRUE,FALSE,FALSE,NA
40756,FALSE,TRUE,FALSE,NA
78259,FALSE,FALSE,FALSE,NA
753881,FALSE,FALSE,FALSE,NA
678397,FALSE,FALSE,TRUE,NA
547346,TRUE,FALSE,FALSE,NA
283495,FALSE,FALSE,FALSE,NA
541110,FALSE,TRUE,TRUE,NA
26439,FALSE,TRUE,FALSE,NA
244455,TRUE,TRUE,FALSE,NA
681408,FALSE,FALSE,FALSE,NA
845863,FALSE,TRUE,FALSE,NA
544314,TRUE,TRUE,FALSE,NA
542795,FALSE,TRUE,TRUE,NA
803611,FALSE,TRUE,FALSE,NA
400046,FALSE,TRUE,FALSE,NA
849073,FALSE,FALSE,FALSE,NA
196589,FALSE,TRUE,TRUE,NA
944530,FALSE,TRUE,FALSE,NA
938457,FALSE,TRUE,FALSE,NA
403026,FALSE,FALSE,TRUE,NA
282486,FALSE,TRUE,FALSE,NA
533405,FALSE,FALSE,FALSE,NA
172174,FALSE,FALSE,TRUE,NA
889381,FALSE,FALSE,TRUE,NA
813955,FALSE,FALSE,TRUE,NA
983914,FALSE,TRUE,FALSE,NA
144241,FALSE,FALSE,FALSE,NA
143479,FALSE,FALSE,FALSE,NA
209937,FALSE,TRUE,FALSE,NA
59488,FALSE,FALSE,TRUE,NA
305822,FALSE,FALSE,TRUE,NA
138050,FALSE,FALSE,FALSE,NA
931461,FALSE,TRUE,FALSE,NA
140789,FALSE,TRUE,TRUE,NA
62603,FALSE,TRUE,FALSE,NA
417581,FALSE,TRUE,TRUE,NA
706205,FALSE,TRUE,TRUE,NA
334497,FALSE,FALSE,FALSE,NA
589659,FALSE,FALSE,TRUE,NA
720603,FALSE,TRUE,FALSE,NA
173404,FALSE,TRUE,TRUE,NA
545228,FALSE,FALSE,FALSE,NA
31492,FALSE,FALSE,FALSE,NA
439929,FALSE,FALSE,TRUE,NA
236889,FALSE,FALSE,FALSE,NA
682578,TRUE,FALSE,FALSE,NA
871276,FALSE,TRUE,FALSE,NA
165286,FALSE,FALSE,FALSE,NA
602537,FALSE,FALSE,FALSE,NA
849262,FALSE,FALSE,TRUE,NA
917460,FALSE,FALSE,FALSE,NA
773169,FALSE,FALSE,FALSE,NA
216860,FALSE,TRUE,TRUE,NA
148972,FALSE,FALSE,FALSE,NA
42927,FALSE,TRUE,FALSE,NA
264870,FALSE,FALSE,FALSE,NA
350059,FALSE,FALSE,FALSE,NA
529000,TRUE,TRUE,TRUE,NA
378805,FALSE,FALSE,TRUE,NA
506057,FALSE,FALSE,FALSE,NA
248636,FALSE,FALSE,FALSE,NA
760569,FALSE,FALSE,FALSE,NA
490018,FALSE,FALSE,FALSE,NA
424881,TRUE,FALSE,TRUE,NA
372287,TRUE,FALSE,FALSE,NA
801409,FALSE,TRUE,TRUE,NA
918891,FALSE,FALSE,TRUE,NA
498175,FALSE,TRUE,FALSE,NA
820836,FALSE,TRUE,FALSE,NA
144798,FALSE,FALSE,FALSE,NA
720963,FALSE,FALSE,FALSE,NA
74937,FALSE,TRUE,TRUE,NA
931712,FALSE,FALSE,TRUE,NA
177262,FALSE,TRUE,FALSE,NA
265013,FALSE,TRUE,FALSE,NA
671917,TRUE,FALSE,TRUE,NA
4581,FALSE,TRUE,FALSE,NA
916473,TRUE,FALSE,FALSE,NA
11570,FALSE,FALSE,FALSE,NA
797269,FALSE,TRUE,FALSE,NA
752592,FALSE,TRUE,TRUE,NA
678921,FALSE,FALSE,TRUE,NA
18440,FALSE,FALSE,TRUE,NA
956906,FALSE,FALSE,FALSE,NA
980796,FALSE,FALSE,FALSE,NA
925785,FALSE,TRUE,TRUE,NA
379124,FALSE,FALSE,FALSE,NA
492670,FALSE,FALSE,FALSE,NA
980874,FALSE,FALSE,FALSE,NA
528442,FALSE,TRUE,FALSE,NA
812778,FALSE,FALSE,TRUE,NA
962865,FALSE,TRUE,FALSE,NA
824932,FALSE,FALSE,FALSE,NA
630095,FALSE,TRUE,FALSE,NA
73724,TRUE,TRUE,FALSE,NA
644986,FALSE,FALSE,FALSE,NA
570552,FALSE,TRUE,FALSE,NA
612455,FALSE,FALSE,FALSE,NA
884896,FALSE,TRUE,TRUE,NA
103670,FALSE,TRUE,TRUE,NA
687015,FALSE,TRUE,FALSE,NA
595650,FALSE,TRUE,FALSE,NA
482220,FALSE,FALSE,TRUE,NA
998931,FALSE,FALSE,TRUE,NA
51447,FALSE,FALSE,FALSE,NA
173286,FALSE,FALSE,FALSE,NA
121500,FALSE,FALSE,FALSE,NA
437924,FALSE,TRUE,FALSE,NA
476118,FALSE,FALSE,FALSE,NA
325538,TRUE,TRUE,FALSE,NA
995072,FALSE,TRUE,FALSE,NA
470909,FALSE,TRUE,FALSE,NA
281265,FALSE,TRUE,FALSE,NA
747888,FALSE,FALSE,FALSE,NA
662087,FALSE,TRUE,FALSE,NA
546866,TRUE,FALSE,TRUE,NA
80321,FALSE,FALSE,TRUE,NA
372144,FALSE,TRUE,FALSE,NA
666994,FALSE,FALSE,FALSE,NA
864770,FALSE,FALSE,TRUE,NA
741412,FALSE,FALSE,FALSE,NA
648017,TRUE,TRUE,TRUE,NA
619338,FALSE,FALSE,TRUE,NA
51942,TRUE,FALSE,TRUE,NA
191577,FALSE,TRUE,FALSE,NA
173441,FALSE,TRUE,FALSE,NA
208477,FALSE,FALSE,FALSE,NA
251363,FALSE,TRUE,TRUE,NA
387778,FALSE,FALSE,FALSE,NA
68110,FALSE,FALSE,TRUE,NA
42783,FALSE,TRUE,TRUE,NA
718017,FALSE,FALSE,FALSE,NA
270853,FALSE,FALSE,FALSE,NA
437241,TRUE,TRUE,TRUE,NA
605385,FALSE,FALSE,FALSE,NA
620027,FALSE,TRUE,TRUE,NA
476182,TRUE,FALSE,FALSE,NA
310396,TRUE,FALSE,FALSE,NA
722773,FALSE,TRUE,FALSE,NA
664485,TRUE,FALSE,TRUE,NA
145889,FALSE,FALSE,FALSE,NA
577650,FALSE,FALSE,FALSE,NA
166860,FALSE,FALSE,FALSE,NA
853391,TRUE,TRUE,FALSE,NA
235215,FALSE,FALSE,FALSE,NA
961091,FALSE,FALSE,FALSE,NA
346912,FALSE,FALSE,TRUE,NA
577584,FALSE,FALSE,FALSE,NA
719552,FALSE,FALSE,TRUE,NA
453503,FALSE,TRUE,FALSE,NA
136816,FALSE,FALSE,TRUE,NA
67042,FALSE,FALSE,TRUE,NA
520104,TRUE,FALSE,FALSE,NA
898580,FALSE,TRUE,FALSE,NA
441649,FALSE,TRUE,FALSE,NA
889818,FALSE,FALSE,FALSE,NA
613132,FALSE,FALSE,FALSE,NA
751692,TRUE,TRUE,FALSE,NA
212222,FALSE,TRUE,TRUE,NA
832056,FALSE,TRUE,TRUE,NA
885406,TRUE,FALSE,TRUE,NA
705948,FALSE,TRUE,FALSE,NA
278882,FALSE,FALSE,FALSE,NA
87435,FALSE,TRUE,FALSE,NA
44407,FALSE,TRUE,FALSE,NA
236139,TRUE,TRUE,FALSE,NA
930390,TRUE,FALSE,FALSE,NA
414211,FALSE,FALSE,FALSE,NA
133526,TRUE,TRUE,TRUE,NA
953430,FALSE,TRUE,TRUE,NA
156401,FALSE,TRUE,TRUE,NA
638137,FALSE,TRUE,TRUE,NA
45929,FALSE,FALSE,FALSE,NA
771292,FALSE,FALSE,FALSE,NA
423108,FALSE,FALSE,FALSE,NA
680118,FALSE,FALSE,TRUE,NA
368603,TRUE,FALSE,FALSE,NA
563608,FALSE,FALSE,TRUE,NA
207367,TRUE,FALSE,TRUE,NA
710391,FALSE,TRUE,FALSE,NA
466183,FALSE,TRUE,TRUE,NA
900872,FALSE,TRUE,FALSE,NA
667066,FALSE,TRUE,FALSE,NA
892191,FALSE,FALSE,TRUE,NA
388643,FALSE,FALSE,TRUE,NA
519904,FALSE,TRUE,FALSE,NA
854836,TRUE,FALSE,TRUE,NA
928363,FALSE,TRUE,FALSE,NA
365788,FALSE,TRUE,FALSE,NA
242561,TRUE,FALSE,TRUE,NA
793862,FALSE,FALSE,TRUE,NA
856675,FALSE,FALSE,FALSE,NA
915579,TRUE,FALSE,FALSE,NA
652186,TRUE,FALSE,TRUE,NA
291816,FALSE,FALSE,TRUE,NA
504563,FALSE,FALSE,TRUE,NA
846496,FALSE,FALSE,FALSE,NA
289187,FALSE,FALSE,FALSE,NA
121851,FALSE,TRUE,FALSE,NA
902086,FALSE,FALSE,FALSE,NA
763172,TRUE,FALSE,FALSE,NA
739790,FALSE,FALSE,FALSE,NA
622772,FALSE,TRUE,FALSE,NA
348800,FALSE,TRUE,TRUE,NA
792427,FALSE,TRUE,TRUE,NA
989726,FALSE,FALSE,FALSE,NA
420396,FALSE,FALSE,TRUE,NA
147663,FALSE,FALSE,FALSE,NA
386950,TRUE,FALSE,FALSE,NA
86011,FALSE,TRUE,FALSE,NA
528891,TRUE,FALSE,FALSE,NA
710236,FALSE,TRUE,TRUE,NA
272867,FALSE,TRUE,FALSE,NA
600963,FALSE,TRUE,FALSE,NA
294554,TRUE,TRUE,TRUE,NA
682453,FALSE,FALSE,FALSE,NA
633960,FALSE,FALSE,TRUE,NA
876288,FALSE,FALSE,TRUE,NA
198906,FALSE,FALSE,FALSE,NA
495207,FALSE,FALSE,FALSE,NA
437663,FALSE,TRUE,TRUE,NA
643532,FALSE,FALSE,FALSE,NA
656029,FALSE,FALSE,TRUE,NA
581093,FALSE,FALSE,FALSE,NA
285019,FALSE,FALSE,FALSE,NA
924110,FALSE,FALSE,FALSE,NA
235584,FALSE,FALSE,FALSE,NA
473376,FALSE,FALSE,FALSE,NA
296278,FALSE,FALSE,FALSE,NA
205518,FALSE,TRUE,FALSE,NA
34221,FALSE,FALSE,FALSE,NA
613432,FALSE,FALSE,FALSE,NA
44775,FALSE,TRUE,TRUE,NA
547368,FALSE,FALSE,TRUE,NA
101553,FALSE,TRUE,TRUE,NA
175735,TRUE,FALSE,FALSE,NA
246428,FALSE,TRUE,TRUE,NA
729822,FALSE,FALSE,TRUE,NA
546417,FALSE,TRUE,TRUE,NA
905883,FALSE,TRUE,FALSE,NA
518007,FALSE,TRUE,FALSE,NA
185407,FALSE,TRUE,FALSE,NA
891207,TRUE,FALSE,FALSE,NA
328400,FALSE,FALSE,TRUE,NA
867557,FALSE,TRUE,FALSE,NA
696467,FALSE,FALSE,FALSE,NA
686436,FALSE,TRUE,FALSE,NA
9054,FALSE,FALSE,FALSE,NA
584400,FALSE,FALSE,FALSE,NA
377058,FALSE,FALSE,TRUE,NA
395395,FALSE,TRUE,FALSE,NA
103222,FALSE,FALSE,TRUE,NA
775431,TRUE,TRUE,FALSE,NA
199972,FALSE,TRUE,FALSE,NA
555185,FALSE,TRUE,FALSE,NA
590800,FALSE,FALSE,FALSE,NA
927632,FALSE,FALSE,TRUE,NA
216245,FALSE,TRUE,FALSE,NA
261085,FALSE,TRUE,TRUE,NA
416079,FALSE,FALSE,TRUE,NA
182268,FALSE,FALSE,FALSE,NA
556089,FALSE,FALSE,FALSE,NA
36778,TRUE,FALSE,TRUE,NA
183369,FALSE,FALSE,FALSE,NA
10789,TRUE,FALSE,FALSE,NA
604801,FALSE,FALSE,TRUE,NA
610616,FALSE,FALSE,FALSE,NA
97470,FALSE,FALSE,TRUE,NA
184489,TRUE,TRUE,TRUE,NA
562366,FALSE,TRUE,FALSE,NA
857156,FALSE,TRUE,FALSE,NA
726418,FALSE,FALSE,FALSE,NA
685370,TRUE,TRUE,FALSE,NA
164833,FALSE,FALSE,TRUE,NA
404939,TRUE,TRUE,FALSE,NA
532381,FALSE,TRUE,FALSE,NA
224465,FALSE,TRUE,FALSE,NA
688302,FALSE,FALSE,FALSE,NA
822032,FALSE,FALSE,TRUE,NA
941962,TRUE,TRUE,FALSE,NA
85011,FALSE,FALSE,FALSE,NA
594070,FALSE,TRUE,FALSE,NA
292200,FALSE,FALSE,TRUE,NA
718420,FALSE,FALSE,FALSE,NA
555742,FALSE,TRUE,FALSE,NA
440495,FALSE,FALSE,FALSE,NA
770310,FALSE,FALSE,FALSE,NA
882341,FALSE,TRUE,TRUE,NA
24539,FALSE,FALSE,FALSE,NA
36304,FALSE,FALSE,FALSE,NA
461533,TRUE,TRUE,FALSE,NA
312725,FALSE,FALSE,TRUE,NA
950193,FALSE,TRUE,FALSE,NA
434827,FALSE,FALSE,TRUE,NA
21514,FALSE,FALSE,FALSE,NA
542102,FALSE,FALSE,FALSE,NA
382125,FALSE,TRUE,TRUE,NA
819323,FALSE,TRUE,FALSE,NA
50678,FALSE,FALSE,TRUE,NA
462312,TRUE,FALSE,TRUE,NA
229152,FALSE,FALSE,FALSE,NA
560496,FALSE,FALSE,TRUE,NA
736252,FALSE,FALSE,FALSE,NA
978395,FALSE,TRUE,FALSE,NA
363262,FALSE,TRUE,TRUE,NA
763171,FALSE,TRUE,FALSE,NA
866688,TRUE,TRUE,FALSE,NA
602864,TRUE,FALSE,FALSE,NA
846577,FALSE,FALSE,TRUE,NA
942728,FALSE,FALSE,TRUE,NA
117265,FALSE,FALSE,TRUE,NA
608616,FALSE,FALSE,FALSE,NA
149656,FALSE,FALSE,TRUE,NA
909901,FALSE,TRUE,FALSE,NA
328625,FALSE,FALSE,TRUE,NA
315905,FALSE,TRUE,FALSE,NA
560594,FALSE,TRUE,FALSE,NA
23593,FALSE,FALSE,FALSE,NA
110396,FALSE,FALSE,TRUE,NA
895511,TRUE,TRUE,TRUE,NA
951467,FALSE,FALSE,FALSE,NA
643148,TRUE,TRUE,FALSE,NA
538115,FALSE,TRUE,FALSE,NA
490351,TRUE,TRUE,TRUE,NA
351251,FALSE,TRUE,FALSE,NA
762284,FALSE,FALSE,TRUE,NA
657937,TRUE,TRUE,FALSE,NA
328940,FALSE,FALSE,FALSE,NA
905376,TRUE,TRUE,FALSE,NA
601175,TRUE,FALSE,FALSE,NA
822256,FALSE,FALSE,FALSE,NA
268590,FALSE,FALSE,FALSE,NA
894866,FALSE,FALSE,TRUE,NA
51620,FALSE,TRUE,FALSE,NA
504240,FALSE,FALSE,FALSE,NA
145771,FALSE,TRUE,TRUE,NA
473553,FALSE,TRUE,FALSE,NA
928121,FALSE,TRUE,TRUE,NA
971353,FALSE,TRUE,TRUE,NA
341503,FALSE,FALSE,FALSE,NA
177953,FALSE,TRUE,FALSE,NA
215508,FALSE,FALSE,TRUE,NA
671715,FALSE,FALSE,FALSE,NA
155859,FALSE,TRUE,TRUE,NA
757084,FALSE,TRUE,FALSE,NA
171915,FALSE,FALSE,TRUE,NA
697356,TRUE,FALSE,TRUE,NA
732226,TRUE,TRUE,FALSE,NA
177567,FALSE,TRUE,TRUE,NA
384816,FALSE,FALSE,FALSE,NA
454997,FALSE,FALSE,FALSE,NA
508522,FALSE,TRUE,FALSE,NA
54624,FALSE,FALSE,FALSE,NA
478265,TRUE,FALSE,FALSE,NA
34364,TRUE,FALSE,FALSE,NA
361242,FALSE,FALSE,FALSE,NA
30887,FALSE,FALSE,FALSE,NA
767566,FALSE,FALSE,TRUE,NA
786334,FALSE,FALSE,FALSE,NA
944401,FALSE,TRUE,FALSE,NA
94072,FALSE,TRUE,TRUE,NA
87667,TRUE,FALSE,FALSE,NA
800758,TRUE,FALSE,FALSE,NA
997931,FALSE,FALSE,FALSE,NA
640984,TRUE,TRUE,TRUE,NA
885545,TRUE,FALSE,FALSE,NA
882211,FALSE,TRUE,FALSE,NA
398241,FALSE,FALSE,FALSE,NA
883909,TRUE,TRUE,FALSE,NA
774198,FALSE,FALSE,FALSE,NA
501829,FALSE,TRUE,FALSE,NA
529641,FALSE,FALSE,TRUE,NA
347915,FALSE,FALSE,FALSE,NA
439262,FALSE,TRUE,FALSE,NA
823112,FALSE,FALSE,TRUE,NA
729640,FALSE,FALSE,FALSE,NA
213389,TRUE,FALSE,FALSE,NA
24188,FALSE,FALSE,FALSE,NA
837342,FALSE,FALSE,TRUE,NA
436973,FALSE,TRUE,FALSE,NA
522499,FALSE,TRUE,FALSE,NA
386915,FALSE,FALSE,TRUE,NA
512213,FALSE,FALSE,TRUE,NA
867572,TRUE,FALSE,FALSE,NA
724436,FALSE,TRUE,TRUE,NA
373393,TRUE,FALSE,FALSE,NA
652072,FALSE,FALSE,FALSE,NA
528584,FALSE,TRUE,TRUE,NA
826809,TRUE,TRUE,FALSE,NA
951745,FALSE,TRUE,TRUE,NA
563733,TRUE,FALSE,TRUE,NA
311295,FALSE,FALSE,TRUE,NA
435175,FALSE,TRUE,FALSE,NA
491384,TRUE,TRUE,TRUE,NA
206406,FALSE,FALSE,FALSE,NA
856396,TRUE,TRUE,FALSE,NA
351768,FALSE,FALSE,FALSE,NA
363443,FALSE,FALSE,FALSE,NA
493692,FALSE,FALSE,FALSE,NA
38444,TRUE,TRUE,FALSE,NA
130624,TRUE,TRUE,FALSE,NA
901849,FALSE,FALSE,TRUE,NA
799975,FALSE,TRUE,TRUE,NA
532147,FALSE,FALSE,FALSE,NA
856366,TRUE,TRUE,FALSE,NA
535403,FALSE,FALSE,FALSE,NA
431709,FALSE,FALSE,FALSE,NA
999269,TRUE,FALSE,TRUE,NA
157225,FALSE,TRUE,FALSE,NA
414711,FALSE,TRUE,TRUE,NA
569605,TRUE,FALSE,FALSE,NA
122911,FALSE,TRUE,TRUE,NA
273591,TRUE,FALSE,FALSE,NA
768921,TRUE,FALSE,FALSE,NA
315724,FALSE,TRUE,FALSE,NA
380929,TRUE,FALSE,TRUE,NA
148700,FALSE,FALSE,FALSE,NA
807993,FALSE,TRUE,TRUE,NA
659111,FALSE,FALSE,FALSE,NA
246063,FALSE,FALSE,TRUE,NA
337118,FALSE,TRUE,FALSE,NA
393940,FALSE,FALSE,FALSE,NA
411466,FALSE,TRUE,FALSE,NA
953987,FALSE,TRUE,FALSE,NA
531687,TRUE,FALSE,TRUE,NA
582418,FALSE,FALSE,TRUE,NA
867171,FALSE,TRUE,TRUE,NA
255392,FALSE,FALSE,FALSE,NA
623309,TRUE,FALSE,TRUE,NA
955542,TRUE,TRUE,TRUE,NA
91007,FALSE,FALSE,FALSE,NA
924345,FALSE,FALSE,TRUE,NA
33764,FALSE,FALSE,FALSE,NA
185578,TRUE,TRUE,TRUE,NA
400906,FALSE,FALSE,FALSE,NA
552736,FALSE,FALSE,TRUE,NA
554822,FALSE,TRUE,FALSE,NA
346096,FALSE,FALSE,TRUE,NA
903517,FALSE,TRUE,FALSE,NA
558575,FALSE,TRUE,FALSE,NA
774942,TRUE,FALSE,FALSE,NA
703335,FALSE,TRUE,FALSE,NA
797895,FALSE,FALSE,TRUE,NA
680832,FALSE,TRUE,FALSE,NA
31994,FALSE,TRUE,FALSE,NA
512180,FALSE,FALSE,FALSE,NA
93691,FALSE,FALSE,FALSE,NA
244925,FALSE,FALSE,FALSE,NA
623734,FALSE,FALSE,FALSE,NA
846114,FALSE,TRUE,FALSE,NA
23814,FALSE,TRUE,FALSE,NA
433855,FALSE,FALSE,TRUE,NA
168009,FALSE,FALSE,TRUE,NA
471026,FALSE,FALSE,FALSE,NA
337205,FALSE,TRUE,FALSE,NA
769082,FALSE,TRUE,TRUE,NA
423144,FALSE,TRUE,FALSE,NA
413017,FALSE,FALSE,FALSE,NA
892148,FALSE,TRUE,TRUE,NA
265876,FALSE,FALSE,FALSE,NA
744627,FALSE,TRUE,FALSE,NA
14268,TRUE,TRUE,FALSE,NA
945041,TRUE,TRUE,FALSE,NA
982044,FALSE,TRUE,FALSE,NA
488183,TRUE,TRUE,FALSE,NA
435114,FALSE,TRUE,TRUE,NA
142880,TRUE,FALSE,FALSE,NA
522791,FALSE,FALSE,FALSE,NA
164495,FALSE,FALSE,FALSE,NA
50149,FALSE,FALSE,TRUE,NA
824599,TRUE,FALSE,TRUE,NA
726582,FALSE,FALSE,TRUE,NA
442485,FALSE,TRUE,TRUE,NA
574840,FALSE,FALSE,TRUE,NA
71649,FALSE,FALSE,FALSE,NA
158340,TRUE,FALSE,FALSE,NA
356660,FALSE,FALSE,FALSE,NA
725102,FALSE,FALSE,TRUE,NA
900174,FALSE,FALSE,FALSE,NA
112816,TRUE,TRUE,FALSE,NA
773150,FALSE,FALSE,TRUE,NA
82968,TRUE,FALSE,FALSE,NA
407797,FALSE,TRUE,FALSE,NA
965022,FALSE,FALSE,TRUE,NA
958319,FALSE,TRUE,TRUE,NA
79459,FALSE,FALSE,FALSE,NA
431767,FALSE,FALSE,FALSE,NA
409275,FALSE,FALSE,TRUE,NA
562556,FALSE,FALSE,FALSE,NA
582449,TRUE,FALSE,TRUE,NA
453157,FALSE,FALSE,TRUE,NA
36974,FALSE,FALSE,TRUE,NA
397849,TRUE,TRUE,TRUE,NA
679268,FALSE,TRUE,FALSE,NA
546065,FALSE,FALSE,TRUE,NA
971425,FALSE,FALSE,TRUE,NA
113372,FALSE,FALSE,TRUE,NA
917545,FALSE,TRUE,FALSE,NA
300199,FALSE,FALSE,FALSE,NA
578296,FALSE,TRUE,TRUE,NA
197567,FALSE,FALSE,TRUE,NA
917585,FALSE,FALSE,TRUE,NA
338005,FALSE,TRUE,FALSE,NA
684720,FALSE,FALSE,FALSE,NA
140325,FALSE,FALSE,TRUE,NA
557195,FALSE,FALSE,TRUE,NA
122536,FALSE,TRUE,FALSE,NA
849605,FALSE,FALSE,FALSE,NA
175265,FALSE,FALSE,FALSE,NA
869652,FALSE,FALSE,TRUE,NA
398314,FALSE,FALSE,FALSE,NA
971001,TRUE,FALSE,FALSE,NA
523053,FALSE,FALSE,FALSE,NA
425632,FALSE,FALSE,TRUE,NA
501408,FALSE,FALSE,FALSE,NA
330544,FALSE,FALSE,TRUE,NA
659818,FALSE,FALSE,TRUE,NA
531278,TRUE,FALSE,TRUE,NA
344,FALSE,TRUE,TRUE,NA
853873,FALSE,FALSE,FALSE,NA
342714,FALSE,FALSE,TRUE,NA
349317,FALSE,FALSE,FALSE,NA
730141,FALSE,FALSE,TRUE,NA
649766,FALSE,FALSE,FALSE,NA
22734,FALSE,FALSE,FALSE,NA
854384,FALSE,TRUE,TRUE,NA
15256,FALSE,TRUE,FALSE,NA
711351,FALSE,FALSE,TRUE,NA
646733,FALSE,FALSE,FALSE,NA
784533,FALSE,FALSE,TRUE,NA
224692,FALSE,TRUE,FALSE,NA
907362,TRUE,FALSE,FALSE,NA
562786,FALSE,TRUE,FALSE,NA
523261,FALSE,TRUE,TRUE,NA
848310,FALSE,TRUE,FALSE,NA
367751,FALSE,TRUE,FALSE,NA
682202,TRUE,FALSE,FALSE,NA
987762,FALSE,FALSE,FALSE,NA
377640,FALSE,FALSE,FALSE,NA
723144,FALSE,FALSE,FALSE,NA
941148,TRUE,TRUE,FALSE,NA
435349,FALSE,TRUE,TRUE,NA
112192,FALSE,FALSE,TRUE,NA
286531,FALSE,FALSE,FALSE,NA
885886,FALSE,TRUE,FALSE,NA
925990,FALSE,TRUE,FALSE,NA
757063,FALSE,FALSE,TRUE,NA
106561,FALSE,TRUE,TRUE,NA
513168,FALSE,FALSE,FALSE,NA
522702,FALSE,FALSE,FALSE,NA
700362,FALSE,FALSE,FALSE,NA
943707,FALSE,FALSE,FALSE,NA
602063,TRUE,TRUE,TRUE,NA
315758,FALSE,FALSE,FALSE,NA
44307,FALSE,FALSE,TRUE,NA
821942,FALSE,FALSE,FALSE,NA
274114,TRUE,FALSE,TRUE,NA
579938,FALSE,FALSE,FALSE,NA
281366,FALSE,FALSE,FALSE,NA
278149,FALSE,FALSE,FALSE,NA
416502,TRUE,FALSE,TRUE,NA
488207,FALSE,FALSE,TRUE,NA
232907,FALSE,FALSE,FALSE,NA
809605,FALSE,FALSE,FALSE,NA
331589,FALSE,FALSE,FALSE,NA
28303,FALSE,FALSE,TRUE,NA
364963,FALSE,TRUE,TRUE,NA
761143,FALSE,TRUE,TRUE,NA
598979,FALSE,FALSE,FALSE,NA
724931,FALSE,FALSE,FALSE,NA
686298,FALSE,TRUE,FALSE,NA
826328,FALSE,TRUE,FALSE,NA
246332,FALSE,FALSE,FALSE,NA
131093,FALSE,TRUE,TRUE,NA
678092,FALSE,FALSE,FALSE,NA
636392,FALSE,FALSE,FALSE,NA
954378,FALSE,FALSE,FALSE,NA
595708,FALSE,TRUE,FALSE,NA
219533,FALSE,TRUE,FALSE,NA
730437,FALSE,FALSE,FALSE,NA
775188,FALSE,FALSE,FALSE,NA
780533,FALSE,FALSE,TRUE,NA
278012,TRUE,FALSE,FALSE,NA
395779,TRUE,FALSE,FALSE,NA
891499,FALSE,FALSE,FALSE,NA
617507,FALSE,TRUE,FALSE,NA
612192,FALSE,TRUE,FALSE,NA
727780,FALSE,FALSE,TRUE,NA
197234,FALSE,FALSE,FALSE,NA
168253,FALSE,TRUE,FALSE,NA
474625,FALSE,FALSE,FALSE,NA
816819,FALSE,TRUE,FALSE,NA
221975,FALSE,TRUE,TRUE,NA
834676,FALSE,TRUE,TRUE,NA
708564,FALSE,FALSE,TRUE,NA
821438,FALSE,TRUE,FALSE,NA
892879,TRUE,FALSE,TRUE,NA
49700,FALSE,TRUE,TRUE,NA
976605,FALSE,TRUE,FALSE,NA
230939,FALSE,FALSE,TRUE,NA
721208,FALSE,FALSE,FALSE,NA
384928,FALSE,TRUE,FALSE,NA
340414,FALSE,TRUE,FALSE,NA
972990,TRUE,TRUE,FALSE,NA
488071,FALSE,TRUE,TRUE,NA
629605,TRUE,FALSE,FALSE,NA
798016,FALSE,FALSE,FALSE,NA
702222,FALSE,FALSE,FALSE,NA
21414,FALSE,FALSE,TRUE,NA
73313,FALSE,FALSE,FALSE,NA
298769,FALSE,FALSE,TRUE,NA
118576,FALSE,TRUE,FALSE,NA
305093,FALSE,FALSE,FALSE,NA
649854,FALSE,TRUE,FALSE,NA
833259,FALSE,TRUE,FALSE,NA
50786,FALSE,TRUE,FALSE,NA
519469,FALSE,FALSE,TRUE,NA
188289,FALSE,FALSE,TRUE,NA
826222,FALSE,TRUE,TRUE,NA
78635,FALSE,FALSE,FALSE,NA
747127,FALSE,FALSE,TRUE,NA
459265,FALSE,FALSE,FALSE,NA
389201,TRUE,TRUE,TRUE,NA
375920,FALSE,TRUE,FALSE,NA
263907,FALSE,TRUE,FALSE,NA
521894,FALSE,TRUE,FALSE,NA
152742,FALSE,FALSE,FALSE,NA
976028,FALSE,FALSE,TRUE,NA
772231,FALSE,FALSE,FALSE,NA
889094,FALSE,TRUE,TRUE,NA
341185,FALSE,TRUE,TRUE,NA
743783,FALSE,FALSE,FALSE,NA
108155,FALSE,FALSE,FALSE,NA
87584,FALSE,FALSE,TRUE,NA
817165,FALSE,TRUE,TRUE,NA
808773,FALSE,FALSE,FALSE,NA
165878,FALSE,FALSE,TRUE,NA
538656,FALSE,FALSE,TRUE,NA
781817,FALSE,TRUE,FALSE,NA
49296,FALSE,TRUE,FALSE,NA
671479,FALSE,TRUE,TRUE,NA
818427,FALSE,FALSE,FALSE,NA
516202,FALSE,TRUE,FALSE,NA
291086,FALSE,FALSE,TRUE,NA
589143,FALSE,FALSE,FALSE,NA
279816,FALSE,FALSE,TRUE,NA
344456,TRUE,FALSE,FALSE,NA
27498,FALSE,FALSE,FALSE,NA
431159,FALSE,FALSE,FALSE,NA
767845,TRUE,TRUE,FALSE,NA
173445,FALSE,FALSE,FALSE,NA
809386,FALSE,FALSE,TRUE,NA
501240,FALSE,FALSE,FALSE,NA
357687,FALSE,FALSE,FALSE,NA
533506,FALSE,FALSE,FALSE,NA
228937,FALSE,FALSE,FALSE,NA
568507,FALSE,FALSE,TRUE,NA
642796,FALSE,FALSE,TRUE,NA
154134,FALSE,FALSE,TRUE,NA
587597,FALSE,FALSE,FALSE,NA
397525,FALSE,TRUE,TRUE,NA
770572,FALSE,FALSE,TRUE,NA
598660,FALSE,TRUE,FALSE,NA
398436,FALSE,FALSE,FALSE,NA
890020,FALSE,TRUE,TRUE,NA
201094,FALSE,FALSE,TRUE,NA
728096,FALSE,TRUE,TRUE,NA
282084,FALSE,FALSE,FALSE,NA
421694,TRUE,TRUE,FALSE,NA
40952,FALSE,FALSE,TRUE,NA
327252,TRUE,FALSE,TRUE,NA
412425,TRUE,FALSE,FALSE,NA
511574,FALSE,TRUE,FALSE,NA
627793,FALSE,FALSE,TRUE,NA
168707,FALSE,TRUE,TRUE,NA
73639,TRUE,TRUE,TRUE,NA
818820,FALSE,FALSE,TRUE,NA
477973,FALSE,TRUE,TRUE,NA
613693,FALSE,TRUE,FALSE,NA
216845,FALSE,FALSE,FALSE,NA
516149,TRUE,TRUE,FALSE,NA
853554,FALSE,FALSE,FALSE,NA
519459,FALSE,TRUE,FALSE,NA
13557,FALSE,TRUE,FALSE,NA
408692,FALSE,TRUE,FALSE,NA
952704,FALSE,FALSE,FALSE,NA
228289,FALSE,TRUE,TRUE,NA
866026,FALSE,TRUE,TRUE,NA
287803,FALSE,FALSE,FALSE,NA
136509,FALSE,TRUE,TRUE,NA
945012,FALSE,FALSE,FALSE,NA
901045,FALSE,FALSE,TRUE,NA
402466,TRUE,TRUE,FALSE,NA
619091,FALSE,FALSE,FALSE,NA
174538,FALSE,FALSE,TRUE,NA
258241,FALSE,TRUE,FALSE,NA
377111,TRUE,FALSE,FALSE,NA
145521,FALSE,TRUE,FALSE,NA
275666,FALSE,TRUE,TRUE,NA
951161,FALSE,FALSE,TRUE,NA
994608,TRUE,FALSE,TRUE,NA
799360,FALSE,FALSE,TRUE,NA
332069,FALSE,FALSE,TRUE,NA
95637,FALSE,TRUE,TRUE,NA
353961,TRUE,FALSE,FALSE,NA
378119,FALSE,FALSE,FALSE,NA
663591,FALSE,FALSE,FALSE,NA
462078,FALSE,TRUE,TRUE,NA
150128,TRUE,FALSE,FALSE,NA
752445,FALSE,TRUE,FALSE,NA
964970,TRUE,TRUE,FALSE,NA
513388,FALSE,FALSE,TRUE,NA
303090,FALSE,FALSE,FALSE,NA
864887,FALSE,FALSE,FALSE,NA
37207,TRUE,FALSE,FALSE,NA
135158,FALSE,TRUE,TRUE,NA
266013,FALSE,FALSE,FALSE,NA
144344,FALSE,TRUE,TRUE,NA
450196,TRUE,TRUE,FALSE,NA
276917,FALSE,FALSE,TRUE,NA
397310,FALSE,TRUE,FALSE,NA
805179,TRUE,FALSE,FALSE,NA
797218,FALSE,FALSE,FALSE,NA
510821,FALSE,FALSE,FALSE,NA
226507,TRUE,FALSE,FALSE,NA
840198,FALSE,FALSE,FALSE,NA
586907,FALSE,FALSE,FALSE,NA
333458,FALSE,FALSE,FALSE,NA
840859,FALSE,TRUE,FALSE,NA
278999,TRUE,TRUE,FALSE,NA
751246,FALSE,TRUE,FALSE,NA
419848,FALSE,FALSE,FALSE,NA
43712,TRUE,FALSE,FALSE,NA
466300,FALSE,FALSE,FALSE,NA
392394,TRUE,FALSE,TRUE,NA
812854,FALSE,TRUE,TRUE,NA
145752,TRUE,FALSE,FALSE,NA
566160,FALSE,FALSE,FALSE,NA
383591,FALSE,TRUE,FALSE,NA
811526,FALSE,FALSE,FALSE,NA
407158,FALSE,FALSE,FALSE,NA
275419,FALSE,TRUE,TRUE,NA
281026,FALSE,FALSE,FALSE,NA
346645,FALSE,TRUE,FALSE,NA
827597,FALSE,FALSE,FALSE,NA
681872,TRUE,FALSE,FALSE,NA
727580,FALSE,FALSE,TRUE,NA
724889,FALSE,FALSE,TRUE,NA
270086,FALSE,FALSE,FALSE,NA
893245,FALSE,FALSE,TRUE,NA
51370,FALSE,TRUE,TRUE,NA
420235,FALSE,TRUE,FALSE,NA
651954,FALSE,FALSE,TRUE,NA
765218,FALSE,FALSE,FALSE,NA
876094,FALSE,FALSE,FALSE,NA
254811,FALSE,FALSE,FALSE,NA
424303,TRUE,FALSE,FALSE,NA
489599,FALSE,FALSE,TRUE,NA
548061,FALSE,TRUE,FALSE,NA
124616,FALSE,FALSE,TRUE,NA
827313,FALSE,FALSE,TRUE,NA
725054,TRUE,FALSE,FALSE,NA
418059,FALSE,FALSE,FALSE,NA
444779,FALSE,FALSE,TRUE,NA
593727,FALSE,FALSE,FALSE,NA
603767,FALSE,FALSE,FALSE,NA
786746,FALSE,FALSE,FALSE,NA
834682,FALSE,TRUE,FALSE,NA
219490,FALSE,TRUE,FALSE,NA
918651,FALSE,FALSE,TRUE,NA
791331,FALSE,FALSE,TRUE,NA
110776,TRUE,FALSE,FALSE,NA
635192,FALSE,FALSE,FALSE,NA
561315,FALSE,TRUE,FALSE,NA
610453,FALSE,FALSE,FALSE,NA
208742,FALSE,TRUE,FALSE,NA
502969,TRUE,TRUE,FALSE,NA
546342,FALSE,TRUE,TRUE,NA
420661,FALSE,FALSE,FALSE,NA
68276,FALSE,TRUE,FALSE,NA
378321,FALSE,FALSE,TRUE,NA
539768,FALSE,FALSE,FALSE,NA
171320,FALSE,FALSE,FALSE,NA
137462,FALSE,TRUE,FALSE,NA
313026,TRUE,FALSE,FALSE,NA
747785,FALSE,FALSE,FALSE,NA
526442,FALSE,FALSE,TRUE,NA
319953,FALSE,FALSE,FALSE,NA
207145,FALSE,FALSE,FALSE,NA
473727,FALSE,TRUE,TRUE,NA
381996,FALSE,FALSE,TRUE,NA
905089,FALSE,FALSE,FALSE,NA
52580,TRUE,FALSE,TRUE,NA
177659,FALSE,FALSE,FALSE,NA
617098,FALSE,FALSE,FALSE,NA
454693,FALSE,FALSE,FALSE,NA
486374,FALSE,TRUE,FALSE,NA
464104,FALSE,FALSE,TRUE,NA
211409,FALSE,TRUE,TRUE,NA
941819,FALSE,FALSE,TRUE,NA
379835,FALSE,FALSE,TRUE,NA
838962,FALSE,TRUE,FALSE,NA
160467,FALSE,TRUE,TRUE,NA
712850,FALSE,FALSE,TRUE,NA
614222,TRUE,FALSE,FALSE,NA
551174,FALSE,TRUE,FALSE,NA
189437,TRUE,FALSE,TRUE,NA
686316,FALSE,TRUE,TRUE,NA
56442,TRUE,FALSE,FALSE,NA
955067,FALSE,FALSE,FALSE,NA
63150,TRUE,FALSE,TRUE,NA
752055,TRUE,TRUE,FALSE,NA
336258,FALSE,TRUE,TRUE,NA
486234,FALSE,FALSE,TRUE,NA
751491,FALSE,TRUE,FALSE,NA
876418,FALSE,TRUE,TRUE,NA
623978,FALSE,FALSE,TRUE,NA
662645,FALSE,TRUE,TRUE,NA
320837,TRUE,TRUE,TRUE,NA
658649,FALSE,FALSE,FALSE,NA
447232,FALSE,TRUE,TRUE,NA
332065,FALSE,TRUE,FALSE,NA
951825,FALSE,FALSE,FALSE,NA
970598,FALSE,TRUE,TRUE,NA
430946,FALSE,FALSE,FALSE,NA
594605,FALSE,FALSE,FALSE,NA
326647,FALSE,TRUE,FALSE,NA
521286,FALSE,FALSE,FALSE,NA
281571,FALSE,FALSE,TRUE,NA
92332,FALSE,FALSE,FALSE,NA
778522,FALSE,TRUE,FALSE,NA
229140,TRUE,FALSE,FALSE,NA
535686,FALSE,FALSE,FALSE,NA
889046,TRUE,FALSE,FALSE,NA
637883,TRUE,FALSE,TRUE,NA
692263,TRUE,FALSE,FALSE,NA
367982,FALSE,TRUE,TRUE,NA
762935,FALSE,FALSE,FALSE,NA
739630,FALSE,FALSE,FALSE,NA
910481,TRUE,TRUE,FALSE,NA
869882,FALSE,FALSE,TRUE,NA
352324,FALSE,TRUE,FALSE,NA
812393,FALSE,FALSE,FALSE,NA
475583,FALSE,TRUE,FALSE,NA
712114,FALSE,FALSE,TRUE,NA
741428,FALSE,FALSE,FALSE,NA
629419,FALSE,FALSE,FALSE,NA
749533,FALSE,FALSE,FALSE,NA
394155,FALSE,FALSE,FALSE,NA
886138,FALSE,TRUE,TRUE,NA
15909,FALSE,FALSE,TRUE,NA
486670,FALSE,TRUE,FALSE,NA
391553,FALSE,FALSE,TRUE,NA
276832,FALSE,FALSE,FALSE,NA
575835,FALSE,FALSE,FALSE,NA
264848,FALSE,FALSE,FALSE,NA
229385,FALSE,FALSE,FALSE,NA
157499,FALSE,FALSE,FALSE,NA
435087,FALSE,FALSE,FALSE,NA
513086,FALSE,TRUE,TRUE,NA
821682,FALSE,TRUE,FALSE,NA
442120,FALSE,FALSE,FALSE,NA
861966,FALSE,FALSE,FALSE,NA
896296,TRUE,FALSE,TRUE,NA
493204,FALSE,FALSE,FALSE,NA
641481,TRUE,FALSE,FALSE,NA
227778,TRUE,TRUE,FALSE,NA
479414,FALSE,FALSE,FALSE,NA
172923,FALSE,FALSE,TRUE,NA
288799,FALSE,TRUE,FALSE,NA
15915,FALSE,FALSE,FALSE,NA
535601,FALSE,TRUE,FALSE,NA
868234,FALSE,FALSE,FALSE,NA
923430,FALSE,TRUE,FALSE,NA
535513,FALSE,FALSE,TRUE,NA
659258,TRUE,TRUE,TRUE,NA
307852,TRUE,FALSE,FALSE,NA
530397,FALSE,FALSE,FALSE,NA
878751,FALSE,TRUE,TRUE,NA
169775,FALSE,TRUE,TRUE,NA
521583,FALSE,FALSE,FALSE,NA
994371,TRUE,TRUE,FALSE,NA
352592,FALSE,FALSE,FALSE,NA
959190,FALSE,TRUE,FALSE,NA
339113,FALSE,FALSE,TRUE,NA
438745,FALSE,FALSE,TRUE,NA
186293,FALSE,TRUE,TRUE,NA
175362,FALSE,TRUE,TRUE,NA
199840,FALSE,FALSE,TRUE,NA
662625,FALSE,TRUE,FALSE,NA
686041,TRUE,TRUE,FALSE,NA
274469,FALSE,FALSE,TRUE,NA
386168,FALSE,FALSE,TRUE,NA
95327,TRUE,TRUE,FALSE,NA
986564,FALSE,FALSE,TRUE,NA
292476,FALSE,TRUE,TRUE,NA
511788,FALSE,FALSE,TRUE,NA
518427,TRUE,TRUE,TRUE,NA
912121,FALSE,FALSE,TRUE,NA
693531,TRUE,FALSE,FALSE,NA
911979,FALSE,FALSE,TRUE,NA
849440,FALSE,TRUE,FALSE,NA
563258,FALSE,FALSE,FALSE,NA
718355,FALSE,TRUE,FALSE,NA
18794,FALSE,TRUE,FALSE,NA
469538,FALSE,FALSE,FALSE,NA
290530,FALSE,TRUE,TRUE,NA
355832,FALSE,TRUE,FALSE,NA
467628,FALSE,FALSE,FALSE,NA
372378,FALSE,TRUE,FALSE,NA
40516,FALSE,TRUE,FALSE,NA
120586,FALSE,FALSE,FALSE,NA
158320,FALSE,FALSE,FALSE,NA
716295,FALSE,TRUE,FALSE,NA
59685,FALSE,FALSE,TRUE,NA
400995,FALSE,TRUE,FALSE,NA
967352,FALSE,TRUE,FALSE,NA
749936,FALSE,TRUE,FALSE,NA
339199,TRUE,FALSE,FALSE,NA
169633,FALSE,FALSE,TRUE,NA
696411,FALSE,FALSE,TRUE,NA
29528,TRUE,FALSE,FALSE,NA
65796,FALSE,FALSE,FALSE,NA
10482,FALSE,TRUE,FALSE,NA
546265,FALSE,TRUE,FALSE,NA
472357,FALSE,FALSE,FALSE,NA
798594,FALSE,FALSE,TRUE,NA
195810,FALSE,TRUE,FALSE,NA
392151,FALSE,FALSE,TRUE,NA
375595,FALSE,TRUE,FALSE,NA
314829,FALSE,TRUE,FALSE,NA
78993,FALSE,TRUE,FALSE,NA
583166,FALSE,FALSE,FALSE,NA
824830,FALSE,FALSE,FALSE,NA
741154,FALSE,FALSE,FALSE,NA
971838,FALSE,FALSE,FALSE,NA
659264,FALSE,FALSE,FALSE,NA
350817,FALSE,FALSE,FALSE,NA
490229,FALSE,FALSE,FALSE,NA
482558,FALSE,FALSE,FALSE,NA
21239,FALSE,FALSE,FALSE,NA
604193,FALSE,FALSE,TRUE,NA
86447,FALSE,FALSE,FALSE,NA
531701,TRUE,FALSE,FALSE,NA
873895,FALSE,FALSE,FALSE,NA
521336,FALSE,TRUE,FALSE,NA
604903,FALSE,FALSE,TRUE,NA
446080,FALSE,FALSE,TRUE,NA
320893,FALSE,TRUE,FALSE,NA
627332,FALSE,FALSE,FALSE,NA
398127,FALSE,FALSE,TRUE,NA
289568,FALSE,FALSE,FALSE,NA
561461,FALSE,FALSE,TRUE,NA
19867,FALSE,FALSE,FALSE,NA
701773,FALSE,TRUE,TRUE,NA
518774,FALSE,FALSE,FALSE,NA
656476,TRUE,FALSE,FALSE,NA
223050,FALSE,TRUE,TRUE,NA
195329,TRUE,FALSE,FALSE,NA
449430,FALSE,TRUE,FALSE,NA
531491,FALSE,FALSE,FALSE,NA
312256,FALSE,FALSE,FALSE,NA
705233,FALSE,FALSE,TRUE,NA
237076,FALSE,TRUE,FALSE,NA
18225,FALSE,FALSE,FALSE,NA
745802,FALSE,TRUE,FALSE,NA
123069,FALSE,FALSE,FALSE,NA
315213,FALSE,FALSE,TRUE,NA
611959,FALSE,FALSE,FALSE,NA
570738,FALSE,FALSE,FALSE,NA
152057,FALSE,FALSE,TRUE,NA
210304,FALSE,FALSE,FALSE,NA
97913,TRUE,FALSE,FALSE,NA
902035,FALSE,FALSE,FALSE,NA
332973,FALSE,TRUE,FALSE,NA
382946,FALSE,FALSE,FALSE,NA
485300,FALSE,FALSE,FALSE,NA
429150,TRUE,TRUE,TRUE,NA
359851,FALSE,FALSE,TRUE,NA
471720,FALSE,FALSE,TRUE,NA
867541,FALSE,FALSE,TRUE,NA
234334,FALSE,FALSE,FALSE,NA
799572,FALSE,FALSE,FALSE,NA
938031,FALSE,FALSE,FALSE,NA
948729,TRUE,FALSE,FALSE,NA
699095,FALSE,FALSE,FALSE,NA
733822,FALSE,FALSE,FALSE,NA
15429,FALSE,TRUE,TRUE,NA
420019,FALSE,FALSE,FALSE,NA
378922,FALSE,FALSE,FALSE,NA
204925,TRUE,FALSE,FALSE,NA
362492,FALSE,TRUE,TRUE,NA
898663,FALSE,TRUE,FALSE,NA
185892,FALSE,FALSE,FALSE,NA
181133,FALSE,FALSE,FALSE,NA
74721,FALSE,TRUE,TRUE,NA
766866,FALSE,TRUE,FALSE,NA
200216,FALSE,FALSE,FALSE,NA
501268,FALSE,TRUE,TRUE,NA
969342,TRUE,FALSE,TRUE,NA
728087,FALSE,TRUE,FALSE,NA
932827,TRUE,FALSE,FALSE,NA
518928,FALSE,FALSE,TRUE,NA
574414,FALSE,FALSE,FALSE,NA
370705,TRUE,FALSE,FALSE,NA
573088,FALSE,TRUE,FALSE,NA
852914,TRUE,FALSE,FALSE,NA
682901,FALSE,FALSE,TRUE,NA
604090,TRUE,FALSE,TRUE,NA
40805,FALSE,FALSE,TRUE,NA
960134,TRUE,TRUE,FALSE,NA
500912,FALSE,FALSE,FALSE,NA
910660,TRUE,TRUE,TRUE,NA
158793,TRUE,TRUE,TRUE,NA
795091,FALSE,FALSE,FALSE,NA
90485,FALSE,TRUE,TRUE,NA
596408,FALSE,FALSE,FALSE,NA
209786,FALSE,TRUE,FALSE,NA
104454,FALSE,FALSE,FALSE,NA
757246,FALSE,TRUE,FALSE,NA
637509,FALSE,TRUE,FALSE,NA
573663,FALSE,TRUE,FALSE,NA
548979,FALSE,TRUE,FALSE,NA
929186,FALSE,TRUE,FALSE,NA
254090,FALSE,FALSE,FALSE,NA
394917,FALSE,FALSE,TRUE,NA
955459,FALSE,TRUE,TRUE,NA
513733,FALSE,FALSE,TRUE,NA
192318,FALSE,FALSE,TRUE,NA
326009,FALSE,FALSE,TRUE,NA
21891,TRUE,TRUE,FALSE,NA
464925,FALSE,FALSE,FALSE,NA
694823,FALSE,FALSE,TRUE,NA
548329,FALSE,TRUE,FALSE,NA
576078,FALSE,FALSE,FALSE,NA
252316,FALSE,FALSE,FALSE,NA
192798,FALSE,FALSE,FALSE,NA
54584,FALSE,FALSE,TRUE,NA
496560,FALSE,FALSE,TRUE,NA
486211,FALSE,FALSE,TRUE,NA
195922,FALSE,FALSE,TRUE,NA
598652,FALSE,TRUE,TRUE,NA
610534,FALSE,TRUE,TRUE,NA
607661,FALSE,FALSE,TRUE,NA
957572,FALSE,FALSE,FALSE,NA
448510,FALSE,FALSE,TRUE,NA
876183,FALSE,TRUE,FALSE,NA
462319,FALSE,FALSE,TRUE,NA
699064,FALSE,TRUE,FALSE,NA
80606,FALSE,TRUE,FALSE,NA
790795,FALSE,TRUE,TRUE,NA
340722,FALSE,TRUE,FALSE,NA
128533,TRUE,TRUE,FALSE,NA
379575,FALSE,FALSE,FALSE,NA
217520,FALSE,TRUE,TRUE,NA
64087,FALSE,FALSE,FALSE,NA
663832,TRUE,FALSE,FALSE,NA
992899,FALSE,TRUE,FALSE,NA
862304,FALSE,FALSE,FALSE,NA
9395,TRUE,TRUE,TRUE,NA
275545,FALSE,FALSE,TRUE,NA
655396,FALSE,FALSE,FALSE,NA
84205,FALSE,FALSE,FALSE,NA
594929,FALSE,TRUE,FALSE,NA
435965,FALSE,FALSE,FALSE,NA
152324,FALSE,FALSE,FALSE,NA
997982,TRUE,FALSE,TRUE,NA
996852,FALSE,FALSE,TRUE,NA
586886,FALSE,FALSE,FALSE,NA
638580,FALSE,TRUE,TRUE,NA
482689,TRUE,FALSE,FALSE,NA
317244,TRUE,FALSE,FALSE,NA
361553,TRUE,TRUE,FALSE,NA
968516,FALSE,FALSE,TRUE,NA
812302,TRUE,FALSE,FALSE,NA
625804,FALSE,FALSE,FALSE,NA
936595,FALSE,TRUE,FALSE,NA
351420,FALSE,FALSE,FALSE,NA
466600,TRUE,TRUE,TRUE,NA
909743,TRUE,FALSE,TRUE,NA
719747,FALSE,FALSE,FALSE,NA
65122,FALSE,TRUE,TRUE,NA
929647,FALSE,TRUE,FALSE,NA
395662,FALSE,TRUE,FALSE,NA
710145,FALSE,FALSE,TRUE,NA
846485,TRUE,FALSE,FALSE,NA
32475,FALSE,FALSE,FALSE,NA
100413,FALSE,FALSE,FALSE,NA
9623,FALSE,FALSE,FALSE,NA
471608,FALSE,TRUE,FALSE,NA
23244,FALSE,FALSE,FALSE,NA
369438,FALSE,FALSE,TRUE,NA
730859,FALSE,TRUE,FALSE,NA
514363,FALSE,FALSE,FALSE,NA
784272,FALSE,FALSE,FALSE,NA
668106,FALSE,FALSE,TRUE,NA
788541,FALSE,TRUE,FALSE,NA
858146,FALSE,TRUE,FALSE,NA
639014,FALSE,FALSE,FALSE,NA
537585,FALSE,FALSE,FALSE,NA
909159,FALSE,TRUE,FALSE,NA
344577,FALSE,FALSE,FALSE,NA
672045,FALSE,FALSE,TRUE,NA
351498,FALSE,FALSE,FALSE,NA
542306,TRUE,TRUE,FALSE,NA
249254,TRUE,FALSE,FALSE,NA
586341,FALSE,FALSE,FALSE,NA
717563,FALSE,TRUE,FALSE,NA
480939,FALSE,FALSE,FALSE,NA
771716,FALSE,TRUE,FALSE,NA
769421,FALSE,FALSE,FALSE,NA
911063,FALSE,TRUE,FALSE,NA
103124,FALSE,FALSE,TRUE,NA
484126,TRUE,FALSE,FALSE,NA
93371,FALSE,FALSE,TRUE,NA
267339,TRUE,FALSE,TRUE,NA
174208,FALSE,FALSE,FALSE,NA
753257,FALSE,TRUE,TRUE,NA
768956,FALSE,TRUE,FALSE,NA
664200,FALSE,TRUE,TRUE,NA
140059,FALSE,TRUE,FALSE,NA
665638,FALSE,FALSE,FALSE,NA
475270,TRUE,FALSE,TRUE,NA
116121,FALSE,FALSE,FALSE,NA
270197,FALSE,TRUE,TRUE,NA
486205,FALSE,FALSE,FALSE,NA
804194,FALSE,FALSE,FALSE,NA
843080,FALSE,FALSE,FALSE,NA
133083,FALSE,TRUE,TRUE,NA
59241,FALSE,FALSE,TRUE,NA
967857,FALSE,TRUE,FALSE,NA
473351,FALSE,FALSE,FALSE,NA
799547,FALSE,FALSE,FALSE,NA
882129,FALSE,FALSE,TRUE,NA
138480,FALSE,TRUE,TRUE,NA
100462,FALSE,FALSE,FALSE,NA
383327,FALSE,TRUE,TRUE,NA
176402,FALSE,FALSE,TRUE,NA
877225,FALSE,FALSE,FALSE,NA
753335,FALSE,TRUE,TRUE,NA
563334,FALSE,TRUE,TRUE,NA
984047,FALSE,FALSE,FALSE,NA
178964,FALSE,FALSE,FALSE,NA
716230,FALSE,FALSE,FALSE,NA
329634,FALSE,FALSE,FALSE,NA
913929,FALSE,FALSE,TRUE,NA
127057,FALSE,TRUE,FALSE,NA
760589,FALSE,TRUE,FALSE,NA
82278,FALSE,TRUE,FALSE,NA
657580,FALSE,FALSE,TRUE,NA
345531,FALSE,TRUE,TRUE,NA
753858,FALSE,TRUE,TRUE,NA
196952,FALSE,FALSE,FALSE,NA
829760,FALSE,TRUE,FALSE,NA
895032,FALSE,FALSE,FALSE,NA
35814,FALSE,TRUE,FALSE,NA
786686,FALSE,FALSE,TRUE,NA
524966,FALSE,FALSE,FALSE,NA
178430,TRUE,FALSE,TRUE,NA
14895,FALSE,FALSE,FALSE,NA
831303,TRUE,FALSE,FALSE,NA
421253,FALSE,FALSE,FALSE,NA
248653,FALSE,FALSE,TRUE,NA
982825,TRUE,TRUE,FALSE,NA
427465,FALSE,FALSE,TRUE,NA
954000,TRUE,TRUE,TRUE,NA
309013,FALSE,TRUE,TRUE,NA
268531,TRUE,TRUE,TRUE,NA
656815,TRUE,FALSE,FALSE,NA
50183,FALSE,FALSE,TRUE,NA
960170,FALSE,FALSE,FALSE,NA
476655,TRUE,FALSE,FALSE,NA
680356,TRUE,FALSE,FALSE,NA
128129,FALSE,FALSE,FALSE,NA
320956,FALSE,FALSE,FALSE,NA
840410,TRUE,TRUE,TRUE,NA
382434,FALSE,FALSE,FALSE,NA
636454,FALSE,FALSE,FALSE,NA
5373,FALSE,FALSE,TRUE,NA
635921,FALSE,TRUE,FALSE,NA
228620,FALSE,FALSE,TRUE,NA
195528,FALSE,FALSE,FALSE,NA
696349,FALSE,TRUE,FALSE,NA
840232,TRUE,FALSE,FALSE,NA
62128,FALSE,FALSE,TRUE,NA
735158,FALSE,FALSE,FALSE,NA
366437,FALSE,FALSE,TRUE,NA
248242,FALSE,FALSE,FALSE,NA
285029,FALSE,FALSE,TRUE,NA
346465,TRUE,TRUE,TRUE,NA
594611,FALSE,FALSE,FALSE,NA
384657,FALSE,FALSE,FALSE,NA
662842,FALSE,FALSE,TRUE,NA
315393,FALSE,FALSE,TRUE,NA
348734,FALSE,FALSE,FALSE,NA
448387,FALSE,TRUE,FALSE,NA
958899,FALSE,TRUE,TRUE,NA
821243,TRUE,FALSE,TRUE,NA
532111,FALSE,FALSE,FALSE,NA
357145,FALSE,TRUE,TRUE,NA
794123,TRUE,TRUE,FALSE,NA
767961,FALSE,TRUE,FALSE,NA
827150,FALSE,FALSE,TRUE,NA
702684,FALSE,FALSE,FALSE,NA
751494,FALSE,TRUE,TRUE,NA
842687,FALSE,TRUE,TRUE,NA
6769,FALSE,FALSE,FALSE,NA
177390,FALSE,FALSE,TRUE,NA
47467,FALSE,FALSE,TRUE,NA
466471,FALSE,TRUE,FALSE,NA
536969,FALSE,TRUE,TRUE,NA
304893,FALSE,FALSE,FALSE,NA
466168,TRUE,FALSE,TRUE,NA
798774,FALSE,FALSE,TRUE,NA
707881,TRUE,FALSE,FALSE,NA
727831,FALSE,FALSE,FALSE,NA
577882,FALSE,FALSE,FALSE,NA
278691,FALSE,TRUE,TRUE,NA
674239,FALSE,FALSE,FALSE,NA
141250,FALSE,FALSE,FALSE,NA
417694,FALSE,FALSE,TRUE,NA
682567,FALSE,FALSE,TRUE,NA
234443,FALSE,FALSE,TRUE,NA
216476,FALSE,FALSE,FALSE,NA
159099,TRUE,FALSE,TRUE,NA
14547,FALSE,FALSE,FALSE,NA
995171,FALSE,FALSE,FALSE,NA
508143,FALSE,TRUE,FALSE,NA
923335,FALSE,FALSE,FALSE,NA
555545,FALSE,FALSE,TRUE,NA
265861,TRUE,FALSE,FALSE,NA
543900,FALSE,FALSE,FALSE,NA
541078,FALSE,TRUE,TRUE,NA
60971,FALSE,FALSE,FALSE,NA
74916,FALSE,TRUE,FALSE,NA
943982,FALSE,TRUE,FALSE,NA
541443,FALSE,FALSE,TRUE,NA
575117,FALSE,FALSE,TRUE,NA
822442,FALSE,TRUE,FALSE,NA
203322,FALSE,FALSE,FALSE,NA
113985,TRUE,FALSE,FALSE,NA
117657,FALSE,TRUE,FALSE,NA
954743,FALSE,TRUE,TRUE,NA
697548,FALSE,TRUE,FALSE,NA
958201,FALSE,FALSE,FALSE,NA
131027,FALSE,TRUE,FALSE,NA
579813,FALSE,TRUE,FALSE,NA
421416,FALSE,FALSE,TRUE,NA
618283,TRUE,TRUE,FALSE,NA
796,FALSE,FALSE,FALSE,NA
445456,FALSE,FALSE,FALSE,NA
755624,FALSE,TRUE,FALSE,NA
833821,FALSE,FALSE,TRUE,NA
400601,FALSE,FALSE,TRUE,NA
531945,FALSE,FALSE,FALSE,NA
115995,FALSE,FALSE,FALSE,NA
746682,FALSE,TRUE,FALSE,NA
276042,TRUE,FALSE,FALSE,NA
672821,FALSE,FALSE,FALSE,NA
319053,FALSE,TRUE,FALSE,NA
188306,FALSE,FALSE,FALSE,NA
709612,FALSE,FALSE,TRUE,NA
921824,TRUE,TRUE,FALSE,NA
433706,FALSE,FALSE,FALSE,NA
885788,FALSE,FALSE,FALSE,NA
53849,TRUE,FALSE,FALSE,NA
843318,FALSE,FALSE,FALSE,NA
709301,TRUE,FALSE,TRUE,NA
996317,FALSE,FALSE,TRUE,NA
124983,FALSE,TRUE,FALSE,NA
220165,FALSE,TRUE,FALSE,NA
261552,FALSE,FALSE,FALSE,NA
403712,FALSE,FALSE,FALSE,NA
699862,FALSE,TRUE,TRUE,NA
574582,TRUE,TRUE,FALSE,NA
297590,FALSE,FALSE,TRUE,NA
140607,FALSE,TRUE,TRUE,NA
420584,FALSE,TRUE,FALSE,NA
962606,FALSE,FALSE,FALSE,NA
902712,FALSE,TRUE,FALSE,NA
290991,FALSE,FALSE,TRUE,NA
199904,FALSE,FALSE,FALSE,NA
916529,FALSE,FALSE,TRUE,NA
362009,FALSE,TRUE,FALSE,NA
646663,TRUE,FALSE,FALSE,NA
701353,FALSE,FALSE,FALSE,NA
369836,FALSE,TRUE,FALSE,NA
17337,FALSE,FALSE,FALSE,NA
507791,FALSE,TRUE,FALSE,NA
386056,FALSE,TRUE,FALSE,NA
671465,TRUE,FALSE,FALSE,NA
506366,FALSE,FALSE,FALSE,NA
832551,FALSE,FALSE,FALSE,NA
803710,FALSE,TRUE,TRUE,NA
501784,FALSE,FALSE,TRUE,NA
725608,FALSE,TRUE,FALSE,NA
394525,FALSE,FALSE,FALSE,NA
278111,FALSE,FALSE,FALSE,NA
940223,TRUE,FALSE,FALSE,NA
161178,FALSE,FALSE,FALSE,NA
141821,FALSE,FALSE,FALSE,NA
201293,FALSE,TRUE,FALSE,NA
729893,TRUE,FALSE,FALSE,NA
187624,FALSE,FALSE,TRUE,NA
968530,TRUE,FALSE,FALSE,NA
2786,TRUE,FALSE,FALSE,NA
453570,FALSE,TRUE,FALSE,NA
563580,FALSE,FALSE,FALSE,NA
397145,FALSE,FALSE,TRUE,NA
614141,FALSE,FALSE,FALSE,NA
361888,FALSE,FALSE,FALSE,NA
263996,TRUE,FALSE,TRUE,NA
963927,TRUE,FALSE,FALSE,NA
203756,FALSE,FALSE,FALSE,NA
600465,FALSE,FALSE,TRUE,NA
980597,FALSE,FALSE,FALSE,NA
265937,FALSE,FALSE,FALSE,NA
580659,FALSE,FALSE,FALSE,NA
628363,FALSE,FALSE,TRUE,NA
201283,FALSE,FALSE,FALSE,NA
935918,FALSE,FALSE,TRUE,NA
840795,FALSE,FALSE,FALSE,NA
941925,FALSE,TRUE,TRUE,NA
71543,FALSE,FALSE,FALSE,NA
493206,FALSE,TRUE,FALSE,NA
974429,FALSE,FALSE,FALSE,NA
842668,FALSE,TRUE,TRUE,NA
656885,FALSE,TRUE,TRUE,NA
869453,FALSE,FALSE,FALSE,NA
214549,FALSE,FALSE,TRUE,NA
202113,FALSE,FALSE,TRUE,NA
113885,FALSE,FALSE,FALSE,NA
719527,FALSE,TRUE,FALSE,NA
831072,TRUE,TRUE,FALSE,NA
259462,FALSE,FALSE,FALSE,NA
948305,FALSE,TRUE,FALSE,NA
420252,FALSE,FALSE,FALSE,NA
871750,FALSE,TRUE,FALSE,NA
434151,FALSE,FALSE,FALSE,NA
15416,FALSE,FALSE,FALSE,NA
691794,FALSE,TRUE,FALSE,NA
674464,FALSE,FALSE,FALSE,NA
822008,TRUE,FALSE,FALSE,NA
787853,FALSE,FALSE,FALSE,NA
876724,TRUE,TRUE,FALSE,NA
738477,FALSE,FALSE,FALSE,NA
1011,FALSE,FALSE,FALSE,NA
942439,FALSE,FALSE,FALSE,NA
308141,FALSE,TRUE,TRUE,NA
936818,FALSE,TRUE,FALSE,NA
394428,FALSE,TRUE,FALSE,NA
750334,FALSE,FALSE,TRUE,NA
105045,FALSE,FALSE,TRUE,NA
974839,FALSE,TRUE,FALSE,NA
563448,FALSE,FALSE,TRUE,NA
992731,TRUE,TRUE,FALSE,NA
432798,FALSE,TRUE,FALSE,NA
867069,FALSE,TRUE,FALSE,NA
227595,FALSE,FALSE,TRUE,NA
947443,FALSE,FALSE,FALSE,NA
334355,FALSE,TRUE,FALSE,NA
6632,FALSE,TRUE,TRUE,NA
96756,FALSE,FALSE,FALSE,NA
174996,FALSE,TRUE,TRUE,NA
173293,FALSE,FALSE,FALSE,NA
369389,FALSE,FALSE,FALSE,NA
235477,TRUE,FALSE,FALSE,NA
473568,FALSE,FALSE,TRUE,NA
919639,FALSE,FALSE,FALSE,NA
525789,FALSE,TRUE,TRUE,NA
310162,FALSE,TRUE,FALSE,NA
664179,FALSE,TRUE,TRUE,NA
582781,FALSE,TRUE,FALSE,NA
660389,TRUE,FALSE,FALSE,NA
507298,TRUE,FALSE,FALSE,NA
460992,FALSE,TRUE,FALSE,NA
232505,FALSE,TRUE,TRUE,NA
89844,FALSE,TRUE,FALSE,NA
220513,FALSE,FALSE,FALSE,NA
68384,FALSE,FALSE,FALSE,NA
998597,FALSE,FALSE,FALSE,NA
821688,FALSE,TRUE,FALSE,NA
834331,TRUE,FALSE,FALSE,NA
281447,FALSE,TRUE,TRUE,NA
862605,FALSE,TRUE,TRUE,NA
666605,TRUE,TRUE,FALSE,NA
23668,TRUE,TRUE,TRUE,NA
46515,FALSE,TRUE,TRUE,NA
533557,FALSE,FALSE,TRUE,NA
99988,FALSE,TRUE,FALSE,NA
417634,FALSE,TRUE,TRUE,NA
295130,FALSE,TRUE,TRUE,NA
117652,FALSE,FALSE,TRUE,NA
254823,FALSE,TRUE,FALSE,NA
257027,FALSE,TRUE,FALSE,NA
911966,FALSE,TRUE,TRUE,NA
754755,FALSE,TRUE,FALSE,NA
231486,FALSE,FALSE,TRUE,NA
804451,FALSE,FALSE,FALSE,NA
825761,FALSE,TRUE,FALSE,NA
366967,TRUE,FALSE,TRUE,NA
277941,FALSE,FALSE,FALSE,NA
401037,FALSE,TRUE,FALSE,NA
176911,FALSE,FALSE,TRUE,NA
31464,FALSE,TRUE,FALSE,NA
539522,FALSE,FALSE,TRUE,NA
181789,FALSE,TRUE,FALSE,NA
195353,TRUE,FALSE,FALSE,NA
269397,FALSE,TRUE,FALSE,NA
271299,TRUE,FALSE,TRUE,NA
174590,FALSE,TRUE,FALSE,NA
282826,TRUE,TRUE,TRUE,NA
772073,TRUE,TRUE,FALSE,NA
447471,FALSE,FALSE,TRUE,NA
662155,FALSE,FALSE,TRUE,NA
476860,FALSE,FALSE,FALSE,NA
289921,FALSE,TRUE,FALSE,NA
183596,FALSE,TRUE,FALSE,NA
923218,FALSE,FALSE,FALSE,NA
316179,FALSE,FALSE,FALSE,NA
838349,TRUE,FALSE,FALSE,NA
714503,FALSE,TRUE,FALSE,NA
622577,FALSE,TRUE,FALSE,NA
791570,TRUE,FALSE,TRUE,NA
334260,FALSE,FALSE,TRUE,NA
495765,FALSE,TRUE,FALSE,NA
58724,FALSE,TRUE,TRUE,NA
256182,TRUE,TRUE,TRUE,NA
904231,TRUE,TRUE,TRUE,NA
664669,FALSE,FALSE,FALSE,NA
463154,FALSE,TRUE,FALSE,NA
440185,TRUE,TRUE,FALSE,NA
718044,TRUE,FALSE,FALSE,NA
875361,FALSE,FALSE,FALSE,NA
588743,FALSE,TRUE,TRUE,NA
390745,FALSE,FALSE,FALSE,NA
980377,FALSE,FALSE,TRUE,NA
800545,TRUE,FALSE,TRUE,NA
325632,FALSE,FALSE,FALSE,NA
649634,TRUE,TRUE,TRUE,NA
363184,TRUE,TRUE,FALSE,NA
401456,FALSE,FALSE,FALSE,NA
460889,FALSE,FALSE,FALSE,NA
873412,FALSE,FALSE,FALSE,NA
192924,FALSE,FALSE,FALSE,NA
514405,FALSE,TRUE,TRUE,NA
473268,FALSE,FALSE,TRUE,NA
800597,FALSE,FALSE,FALSE,NA
424901,FALSE,FALSE,FALSE,NA
659200,FALSE,TRUE,FALSE,NA
406236,FALSE,TRUE,TRUE,NA
407033,FALSE,FALSE,FALSE,NA
812016,FALSE,FALSE,FALSE,NA
298791,FALSE,FALSE,TRUE,NA
297260,FALSE,FALSE,TRUE,NA
971308,FALSE,TRUE,FALSE,NA
25587,FALSE,FALSE,FALSE,NA
132766,FALSE,FALSE,TRUE,NA
578121,FALSE,TRUE,FALSE,NA
861176,FALSE,TRUE,FALSE,NA
718050,TRUE,FALSE,FALSE,NA
182505,TRUE,FALSE,TRUE,NA
320126,FALSE,TRUE,TRUE,NA
852486,FALSE,TRUE,FALSE,NA
453612,TRUE,FALSE,FALSE,NA
953691,FALSE,TRUE,FALSE,NA
903729,TRUE,TRUE,FALSE,NA
614010,FALSE,FALSE,FALSE,NA
447341,TRUE,FALSE,TRUE,NA
633484,FALSE,FALSE,TRUE,NA
493137,FALSE,TRUE,TRUE,NA
183603,FALSE,FALSE,FALSE,NA
430923,FALSE,TRUE,TRUE,NA
482112,FALSE,FALSE,FALSE,NA
658078,FALSE,TRUE,FALSE,NA
853714,FALSE,FALSE,FALSE,NA
78934,FALSE,FALSE,FALSE,NA
121989,FALSE,FALSE,TRUE,NA
697489,FALSE,FALSE,FALSE,NA
738963,FALSE,FALSE,FALSE,NA
628675,FALSE,FALSE,TRUE,NA
501809,FALSE,TRUE,TRUE,NA
651191,FALSE,FALSE,TRUE,NA
70014,FALSE,FALSE,FALSE,NA
886778,TRUE,TRUE,FALSE,NA
65680,FALSE,FALSE,FALSE,NA
652321,FALSE,FALSE,TRUE,NA
714300,FALSE,TRUE,FALSE,NA
972792,FALSE,FALSE,TRUE,NA
250427,FALSE,TRUE,TRUE,NA
83662,FALSE,FALSE,TRUE,NA
583720,TRUE,FALSE,FALSE,NA
601470,FALSE,TRUE,FALSE,NA
520150,FALSE,FALSE,FALSE,NA
999612,TRUE,FALSE,FALSE,NA
475395,TRUE,TRUE,TRUE,NA
321695,FALSE,TRUE,FALSE,NA
968575,FALSE,FALSE,FALSE,NA
999608,FALSE,FALSE,FALSE,NA
43473,FALSE,FALSE,TRUE,NA
714470,FALSE,FALSE,FALSE,NA
624737,FALSE,TRUE,TRUE,NA
749112,FALSE,TRUE,FALSE,NA
440322,FALSE,TRUE,FALSE,NA
901773,FALSE,TRUE,FALSE,NA
894543,FALSE,TRUE,TRUE,NA
292991,TRUE,TRUE,FALSE,NA
594028,FALSE,FALSE,TRUE,NA
220900,FALSE,FALSE,TRUE,NA
880265,FALSE,FALSE,FALSE,NA
77417,FALSE,FALSE,TRUE,NA
171043,FALSE,FALSE,TRUE,NA
219117,FALSE,FALSE,FALSE,NA
462418,FALSE,FALSE,FALSE,NA
176468,FALSE,TRUE,FALSE,NA
375798,FALSE,FALSE,TRUE,NA
365394,FALSE,TRUE,TRUE,NA
893218,FALSE,FALSE,FALSE,NA
70022,FALSE,FALSE,TRUE,NA
968876,FALSE,FALSE,TRUE,NA
728255,FALSE,TRUE,TRUE,NA
322246,TRUE,FALSE,TRUE,NA
970702,TRUE,TRUE,FALSE,NA
858435,TRUE,TRUE,FALSE,NA
760142,FALSE,FALSE,FALSE,NA
136705,FALSE,FALSE,FALSE,NA
846995,FALSE,TRUE,FALSE,NA
995792,FALSE,FALSE,FALSE,NA
460696,FALSE,FALSE,FALSE,NA
342341,FALSE,FALSE,TRUE,NA
740762,TRUE,FALSE,FALSE,NA
118560,FALSE,TRUE,FALSE,NA
66800,FALSE,FALSE,FALSE,NA
119714,FALSE,FALSE,FALSE,NA
522060,FALSE,FALSE,FALSE,NA
930029,FALSE,FALSE,TRUE,NA
568376,FALSE,FALSE,FALSE,NA
475018,FALSE,FALSE,TRUE,NA
277667,TRUE,TRUE,TRUE,NA
380935,TRUE,FALSE,FALSE,NA
121904,TRUE,TRUE,TRUE,NA
962019,FALSE,FALSE,TRUE,NA
321211,FALSE,TRUE,FALSE,NA
440500,FALSE,TRUE,TRUE,NA
831336,FALSE,FALSE,FALSE,NA
802873,FALSE,FALSE,FALSE,NA
134753,FALSE,FALSE,TRUE,NA
949929,FALSE,TRUE,FALSE,NA
775063,FALSE,FALSE,FALSE,NA
722690,FALSE,TRUE,FALSE,NA
458491,FALSE,TRUE,FALSE,NA
690946,TRUE,FALSE,FALSE,NA
624030,TRUE,TRUE,FALSE,NA
594424,FALSE,FALSE,FALSE,NA
301903,FALSE,TRUE,TRUE,NA
674626,FALSE,FALSE,FALSE,NA
167262,FALSE,TRUE,FALSE,NA
499012,FALSE,TRUE,FALSE,NA
605451,FALSE,TRUE,FALSE,NA
710739,FALSE,FALSE,FALSE,NA
602749,FALSE,TRUE,TRUE,NA
636387,FALSE,FALSE,FALSE,NA
591538,FALSE,TRUE,TRUE,NA
766637,FALSE,FALSE,TRUE,NA
378635,FALSE,FALSE,FALSE,NA
62132,FALSE,FALSE,TRUE,NA
506390,FALSE,FALSE,FALSE,NA
503561,FALSE,FALSE,TRUE,NA
877093,FALSE,FALSE,TRUE,NA
838699,FALSE,TRUE,TRUE,NA
951300,FALSE,FALSE,TRUE,NA
400779,FALSE,FALSE,TRUE,NA
635167,FALSE,FALSE,FALSE,NA
145240,TRUE,TRUE,FALSE,NA
187106,FALSE,TRUE,TRUE,NA
681071,FALSE,TRUE,FALSE,NA
870189,FALSE,TRUE,FALSE,NA
387058,TRUE,FALSE,TRUE,NA
133921,FALSE,FALSE,FALSE,NA
617923,TRUE,FALSE,FALSE,NA
343115,FALSE,FALSE,FALSE,NA
407499,TRUE,FALSE,TRUE,NA
121723,FALSE,FALSE,FALSE,NA
421848,FALSE,TRUE,TRUE,NA
335501,FALSE,FALSE,TRUE,NA
339529,FALSE,FALSE,FALSE,NA
818871,FALSE,TRUE,FALSE,NA
615612,FALSE,FALSE,FALSE,NA
947119,FALSE,FALSE,FALSE,NA
27055,FALSE,FALSE,FALSE,NA
438235,FALSE,TRUE,TRUE,NA
447436,FALSE,TRUE,TRUE,NA
989900,FALSE,TRUE,TRUE,NA
867822,FALSE,TRUE,FALSE,NA
126870,FALSE,FALSE,FALSE,NA
365698,FALSE,FALSE,TRUE,NA
583644,FALSE,TRUE,FALSE,NA
323087,FALSE,TRUE,FALSE,NA
399430,TRUE,FALSE,FALSE,NA
823035,TRUE,FALSE,FALSE,NA
898839,FALSE,FALSE,FALSE,NA
218843,TRUE,TRUE,TRUE,NA
593468,FALSE,FALSE,TRUE,NA
286976,FALSE,TRUE,FALSE,NA
155187,FALSE,TRUE,FALSE,NA
239308,FALSE,TRUE,FALSE,NA
412365,TRUE,FALSE,TRUE,NA
724410,FALSE,FALSE,TRUE,NA
488438,FALSE,TRUE,TRUE,NA
185220,FALSE,FALSE,TRUE,NA
263974,FALSE,FALSE,TRUE,NA
492569,FALSE,FALSE,TRUE,NA
507818,FALSE,TRUE,TRUE,NA
976531,FALSE,TRUE,FALSE,NA
599958,TRUE,FALSE,FALSE,NA
164775,FALSE,FALSE,FALSE,NA
123817,FALSE,FALSE,TRUE,NA
70008,FALSE,FALSE,TRUE,NA
355459,FALSE,FALSE,TRUE,NA
348353,FALSE,FALSE,FALSE,NA
622172,FALSE,FALSE,TRUE,NA
758036,FALSE,TRUE,FALSE,NA
826524,TRUE,FALSE,FALSE,NA
464573,FALSE,FALSE,FALSE,NA
674948,FALSE,TRUE,TRUE,NA
470461,TRUE,FALSE,TRUE,NA
693989,FALSE,FALSE,FALSE,NA
777468,FALSE,FALSE,FALSE,NA
696470,FALSE,TRUE,FALSE,NA
315452,FALSE,FALSE,TRUE,NA
618499,FALSE,FALSE,TRUE,NA
49211,FALSE,FALSE,TRUE,NA
80172,FALSE,FALSE,FALSE,NA
831519,FALSE,FALSE,FALSE,NA
305295,FALSE,TRUE,FALSE,NA
357193,FALSE,TRUE,FALSE,NA
161415,FALSE,TRUE,FALSE,NA
918832,FALSE,FALSE,FALSE,NA
699956,FALSE,FALSE,FALSE,NA
867016,FALSE,FALSE,TRUE,NA
578762,FALSE,FALSE,TRUE,NA
143954,FALSE,FALSE,TRUE,NA
274111,FALSE,FALSE,TRUE,NA
93575,FALSE,TRUE,FALSE,NA
309387,FALSE,TRUE,FALSE,NA
383178,FALSE,FALSE,FALSE,NA
263196,TRUE,TRUE,FALSE,NA
208005,FALSE,FALSE,FALSE,NA
873326,TRUE,FALSE,TRUE,NA
869505,TRUE,FALSE,TRUE,NA
532048,TRUE,FALSE,TRUE,NA
140328,FALSE,TRUE,FALSE,NA
287484,FALSE,FALSE,FALSE,NA
134243,FALSE,FALSE,FALSE,NA
108505,FALSE,TRUE,FALSE,NA
28599,FALSE,TRUE,FALSE,NA
962159,FALSE,FALSE,TRUE,NA
169661,FALSE,TRUE,FALSE,NA
37273,TRUE,FALSE,TRUE,NA
163479,FALSE,FALSE,FALSE,NA
884192,FALSE,FALSE,TRUE,NA
406981,FALSE,FALSE,TRUE,NA
634564,FALSE,FALSE,TRUE,NA
361111,FALSE,FALSE,TRUE,NA
594495,TRUE,FALSE,TRUE,NA
819405,FALSE,FALSE,TRUE,NA
516962,TRUE,TRUE,TRUE,NA
785494,TRUE,FALSE,FALSE,NA
597543,FALSE,FALSE,TRUE,NA
109662,FALSE,FALSE,FALSE,NA
631384,FALSE,FALSE,FALSE,NA
606554,FALSE,TRUE,TRUE,NA
396931,TRUE,FALSE,TRUE,NA
823231,FALSE,TRUE,FALSE,NA
269158,FALSE,FALSE,FALSE,NA
392261,FALSE,FALSE,TRUE,NA
840475,FALSE,FALSE,TRUE,NA
377839,FALSE,TRUE,FALSE,NA
183406,FALSE,TRUE,TRUE,NA
156684,FALSE,FALSE,FALSE,NA
473364,FALSE,TRUE,FALSE,NA
683996,TRUE,FALSE,TRUE,NA
577804,FALSE,FALSE,FALSE,NA
379743,FALSE,FALSE,FALSE,NA
269540,FALSE,FALSE,TRUE,NA
309794,FALSE,FALSE,TRUE,NA
828868,TRUE,TRUE,FALSE,NA
228597,TRUE,FALSE,FALSE,NA
876215,FALSE,FALSE,TRUE,NA
619249,FALSE,FALSE,FALSE,NA
174269,FALSE,TRUE,TRUE,NA
110634,FALSE,FALSE,FALSE,NA
688038,FALSE,FALSE,FALSE,NA
198940,FALSE,FALSE,TRUE,NA
941534,FALSE,TRUE,FALSE,NA
199408,FALSE,TRUE,TRUE,NA
602125,TRUE,TRUE,TRUE,NA
267318,FALSE,TRUE,TRUE,NA
810350,FALSE,TRUE,FALSE,NA
282610,FALSE,FALSE,TRUE,NA
943655,FALSE,FALSE,FALSE,NA
937031,FALSE,TRUE,TRUE,NA
38708,FALSE,FALSE,FALSE,NA
27398,TRUE,FALSE,TRUE,NA
55674,TRUE,TRUE,TRUE,NA
529408,FALSE,FALSE,TRUE,NA
847302,FALSE,TRUE,FALSE,NA
868329,FALSE,TRUE,TRUE,NA
891675,FALSE,FALSE,TRUE,NA
173654,FALSE,FALSE,FALSE,NA
322590,TRUE,TRUE,TRUE,NA
714874,TRUE,FALSE,TRUE,NA
816107,FALSE,FALSE,TRUE,NA
582819,TRUE,FALSE,FALSE,NA
989806,FALSE,TRUE,FALSE,NA
45976,FALSE,FALSE,TRUE,NA
179665,FALSE,FALSE,FALSE,NA
962195,FALSE,FALSE,FALSE,NA
328618,FALSE,FALSE,FALSE,NA
144863,FALSE,TRUE,TRUE,NA
165654,FALSE,FALSE,FALSE,NA
98532,FALSE,FALSE,TRUE,NA
865474,FALSE,FALSE,FALSE,NA
229708,FALSE,FALSE,TRUE,NA
833057,FALSE,TRUE,FALSE,NA
364569,FALSE,TRUE,TRUE,NA
433846,FALSE,TRUE,FALSE,NA
810203,FALSE,TRUE,TRUE,NA
69515,TRUE,FALSE,TRUE,NA
366714,TRUE,FALSE,TRUE,NA
949481,FALSE,TRUE,FALSE,NA
165004,TRUE,TRUE,FALSE,NA
897989,TRUE,TRUE,FALSE,NA
781548,FALSE,TRUE,FALSE,NA
226483,FALSE,FALSE,TRUE,NA
216748,TRUE,FALSE,FALSE,NA
725473,FALSE,TRUE,FALSE,NA
271018,FALSE,TRUE,FALSE,NA
769824,FALSE,FALSE,FALSE,NA
557591,FALSE,FALSE,TRUE,NA
606312,FALSE,TRUE,FALSE,NA
481479,FALSE,FALSE,FALSE,NA
706473,FALSE,FALSE,TRUE,NA
354167,TRUE,TRUE,FALSE,NA
716740,FALSE,FALSE,FALSE,NA
789601,FALSE,FALSE,TRUE,NA
419777,FALSE,FALSE,FALSE,NA
731217,FALSE,FALSE,TRUE,NA
491027,FALSE,FALSE,TRUE,NA
621894,FALSE,FALSE,FALSE,NA
75386,FALSE,TRUE,FALSE,NA
239395,FALSE,TRUE,FALSE,NA
358866,TRUE,TRUE,FALSE,NA
25746,FALSE,FALSE,FALSE,NA
886505,FALSE,FALSE,FALSE,NA
489637,FALSE,TRUE,FALSE,NA
926535,FALSE,TRUE,TRUE,NA
13832,TRUE,TRUE,TRUE,NA
512757,FALSE,FALSE,TRUE,NA
238650,FALSE,TRUE,FALSE,NA
349563,FALSE,TRUE,FALSE,NA
250112,FALSE,FALSE,FALSE,NA
575673,FALSE,FALSE,FALSE,NA
262775,FALSE,FALSE,FALSE,NA
194299,TRUE,FALSE,TRUE,NA
412159,TRUE,FALSE,FALSE,NA
312255,TRUE,FALSE,TRUE,NA
51402,FALSE,FALSE,FALSE,NA
25675,FALSE,FALSE,TRUE,NA
429243,FALSE,FALSE,TRUE,NA
203997,FALSE,FALSE,TRUE,NA
592871,FALSE,FALSE,TRUE,NA
405305,FALSE,TRUE,FALSE,NA
267553,FALSE,FALSE,TRUE,NA
384362,FALSE,TRUE,TRUE,NA
740464,FALSE,TRUE,TRUE,NA
120679,TRUE,FALSE,TRUE,NA
198849,FALSE,TRUE,FALSE,NA
967403,FALSE,TRUE,TRUE,NA
713165,FALSE,FALSE,FALSE,NA
717039,FALSE,FALSE,FALSE,NA
966043,FALSE,TRUE,TRUE,NA
397585,TRUE,TRUE,FALSE,NA
160002,FALSE,FALSE,FALSE,NA
230425,TRUE,FALSE,TRUE,NA
447366,FALSE,FALSE,FALSE,NA
911747,TRUE,TRUE,TRUE,NA
109551,FALSE,FALSE,TRUE,NA
22701,TRUE,TRUE,FALSE,NA
769392,FALSE,FALSE,FALSE,NA
152018,FALSE,FALSE,TRUE,NA
895913,FALSE,TRUE,TRUE,NA
343705,FALSE,FALSE,TRUE,NA
68549,FALSE,FALSE,TRUE,NA
42759,FALSE,FALSE,TRUE,NA
5333,FALSE,FALSE,FALSE,NA
235023,FALSE,FALSE,FALSE,NA
286508,FALSE,TRUE,FALSE,NA
208442,TRUE,FALSE,FALSE,NA
587322,TRUE,TRUE,FALSE,NA
663422,FALSE,FALSE,FALSE,NA
607740,TRUE,FALSE,TRUE,NA
587900,FALSE,FALSE,FALSE,NA
519123,FALSE,FALSE,FALSE,NA
358164,FALSE,TRUE,TRUE,NA
889500,FALSE,FALSE,FALSE,NA
244080,FALSE,FALSE,FALSE,NA
802976,FALSE,TRUE,FALSE,NA
37695,FALSE,TRUE,TRUE,NA
73802,FALSE,FALSE,TRUE,NA
456620,FALSE,FALSE,FALSE,NA
451952,FALSE,FALSE,TRUE,NA
676911,FALSE,TRUE,FALSE,NA
682566,FALSE,TRUE,TRUE,NA
605194,TRUE,FALSE,FALSE,NA
140044,FALSE,FALSE,TRUE,NA
407309,FALSE,FALSE,FALSE,NA
668143,FALSE,FALSE,TRUE,NA
100752,FALSE,FALSE,FALSE,NA
808354,FALSE,FALSE,TRUE,NA
98304,TRUE,TRUE,TRUE,NA
54154,FALSE,FALSE,FALSE,NA
948355,FALSE,TRUE,TRUE,NA
99660,FALSE,TRUE,TRUE,NA
180012,FALSE,FALSE,TRUE,NA
443166,FALSE,TRUE,FALSE,NA
486442,FALSE,FALSE,FALSE,NA
182741,TRUE,FALSE,TRUE,NA
189962,TRUE,TRUE,TRUE,NA
337576,TRUE,FALSE,FALSE,NA
381482,TRUE,FALSE,FALSE,NA
688051,FALSE,FALSE,FALSE,NA
398809,FALSE,FALSE,FALSE,NA
118068,FALSE,TRUE,TRUE,NA
126908,FALSE,FALSE,FALSE,NA
911716,FALSE,FALSE,FALSE,NA
725666,FALSE,TRUE,FALSE,NA
807162,FALSE,FALSE,FALSE,NA
389945,TRUE,FALSE,FALSE,NA
828572,TRUE,FALSE,FALSE,NA
28982,FALSE,TRUE,FALSE,NA
318079,FALSE,FALSE,FALSE,NA
434824,FALSE,TRUE,FALSE,NA
465807,FALSE,FALSE,TRUE,NA
701663,TRUE,TRUE,FALSE,NA
46389,FALSE,TRUE,FALSE,NA
694542,FALSE,TRUE,FALSE,NA
286099,FALSE,FALSE,TRUE,NA
856237,FALSE,FALSE,FALSE,NA
397778,FALSE,FALSE,FALSE,NA
559655,FALSE,TRUE,FALSE,NA
158310,FALSE,TRUE,FALSE,NA
225835,FALSE,TRUE,FALSE,NA
171114,FALSE,FALSE,FALSE,NA
157387,FALSE,TRUE,FALSE,NA
354995,FALSE,TRUE,TRUE,NA
917836,FALSE,FALSE,FALSE,NA
566099,TRUE,FALSE,TRUE,NA
251131,FALSE,FALSE,FALSE,NA
706999,FALSE,TRUE,FALSE,NA
513120,TRUE,TRUE,FALSE,NA
453535,FALSE,FALSE,FALSE,NA
905195,FALSE,FALSE,FALSE,NA
761284,FALSE,FALSE,FALSE,NA
317028,FALSE,TRUE,TRUE,NA
507061,FALSE,FALSE,FALSE,NA
828984,FALSE,FALSE,FALSE,NA
916609,TRUE,FALSE,FALSE,NA
592839,FALSE,FALSE,FALSE,NA
491391,FALSE,TRUE,FALSE,NA
955814,FALSE,FALSE,FALSE,NA
905486,FALSE,FALSE,FALSE,NA
5556,FALSE,TRUE,TRUE,NA
159060,FALSE,FALSE,TRUE,NA
200881,FALSE,FALSE,FALSE,NA
18027,FALSE,FALSE,FALSE,NA
243416,FALSE,TRUE,TRUE,NA
218122,TRUE,TRUE,FALSE,NA
837323,FALSE,TRUE,FALSE,NA
13910,FALSE,TRUE,TRUE,NA
971050,FALSE,FALSE,FALSE,NA
947154,FALSE,FALSE,FALSE,NA
875416,FALSE,FALSE,TRUE,NA
227413,FALSE,FALSE,FALSE,NA
62144,TRUE,FALSE,TRUE,NA
133507,FALSE,TRUE,FALSE,NA
801413,FALSE,FALSE,TRUE,NA
510069,FALSE,FALSE,TRUE,NA
448809,FALSE,TRUE,FALSE,NA
52787,FALSE,TRUE,FALSE,NA
824590,FALSE,TRUE,FALSE,NA
700151,FALSE,FALSE,TRUE,NA
40589,FALSE,FALSE,FALSE,NA
793256,FALSE,TRUE,FALSE,NA
670038,FALSE,FALSE,FALSE,NA
63761,FALSE,TRUE,FALSE,NA
117525,FALSE,FALSE,TRUE,NA
616913,FALSE,FALSE,FALSE,NA
944419,FALSE,TRUE,FALSE,NA
285548,FALSE,TRUE,FALSE,NA
998370,FALSE,FALSE,FALSE,NA
378969,FALSE,TRUE,FALSE,NA
67834,FALSE,FALSE,FALSE,NA
597948,TRUE,FALSE,TRUE,NA
620843,FALSE,FALSE,FALSE,NA
637649,FALSE,FALSE,FALSE,NA
668771,FALSE,TRUE,FALSE,NA
78546,FALSE,FALSE,TRUE,NA
450192,TRUE,TRUE,TRUE,NA
675578,FALSE,TRUE,FALSE,NA
450439,TRUE,TRUE,TRUE,NA
13185,TRUE,TRUE,TRUE,NA
537935,FALSE,FALSE,FALSE,NA
968154,FALSE,TRUE,FALSE,NA
87534,FALSE,TRUE,TRUE,NA
394299,TRUE,FALSE,FALSE,NA
664228,FALSE,TRUE,FALSE,NA
603309,FALSE,TRUE,TRUE,NA
199108,FALSE,FALSE,TRUE,NA
558498,FALSE,TRUE,FALSE,NA
676988,FALSE,FALSE,FALSE,NA
565877,FALSE,FALSE,FALSE,NA
42538,FALSE,FALSE,FALSE,NA
663353,FALSE,TRUE,FALSE,NA
70649,TRUE,FALSE,TRUE,NA
536076,FALSE,TRUE,FALSE,NA
221045,FALSE,FALSE,FALSE,NA
309212,FALSE,FALSE,FALSE,NA
134706,FALSE,FALSE,TRUE,NA
54203,FALSE,TRUE,FALSE,NA
140585,FALSE,FALSE,FALSE,NA
185826,FALSE,FALSE,TRUE,NA
444860,FALSE,TRUE,FALSE,NA
156864,FALSE,FALSE,FALSE,NA
266033,FALSE,FALSE,FALSE,NA
129110,TRUE,TRUE,TRUE,NA
105457,FALSE,TRUE,FALSE,NA
619450,FALSE,TRUE,TRUE,NA
776109,FALSE,TRUE,FALSE,NA
28459,TRUE,TRUE,FALSE,NA
127218,FALSE,FALSE,TRUE,NA
963560,FALSE,TRUE,FALSE,NA
621764,FALSE,TRUE,FALSE,NA
987292,FALSE,FALSE,TRUE,NA
820404,FALSE,FALSE,TRUE,NA
245815,TRUE,FALSE,FALSE,NA
352696,FALSE,TRUE,TRUE,NA
840451,FALSE,FALSE,FALSE,NA
707935,FALSE,FALSE,FALSE,NA
310234,FALSE,FALSE,TRUE,NA
977528,TRUE,FALSE,FALSE,NA
347934,FALSE,FALSE,FALSE,NA
407850,FALSE,FALSE,FALSE,NA
646661,FALSE,FALSE,FALSE,NA
763569,FALSE,FALSE,FALSE,NA
972019,TRUE,FALSE,TRUE,NA
312058,FALSE,TRUE,FALSE,NA
368993,FALSE,FALSE,TRUE,NA
554905,FALSE,TRUE,FALSE,NA
195855,FALSE,TRUE,TRUE,NA
162780,FALSE,FALSE,TRUE,NA
112344,FALSE,TRUE,TRUE,NA
967381,FALSE,FALSE,FALSE,NA
162039,FALSE,FALSE,TRUE,NA
266873,FALSE,TRUE,FALSE,NA
30069,TRUE,FALSE,TRUE,NA
783226,FALSE,TRUE,FALSE,NA
891566,FALSE,TRUE,TRUE,NA
535696,FALSE,TRUE,FALSE,NA
843212,FALSE,FALSE,FALSE,NA
855623,FALSE,TRUE,TRUE,NA
934545,FALSE,FALSE,FALSE,NA
176377,FALSE,FALSE,TRUE,NA
207735,TRUE,TRUE,FALSE,NA
431997,FALSE,TRUE,FALSE,NA
898360,FALSE,FALSE,TRUE,NA
334964,TRUE,FALSE,TRUE,NA
299098,FALSE,FALSE,FALSE,NA
988395,FALSE,FALSE,FALSE,NA
556485,FALSE,FALSE,FALSE,NA
471038,FALSE,TRUE,FALSE,NA
797885,TRUE,TRUE,FALSE,NA
362457,FALSE,FALSE,TRUE,NA
838546,FALSE,TRUE,TRUE,NA
858349,FALSE,FALSE,TRUE,NA
22315,FALSE,TRUE,FALSE,NA
173818,FALSE,FALSE,TRUE,NA
266456,FALSE,TRUE,TRUE,NA
277689,FALSE,FALSE,FALSE,NA
870863,FALSE,FALSE,TRUE,NA
718739,TRUE,FALSE,TRUE,NA
290878,FALSE,TRUE,TRUE,NA
604914,FALSE,FALSE,TRUE,NA
671418,FALSE,TRUE,FALSE,NA
781133,FALSE,TRUE,FALSE,NA
201547,FALSE,FALSE,TRUE,NA
986889,FALSE,FALSE,FALSE,NA
50763,FALSE,FALSE,FALSE,NA
73065,FALSE,TRUE,TRUE,NA
780249,TRUE,TRUE,FALSE,NA
575902,FALSE,FALSE,FALSE,NA
903027,FALSE,TRUE,TRUE,NA
522208,FALSE,FALSE,FALSE,NA
664711,FALSE,TRUE,FALSE,NA
605076,TRUE,TRUE,FALSE,NA
809092,FALSE,TRUE,TRUE,NA
652064,FALSE,FALSE,TRUE,NA
334222,FALSE,TRUE,FALSE,NA
351751,FALSE,FALSE,TRUE,NA
544299,TRUE,FALSE,FALSE,NA
663793,FALSE,TRUE,FALSE,NA
976578,FALSE,FALSE,TRUE,NA
965326,TRUE,TRUE,FALSE,NA
915449,FALSE,FALSE,FALSE,NA
862057,FALSE,TRUE,FALSE,NA
332704,FALSE,TRUE,TRUE,NA
579664,FALSE,FALSE,TRUE,NA
533993,FALSE,FALSE,FALSE,NA
464880,FALSE,TRUE,FALSE,NA
865699,FALSE,FALSE,FALSE,NA
871875,TRUE,FALSE,FALSE,NA
90630,FALSE,FALSE,FALSE,NA
441509,FALSE,TRUE,FALSE,NA
571786,FALSE,FALSE,FALSE,NA
333447,FALSE,TRUE,FALSE,NA
103270,FALSE,TRUE,TRUE,NA
889400,FALSE,FALSE,FALSE,NA
101969,FALSE,FALSE,TRUE,NA
527306,FALSE,FALSE,TRUE,NA
995398,TRUE,TRUE,FALSE,NA
91217,TRUE,TRUE,FALSE,NA
274503,TRUE,TRUE,TRUE,NA
908227,FALSE,TRUE,FALSE,NA
308737,TRUE,FALSE,FALSE,NA
273674,FALSE,TRUE,FALSE,NA
342071,FALSE,TRUE,TRUE,NA
228616,FALSE,TRUE,FALSE,NA
5726,FALSE,TRUE,FALSE,NA
122206,FALSE,FALSE,FALSE,NA
156751,FALSE,TRUE,FALSE,NA
935224,TRUE,FALSE,TRUE,NA
533372,FALSE,FALSE,TRUE,NA
815104,FALSE,FALSE,TRUE,NA
771085,FALSE,FALSE,FALSE,NA
206930,FALSE,TRUE,FALSE,NA
795789,FALSE,TRUE,TRUE,NA
788191,TRUE,TRUE,FALSE,NA
778788,FALSE,FALSE,TRUE,NA
237012,FALSE,TRUE,FALSE,NA
893663,FALSE,TRUE,TRUE,NA
404357,FALSE,TRUE,FALSE,NA
974508,FALSE,FALSE,TRUE,NA
297679,FALSE,TRUE,TRUE,NA
32126,FALSE,FALSE,FALSE,NA
989231,FALSE,FALSE,TRUE,NA
862021,FALSE,FALSE,FALSE,NA
769548,TRUE,FALSE,FALSE,NA
703626,FALSE,TRUE,FALSE,NA
764217,FALSE,FALSE,TRUE,NA
702325,FALSE,FALSE,FALSE,NA
657816,FALSE,FALSE,FALSE,NA
594033,TRUE,FALSE,FALSE,NA
400312,FALSE,FALSE,FALSE,NA
230688,FALSE,TRUE,TRUE,NA
190599,TRUE,TRUE,TRUE,NA
717679,FALSE,FALSE,FALSE,NA
539843,FALSE,TRUE,TRUE,NA
549132,FALSE,TRUE,TRUE,NA
794142,FALSE,TRUE,FALSE,NA
654037,TRUE,FALSE,TRUE,NA
54164,FALSE,FALSE,TRUE,NA
569370,TRUE,TRUE,FALSE,NA
201171,TRUE,FALSE,FALSE,NA
116645,FALSE,FALSE,TRUE,NA
477070,FALSE,TRUE,FALSE,NA
808898,FALSE,FALSE,FALSE,NA
700326,FALSE,FALSE,FALSE,NA
856611,FALSE,TRUE,TRUE,NA
396115,FALSE,TRUE,FALSE,NA
422771,FALSE,FALSE,FALSE,NA
132457,TRUE,FALSE,FALSE,NA
625395,FALSE,TRUE,TRUE,NA
348702,FALSE,FALSE,FALSE,NA
436687,FALSE,FALSE,FALSE,NA
86184,FALSE,TRUE,FALSE,NA
277121,FALSE,TRUE,TRUE,NA
428478,TRUE,FALSE,TRUE,NA
627462,FALSE,FALSE,FALSE,NA
474792,FALSE,TRUE,FALSE,NA
875441,FALSE,FALSE,FALSE,NA
682585,FALSE,FALSE,TRUE,NA
613385,FALSE,FALSE,TRUE,NA
758373,TRUE,FALSE,FALSE,NA
530627,TRUE,TRUE,TRUE,NA
603848,FALSE,FALSE,FALSE,NA
831373,TRUE,FALSE,TRUE,NA
65034,FALSE,FALSE,FALSE,NA
626871,FALSE,FALSE,FALSE,NA
995432,FALSE,TRUE,TRUE,NA
581303,FALSE,TRUE,TRUE,NA
214900,TRUE,FALSE,TRUE,NA
607168,FALSE,TRUE,TRUE,NA
932062,FALSE,FALSE,TRUE,NA
718162,FALSE,FALSE,FALSE,NA
319217,FALSE,FALSE,FALSE,NA
625685,FALSE,FALSE,FALSE,NA
918118,FALSE,TRUE,FALSE,NA
411524,FALSE,FALSE,FALSE,NA
100869,TRUE,TRUE,FALSE,NA
708782,FALSE,FALSE,TRUE,NA
58380,TRUE,FALSE,FALSE,NA
632206,FALSE,TRUE,FALSE,NA
715634,FALSE,FALSE,FALSE,NA
935491,FALSE,TRUE,FALSE,NA
958564,FALSE,FALSE,FALSE,NA
420480,TRUE,FALSE,FALSE,NA
759537,FALSE,FALSE,FALSE,NA
744987,FALSE,TRUE,TRUE,NA
177108,FALSE,FALSE,FALSE,NA
335703,FALSE,FALSE,TRUE,NA
697229,FALSE,TRUE,FALSE,NA
723899,FALSE,TRUE,TRUE,NA
288236,FALSE,FALSE,FALSE,NA
282525,FALSE,TRUE,FALSE,NA
278230,FALSE,FALSE,TRUE,NA
58756,TRUE,FALSE,FALSE,NA
915778,FALSE,TRUE,FALSE,NA
16036,FALSE,FALSE,TRUE,NA
937267,TRUE,FALSE,TRUE,NA
955302,FALSE,TRUE,FALSE,NA
813287,FALSE,TRUE,FALSE,NA
734967,FALSE,FALSE,TRUE,NA
372721,FALSE,FALSE,FALSE,NA
457869,FALSE,FALSE,FALSE,NA
329157,TRUE,FALSE,FALSE,NA
266463,TRUE,TRUE,TRUE,NA
251368,FALSE,FALSE,FALSE,NA
651671,FALSE,FALSE,FALSE,NA
236626,TRUE,TRUE,TRUE,NA
38096,TRUE,FALSE,FALSE,NA
9378,FALSE,FALSE,TRUE,NA
961685,FALSE,FALSE,FALSE,NA
313905,FALSE,FALSE,FALSE,NA
57215,FALSE,FALSE,TRUE,NA
495206,FALSE,FALSE,FALSE,NA
913673,FALSE,FALSE,TRUE,NA
186098,FALSE,TRUE,TRUE,NA
297895,FALSE,FALSE,FALSE,NA
7955,FALSE,FALSE,FALSE,NA
147789,FALSE,FALSE,FALSE,NA
645824,FALSE,FALSE,FALSE,NA
200993,FALSE,FALSE,FALSE,NA
21668,FALSE,FALSE,FALSE,NA
601573,FALSE,TRUE,TRUE,NA
441180,FALSE,FALSE,FALSE,NA
688008,FALSE,TRUE,FALSE,NA
931035,TRUE,TRUE,TRUE,NA
57863,FALSE,TRUE,FALSE,NA
594759,FALSE,TRUE,FALSE,NA
798859,FALSE,FALSE,TRUE,NA
861170,FALSE,TRUE,TRUE,NA
435851,TRUE,TRUE,TRUE,NA
70591,FALSE,FALSE,FALSE,NA
109648,FALSE,FALSE,TRUE,NA
896746,FALSE,TRUE,FALSE,NA
347660,FALSE,TRUE,FALSE,NA
853047,TRUE,FALSE,FALSE,NA
499328,FALSE,TRUE,FALSE,NA
505897,FALSE,FALSE,FALSE,NA
992351,FALSE,FALSE,FALSE,NA
88285,FALSE,FALSE,FALSE,NA
21254,FALSE,TRUE,TRUE,NA
501903,TRUE,FALSE,TRUE,NA
211730,FALSE,FALSE,FALSE,NA
492705,FALSE,FALSE,TRUE,NA
825150,FALSE,FALSE,FALSE,NA
840192,TRUE,TRUE,FALSE,NA
445961,FALSE,TRUE,FALSE,NA
783301,FALSE,TRUE,FALSE,NA
504151,FALSE,TRUE,FALSE,NA
81175,FALSE,TRUE,FALSE,NA
989890,FALSE,FALSE,FALSE,NA
186841,FALSE,FALSE,TRUE,NA
574108,FALSE,FALSE,FALSE,NA
378374,FALSE,FALSE,TRUE,NA
23997,FALSE,FALSE,FALSE,NA
300647,FALSE,TRUE,FALSE,NA
119268,FALSE,FALSE,TRUE,NA
539967,TRUE,FALSE,TRUE,NA
744583,FALSE,FALSE,FALSE,NA
408228,TRUE,FALSE,FALSE,NA
106768,FALSE,FALSE,FALSE,NA
924247,FALSE,TRUE,FALSE,NA
581197,FALSE,FALSE,FALSE,NA
495041,FALSE,FALSE,TRUE,NA
101092,FALSE,FALSE,TRUE,NA
4218,TRUE,FALSE,TRUE,NA
32912,FALSE,FALSE,FALSE,NA
240313,FALSE,TRUE,FALSE,NA
633266,TRUE,TRUE,FALSE,NA
920039,FALSE,FALSE,FALSE,NA
843754,FALSE,FALSE,FALSE,NA
490744,TRUE,TRUE,FALSE,NA
320792,FALSE,FALSE,FALSE,NA
31166,FALSE,FALSE,FALSE,NA
743357,FALSE,FALSE,FALSE,NA
105830,FALSE,FALSE,FALSE,NA
573020,FALSE,FALSE,FALSE,NA
371530,FALSE,TRUE,TRUE,NA
838159,FALSE,TRUE,TRUE,NA
540440,FALSE,FALSE,FALSE,NA
327345,FALSE,TRUE,FALSE,NA
973172,FALSE,TRUE,FALSE,NA
572054,FALSE,FALSE,FALSE,NA
963294,FALSE,TRUE,FALSE,NA
715490,FALSE,FALSE,FALSE,NA
116760,TRUE,TRUE,TRUE,NA
650872,FALSE,FALSE,FALSE,NA
917261,FALSE,FALSE,FALSE,NA
887301,FALSE,TRUE,TRUE,NA
156059,TRUE,FALSE,FALSE,NA
476820,FALSE,FALSE,FALSE,NA
689506,TRUE,FALSE,FALSE,NA
512805,FALSE,FALSE,FALSE,NA
578038,TRUE,FALSE,FALSE,NA
815343,TRUE,TRUE,FALSE,NA
705953,TRUE,FALSE,FALSE,NA
707830,FALSE,TRUE,TRUE,NA
651804,FALSE,FALSE,FALSE,NA
220101,TRUE,FALSE,FALSE,NA
703556,FALSE,FALSE,FALSE,NA
976444,FALSE,TRUE,FALSE,NA
391890,TRUE,TRUE,FALSE,NA
241152,FALSE,TRUE,FALSE,NA
486785,TRUE,FALSE,FALSE,NA
419638,FALSE,FALSE,TRUE,NA
934672,FALSE,FALSE,TRUE,NA
537519,FALSE,TRUE,FALSE,NA
696935,TRUE,FALSE,TRUE,NA
239724,TRUE,TRUE,FALSE,NA
342065,FALSE,FALSE,FALSE,NA
158337,TRUE,TRUE,FALSE,NA
191681,FALSE,TRUE,TRUE,NA
138099,FALSE,FALSE,TRUE,NA
203228,TRUE,TRUE,FALSE,NA
429239,TRUE,FALSE,TRUE,NA
704490,TRUE,FALSE,FALSE,NA
291282,FALSE,TRUE,TRUE,NA
173489,FALSE,TRUE,FALSE,NA
337181,FALSE,TRUE,TRUE,NA
201234,TRUE,FALSE,FALSE,NA
310773,FALSE,TRUE,FALSE,NA
413399,TRUE,FALSE,TRUE,NA
35381,FALSE,FALSE,FALSE,NA
54832,FALSE,TRUE,FALSE,NA
181380,FALSE,TRUE,TRUE,NA
795911,FALSE,TRUE,FALSE,NA
315704,FALSE,FALSE,TRUE,NA
110805,FALSE,TRUE,FALSE,NA
702233,FALSE,TRUE,FALSE,NA
874663,TRUE,FALSE,FALSE,NA
363716,FALSE,FALSE,FALSE,NA
429363,TRUE,FALSE,FALSE,NA
630001,FALSE,TRUE,TRUE,NA
861021,FALSE,FALSE,TRUE,NA
556587,FALSE,FALSE,TRUE,NA
347624,FALSE,FALSE,FALSE,NA
986974,FALSE,FALSE,FALSE,NA
640089,FALSE,FALSE,FALSE,NA
862522,FALSE,FALSE,FALSE,NA
390166,FALSE,TRUE,TRUE,NA
257588,FALSE,FALSE,FALSE,NA
792529,FALSE,FALSE,FALSE,NA
938042,FALSE,TRUE,TRUE,NA
291860,FALSE,TRUE,FALSE,NA
255377,FALSE,TRUE,FALSE,NA
821702,FALSE,TRUE,TRUE,NA
319273,FALSE,FALSE,FALSE,NA
631432,FALSE,TRUE,FALSE,NA
274356,FALSE,FALSE,FALSE,NA
249067,FALSE,FALSE,FALSE,NA
208736,TRUE,FALSE,FALSE,NA
537443,TRUE,FALSE,FALSE,NA
277800,FALSE,TRUE,FALSE,NA
219824,FALSE,TRUE,FALSE,NA
605580,FALSE,TRUE,FALSE,NA
540629,FALSE,TRUE,TRUE,NA
607228,FALSE,TRUE,FALSE,NA
76779,FALSE,TRUE,FALSE,NA
475547,FALSE,FALSE,FALSE,NA
99851,FALSE,TRUE,TRUE,NA
209742,TRUE,FALSE,FALSE,NA
7235,FALSE,FALSE,FALSE,NA
600964,FALSE,FALSE,FALSE,NA
541898,FALSE,FALSE,FALSE,NA
558373,TRUE,TRUE,TRUE,NA
170996,FALSE,FALSE,TRUE,NA
412633,FALSE,TRUE,FALSE,NA
598148,FALSE,TRUE,FALSE,NA
332372,FALSE,FALSE,FALSE,NA
677965,FALSE,TRUE,TRUE,NA
332951,FALSE,FALSE,TRUE,NA
912607,FALSE,FALSE,TRUE,NA
810033,FALSE,FALSE,FALSE,NA
133840,FALSE,FALSE,FALSE,NA
938581,FALSE,TRUE,FALSE,NA
366686,TRUE,FALSE,TRUE,NA
797652,TRUE,FALSE,FALSE,NA
333560,TRUE,FALSE,FALSE,NA
997699,FALSE,FALSE,FALSE,NA
652034,FALSE,FALSE,TRUE,NA
124619,FALSE,FALSE,FALSE,NA
615431,FALSE,FALSE,FALSE,NA
289899,FALSE,FALSE,FALSE,NA
817101,TRUE,TRUE,FALSE,NA
534149,FALSE,TRUE,FALSE,NA
842853,TRUE,FALSE,FALSE,NA
999666,FALSE,FALSE,FALSE,NA
605824,FALSE,TRUE,FALSE,NA
62666,FALSE,TRUE,FALSE,NA
943339,FALSE,FALSE,FALSE,NA
355562,FALSE,FALSE,FALSE,NA
678424,FALSE,FALSE,TRUE,NA
7154,FALSE,FALSE,FALSE,NA
928830,FALSE,FALSE,TRUE,NA
144903,TRUE,TRUE,TRUE,NA
210797,FALSE,FALSE,FALSE,NA
296929,FALSE,TRUE,TRUE,NA
935243,FALSE,TRUE,FALSE,NA
184655,FALSE,TRUE,FALSE,NA
421063,FALSE,TRUE,FALSE,NA
889586,FALSE,FALSE,FALSE,NA
550156,FALSE,TRUE,FALSE,NA
312430,TRUE,FALSE,TRUE,NA
982634,FALSE,FALSE,TRUE,NA
120158,FALSE,TRUE,FALSE,NA
858026,FALSE,TRUE,TRUE,NA
41247,TRUE,TRUE,FALSE,NA
328379,FALSE,FALSE,FALSE,NA
150147,FALSE,FALSE,TRUE,NA
381425,FALSE,TRUE,TRUE,NA
772968,FALSE,TRUE,FALSE,NA
491739,FALSE,TRUE,TRUE,NA
670198,TRUE,FALSE,FALSE,NA
41367,FALSE,FALSE,TRUE,NA
638103,FALSE,FALSE,TRUE,NA
849205,FALSE,FALSE,FALSE,NA
140705,TRUE,FALSE,FALSE,NA
855532,FALSE,FALSE,TRUE,NA
451882,TRUE,FALSE,FALSE,NA
540887,FALSE,FALSE,FALSE,NA
207040,TRUE,FALSE,FALSE,NA
688926,FALSE,FALSE,TRUE,NA
185367,FALSE,FALSE,TRUE,NA
381213,FALSE,TRUE,TRUE,NA
210497,TRUE,TRUE,TRUE,NA
173133,TRUE,TRUE,FALSE,NA
874310,FALSE,TRUE,FALSE,NA
610493,FALSE,TRUE,TRUE,NA
112063,TRUE,FALSE,TRUE,NA
282835,TRUE,FALSE,TRUE,NA
977655,FALSE,FALSE,TRUE,NA
687570,FALSE,TRUE,TRUE,NA
879122,FALSE,FALSE,FALSE,NA
96895,FALSE,FALSE,FALSE,NA
813962,FALSE,TRUE,FALSE,NA
369741,FALSE,TRUE,FALSE,NA
377008,FALSE,FALSE,TRUE,NA
736171,FALSE,FALSE,FALSE,NA
93496,FALSE,FALSE,FALSE,NA
783110,FALSE,TRUE,FALSE,NA
453787,FALSE,TRUE,FALSE,NA
512097,TRUE,FALSE,FALSE,NA
830634,FALSE,FALSE,FALSE,NA
165273,FALSE,FALSE,FALSE,NA
181123,FALSE,FALSE,FALSE,NA
22339,FALSE,FALSE,TRUE,NA
188775,FALSE,FALSE,FALSE,NA
817514,TRUE,FALSE,FALSE,NA
132527,FALSE,TRUE,FALSE,NA
355964,FALSE,TRUE,FALSE,NA
40978,FALSE,FALSE,TRUE,NA
539698,FALSE,TRUE,FALSE,NA
266552,FALSE,FALSE,TRUE,NA
886126,FALSE,FALSE,FALSE,NA
906440,FALSE,TRUE,FALSE,NA
705868,FALSE,FALSE,TRUE,NA
445325,FALSE,FALSE,FALSE,NA
191381,FALSE,FALSE,FALSE,NA
502853,FALSE,FALSE,FALSE,NA
426149,FALSE,FALSE,TRUE,NA
932274,FALSE,TRUE,TRUE,NA
137182,FALSE,TRUE,TRUE,NA
187127,FALSE,FALSE,FALSE,NA
367511,FALSE,FALSE,FALSE,NA
594525,FALSE,TRUE,TRUE,NA
896590,TRUE,FALSE,TRUE,NA
271811,FALSE,FALSE,TRUE,NA
197714,FALSE,FALSE,FALSE,NA
495901,FALSE,TRUE,FALSE,NA
969796,FALSE,FALSE,FALSE,NA
670813,FALSE,TRUE,TRUE,NA
718880,FALSE,TRUE,TRUE,NA
267673,FALSE,FALSE,FALSE,NA
974668,FALSE,TRUE,TRUE,NA
639984,FALSE,TRUE,TRUE,NA
609200,FALSE,TRUE,TRUE,NA
677632,TRUE,TRUE,FALSE,NA
494657,FALSE,FALSE,FALSE,NA
615822,FALSE,TRUE,FALSE,NA
265248,FALSE,TRUE,TRUE,NA
274398,FALSE,TRUE,TRUE,NA
725720,FALSE,TRUE,FALSE,NA
645264,FALSE,FALSE,TRUE,NA
708531,FALSE,TRUE,TRUE,NA
677330,FALSE,TRUE,FALSE,NA
890257,FALSE,FALSE,FALSE,NA
445839,FALSE,TRUE,FALSE,NA
915509,FALSE,FALSE,FALSE,NA
788459,FALSE,FALSE,FALSE,NA
736214,FALSE,FALSE,FALSE,NA
149228,FALSE,FALSE,TRUE,NA
606006,FALSE,TRUE,FALSE,NA
503399,FALSE,TRUE,FALSE,NA
709987,TRUE,FALSE,FALSE,NA
140595,FALSE,TRUE,FALSE,NA
955386,FALSE,TRUE,TRUE,NA
93148,FALSE,FALSE,FALSE,NA
705764,TRUE,FALSE,FALSE,NA
635286,TRUE,FALSE,TRUE,NA
909357,FALSE,TRUE,FALSE,NA
294164,FALSE,FALSE,FALSE,NA
354000,FALSE,TRUE,TRUE,NA
115908,FALSE,FALSE,FALSE,NA
449177,TRUE,FALSE,TRUE,NA
880949,FALSE,TRUE,FALSE,NA
730521,FALSE,FALSE,FALSE,NA
702021,FALSE,TRUE,TRUE,NA
742314,FALSE,FALSE,FALSE,NA
722267,FALSE,FALSE,TRUE,NA
894467,FALSE,FALSE,FALSE,NA
106854,FALSE,FALSE,TRUE,NA
667310,FALSE,FALSE,FALSE,NA
424515,FALSE,TRUE,FALSE,NA
913292,FALSE,FALSE,TRUE,NA
908380,FALSE,FALSE,FALSE,NA
430559,FALSE,TRUE,FALSE,NA
357812,TRUE,FALSE,TRUE,NA
554229,FALSE,FALSE,TRUE,NA
881072,FALSE,FALSE,FALSE,NA
954707,FALSE,FALSE,TRUE,NA
260471,FALSE,TRUE,TRUE,NA
53516,TRUE,FALSE,TRUE,NA
830655,TRUE,FALSE,TRUE,NA
608042,FALSE,FALSE,FALSE,NA
768637,TRUE,FALSE,FALSE,NA
831334,FALSE,TRUE,FALSE,NA
866474,FALSE,TRUE,FALSE,NA
800433,FALSE,TRUE,FALSE,NA
178409,FALSE,FALSE,TRUE,NA
573658,TRUE,TRUE,FALSE,NA
751513,FALSE,TRUE,FALSE,NA
123150,FALSE,TRUE,TRUE,NA
106288,FALSE,FALSE,FALSE,NA
285644,FALSE,FALSE,FALSE,NA
604120,FALSE,FALSE,FALSE,NA
51949,FALSE,FALSE,FALSE,NA
5211,FALSE,FALSE,TRUE,NA
35494,TRUE,FALSE,FALSE,NA
599865,FALSE,FALSE,FALSE,NA
550961,FALSE,TRUE,TRUE,NA
281748,FALSE,FALSE,FALSE,NA
973447,FALSE,FALSE,FALSE,NA
48148,TRUE,FALSE,TRUE,NA
759213,FALSE,TRUE,FALSE,NA
171472,FALSE,TRUE,TRUE,NA
573798,FALSE,FALSE,FALSE,NA
595878,FALSE,FALSE,TRUE,NA
159247,FALSE,FALSE,TRUE,NA
960524,FALSE,TRUE,FALSE,NA
795655,FALSE,TRUE,FALSE,NA
32289,FALSE,TRUE,FALSE,NA
254262,FALSE,FALSE,FALSE,NA
476853,FALSE,FALSE,TRUE,NA
200329,FALSE,FALSE,TRUE,NA
677027,FALSE,FALSE,FALSE,NA
575987,FALSE,TRUE,TRUE,NA
617232,FALSE,FALSE,FALSE,NA
765864,FALSE,FALSE,FALSE,NA
247652,FALSE,FALSE,TRUE,NA
406768,FALSE,TRUE,FALSE,NA
545504,TRUE,TRUE,TRUE,NA
898543,FALSE,FALSE,FALSE,NA
526791,FALSE,FALSE,TRUE,NA
79589,FALSE,TRUE,FALSE,NA
709223,FALSE,FALSE,FALSE,NA
823103,FALSE,TRUE,FALSE,NA
12476,TRUE,TRUE,TRUE,NA
783507,FALSE,TRUE,TRUE,NA
997664,FALSE,FALSE,FALSE,NA
556093,FALSE,FALSE,FALSE,NA
303823,TRUE,FALSE,FALSE,NA
166767,FALSE,FALSE,FALSE,NA
402800,FALSE,FALSE,TRUE,NA
658693,FALSE,TRUE,FALSE,NA
232771,FALSE,FALSE,FALSE,NA
553296,FALSE,TRUE,TRUE,NA
394912,TRUE,TRUE,FALSE,NA
219898,FALSE,FALSE,FALSE,NA
234474,FALSE,FALSE,FALSE,NA
915057,TRUE,FALSE,FALSE,NA
598063,FALSE,FALSE,TRUE,NA
679361,TRUE,FALSE,TRUE,NA
890901,FALSE,FALSE,FALSE,NA
482400,FALSE,FALSE,FALSE,NA
440287,TRUE,FALSE,FALSE,NA
540534,FALSE,FALSE,FALSE,NA
438103,FALSE,FALSE,FALSE,NA
221501,FALSE,FALSE,TRUE,NA
100350,TRUE,FALSE,TRUE,NA
778519,FALSE,FALSE,TRUE,NA
83908,FALSE,TRUE,TRUE,NA
774423,FALSE,FALSE,TRUE,NA
737704,TRUE,TRUE,FALSE,NA
504907,FALSE,TRUE,FALSE,NA
332314,FALSE,TRUE,FALSE,NA
483647,FALSE,TRUE,TRUE,NA
500259,TRUE,FALSE,TRUE,NA
974290,FALSE,FALSE,TRUE,NA
908780,FALSE,TRUE,FALSE,NA
918127,FALSE,TRUE,FALSE,NA
402497,TRUE,FALSE,FALSE,NA
287093,FALSE,FALSE,FALSE,NA
818473,FALSE,FALSE,FALSE,NA
919290,FALSE,FALSE,FALSE,NA
588913,FALSE,FALSE,FALSE,NA
336011,FALSE,FALSE,TRUE,NA
425963,FALSE,FALSE,FALSE,NA
162737,FALSE,TRUE,TRUE,NA
594014,FALSE,TRUE,TRUE,NA
746587,FALSE,FALSE,FALSE,NA
994984,FALSE,TRUE,TRUE,NA
770531,FALSE,TRUE,TRUE,NA
594173,FALSE,TRUE,TRUE,NA
943082,FALSE,FALSE,FALSE,NA
748140,FALSE,FALSE,FALSE,NA
156331,FALSE,FALSE,FALSE,NA
786073,FALSE,FALSE,FALSE,NA
722698,FALSE,FALSE,FALSE,NA
118400,FALSE,TRUE,TRUE,NA
569598,FALSE,FALSE,TRUE,NA
430390,FALSE,TRUE,FALSE,NA
251914,FALSE,FALSE,FALSE,NA
210784,FALSE,FALSE,TRUE,NA
561162,FALSE,FALSE,FALSE,NA
331698,FALSE,FALSE,FALSE,NA
164567,FALSE,FALSE,FALSE,NA
483467,TRUE,TRUE,FALSE,NA
223784,FALSE,FALSE,FALSE,NA
130489,FALSE,TRUE,FALSE,NA
35786,FALSE,FALSE,FALSE,NA
70038,FALSE,TRUE,FALSE,NA
19707,FALSE,TRUE,FALSE,NA
111107,FALSE,FALSE,FALSE,NA
941563,FALSE,TRUE,FALSE,NA
751152,FALSE,FALSE,FALSE,NA
583884,FALSE,FALSE,TRUE,NA
279723,FALSE,FALSE,FALSE,NA
841291,TRUE,FALSE,FALSE,NA
748064,FALSE,FALSE,TRUE,NA
436729,FALSE,FALSE,FALSE,NA
413697,TRUE,FALSE,FALSE,NA
987003,FALSE,FALSE,FALSE,NA
479469,TRUE,FALSE,TRUE,NA
888271,FALSE,FALSE,FALSE,NA
723319,FALSE,FALSE,TRUE,NA
777940,FALSE,FALSE,FALSE,NA
607677,FALSE,FALSE,FALSE,NA
310765,FALSE,FALSE,FALSE,NA
34440,FALSE,FALSE,FALSE,NA
614677,TRUE,FALSE,TRUE,NA
75593,FALSE,TRUE,FALSE,NA
566760,FALSE,TRUE,FALSE,NA
215704,FALSE,TRUE,FALSE,NA
900782,FALSE,FALSE,FALSE,NA
435233,FALSE,TRUE,FALSE,NA
605572,FALSE,FALSE,FALSE,NA
944756,FALSE,TRUE,FALSE,NA
169552,FALSE,TRUE,FALSE,NA
451468,FALSE,FALSE,TRUE,NA
65896,FALSE,FALSE,TRUE,NA
143826,FALSE,FALSE,FALSE,NA
255874,FALSE,TRUE,FALSE,NA
68584,TRUE,TRUE,TRUE,NA
57232,FALSE,FALSE,FALSE,NA
914476,FALSE,FALSE,FALSE,NA
60981,FALSE,TRUE,FALSE,NA
582921,FALSE,FALSE,FALSE,NA
11234,FALSE,FALSE,FALSE,NA
126650,FALSE,FALSE,FALSE,NA
289736,FALSE,FALSE,FALSE,NA
419136,FALSE,FALSE,TRUE,NA
564830,FALSE,FALSE,FALSE,NA
306146,FALSE,FALSE,FALSE,NA
294155,FALSE,TRUE,FALSE,NA
74713,FALSE,FALSE,FALSE,NA
663022,FALSE,FALSE,TRUE,NA
285950,TRUE,TRUE,FALSE,NA
231295,FALSE,FALSE,FALSE,NA
335900,FALSE,TRUE,TRUE,NA
442313,FALSE,TRUE,FALSE,NA
527571,FALSE,FALSE,FALSE,NA
367397,FALSE,FALSE,FALSE,NA
463036,FALSE,FALSE,FALSE,NA
288333,FALSE,TRUE,FALSE,NA
899212,TRUE,FALSE,FALSE,NA
29404,FALSE,TRUE,FALSE,NA
500345,TRUE,TRUE,FALSE,NA
444327,FALSE,FALSE,FALSE,NA
461383,FALSE,FALSE,FALSE,NA
874276,TRUE,FALSE,TRUE,NA
902789,FALSE,TRUE,FALSE,NA
636054,TRUE,FALSE,TRUE,NA
871448,FALSE,TRUE,FALSE,NA
628607,FALSE,FALSE,TRUE,NA
769984,FALSE,FALSE,FALSE,NA
920051,TRUE,TRUE,FALSE,NA
540688,FALSE,FALSE,FALSE,NA
721710,FALSE,TRUE,FALSE,NA
19249,FALSE,FALSE,FALSE,NA
175322,FALSE,TRUE,FALSE,NA
468051,FALSE,FALSE,TRUE,NA
75220,FALSE,FALSE,FALSE,NA
175107,FALSE,FALSE,FALSE,NA
661605,FALSE,TRUE,TRUE,NA
882630,FALSE,FALSE,FALSE,NA
670727,FALSE,TRUE,FALSE,NA
289498,TRUE,FALSE,FALSE,NA
319074,TRUE,TRUE,TRUE,NA
959487,FALSE,FALSE,FALSE,NA
548438,FALSE,TRUE,FALSE,NA
870126,FALSE,TRUE,FALSE,NA
280529,FALSE,TRUE,TRUE,NA
800740,FALSE,TRUE,TRUE,NA
886004,FALSE,TRUE,FALSE,NA
900849,TRUE,TRUE,FALSE,NA
589737,TRUE,FALSE,FALSE,NA
995621,FALSE,FALSE,FALSE,NA
403370,FALSE,TRUE,FALSE,NA
420789,FALSE,FALSE,FALSE,NA
125466,FALSE,TRUE,FALSE,NA
993069,FALSE,FALSE,FALSE,NA
274909,FALSE,FALSE,FALSE,NA
358597,TRUE,TRUE,FALSE,NA
626653,TRUE,FALSE,FALSE,NA
596923,TRUE,FALSE,TRUE,NA
365754,FALSE,FALSE,FALSE,NA
51612,TRUE,FALSE,FALSE,NA
892793,FALSE,FALSE,TRUE,NA
467543,FALSE,TRUE,FALSE,NA
596909,FALSE,TRUE,FALSE,NA
333012,FALSE,FALSE,TRUE,NA
509886,FALSE,TRUE,TRUE,NA
802661,FALSE,FALSE,TRUE,NA
735280,FALSE,FALSE,TRUE,NA
966066,FALSE,FALSE,FALSE,NA
475068,FALSE,FALSE,FALSE,NA
3589,FALSE,TRUE,TRUE,NA
243859,FALSE,TRUE,TRUE,NA
614570,FALSE,FALSE,TRUE,NA
849141,FALSE,FALSE,FALSE,NA
608472,FALSE,FALSE,FALSE,NA
812030,FALSE,TRUE,FALSE,NA
247679,FALSE,TRUE,TRUE,NA
605792,FALSE,FALSE,FALSE,NA
874782,TRUE,FALSE,FALSE,NA
600472,FALSE,FALSE,TRUE,NA
267103,FALSE,TRUE,FALSE,NA
277153,TRUE,FALSE,FALSE,NA
660246,FALSE,TRUE,FALSE,NA
948381,FALSE,FALSE,FALSE,NA
718062,FALSE,TRUE,TRUE,NA
253853,FALSE,FALSE,TRUE,NA
51604,FALSE,TRUE,TRUE,NA
555238,FALSE,TRUE,FALSE,NA
743559,FALSE,FALSE,FALSE,NA
949725,FALSE,FALSE,FALSE,NA
875797,FALSE,FALSE,TRUE,NA
369204,FALSE,FALSE,FALSE,NA
438782,FALSE,TRUE,TRUE,NA
312945,FALSE,FALSE,FALSE,NA
944021,FALSE,FALSE,FALSE,NA
227938,TRUE,FALSE,FALSE,NA
258343,TRUE,FALSE,FALSE,NA
384687,TRUE,TRUE,FALSE,NA
750580,FALSE,FALSE,FALSE,NA
985294,FALSE,FALSE,FALSE,NA
439056,FALSE,TRUE,FALSE,NA
457818,FALSE,FALSE,FALSE,NA
642664,FALSE,TRUE,FALSE,NA
923115,FALSE,TRUE,FALSE,NA
601787,FALSE,FALSE,FALSE,NA
607426,FALSE,TRUE,FALSE,NA
185732,FALSE,TRUE,FALSE,NA
675098,TRUE,FALSE,TRUE,NA
167260,FALSE,TRUE,FALSE,NA
908638,FALSE,FALSE,FALSE,NA
510868,FALSE,TRUE,TRUE,NA
895381,FALSE,TRUE,TRUE,NA
294409,TRUE,FALSE,FALSE,NA
810336,FALSE,FALSE,FALSE,NA
155422,FALSE,TRUE,FALSE,NA
749073,FALSE,TRUE,TRUE,NA
337587,FALSE,FALSE,FALSE,NA
934001,TRUE,FALSE,FALSE,NA
520286,FALSE,FALSE,TRUE,NA
464761,FALSE,TRUE,TRUE,NA
689844,FALSE,TRUE,FALSE,NA
631668,FALSE,FALSE,FALSE,NA
34894,FALSE,FALSE,TRUE,NA
503382,FALSE,FALSE,FALSE,NA
432671,FALSE,FALSE,FALSE,NA
492427,TRUE,FALSE,TRUE,NA
30617,FALSE,FALSE,FALSE,NA
919607,FALSE,FALSE,FALSE,NA
599541,FALSE,FALSE,FALSE,NA
918233,FALSE,TRUE,FALSE,NA
827585,FALSE,FALSE,FALSE,NA
966813,TRUE,TRUE,FALSE,NA
974033,FALSE,FALSE,FALSE,NA
315743,FALSE,FALSE,FALSE,NA
12418,FALSE,FALSE,FALSE,NA
433670,FALSE,FALSE,TRUE,NA
283259,FALSE,TRUE,TRUE,NA
201019,FALSE,TRUE,FALSE,NA
389754,FALSE,TRUE,TRUE,NA
248808,FALSE,FALSE,FALSE,NA
54193,FALSE,TRUE,FALSE,NA
551200,TRUE,FALSE,FALSE,NA
915838,FALSE,FALSE,FALSE,NA
755068,FALSE,FALSE,FALSE,NA
455230,FALSE,TRUE,TRUE,NA
410683,FALSE,FALSE,TRUE,NA
308283,FALSE,FALSE,TRUE,NA
678870,FALSE,TRUE,TRUE,NA
362573,FALSE,TRUE,FALSE,NA
909690,FALSE,TRUE,FALSE,NA
131900,FALSE,FALSE,TRUE,NA
452848,TRUE,TRUE,FALSE,NA
5480,FALSE,FALSE,FALSE,NA
594419,FALSE,TRUE,TRUE,NA
649958,FALSE,FALSE,FALSE,NA
89450,FALSE,FALSE,FALSE,NA
78354,FALSE,FALSE,FALSE,NA
75996,TRUE,TRUE,FALSE,NA
444720,FALSE,TRUE,TRUE,NA
791129,FALSE,FALSE,FALSE,NA
203283,FALSE,TRUE,TRUE,NA
370708,FALSE,FALSE,FALSE,NA
359338,FALSE,FALSE,TRUE,NA
544196,FALSE,TRUE,FALSE,NA
573396,TRUE,FALSE,FALSE,NA
298600,FALSE,FALSE,FALSE,NA
567920,FALSE,FALSE,TRUE,NA
717416,FALSE,FALSE,FALSE,NA
294497,FALSE,TRUE,FALSE,NA
99196,FALSE,TRUE,TRUE,NA
590761,FALSE,FALSE,TRUE,NA
48020,TRUE,FALSE,TRUE,NA
708472,FALSE,FALSE,FALSE,NA
545775,FALSE,FALSE,TRUE,NA
945757,FALSE,FALSE,FALSE,NA
925682,FALSE,TRUE,TRUE,NA
922204,FALSE,FALSE,TRUE,NA
795939,FALSE,TRUE,FALSE,NA
510626,TRUE,TRUE,FALSE,NA
297073,FALSE,FALSE,TRUE,NA
530736,FALSE,TRUE,FALSE,NA
641714,FALSE,FALSE,TRUE,NA
454977,FALSE,FALSE,TRUE,NA
660399,FALSE,FALSE,TRUE,NA
830861,FALSE,FALSE,FALSE,NA
821268,FALSE,FALSE,FALSE,NA
4624,FALSE,TRUE,FALSE,NA
773,FALSE,FALSE,FALSE,NA
899569,TRUE,FALSE,FALSE,NA
234350,FALSE,FALSE,FALSE,NA
731707,FALSE,FALSE,FALSE,NA
283906,FALSE,FALSE,TRUE,NA
632573,FALSE,TRUE,FALSE,NA
87769,FALSE,FALSE,TRUE,NA
604420,FALSE,TRUE,FALSE,NA
786850,FALSE,FALSE,FALSE,NA
43154,FALSE,FALSE,FALSE,NA
672198,FALSE,FALSE,TRUE,NA
555520,FALSE,FALSE,FALSE,NA
521444,FALSE,FALSE,FALSE,NA
110342,FALSE,TRUE,FALSE,NA
605293,FALSE,FALSE,FALSE,NA
251466,TRUE,FALSE,FALSE,NA
236998,FALSE,FALSE,FALSE,NA
10511,FALSE,TRUE,TRUE,NA
293328,FALSE,FALSE,TRUE,NA
942012,FALSE,TRUE,FALSE,NA
132545,FALSE,TRUE,TRUE,NA
106938,FALSE,FALSE,FALSE,NA
133019,FALSE,FALSE,TRUE,NA
821923,FALSE,FALSE,FALSE,NA
505329,FALSE,TRUE,FALSE,NA
299378,TRUE,FALSE,FALSE,NA
928684,TRUE,FALSE,TRUE,NA
276686,FALSE,FALSE,FALSE,NA
339057,TRUE,FALSE,TRUE,NA
169125,TRUE,FALSE,FALSE,NA
969900,FALSE,FALSE,TRUE,NA
481226,FALSE,TRUE,FALSE,NA
815979,FALSE,FALSE,FALSE,NA
67586,TRUE,FALSE,FALSE,NA
466395,FALSE,TRUE,FALSE,NA
812164,FALSE,TRUE,FALSE,NA
248743,FALSE,TRUE,TRUE,NA
479241,FALSE,FALSE,FALSE,NA
368644,FALSE,FALSE,FALSE,NA
865559,TRUE,TRUE,TRUE,NA
273492,FALSE,TRUE,TRUE,NA
518846,FALSE,FALSE,TRUE,NA
61737,FALSE,TRUE,FALSE,NA
244103,FALSE,TRUE,TRUE,NA
68207,TRUE,FALSE,TRUE,NA
39635,FALSE,TRUE,FALSE,NA
841471,FALSE,FALSE,FALSE,NA
363451,TRUE,FALSE,FALSE,NA
841672,FALSE,TRUE,FALSE,NA
42694,TRUE,FALSE,FALSE,NA
240692,FALSE,FALSE,TRUE,NA
510640,FALSE,FALSE,TRUE,NA
283438,FALSE,TRUE,TRUE,NA
104675,FALSE,FALSE,TRUE,NA
175456,FALSE,TRUE,TRUE,NA
923650,FALSE,TRUE,FALSE,NA
163645,TRUE,TRUE,FALSE,NA
194120,TRUE,FALSE,TRUE,NA
645641,FALSE,FALSE,FALSE,NA
636549,TRUE,TRUE,TRUE,NA
880881,FALSE,FALSE,FALSE,NA
758986,FALSE,TRUE,FALSE,NA
250959,FALSE,FALSE,FALSE,NA
617853,TRUE,TRUE,FALSE,NA
408839,TRUE,FALSE,TRUE,NA
865534,FALSE,FALSE,FALSE,NA
353229,FALSE,FALSE,FALSE,NA
203898,FALSE,TRUE,FALSE,NA
480501,FALSE,TRUE,FALSE,NA
871855,FALSE,FALSE,TRUE,NA
627537,TRUE,FALSE,FALSE,NA
226580,TRUE,FALSE,FALSE,NA
991615,FALSE,TRUE,FALSE,NA
60560,FALSE,FALSE,TRUE,NA
517006,FALSE,TRUE,FALSE,NA
930144,TRUE,TRUE,TRUE,NA
506855,FALSE,TRUE,FALSE,NA
740798,FALSE,FALSE,TRUE,NA
330032,FALSE,FALSE,FALSE,NA
868029,FALSE,FALSE,FALSE,NA
506368,TRUE,FALSE,TRUE,NA
660411,FALSE,FALSE,FALSE,NA
964774,FALSE,FALSE,FALSE,NA
920049,FALSE,FALSE,FALSE,NA
38213,FALSE,FALSE,FALSE,NA
678807,FALSE,FALSE,FALSE,NA
399563,FALSE,FALSE,TRUE,NA
98650,FALSE,FALSE,FALSE,NA
705432,FALSE,FALSE,FALSE,NA
740414,FALSE,FALSE,TRUE,NA
478154,FALSE,FALSE,TRUE,NA
79221,FALSE,TRUE,TRUE,NA
693302,FALSE,FALSE,TRUE,NA
498994,FALSE,FALSE,FALSE,NA
2961,TRUE,TRUE,FALSE,NA
328778,FALSE,FALSE,FALSE,NA
438742,FALSE,FALSE,TRUE,NA
331822,FALSE,FALSE,TRUE,NA
298954,FALSE,TRUE,FALSE,NA
106406,FALSE,TRUE,FALSE,NA
886497,FALSE,TRUE,FALSE,NA
96372,FALSE,FALSE,FALSE,NA
262320,FALSE,FALSE,FALSE,NA
317583,FALSE,FALSE,FALSE,NA
105993,FALSE,FALSE,FALSE,NA
739609,FALSE,FALSE,TRUE,NA
467962,FALSE,FALSE,FALSE,NA
155666,FALSE,TRUE,TRUE,NA
145524,FALSE,TRUE,FALSE,NA
705954,FALSE,FALSE,FALSE,NA
49882,FALSE,TRUE,TRUE,NA
586915,TRUE,FALSE,TRUE,NA
923421,FALSE,TRUE,FALSE,NA
522679,FALSE,FALSE,TRUE,NA
621149,FALSE,FALSE,TRUE,NA
662034,FALSE,FALSE,FALSE,NA
136538,FALSE,FALSE,TRUE,NA
761704,FALSE,TRUE,TRUE,NA
169381,FALSE,TRUE,FALSE,NA
857596,FALSE,FALSE,FALSE,NA
139868,FALSE,FALSE,FALSE,NA
660707,FALSE,TRUE,FALSE,NA
820141,TRUE,FALSE,FALSE,NA
124359,TRUE,TRUE,FALSE,NA
852679,FALSE,FALSE,FALSE,NA
776225,TRUE,TRUE,FALSE,NA
708474,FALSE,FALSE,TRUE,NA
799275,FALSE,FALSE,TRUE,NA
257459,FALSE,TRUE,FALSE,NA
275402,FALSE,TRUE,TRUE,NA
590528,TRUE,TRUE,TRUE,NA
928827,FALSE,FALSE,FALSE,NA
727364,FALSE,TRUE,TRUE,NA
948642,FALSE,FALSE,FALSE,NA
851084,FALSE,TRUE,FALSE,NA
328310,FALSE,FALSE,TRUE,NA
509766,FALSE,TRUE,FALSE,NA
767017,FALSE,FALSE,FALSE,NA
683156,FALSE,FALSE,FALSE,NA
195332,TRUE,TRUE,FALSE,NA
929196,FALSE,TRUE,FALSE,NA
521109,FALSE,FALSE,TRUE,NA
123894,FALSE,TRUE,TRUE,NA
766756,FALSE,TRUE,TRUE,NA
286762,FALSE,FALSE,FALSE,NA
681699,FALSE,TRUE,FALSE,NA
473611,FALSE,TRUE,FALSE,NA
563780,FALSE,FALSE,FALSE,NA
819799,FALSE,FALSE,TRUE,NA
289061,FALSE,FALSE,TRUE,NA
46245,FALSE,FALSE,FALSE,NA
973868,FALSE,FALSE,FALSE,NA
494223,FALSE,TRUE,FALSE,NA
871236,FALSE,FALSE,TRUE,NA
971087,FALSE,FALSE,FALSE,NA
125336,FALSE,FALSE,FALSE,NA
555097,FALSE,TRUE,FALSE,NA
515973,TRUE,FALSE,FALSE,NA
686222,FALSE,FALSE,FALSE,NA
418852,FALSE,FALSE,TRUE,NA
982879,FALSE,TRUE,TRUE,NA
825788,FALSE,FALSE,TRUE,NA
910395,FALSE,TRUE,FALSE,NA
113778,FALSE,TRUE,TRUE,NA
483868,FALSE,FALSE,FALSE,NA
408452,FALSE,TRUE,FALSE,NA
490679,FALSE,TRUE,FALSE,NA
431730,FALSE,FALSE,FALSE,NA
967813,TRUE,FALSE,FALSE,NA
773357,FALSE,FALSE,FALSE,NA
905527,FALSE,FALSE,TRUE,NA
932119,FALSE,TRUE,FALSE,NA
480075,FALSE,FALSE,TRUE,NA
55081,FALSE,TRUE,TRUE,NA
251426,FALSE,FALSE,FALSE,NA
262761,FALSE,FALSE,TRUE,NA
575044,FALSE,TRUE,TRUE,NA
529156,FALSE,TRUE,TRUE,NA
506677,FALSE,FALSE,FALSE,NA
834043,FALSE,FALSE,FALSE,NA
794947,FALSE,TRUE,TRUE,NA
194295,TRUE,FALSE,TRUE,NA
705407,FALSE,FALSE,FALSE,NA
33207,FALSE,TRUE,FALSE,NA
339109,FALSE,FALSE,FALSE,NA
473978,FALSE,TRUE,TRUE,NA
912621,FALSE,TRUE,TRUE,NA
230169,FALSE,FALSE,TRUE,NA
746802,FALSE,FALSE,FALSE,NA
373316,FALSE,TRUE,FALSE,NA
482830,FALSE,FALSE,FALSE,NA
163348,FALSE,TRUE,TRUE,NA
173043,FALSE,FALSE,FALSE,NA
500751,FALSE,TRUE,FALSE,NA
869697,FALSE,FALSE,TRUE,NA
741923,TRUE,FALSE,FALSE,NA
971274,TRUE,FALSE,TRUE,NA
603289,FALSE,TRUE,FALSE,NA
768498,TRUE,FALSE,FALSE,NA
225543,TRUE,FALSE,FALSE,NA
12124,FALSE,TRUE,TRUE,NA
480257,FALSE,FALSE,FALSE,NA
659104,FALSE,FALSE,FALSE,NA
94877,TRUE,TRUE,FALSE,NA
768326,FALSE,FALSE,FALSE,NA
615714,FALSE,TRUE,TRUE,NA
193428,FALSE,TRUE,TRUE,NA
834442,FALSE,FALSE,FALSE,NA
100715,FALSE,FALSE,TRUE,NA
314656,FALSE,FALSE,FALSE,NA
23082,FALSE,FALSE,FALSE,NA
638464,FALSE,TRUE,TRUE,NA
261558,FALSE,FALSE,TRUE,NA
103178,FALSE,TRUE,TRUE,NA
466098,FALSE,TRUE,TRUE,NA
345244,TRUE,FALSE,FALSE,NA
645094,FALSE,FALSE,TRUE,NA
149023,FALSE,TRUE,FALSE,NA
794269,FALSE,FALSE,TRUE,NA
255477,FALSE,FALSE,FALSE,NA
748971,FALSE,TRUE,FALSE,NA
584199,FALSE,TRUE,FALSE,NA
57138,FALSE,FALSE,FALSE,NA
781945,FALSE,FALSE,FALSE,NA
970537,FALSE,TRUE,TRUE,NA
582448,FALSE,TRUE,FALSE,NA
364397,TRUE,FALSE,FALSE,NA
629645,FALSE,TRUE,FALSE,NA
254727,FALSE,TRUE,FALSE,NA
971992,FALSE,TRUE,TRUE,NA
278256,FALSE,TRUE,FALSE,NA
701592,FALSE,TRUE,FALSE,NA
963503,TRUE,TRUE,FALSE,NA
579218,FALSE,TRUE,TRUE,NA
556519,FALSE,FALSE,FALSE,NA
867711,FALSE,FALSE,FALSE,NA
345843,FALSE,TRUE,TRUE,NA
490962,FALSE,TRUE,FALSE,NA
13263,TRUE,FALSE,FALSE,NA
419529,FALSE,FALSE,TRUE,NA
915543,FALSE,FALSE,TRUE,NA
806435,FALSE,TRUE,FALSE,NA
813960,TRUE,FALSE,FALSE,NA
512118,FALSE,FALSE,TRUE,NA
775654,TRUE,FALSE,FALSE,NA
470105,FALSE,TRUE,TRUE,NA
200478,FALSE,FALSE,FALSE,NA
966301,TRUE,TRUE,FALSE,NA
171428,FALSE,FALSE,TRUE,NA
577788,FALSE,TRUE,TRUE,NA
536769,FALSE,TRUE,FALSE,NA
99921,FALSE,TRUE,FALSE,NA
38145,FALSE,TRUE,FALSE,NA
207981,TRUE,TRUE,FALSE,NA
793786,FALSE,TRUE,FALSE,NA
655447,FALSE,TRUE,FALSE,NA
862439,FALSE,FALSE,TRUE,NA
814878,FALSE,TRUE,TRUE,NA
453734,FALSE,TRUE,FALSE,NA
819715,FALSE,FALSE,TRUE,NA
243078,FALSE,TRUE,FALSE,NA
31053,FALSE,TRUE,FALSE,NA
477903,FALSE,FALSE,FALSE,NA
279101,FALSE,FALSE,TRUE,NA
823319,FALSE,TRUE,TRUE,NA
679310,FALSE,TRUE,TRUE,NA
795525,TRUE,FALSE,FALSE,NA
413870,TRUE,FALSE,FALSE,NA
8457,FALSE,TRUE,TRUE,NA
311921,FALSE,TRUE,FALSE,NA
236002,FALSE,TRUE,FALSE,NA
897067,FALSE,FALSE,TRUE,NA
78739,FALSE,FALSE,FALSE,NA
800162,FALSE,FALSE,FALSE,NA
439290,FALSE,FALSE,FALSE,NA
220331,FALSE,TRUE,TRUE,NA
631800,FALSE,TRUE,FALSE,NA
43399,FALSE,FALSE,TRUE,NA
173789,TRUE,FALSE,TRUE,NA
15856,FALSE,TRUE,TRUE,NA
881169,TRUE,FALSE,TRUE,NA
952918,TRUE,TRUE,FALSE,NA
116196,TRUE,FALSE,TRUE,NA
46702,TRUE,TRUE,FALSE,NA
261140,FALSE,TRUE,FALSE,NA
169351,FALSE,TRUE,FALSE,NA
437433,FALSE,TRUE,TRUE,NA
210037,FALSE,TRUE,FALSE,NA
116206,FALSE,FALSE,TRUE,NA
142230,TRUE,TRUE,FALSE,NA
394879,TRUE,FALSE,FALSE,NA
266877,FALSE,FALSE,TRUE,NA
636980,FALSE,TRUE,TRUE,NA
101663,FALSE,TRUE,FALSE,NA
797602,FALSE,FALSE,FALSE,NA
495025,FALSE,FALSE,TRUE,NA
609822,FALSE,FALSE,TRUE,NA
713209,TRUE,FALSE,FALSE,NA
483048,FALSE,TRUE,FALSE,NA
519000,FALSE,FALSE,FALSE,NA
140184,FALSE,FALSE,FALSE,NA
94917,FALSE,FALSE,FALSE,NA
766803,FALSE,FALSE,TRUE,NA
889924,FALSE,FALSE,TRUE,NA
96371,FALSE,FALSE,FALSE,NA
357037,FALSE,TRUE,TRUE,NA
629656,FALSE,FALSE,FALSE,NA
96423,TRUE,FALSE,FALSE,NA
732442,FALSE,TRUE,TRUE,NA
813894,FALSE,FALSE,TRUE,NA
852346,FALSE,TRUE,TRUE,NA
252068,FALSE,FALSE,FALSE,NA
526396,FALSE,FALSE,FALSE,NA
905609,FALSE,TRUE,FALSE,NA
866506,FALSE,FALSE,TRUE,NA
10119,FALSE,TRUE,TRUE,NA
970069,FALSE,TRUE,FALSE,NA
621985,FALSE,FALSE,FALSE,NA
763073,FALSE,FALSE,TRUE,NA
459134,FALSE,FALSE,FALSE,NA
908316,FALSE,FALSE,TRUE,NA
166052,FALSE,TRUE,FALSE,NA
912957,FALSE,TRUE,FALSE,NA
56091,FALSE,TRUE,FALSE,NA
398966,TRUE,TRUE,FALSE,NA
312692,TRUE,FALSE,FALSE,NA
991318,FALSE,TRUE,TRUE,NA
37112,FALSE,TRUE,FALSE,NA
287423,FALSE,TRUE,FALSE,NA
44278,FALSE,FALSE,TRUE,NA
613821,FALSE,FALSE,TRUE,NA
243635,TRUE,TRUE,TRUE,NA
552919,FALSE,TRUE,TRUE,NA
382680,FALSE,FALSE,FALSE,NA
916068,TRUE,TRUE,TRUE,NA
924614,FALSE,TRUE,FALSE,NA
617396,FALSE,TRUE,TRUE,NA
475324,FALSE,TRUE,TRUE,NA
31908,TRUE,TRUE,TRUE,NA
420399,FALSE,FALSE,FALSE,NA
425870,FALSE,FALSE,TRUE,NA
806218,FALSE,FALSE,FALSE,NA
771840,FALSE,FALSE,FALSE,NA
312819,FALSE,FALSE,FALSE,NA
645127,FALSE,FALSE,FALSE,NA
825311,FALSE,FALSE,TRUE,NA
528768,FALSE,TRUE,FALSE,NA
812166,FALSE,TRUE,TRUE,NA
180275,FALSE,TRUE,TRUE,NA
435002,FALSE,FALSE,TRUE,NA
972171,FALSE,FALSE,TRUE,NA
869019,FALSE,TRUE,FALSE,NA
395374,FALSE,FALSE,FALSE,NA
193662,FALSE,FALSE,TRUE,NA
922545,FALSE,TRUE,FALSE,NA
205126,FALSE,FALSE,TRUE,NA
182583,FALSE,FALSE,FALSE,NA
990508,FALSE,FALSE,TRUE,NA
197630,FALSE,TRUE,TRUE,NA
83340,FALSE,FALSE,FALSE,NA
807005,FALSE,FALSE,FALSE,NA
588495,FALSE,FALSE,TRUE,NA
826223,FALSE,FALSE,TRUE,NA
821033,FALSE,FALSE,FALSE,NA
613559,FALSE,FALSE,TRUE,NA
83188,FALSE,FALSE,FALSE,NA
449098,TRUE,TRUE,FALSE,NA
539721,FALSE,TRUE,FALSE,NA
764904,FALSE,TRUE,FALSE,NA
46454,FALSE,TRUE,FALSE,NA
949266,FALSE,TRUE,FALSE,NA
869242,FALSE,FALSE,FALSE,NA
143873,FALSE,FALSE,TRUE,NA
314504,FALSE,FALSE,TRUE,NA
920414,FALSE,FALSE,FALSE,NA
521450,FALSE,TRUE,TRUE,NA
464654,FALSE,TRUE,FALSE,NA
996243,FALSE,TRUE,TRUE,NA
510,FALSE,TRUE,TRUE,NA
217668,FALSE,FALSE,TRUE,NA
500988,TRUE,TRUE,TRUE,NA
852205,FALSE,FALSE,FALSE,NA
703124,FALSE,TRUE,FALSE,NA
483444,FALSE,TRUE,FALSE,NA
654324,FALSE,FALSE,TRUE,NA
258261,TRUE,TRUE,FALSE,NA
355411,FALSE,FALSE,FALSE,NA
806274,FALSE,FALSE,TRUE,NA
412110,FALSE,TRUE,FALSE,NA
852504,FALSE,TRUE,FALSE,NA
210306,FALSE,FALSE,TRUE,NA
478571,FALSE,FALSE,FALSE,NA
678983,FALSE,FALSE,FALSE,NA
764360,FALSE,FALSE,TRUE,NA
554045,FALSE,FALSE,FALSE,NA
506077,FALSE,FALSE,FALSE,NA
953583,FALSE,FALSE,FALSE,NA
667711,FALSE,FALSE,FALSE,NA
837414,FALSE,FALSE,TRUE,NA
638037,FALSE,FALSE,FALSE,NA
546044,TRUE,FALSE,FALSE,NA
284427,TRUE,TRUE,TRUE,NA
24120,FALSE,TRUE,TRUE,NA
548409,FALSE,FALSE,FALSE,NA
102560,FALSE,FALSE,TRUE,NA
157813,FALSE,FALSE,FALSE,NA
222500,FALSE,FALSE,TRUE,NA
816211,FALSE,FALSE,FALSE,NA
739920,FALSE,FALSE,FALSE,NA
911685,TRUE,TRUE,FALSE,NA
624774,FALSE,TRUE,FALSE,NA
814549,FALSE,FALSE,FALSE,NA
253966,FALSE,TRUE,TRUE,NA
581080,FALSE,FALSE,FALSE,NA
634528,FALSE,FALSE,FALSE,NA
434671,FALSE,FALSE,TRUE,NA
198111,FALSE,FALSE,FALSE,NA
874296,FALSE,FALSE,FALSE,NA
643960,FALSE,FALSE,FALSE,NA
219180,FALSE,FALSE,FALSE,NA
21096,TRUE,TRUE,FALSE,NA
488079,FALSE,FALSE,TRUE,NA
592763,TRUE,TRUE,FALSE,NA
209019,FALSE,FALSE,FALSE,NA
580682,FALSE,TRUE,FALSE,NA
311664,FALSE,FALSE,FALSE,NA
844236,FALSE,FALSE,TRUE,NA
933715,FALSE,FALSE,TRUE,NA
616737,FALSE,FALSE,FALSE,NA
717436,TRUE,FALSE,FALSE,NA
528962,FALSE,TRUE,FALSE,NA
437782,TRUE,FALSE,FALSE,NA
723516,FALSE,FALSE,FALSE,NA
73125,FALSE,FALSE,TRUE,NA
247230,FALSE,FALSE,FALSE,NA
230705,FALSE,TRUE,FALSE,NA
654730,FALSE,FALSE,FALSE,NA
62643,FALSE,FALSE,FALSE,NA
707151,FALSE,FALSE,TRUE,NA
960436,TRUE,FALSE,TRUE,NA
561923,FALSE,FALSE,TRUE,NA
491639,FALSE,TRUE,FALSE,NA
387386,FALSE,FALSE,FALSE,NA
129635,FALSE,FALSE,TRUE,NA
933007,FALSE,TRUE,TRUE,NA
872704,FALSE,FALSE,TRUE,NA
618584,FALSE,FALSE,TRUE,NA
515631,FALSE,FALSE,TRUE,NA
55449,FALSE,FALSE,FALSE,NA
769397,FALSE,FALSE,FALSE,NA
902945,TRUE,TRUE,TRUE,NA
627967,FALSE,FALSE,TRUE,NA
703081,FALSE,TRUE,FALSE,NA
510702,FALSE,TRUE,FALSE,NA
976289,FALSE,TRUE,FALSE,NA
64887,TRUE,FALSE,TRUE,NA
54496,FALSE,FALSE,TRUE,NA
389257,FALSE,TRUE,TRUE,NA
860328,FALSE,FALSE,FALSE,NA
940432,FALSE,FALSE,FALSE,NA
653956,FALSE,FALSE,FALSE,NA
357723,FALSE,FALSE,FALSE,NA
480119,FALSE,FALSE,FALSE,NA
145547,FALSE,FALSE,FALSE,NA
224994,FALSE,TRUE,FALSE,NA
837849,FALSE,FALSE,TRUE,NA
491278,FALSE,TRUE,FALSE,NA
953849,FALSE,FALSE,TRUE,NA
643600,FALSE,FALSE,TRUE,NA
952466,FALSE,FALSE,TRUE,NA
208007,TRUE,TRUE,TRUE,NA
128343,TRUE,TRUE,FALSE,NA
925065,FALSE,TRUE,FALSE,NA
290984,FALSE,FALSE,TRUE,NA
326766,FALSE,TRUE,FALSE,NA
150794,FALSE,FALSE,FALSE,NA
858522,FALSE,FALSE,FALSE,NA
671271,TRUE,TRUE,TRUE,NA
960333,FALSE,FALSE,FALSE,NA
845539,FALSE,FALSE,FALSE,NA
743538,FALSE,FALSE,TRUE,NA
66106,FALSE,TRUE,FALSE,NA
60645,FALSE,FALSE,FALSE,NA
52534,FALSE,FALSE,FALSE,NA
53791,FALSE,FALSE,FALSE,NA
421089,FALSE,FALSE,TRUE,NA
29603,FALSE,FALSE,TRUE,NA
293371,FALSE,FALSE,FALSE,NA
961376,FALSE,TRUE,TRUE,NA
835011,TRUE,TRUE,TRUE,NA
114900,FALSE,FALSE,TRUE,NA
609533,FALSE,TRUE,TRUE,NA
952578,FALSE,FALSE,TRUE,NA
452852,FALSE,TRUE,FALSE,NA
137488,FALSE,FALSE,TRUE,NA
934216,FALSE,TRUE,FALSE,NA
817484,FALSE,TRUE,FALSE,NA
442173,FALSE,TRUE,TRUE,NA
271600,FALSE,TRUE,FALSE,NA
588335,FALSE,FALSE,TRUE,NA
987925,FALSE,FALSE,TRUE,NA
217406,FALSE,FALSE,FALSE,NA
30440,FALSE,FALSE,FALSE,NA
897768,FALSE,FALSE,FALSE,NA
790462,FALSE,FALSE,FALSE,NA
547714,FALSE,TRUE,TRUE,NA
240403,FALSE,FALSE,TRUE,NA
67476,FALSE,TRUE,FALSE,NA
343188,FALSE,FALSE,FALSE,NA
813327,TRUE,FALSE,FALSE,NA
129932,FALSE,FALSE,TRUE,NA
854226,TRUE,TRUE,TRUE,NA
615937,FALSE,FALSE,FALSE,NA
290311,FALSE,FALSE,TRUE,NA
824166,FALSE,TRUE,FALSE,NA
326240,FALSE,TRUE,TRUE,NA
781638,FALSE,TRUE,TRUE,NA
635092,FALSE,FALSE,FALSE,NA
399997,FALSE,TRUE,FALSE,NA
511785,FALSE,TRUE,TRUE,NA
636888,TRUE,TRUE,FALSE,NA
632653,FALSE,FALSE,TRUE,NA
502951,TRUE,FALSE,FALSE,NA
39850,FALSE,FALSE,TRUE,NA
784660,TRUE,TRUE,FALSE,NA
708195,FALSE,FALSE,TRUE,NA
67611,FALSE,FALSE,TRUE,NA
199570,FALSE,TRUE,FALSE,NA
931270,FALSE,FALSE,TRUE,NA
903638,TRUE,FALSE,TRUE,NA
508618,FALSE,TRUE,FALSE,NA
762098,FALSE,FALSE,FALSE,NA
461411,FALSE,FALSE,TRUE,NA
867631,FALSE,FALSE,FALSE,NA
201509,TRUE,TRUE,FALSE,NA
684742,FALSE,FALSE,FALSE,NA
246367,FALSE,TRUE,TRUE,NA
548823,FALSE,TRUE,FALSE,NA
97168,FALSE,FALSE,FALSE,NA
37243,FALSE,FALSE,FALSE,NA
954284,TRUE,FALSE,FALSE,NA
68404,FALSE,FALSE,TRUE,NA
433314,FALSE,TRUE,FALSE,NA
524674,FALSE,TRUE,FALSE,NA
625442,FALSE,TRUE,FALSE,NA
99654,FALSE,FALSE,FALSE,NA
136985,FALSE,TRUE,TRUE,NA
442385,FALSE,FALSE,FALSE,NA
871362,FALSE,TRUE,FALSE,NA
253652,FALSE,FALSE,FALSE,NA
281148,FALSE,FALSE,FALSE,NA
658429,TRUE,FALSE,FALSE,NA
306668,FALSE,TRUE,TRUE,NA
494387,FALSE,TRUE,FALSE,NA
657732,FALSE,FALSE,FALSE,NA
476723,TRUE,FALSE,TRUE,NA
115810,FALSE,FALSE,FALSE,NA
955731,FALSE,FALSE,TRUE,NA
293051,FALSE,FALSE,FALSE,NA
105572,FALSE,TRUE,FALSE,NA
411241,TRUE,TRUE,FALSE,NA
868230,FALSE,TRUE,FALSE,NA
705929,FALSE,FALSE,TRUE,NA
344695,FALSE,TRUE,FALSE,NA
246840,FALSE,FALSE,FALSE,NA
582571,FALSE,FALSE,FALSE,NA
668883,FALSE,FALSE,TRUE,NA
578890,FALSE,FALSE,FALSE,NA
810384,TRUE,TRUE,TRUE,NA
173399,FALSE,FALSE,FALSE,NA
203695,FALSE,FALSE,TRUE,NA
885725,TRUE,FALSE,FALSE,NA
516473,FALSE,TRUE,TRUE,NA
306034,FALSE,TRUE,TRUE,NA
187553,FALSE,FALSE,FALSE,NA
531391,FALSE,FALSE,FALSE,NA
758392,FALSE,TRUE,TRUE,NA
328793,FALSE,FALSE,TRUE,NA
521432,FALSE,TRUE,FALSE,NA
207901,FALSE,TRUE,FALSE,NA
798879,FALSE,TRUE,TRUE,NA
554908,FALSE,FALSE,FALSE,NA
261648,FALSE,FALSE,FALSE,NA
825291,FALSE,FALSE,TRUE,NA
149796,FALSE,TRUE,TRUE,NA
116342,FALSE,FALSE,TRUE,NA
882414,FALSE,FALSE,FALSE,NA
509765,FALSE,FALSE,TRUE,NA
53037,FALSE,FALSE,FALSE,NA
716596,FALSE,TRUE,FALSE,NA
282465,FALSE,FALSE,FALSE,NA
344782,FALSE,TRUE,FALSE,NA
561360,FALSE,FALSE,TRUE,NA
554163,FALSE,TRUE,FALSE,NA
210906,FALSE,FALSE,TRUE,NA
238203,FALSE,TRUE,TRUE,NA
222321,FALSE,TRUE,FALSE,NA
740252,FALSE,FALSE,FALSE,NA
520459,FALSE,FALSE,TRUE,NA
858364,FALSE,FALSE,TRUE,NA
257465,FALSE,TRUE,TRUE,NA
519691,FALSE,FALSE,TRUE,NA
57417,FALSE,TRUE,FALSE,NA
512432,FALSE,FALSE,FALSE,NA
672256,FALSE,FALSE,FALSE,NA
888523,FALSE,TRUE,TRUE,NA
483051,FALSE,FALSE,FALSE,NA
53237,FALSE,TRUE,TRUE,NA
757364,FALSE,FALSE,FALSE,NA
438933,TRUE,TRUE,FALSE,NA
58496,FALSE,FALSE,FALSE,NA
943093,TRUE,FALSE,TRUE,NA
335239,FALSE,FALSE,TRUE,NA
666922,FALSE,FALSE,FALSE,NA
399559,FALSE,FALSE,TRUE,NA
299832,TRUE,FALSE,TRUE,NA
183306,TRUE,FALSE,TRUE,NA
295066,FALSE,FALSE,FALSE,NA
554876,FALSE,FALSE,FALSE,NA
547827,FALSE,FALSE,FALSE,NA
906417,TRUE,FALSE,TRUE,NA
536319,TRUE,FALSE,TRUE,NA
875961,FALSE,FALSE,FALSE,NA
284198,FALSE,TRUE,TRUE,NA
673690,FALSE,TRUE,FALSE,NA
941525,TRUE,TRUE,FALSE,NA
617709,FALSE,FALSE,FALSE,NA
479733,FALSE,FALSE,TRUE,NA
519816,TRUE,FALSE,FALSE,NA
473479,FALSE,FALSE,TRUE,NA
882906,TRUE,FALSE,FALSE,NA
642475,TRUE,FALSE,TRUE,NA
187855,FALSE,FALSE,FALSE,NA
18459,FALSE,TRUE,TRUE,NA
962691,FALSE,FALSE,FALSE,NA
49246,FALSE,TRUE,FALSE,NA
739483,FALSE,FALSE,FALSE,NA
151157,TRUE,FALSE,TRUE,NA
256472,FALSE,FALSE,FALSE,NA
771685,FALSE,FALSE,FALSE,NA
408224,FALSE,FALSE,FALSE,NA
437078,TRUE,FALSE,FALSE,NA
679902,FALSE,TRUE,TRUE,NA
802889,FALSE,FALSE,TRUE,NA
621429,TRUE,FALSE,FALSE,NA
81654,FALSE,TRUE,FALSE,NA
194975,FALSE,FALSE,FALSE,NA
320340,FALSE,FALSE,TRUE,NA
841434,FALSE,FALSE,FALSE,NA
247381,FALSE,FALSE,FALSE,NA
917549,FALSE,FALSE,TRUE,NA
848303,FALSE,TRUE,TRUE,NA
524420,TRUE,FALSE,FALSE,NA
522414,FALSE,FALSE,FALSE,NA
272769,FALSE,FALSE,TRUE,NA
614640,TRUE,TRUE,TRUE,NA
259828,FALSE,TRUE,TRUE,NA
519093,FALSE,FALSE,TRUE,NA
453619,TRUE,TRUE,FALSE,NA
387076,FALSE,FALSE,FALSE,NA
957365,FALSE,FALSE,FALSE,NA
703087,TRUE,FALSE,FALSE,NA
64494,FALSE,FALSE,TRUE,NA
300856,FALSE,FALSE,FALSE,NA
819912,FALSE,FALSE,TRUE,NA
799905,TRUE,TRUE,TRUE,NA
662403,FALSE,TRUE,TRUE,NA
28733,FALSE,TRUE,TRUE,NA
281125,TRUE,FALSE,TRUE,NA
683861,FALSE,FALSE,FALSE,NA
833241,FALSE,FALSE,TRUE,NA
382397,FALSE,TRUE,FALSE,NA
342881,FALSE,TRUE,FALSE,NA
846569,FALSE,FALSE,FALSE,NA
725081,TRUE,FALSE,FALSE,NA
597014,TRUE,TRUE,TRUE,NA
303386,FALSE,FALSE,TRUE,NA
25176,FALSE,FALSE,FALSE,NA
992821,FALSE,TRUE,FALSE,NA
421973,FALSE,FALSE,FALSE,NA
645080,FALSE,FALSE,TRUE,NA
783485,FALSE,TRUE,TRUE,NA
93947,FALSE,FALSE,TRUE,NA
542794,FALSE,FALSE,TRUE,NA
98023,FALSE,FALSE,FALSE,NA
447982,FALSE,FALSE,TRUE,NA
880151,TRUE,FALSE,TRUE,NA
328018,FALSE,FALSE,FALSE,NA
180342,FALSE,FALSE,TRUE,NA
724025,FALSE,TRUE,TRUE,NA
730500,FALSE,FALSE,FALSE,NA
355720,FALSE,TRUE,FALSE,NA
114092,FALSE,FALSE,TRUE,NA
373923,TRUE,FALSE,FALSE,NA
776142,TRUE,FALSE,FALSE,NA
504966,FALSE,TRUE,FALSE,NA
197289,FALSE,FALSE,FALSE,NA
318291,TRUE,FALSE,FALSE,NA
799415,FALSE,FALSE,TRUE,NA
668720,FALSE,TRUE,TRUE,NA
989707,FALSE,FALSE,TRUE,NA
336872,FALSE,FALSE,TRUE,NA
531829,FALSE,FALSE,TRUE,NA
497760,FALSE,FALSE,TRUE,NA
85202,FALSE,FALSE,TRUE,NA
914267,FALSE,FALSE,TRUE,NA
952643,FALSE,FALSE,FALSE,NA
310135,FALSE,FALSE,FALSE,NA
190109,FALSE,FALSE,TRUE,NA
543439,FALSE,FALSE,FALSE,NA
23469,FALSE,TRUE,TRUE,NA
724830,FALSE,FALSE,FALSE,NA
215025,FALSE,TRUE,TRUE,NA
472743,FALSE,FALSE,FALSE,NA
338175,FALSE,FALSE,FALSE,NA
723130,FALSE,TRUE,FALSE,NA
430294,FALSE,TRUE,TRUE,NA
105739,FALSE,TRUE,FALSE,NA
851504,TRUE,FALSE,FALSE,NA
690014,FALSE,FALSE,FALSE,NA
789509,FALSE,FALSE,TRUE,NA
551014,FALSE,TRUE,TRUE,NA
110340,FALSE,FALSE,FALSE,NA
996127,FALSE,FALSE,TRUE,NA
225310,FALSE,TRUE,FALSE,NA
681399,FALSE,FALSE,FALSE,NA
118020,FALSE,FALSE,FALSE,NA
359832,FALSE,FALSE,FALSE,NA
437891,FALSE,FALSE,FALSE,NA
738570,FALSE,FALSE,FALSE,NA
534272,FALSE,FALSE,TRUE,NA
387962,FALSE,FALSE,FALSE,NA
584543,FALSE,TRUE,FALSE,NA
617551,FALSE,TRUE,FALSE,NA
861018,FALSE,TRUE,FALSE,NA
635044,TRUE,FALSE,TRUE,NA
323509,FALSE,FALSE,FALSE,NA
665183,FALSE,FALSE,FALSE,NA
871455,FALSE,TRUE,TRUE,NA
644706,FALSE,FALSE,FALSE,NA
72104,FALSE,FALSE,TRUE,NA
761730,FALSE,FALSE,FALSE,NA
154022,FALSE,FALSE,FALSE,NA
861448,FALSE,FALSE,FALSE,NA
577453,FALSE,FALSE,TRUE,NA
701519,FALSE,FALSE,FALSE,NA
809344,TRUE,FALSE,FALSE,NA
243371,FALSE,FALSE,FALSE,NA
679923,FALSE,FALSE,TRUE,NA
101172,TRUE,TRUE,TRUE,NA
657376,FALSE,FALSE,FALSE,NA
843322,TRUE,FALSE,FALSE,NA
221843,FALSE,FALSE,FALSE,NA
756383,FALSE,FALSE,FALSE,NA
707276,FALSE,TRUE,FALSE,NA
937065,TRUE,FALSE,FALSE,NA
3286,FALSE,FALSE,TRUE,NA
406476,FALSE,FALSE,FALSE,NA
192245,FALSE,FALSE,FALSE,NA
119907,FALSE,TRUE,TRUE,NA
363891,TRUE,TRUE,TRUE,NA
793777,FALSE,TRUE,FALSE,NA
194702,FALSE,FALSE,FALSE,NA
415757,TRUE,TRUE,TRUE,NA
9223,FALSE,TRUE,FALSE,NA
83321,FALSE,TRUE,TRUE,NA
602185,FALSE,FALSE,TRUE,NA
257046,FALSE,TRUE,FALSE,NA
661289,FALSE,TRUE,FALSE,NA
789040,FALSE,TRUE,TRUE,NA
379958,TRUE,FALSE,FALSE,NA
191053,FALSE,TRUE,FALSE,NA
128202,FALSE,FALSE,TRUE,NA
178799,FALSE,FALSE,FALSE,NA
795971,FALSE,FALSE,TRUE,NA
68531,FALSE,TRUE,FALSE,NA
741821,FALSE,TRUE,FALSE,NA
79195,FALSE,FALSE,FALSE,NA
56945,FALSE,FALSE,FALSE,NA
667111,FALSE,FALSE,FALSE,NA
975554,FALSE,FALSE,FALSE,NA
934300,TRUE,FALSE,TRUE,NA
467102,TRUE,FALSE,FALSE,NA
929446,FALSE,FALSE,FALSE,NA
300231,FALSE,TRUE,FALSE,NA
988919,FALSE,FALSE,TRUE,NA
635898,FALSE,FALSE,TRUE,NA
450231,FALSE,FALSE,TRUE,NA
970962,FALSE,FALSE,FALSE,NA
462131,FALSE,FALSE,FALSE,NA
796500,FALSE,FALSE,TRUE,NA
489512,FALSE,TRUE,TRUE,NA
274552,TRUE,TRUE,TRUE,NA
920440,FALSE,FALSE,FALSE,NA
478438,FALSE,FALSE,TRUE,NA
15349,FALSE,FALSE,FALSE,NA
300983,FALSE,FALSE,TRUE,NA
263648,FALSE,FALSE,FALSE,NA
533305,FALSE,FALSE,FALSE,NA
639812,FALSE,FALSE,FALSE,NA
663205,FALSE,FALSE,FALSE,NA
438371,FALSE,FALSE,FALSE,NA
720274,FALSE,FALSE,TRUE,NA
416956,FALSE,FALSE,FALSE,NA
45181,TRUE,TRUE,FALSE,NA
512128,FALSE,FALSE,FALSE,NA
653311,TRUE,FALSE,FALSE,NA
857937,FALSE,FALSE,FALSE,NA
751370,FALSE,TRUE,TRUE,NA
433316,FALSE,FALSE,TRUE,NA
99241,FALSE,FALSE,FALSE,NA
783079,FALSE,TRUE,TRUE,NA
760451,FALSE,TRUE,FALSE,NA
80632,FALSE,FALSE,TRUE,NA
900474,FALSE,FALSE,TRUE,NA
336908,FALSE,FALSE,FALSE,NA
445787,FALSE,FALSE,FALSE,NA
944032,FALSE,FALSE,TRUE,NA
448144,FALSE,TRUE,FALSE,NA
959890,FALSE,FALSE,FALSE,NA
486854,FALSE,FALSE,FALSE,NA
176900,FALSE,TRUE,FALSE,NA
875655,TRUE,FALSE,TRUE,NA
438706,FALSE,FALSE,FALSE,NA
57479,FALSE,FALSE,TRUE,NA
635431,TRUE,FALSE,TRUE,NA
58265,FALSE,TRUE,FALSE,NA
939843,FALSE,FALSE,FALSE,NA
196500,FALSE,FALSE,FALSE,NA
225210,FALSE,FALSE,FALSE,NA
904197,TRUE,FALSE,FALSE,NA
370341,FALSE,FALSE,FALSE,NA
475037,FALSE,FALSE,FALSE,NA
904666,FALSE,FALSE,TRUE,NA
505755,FALSE,FALSE,TRUE,NA
489541,FALSE,TRUE,FALSE,NA
527694,FALSE,FALSE,TRUE,NA
591596,FALSE,FALSE,TRUE,NA
285759,TRUE,TRUE,TRUE,NA
927959,FALSE,TRUE,TRUE,NA
106149,FALSE,TRUE,FALSE,NA
900999,TRUE,TRUE,FALSE,NA
346291,FALSE,TRUE,FALSE,NA
107254,FALSE,FALSE,FALSE,NA
645317,FALSE,TRUE,TRUE,NA
153810,TRUE,TRUE,FALSE,NA
868023,FALSE,FALSE,TRUE,NA
463578,FALSE,TRUE,FALSE,NA
340861,FALSE,FALSE,FALSE,NA
929338,FALSE,TRUE,TRUE,NA
91277,FALSE,FALSE,TRUE,NA
501631,TRUE,TRUE,FALSE,NA
92210,FALSE,TRUE,TRUE,NA
109767,TRUE,FALSE,TRUE,NA
306467,FALSE,FALSE,FALSE,NA
192640,FALSE,TRUE,TRUE,NA
462467,FALSE,TRUE,FALSE,NA
458691,FALSE,FALSE,FALSE,NA
312451,FALSE,FALSE,FALSE,NA
815093,FALSE,FALSE,TRUE,NA
724411,FALSE,FALSE,TRUE,NA
637101,FALSE,TRUE,FALSE,NA
308474,FALSE,FALSE,TRUE,NA
179605,TRUE,TRUE,FALSE,NA
66193,FALSE,FALSE,TRUE,NA
134640,FALSE,TRUE,FALSE,NA
67109,FALSE,FALSE,FALSE,NA
30027,TRUE,FALSE,TRUE,NA
838493,FALSE,FALSE,TRUE,NA
340984,TRUE,TRUE,TRUE,NA
799467,FALSE,FALSE,FALSE,NA
527288,FALSE,TRUE,FALSE,NA
133645,FALSE,TRUE,FALSE,NA
369114,FALSE,TRUE,TRUE,NA
745708,TRUE,FALSE,TRUE,NA
462220,FALSE,FALSE,FALSE,NA
645744,TRUE,FALSE,TRUE,NA
468001,FALSE,FALSE,TRUE,NA
840164,FALSE,TRUE,FALSE,NA
382995,FALSE,FALSE,TRUE,NA
106138,FALSE,FALSE,FALSE,NA
341515,TRUE,FALSE,TRUE,NA
298370,FALSE,FALSE,TRUE,NA
650948,FALSE,FALSE,FALSE,NA
699498,FALSE,FALSE,TRUE,NA
188003,FALSE,FALSE,FALSE,NA
714544,FALSE,TRUE,FALSE,NA
562161,TRUE,TRUE,TRUE,NA
5065,FALSE,TRUE,FALSE,NA
643081,TRUE,TRUE,FALSE,NA
442056,FALSE,FALSE,TRUE,NA
197537,FALSE,FALSE,FALSE,NA
663673,FALSE,TRUE,TRUE,NA
870014,TRUE,FALSE,FALSE,NA
957364,FALSE,FALSE,TRUE,NA
595811,FALSE,TRUE,TRUE,NA
620662,TRUE,TRUE,FALSE,NA
163937,FALSE,TRUE,TRUE,NA
96959,TRUE,FALSE,FALSE,NA
148202,FALSE,FALSE,TRUE,NA
562858,TRUE,TRUE,FALSE,NA
404077,FALSE,FALSE,FALSE,NA
427383,TRUE,FALSE,FALSE,NA
875154,FALSE,FALSE,TRUE,NA
376368,TRUE,TRUE,FALSE,NA
461097,FALSE,FALSE,FALSE,NA
101027,FALSE,TRUE,FALSE,NA
859798,TRUE,TRUE,FALSE,NA
589941,FALSE,FALSE,FALSE,NA
391677,FALSE,FALSE,FALSE,NA
364084,FALSE,TRUE,FALSE,NA
898454,FALSE,TRUE,FALSE,NA
572024,FALSE,FALSE,FALSE,NA
170343,TRUE,FALSE,FALSE,NA
269653,FALSE,FALSE,TRUE,NA
400897,FALSE,FALSE,FALSE,NA
845567,TRUE,FALSE,TRUE,NA
155971,FALSE,TRUE,TRUE,NA
597190,FALSE,FALSE,TRUE,NA
895506,FALSE,FALSE,FALSE,NA
598734,FALSE,FALSE,TRUE,NA
427110,FALSE,FALSE,FALSE,NA
865062,FALSE,TRUE,TRUE,NA
587869,FALSE,FALSE,TRUE,NA
26753,FALSE,TRUE,TRUE,NA
837901,FALSE,FALSE,TRUE,NA
636202,FALSE,TRUE,TRUE,NA
384132,TRUE,FALSE,FALSE,NA
471643,FALSE,FALSE,FALSE,NA
959373,FALSE,TRUE,FALSE,NA
545669,TRUE,FALSE,TRUE,NA
251575,FALSE,FALSE,FALSE,NA
581287,FALSE,FALSE,TRUE,NA
909122,FALSE,FALSE,FALSE,NA
185066,FALSE,FALSE,TRUE,NA
121864,FALSE,FALSE,TRUE,NA
154593,FALSE,FALSE,TRUE,NA
306366,FALSE,TRUE,FALSE,NA
422725,FALSE,FALSE,FALSE,NA
467915,FALSE,TRUE,FALSE,NA
739322,FALSE,TRUE,FALSE,NA
214520,FALSE,FALSE,FALSE,NA
660058,FALSE,FALSE,FALSE,NA
402040,FALSE,TRUE,TRUE,NA
544495,FALSE,FALSE,FALSE,NA
128491,FALSE,TRUE,FALSE,NA
701629,FALSE,FALSE,FALSE,NA
94031,FALSE,FALSE,FALSE,NA
380526,FALSE,FALSE,TRUE,NA
473851,TRUE,TRUE,TRUE,NA
570968,FALSE,FALSE,TRUE,NA
502903,FALSE,FALSE,FALSE,NA
925267,TRUE,FALSE,TRUE,NA
314531,FALSE,FALSE,TRUE,NA
23831,FALSE,TRUE,FALSE,NA
519893,TRUE,FALSE,FALSE,NA
337867,FALSE,FALSE,TRUE,NA
764694,FALSE,TRUE,TRUE,NA
862966,FALSE,FALSE,FALSE,NA
462645,FALSE,FALSE,FALSE,NA
877594,FALSE,TRUE,FALSE,NA
328116,FALSE,FALSE,TRUE,NA
499000,FALSE,FALSE,FALSE,NA
543151,FALSE,FALSE,TRUE,NA
600088,TRUE,FALSE,FALSE,NA
691185,FALSE,FALSE,FALSE,NA
641517,FALSE,FALSE,FALSE,NA
26546,FALSE,FALSE,TRUE,NA
365248,FALSE,FALSE,FALSE,NA
997892,TRUE,FALSE,TRUE,NA
447814,FALSE,FALSE,TRUE,NA
209550,FALSE,FALSE,FALSE,NA
595120,FALSE,TRUE,FALSE,NA
556773,FALSE,TRUE,FALSE,NA
468042,FALSE,TRUE,TRUE,NA
254888,FALSE,FALSE,FALSE,NA
453712,FALSE,FALSE,FALSE,NA
82466,TRUE,FALSE,FALSE,NA
267759,TRUE,FALSE,TRUE,NA
336247,FALSE,TRUE,TRUE,NA
538686,FALSE,FALSE,FALSE,NA
235108,FALSE,TRUE,TRUE,NA
774968,FALSE,FALSE,TRUE,NA
323218,FALSE,FALSE,TRUE,NA
30166,FALSE,FALSE,TRUE,NA
970584,FALSE,FALSE,FALSE,NA
445880,TRUE,FALSE,TRUE,NA
545558,FALSE,FALSE,FALSE,NA
232629,FALSE,FALSE,TRUE,NA
618791,FALSE,FALSE,FALSE,NA
572757,FALSE,FALSE,FALSE,NA
33954,FALSE,FALSE,TRUE,NA
9446,TRUE,FALSE,TRUE,NA
130322,FALSE,TRUE,FALSE,NA
202851,TRUE,FALSE,FALSE,NA
929755,FALSE,TRUE,TRUE,NA
304943,FALSE,TRUE,TRUE,NA
958349,FALSE,FALSE,FALSE,NA
319795,FALSE,FALSE,TRUE,NA
598518,FALSE,FALSE,TRUE,NA
178971,FALSE,FALSE,TRUE,NA
866230,TRUE,TRUE,TRUE,NA
312191,FALSE,TRUE,TRUE,NA
996277,FALSE,FALSE,FALSE,NA
170174,FALSE,TRUE,FALSE,NA
474657,TRUE,FALSE,FALSE,NA
55493,FALSE,FALSE,FALSE,NA
754409,FALSE,FALSE,FALSE,NA
943341,FALSE,FALSE,FALSE,NA
626458,FALSE,FALSE,TRUE,NA
535106,FALSE,FALSE,FALSE,NA
635752,FALSE,TRUE,TRUE,NA
680091,FALSE,FALSE,TRUE,NA
223812,TRUE,TRUE,FALSE,NA
351209,FALSE,TRUE,FALSE,NA
352247,FALSE,FALSE,TRUE,NA
288812,FALSE,FALSE,TRUE,NA
955583,FALSE,FALSE,TRUE,NA
392511,FALSE,TRUE,FALSE,NA
284499,FALSE,TRUE,FALSE,NA
966229,FALSE,TRUE,TRUE,NA
989403,FALSE,FALSE,TRUE,NA
586134,FALSE,FALSE,TRUE,NA
620167,FALSE,TRUE,TRUE,NA
545198,FALSE,FALSE,FALSE,NA
536979,FALSE,TRUE,FALSE,NA
614400,FALSE,FALSE,FALSE,NA
985912,FALSE,TRUE,FALSE,NA
605187,FALSE,FALSE,TRUE,NA
183219,FALSE,TRUE,TRUE,NA
166844,FALSE,FALSE,FALSE,NA
50325,FALSE,FALSE,FALSE,NA
833542,FALSE,FALSE,TRUE,NA
314360,FALSE,FALSE,FALSE,NA
198029,FALSE,FALSE,TRUE,NA
967630,FALSE,FALSE,FALSE,NA
561595,FALSE,FALSE,FALSE,NA
625426,FALSE,FALSE,FALSE,NA
199594,FALSE,TRUE,FALSE,NA
557338,FALSE,FALSE,TRUE,NA
346083,FALSE,FALSE,TRUE,NA
667839,TRUE,FALSE,FALSE,NA
349730,FALSE,FALSE,TRUE,NA
814764,FALSE,TRUE,FALSE,NA
923652,FALSE,FALSE,FALSE,NA
908003,FALSE,FALSE,FALSE,NA
97550,FALSE,FALSE,FALSE,NA
944663,FALSE,FALSE,FALSE,NA
337826,FALSE,FALSE,TRUE,NA
320231,FALSE,TRUE,FALSE,NA
574721,TRUE,FALSE,FALSE,NA
755860,FALSE,FALSE,FALSE,NA
341981,TRUE,FALSE,TRUE,NA
137902,FALSE,FALSE,FALSE,NA
93468,FALSE,FALSE,TRUE,NA
573398,TRUE,TRUE,TRUE,NA
867546,FALSE,FALSE,FALSE,NA
180069,FALSE,FALSE,FALSE,NA
540913,FALSE,TRUE,FALSE,NA
806793,TRUE,FALSE,FALSE,NA
475568,FALSE,FALSE,FALSE,NA
375143,FALSE,FALSE,FALSE,NA
970061,FALSE,FALSE,FALSE,NA
335378,FALSE,FALSE,FALSE,NA
409913,FALSE,FALSE,FALSE,NA
236703,FALSE,FALSE,FALSE,NA
316552,FALSE,TRUE,FALSE,NA
83096,FALSE,FALSE,TRUE,NA
553607,FALSE,FALSE,FALSE,NA
287527,FALSE,FALSE,TRUE,NA
397272,FALSE,FALSE,FALSE,NA
15240,FALSE,TRUE,FALSE,NA
421321,FALSE,TRUE,TRUE,NA
148067,FALSE,FALSE,FALSE,NA
427727,FALSE,TRUE,FALSE,NA
305702,FALSE,TRUE,FALSE,NA
210048,FALSE,TRUE,FALSE,NA
175984,FALSE,FALSE,TRUE,NA
59494,TRUE,FALSE,FALSE,NA
219031,FALSE,FALSE,FALSE,NA
846974,FALSE,TRUE,FALSE,NA
979481,FALSE,FALSE,FALSE,NA
852385,FALSE,TRUE,TRUE,NA
31770,FALSE,TRUE,FALSE,NA
785418,FALSE,FALSE,FALSE,NA
301445,FALSE,FALSE,TRUE,NA
658526,FALSE,FALSE,FALSE,NA
193233,TRUE,TRUE,FALSE,NA
700353,FALSE,FALSE,FALSE,NA
531170,FALSE,TRUE,TRUE,NA
143139,FALSE,TRUE,FALSE,NA
362050,FALSE,FALSE,FALSE,NA
393574,FALSE,FALSE,FALSE,NA
277264,FALSE,TRUE,FALSE,NA
908381,FALSE,FALSE,FALSE,NA
110762,FALSE,FALSE,FALSE,NA
852600,FALSE,TRUE,FALSE,NA
378210,FALSE,FALSE,TRUE,NA
537171,FALSE,FALSE,TRUE,NA
586700,FALSE,FALSE,TRUE,NA
943520,FALSE,TRUE,FALSE,NA
897945,FALSE,TRUE,TRUE,NA
247140,FALSE,FALSE,FALSE,NA
137259,FALSE,TRUE,TRUE,NA
912698,FALSE,FALSE,FALSE,NA
769913,FALSE,FALSE,FALSE,NA
901103,TRUE,FALSE,FALSE,NA
125938,TRUE,FALSE,TRUE,NA
324077,FALSE,FALSE,FALSE,NA
182745,FALSE,FALSE,FALSE,NA
115707,FALSE,FALSE,FALSE,NA
488995,FALSE,FALSE,TRUE,NA
330603,FALSE,FALSE,FALSE,NA
844279,FALSE,FALSE,TRUE,NA
990388,FALSE,FALSE,FALSE,NA
996456,FALSE,FALSE,TRUE,NA
500350,FALSE,FALSE,FALSE,NA
742221,FALSE,TRUE,TRUE,NA
390327,FALSE,FALSE,FALSE,NA
378333,TRUE,FALSE,FALSE,NA
176209,FALSE,FALSE,FALSE,NA
993031,FALSE,FALSE,FALSE,NA
479417,FALSE,FALSE,FALSE,NA
416320,FALSE,TRUE,FALSE,NA
650818,FALSE,FALSE,FALSE,NA
324037,TRUE,FALSE,TRUE,NA
276082,FALSE,TRUE,TRUE,NA
440893,FALSE,FALSE,FALSE,NA
230832,FALSE,FALSE,FALSE,NA
908779,TRUE,FALSE,FALSE,NA
715296,FALSE,TRUE,FALSE,NA
61366,FALSE,TRUE,TRUE,NA
654642,TRUE,TRUE,FALSE,NA
172549,FALSE,TRUE,FALSE,NA
881753,FALSE,FALSE,TRUE,NA
321615,FALSE,FALSE,FALSE,NA
724194,FALSE,TRUE,TRUE,NA
889382,FALSE,TRUE,TRUE,NA
174559,TRUE,FALSE,TRUE,NA
519834,FALSE,FALSE,FALSE,NA
933438,FALSE,FALSE,FALSE,NA
569870,TRUE,TRUE,TRUE,NA
823412,FALSE,TRUE,FALSE,NA
208756,FALSE,FALSE,TRUE,NA
807463,FALSE,FALSE,FALSE,NA
187567,TRUE,FALSE,FALSE,NA
818726,FALSE,FALSE,FALSE,NA
481425,FALSE,TRUE,FALSE,NA
533152,FALSE,FALSE,TRUE,NA
687300,TRUE,FALSE,TRUE,NA
172547,TRUE,FALSE,FALSE,NA
883099,FALSE,TRUE,TRUE,NA
734043,FALSE,TRUE,TRUE,NA
515947,FALSE,FALSE,FALSE,NA
88051,FALSE,FALSE,TRUE,NA
612858,FALSE,FALSE,FALSE,NA
464935,FALSE,FALSE,TRUE,NA
531079,FALSE,FALSE,FALSE,NA
781635,FALSE,FALSE,FALSE,NA
288685,FALSE,FALSE,FALSE,NA
397482,FALSE,FALSE,FALSE,NA
152444,FALSE,FALSE,FALSE,NA
537019,FALSE,FALSE,TRUE,NA
793095,FALSE,TRUE,FALSE,NA
579272,FALSE,FALSE,TRUE,NA
928645,FALSE,FALSE,FALSE,NA
410719,FALSE,FALSE,FALSE,NA
264987,FALSE,TRUE,FALSE,NA
58628,FALSE,FALSE,TRUE,NA
354320,TRUE,FALSE,TRUE,NA
299555,FALSE,FALSE,FALSE,NA
834805,FALSE,TRUE,FALSE,NA
830583,FALSE,FALSE,FALSE,NA
323905,FALSE,FALSE,TRUE,NA
586982,FALSE,TRUE,FALSE,NA
446699,FALSE,FALSE,FALSE,NA
190416,FALSE,FALSE,FALSE,NA
41549,FALSE,TRUE,FALSE,NA
848087,TRUE,TRUE,FALSE,NA
350200,FALSE,FALSE,FALSE,NA
395671,TRUE,FALSE,FALSE,NA
741078,FALSE,FALSE,TRUE,NA
952398,FALSE,FALSE,FALSE,NA
989481,FALSE,FALSE,FALSE,NA
679479,TRUE,FALSE,FALSE,NA
851883,FALSE,TRUE,TRUE,NA
735721,FALSE,TRUE,FALSE,NA
846327,FALSE,FALSE,TRUE,NA
15307,FALSE,TRUE,TRUE,NA
865274,FALSE,FALSE,TRUE,NA
947402,TRUE,TRUE,FALSE,NA
436092,FALSE,FALSE,FALSE,NA
890535,TRUE,FALSE,FALSE,NA
267688,FALSE,FALSE,FALSE,NA
131875,FALSE,FALSE,FALSE,NA
763469,FALSE,FALSE,FALSE,NA
183451,FALSE,TRUE,FALSE,NA
73409,FALSE,FALSE,FALSE,NA
490374,TRUE,TRUE,TRUE,NA
86452,FALSE,FALSE,FALSE,NA
859546,TRUE,FALSE,TRUE,NA
933061,FALSE,FALSE,FALSE,NA
412259,FALSE,FALSE,FALSE,NA
988863,FALSE,FALSE,TRUE,NA
22880,FALSE,FALSE,FALSE,NA
179268,FALSE,FALSE,FALSE,NA
267438,FALSE,TRUE,FALSE,NA
60803,FALSE,FALSE,FALSE,NA
351416,FALSE,FALSE,FALSE,NA
378316,FALSE,FALSE,TRUE,NA
184577,FALSE,TRUE,FALSE,NA
57371,FALSE,TRUE,TRUE,NA
88972,FALSE,FALSE,FALSE,NA
69835,FALSE,TRUE,FALSE,NA
147823,FALSE,TRUE,FALSE,NA
493568,FALSE,TRUE,FALSE,NA
98247,FALSE,FALSE,FALSE,NA
19387,FALSE,FALSE,TRUE,NA
671717,FALSE,TRUE,FALSE,NA
261873,FALSE,FALSE,FALSE,NA
821287,FALSE,TRUE,TRUE,NA
194247,FALSE,FALSE,TRUE,NA
140663,FALSE,TRUE,FALSE,NA
75210,FALSE,FALSE,TRUE,NA
851619,FALSE,FALSE,FALSE,NA
545812,FALSE,TRUE,FALSE,NA
194423,FALSE,TRUE,FALSE,NA
520974,FALSE,FALSE,FALSE,NA
902247,FALSE,FALSE,FALSE,NA
33274,FALSE,FALSE,FALSE,NA
671690,TRUE,TRUE,FALSE,NA
931107,FALSE,FALSE,FALSE,NA
331845,TRUE,FALSE,TRUE,NA
406197,FALSE,FALSE,FALSE,NA
806200,FALSE,FALSE,FALSE,NA
179331,FALSE,FALSE,FALSE,NA
30772,FALSE,FALSE,FALSE,NA
60190,FALSE,TRUE,TRUE,NA
257932,TRUE,TRUE,FALSE,NA
234316,FALSE,FALSE,TRUE,NA
374923,FALSE,FALSE,FALSE,NA
812982,TRUE,FALSE,FALSE,NA
88366,FALSE,FALSE,FALSE,NA
337143,FALSE,TRUE,FALSE,NA
331468,FALSE,FALSE,TRUE,NA
66013,FALSE,FALSE,TRUE,NA
584225,FALSE,TRUE,FALSE,NA
734513,FALSE,TRUE,FALSE,NA
561350,FALSE,FALSE,FALSE,NA
332603,FALSE,TRUE,FALSE,NA
84480,FALSE,FALSE,FALSE,NA
313864,FALSE,TRUE,FALSE,NA
578545,FALSE,FALSE,TRUE,NA
228110,FALSE,FALSE,FALSE,NA
361450,TRUE,FALSE,FALSE,NA
958814,FALSE,FALSE,FALSE,NA
687860,FALSE,FALSE,FALSE,NA
548557,FALSE,FALSE,FALSE,NA
815241,FALSE,TRUE,FALSE,NA
117532,FALSE,TRUE,FALSE,NA
100018,FALSE,FALSE,FALSE,NA
480567,FALSE,TRUE,TRUE,NA
56636,TRUE,TRUE,FALSE,NA
386408,FALSE,FALSE,FALSE,NA
326205,FALSE,TRUE,FALSE,NA
782238,FALSE,FALSE,TRUE,NA
833269,FALSE,FALSE,FALSE,NA
957933,FALSE,FALSE,TRUE,NA
828342,FALSE,FALSE,TRUE,NA
122039,FALSE,FALSE,FALSE,NA
968662,FALSE,FALSE,TRUE,NA
500908,FALSE,FALSE,FALSE,NA
408200,FALSE,FALSE,TRUE,NA
695872,FALSE,FALSE,FALSE,NA
377898,FALSE,FALSE,FALSE,NA
95654,FALSE,FALSE,TRUE,NA
548709,FALSE,FALSE,FALSE,NA
876913,FALSE,FALSE,TRUE,NA
988156,FALSE,TRUE,TRUE,NA
357874,TRUE,TRUE,TRUE,NA
430887,FALSE,TRUE,FALSE,NA
87223,FALSE,FALSE,TRUE,NA
964460,FALSE,FALSE,FALSE,NA
888872,FALSE,FALSE,FALSE,NA
390350,FALSE,FALSE,TRUE,NA
409016,FALSE,TRUE,FALSE,NA
82033,FALSE,FALSE,TRUE,NA
896221,FALSE,TRUE,TRUE,NA
186050,FALSE,TRUE,FALSE,NA
584471,FALSE,FALSE,FALSE,NA
581879,FALSE,TRUE,FALSE,NA
541570,FALSE,TRUE,TRUE,NA
967613,FALSE,TRUE,FALSE,NA
828220,FALSE,FALSE,TRUE,NA
53154,FALSE,FALSE,FALSE,NA
470948,FALSE,TRUE,TRUE,NA
168673,FALSE,FALSE,TRUE,NA
956474,FALSE,FALSE,FALSE,NA
215556,TRUE,TRUE,FALSE,NA
228793,TRUE,TRUE,FALSE,NA
695204,FALSE,FALSE,FALSE,NA
706157,FALSE,FALSE,FALSE,NA
808732,FALSE,TRUE,FALSE,NA
729766,FALSE,TRUE,TRUE,NA
526359,FALSE,FALSE,FALSE,NA
687335,FALSE,TRUE,FALSE,NA
902415,FALSE,TRUE,FALSE,NA
621697,FALSE,FALSE,FALSE,NA
854526,FALSE,FALSE,TRUE,NA
199886,TRUE,FALSE,FALSE,NA
574440,FALSE,FALSE,FALSE,NA
407133,FALSE,TRUE,TRUE,NA
25645,FALSE,TRUE,FALSE,NA
161037,TRUE,FALSE,FALSE,NA
204630,FALSE,TRUE,TRUE,NA
946038,FALSE,TRUE,FALSE,NA
616709,TRUE,FALSE,FALSE,NA
629957,TRUE,TRUE,TRUE,NA
31642,FALSE,FALSE,TRUE,NA
571811,FALSE,FALSE,TRUE,NA
289685,FALSE,FALSE,TRUE,NA
799304,FALSE,FALSE,TRUE,NA
808249,TRUE,FALSE,FALSE,NA
797517,TRUE,FALSE,TRUE,NA
495677,FALSE,TRUE,TRUE,NA
795395,FALSE,FALSE,TRUE,NA
11883,FALSE,FALSE,FALSE,NA
939072,FALSE,FALSE,FALSE,NA
942811,TRUE,FALSE,TRUE,NA
359564,FALSE,FALSE,FALSE,NA
48974,FALSE,FALSE,FALSE,NA
148781,TRUE,FALSE,FALSE,NA
517718,FALSE,FALSE,FALSE,NA
2919,FALSE,FALSE,FALSE,NA
828269,FALSE,FALSE,FALSE,NA
583837,FALSE,TRUE,TRUE,NA
155831,FALSE,FALSE,FALSE,NA
214699,TRUE,TRUE,TRUE,NA
650131,TRUE,FALSE,TRUE,NA
407375,FALSE,FALSE,FALSE,NA
541814,FALSE,FALSE,FALSE,NA
640412,FALSE,TRUE,FALSE,NA
569802,FALSE,TRUE,FALSE,NA
817348,FALSE,TRUE,TRUE,NA
231011,FALSE,FALSE,FALSE,NA
35751,TRUE,TRUE,FALSE,NA
790311,TRUE,FALSE,FALSE,NA
84213,FALSE,TRUE,TRUE,NA
34273,FALSE,FALSE,TRUE,NA
338970,TRUE,FALSE,FALSE,NA
586300,FALSE,FALSE,FALSE,NA
48503,FALSE,FALSE,FALSE,NA
802357,FALSE,FALSE,TRUE,NA
852056,FALSE,TRUE,FALSE,NA
521890,FALSE,FALSE,TRUE,NA
778137,FALSE,FALSE,TRUE,NA
580288,FALSE,FALSE,TRUE,NA
615715,TRUE,FALSE,TRUE,NA
430952,FALSE,TRUE,TRUE,NA
688664,FALSE,FALSE,FALSE,NA
659282,FALSE,TRUE,TRUE,NA
121432,FALSE,FALSE,TRUE,NA
605662,FALSE,FALSE,FALSE,NA
963026,FALSE,FALSE,FALSE,NA
329221,TRUE,FALSE,FALSE,NA
692428,FALSE,FALSE,FALSE,NA
673569,FALSE,TRUE,FALSE,NA
274935,FALSE,TRUE,TRUE,NA
141992,FALSE,TRUE,TRUE,NA
885143,FALSE,FALSE,FALSE,NA
912997,FALSE,FALSE,FALSE,NA
866542,FALSE,FALSE,FALSE,NA
608522,FALSE,FALSE,TRUE,NA
209595,TRUE,TRUE,TRUE,NA
18670,FALSE,FALSE,FALSE,NA
264473,TRUE,TRUE,TRUE,NA
373258,FALSE,TRUE,FALSE,NA
364916,FALSE,FALSE,FALSE,NA
727044,TRUE,TRUE,TRUE,NA
13304,FALSE,TRUE,TRUE,NA
394138,FALSE,TRUE,FALSE,NA
187093,FALSE,FALSE,FALSE,NA
586032,FALSE,TRUE,FALSE,NA
271395,TRUE,FALSE,TRUE,NA
52979,FALSE,TRUE,FALSE,NA
901473,TRUE,TRUE,FALSE,NA
422450,FALSE,TRUE,FALSE,NA
259183,FALSE,TRUE,FALSE,NA
705347,FALSE,FALSE,TRUE,NA
501893,TRUE,FALSE,TRUE,NA
641143,FALSE,FALSE,FALSE,NA
589994,FALSE,TRUE,FALSE,NA
386691,FALSE,TRUE,FALSE,NA
538424,FALSE,FALSE,FALSE,NA
393096,FALSE,TRUE,FALSE,NA
311241,FALSE,FALSE,FALSE,NA
180140,FALSE,FALSE,TRUE,NA
922333,FALSE,FALSE,TRUE,NA
640992,TRUE,TRUE,FALSE,NA
298208,FALSE,TRUE,FALSE,NA
900874,FALSE,FALSE,FALSE,NA
223388,FALSE,TRUE,TRUE,NA
262941,FALSE,TRUE,TRUE,NA
925986,FALSE,FALSE,FALSE,NA
137291,FALSE,TRUE,FALSE,NA
265460,FALSE,TRUE,TRUE,NA
794192,TRUE,TRUE,FALSE,NA
161299,FALSE,FALSE,TRUE,NA
3859,FALSE,FALSE,FALSE,NA
407408,TRUE,FALSE,FALSE,NA
265114,FALSE,FALSE,TRUE,NA
527847,FALSE,TRUE,TRUE,NA
672046,FALSE,FALSE,FALSE,NA
960465,FALSE,FALSE,FALSE,NA
723807,FALSE,FALSE,TRUE,NA
641234,FALSE,TRUE,TRUE,NA
861571,TRUE,FALSE,FALSE,NA
208618,TRUE,FALSE,FALSE,NA
409048,FALSE,FALSE,FALSE,NA
980945,FALSE,FALSE,TRUE,NA
570093,FALSE,FALSE,FALSE,NA
963332,FALSE,FALSE,TRUE,NA
702951,FALSE,FALSE,FALSE,NA
266487,FALSE,TRUE,TRUE,NA
531968,FALSE,FALSE,FALSE,NA
268830,TRUE,FALSE,FALSE,NA
752115,FALSE,FALSE,FALSE,NA
343589,FALSE,FALSE,FALSE,NA
819505,FALSE,FALSE,TRUE,NA
90055,FALSE,TRUE,FALSE,NA
109085,FALSE,FALSE,FALSE,NA
295427,FALSE,FALSE,TRUE,NA
966493,FALSE,FALSE,FALSE,NA
173936,FALSE,FALSE,FALSE,NA
360539,FALSE,FALSE,FALSE,NA
808450,FALSE,FALSE,FALSE,NA
952929,FALSE,FALSE,TRUE,NA
620635,FALSE,FALSE,TRUE,NA
77280,FALSE,FALSE,TRUE,NA
466294,FALSE,FALSE,FALSE,NA
198210,FALSE,FALSE,TRUE,NA
205322,FALSE,TRUE,FALSE,NA
215755,FALSE,FALSE,FALSE,NA
774562,FALSE,FALSE,TRUE,NA
894690,FALSE,TRUE,TRUE,NA
61508,FALSE,FALSE,FALSE,NA
657060,FALSE,TRUE,FALSE,NA
928615,TRUE,FALSE,TRUE,NA
647975,TRUE,FALSE,TRUE,NA
616556,FALSE,FALSE,FALSE,NA
68802,FALSE,FALSE,FALSE,NA
871350,FALSE,FALSE,FALSE,NA
332347,FALSE,FALSE,TRUE,NA
445946,FALSE,FALSE,FALSE,NA
674242,TRUE,TRUE,TRUE,NA
487305,FALSE,FALSE,TRUE,NA
39115,FALSE,FALSE,FALSE,NA
248714,TRUE,FALSE,TRUE,NA
389973,FALSE,FALSE,TRUE,NA
403705,FALSE,FALSE,FALSE,NA
135805,FALSE,TRUE,FALSE,NA
775140,FALSE,TRUE,FALSE,NA
417081,FALSE,FALSE,FALSE,NA
398119,FALSE,FALSE,TRUE,NA
276777,FALSE,FALSE,FALSE,NA
171838,FALSE,FALSE,TRUE,NA
235844,FALSE,FALSE,FALSE,NA
148429,FALSE,TRUE,FALSE,NA
110592,FALSE,TRUE,TRUE,NA
579810,FALSE,FALSE,TRUE,NA
772339,TRUE,FALSE,TRUE,NA
299264,FALSE,FALSE,FALSE,NA
348107,TRUE,FALSE,FALSE,NA
122226,FALSE,FALSE,TRUE,NA
567702,FALSE,FALSE,TRUE,NA
968506,FALSE,FALSE,TRUE,NA
688058,FALSE,TRUE,FALSE,NA
845398,FALSE,FALSE,FALSE,NA
847191,FALSE,FALSE,FALSE,NA
200842,TRUE,FALSE,FALSE,NA
358954,FALSE,FALSE,TRUE,NA
942084,FALSE,FALSE,FALSE,NA
109681,FALSE,FALSE,TRUE,NA
915430,FALSE,FALSE,TRUE,NA
656068,FALSE,FALSE,FALSE,NA
343501,FALSE,FALSE,TRUE,NA
964265,FALSE,FALSE,FALSE,NA
792879,FALSE,FALSE,FALSE,NA
264173,TRUE,TRUE,TRUE,NA
177793,FALSE,FALSE,FALSE,NA
339333,FALSE,TRUE,FALSE,NA
874176,FALSE,FALSE,FALSE,NA
348498,FALSE,FALSE,TRUE,NA
29815,FALSE,FALSE,FALSE,NA
658568,FALSE,FALSE,FALSE,NA
223155,TRUE,FALSE,FALSE,NA
343127,FALSE,FALSE,TRUE,NA
17577,FALSE,TRUE,FALSE,NA
322216,FALSE,FALSE,FALSE,NA
140982,TRUE,FALSE,FALSE,NA
213672,FALSE,TRUE,FALSE,NA
394888,FALSE,FALSE,TRUE,NA
552869,TRUE,FALSE,FALSE,NA
96329,FALSE,TRUE,TRUE,NA
265024,TRUE,FALSE,TRUE,NA
256705,FALSE,FALSE,FALSE,NA
518326,FALSE,FALSE,FALSE,NA
528468,FALSE,TRUE,TRUE,NA
770671,FALSE,TRUE,FALSE,NA
835459,FALSE,FALSE,TRUE,NA
20031,FALSE,FALSE,FALSE,NA
858271,FALSE,TRUE,FALSE,NA
571060,FALSE,FALSE,FALSE,NA
296806,TRUE,FALSE,FALSE,NA
493094,FALSE,FALSE,FALSE,NA
206775,FALSE,FALSE,TRUE,NA
756889,FALSE,FALSE,FALSE,NA
870430,FALSE,TRUE,FALSE,NA
466283,FALSE,FALSE,TRUE,NA
51542,FALSE,TRUE,FALSE,NA
709509,FALSE,FALSE,FALSE,NA
654046,FALSE,FALSE,TRUE,NA
765987,FALSE,FALSE,TRUE,NA
390629,FALSE,TRUE,FALSE,NA
731849,FALSE,TRUE,FALSE,NA
336076,TRUE,TRUE,FALSE,NA
922064,FALSE,FALSE,FALSE,NA
74373,FALSE,FALSE,TRUE,NA
884719,FALSE,FALSE,FALSE,NA
174819,FALSE,TRUE,FALSE,NA
219832,FALSE,FALSE,TRUE,NA
690621,FALSE,FALSE,TRUE,NA
928965,FALSE,TRUE,TRUE,NA
971955,FALSE,FALSE,TRUE,NA
891598,FALSE,TRUE,FALSE,NA
702139,FALSE,FALSE,FALSE,NA
334664,FALSE,TRUE,TRUE,NA
270838,FALSE,TRUE,FALSE,NA
933837,TRUE,TRUE,FALSE,NA
143347,FALSE,TRUE,FALSE,NA
340262,FALSE,FALSE,FALSE,NA
131600,FALSE,FALSE,TRUE,NA
252154,FALSE,FALSE,FALSE,NA
918281,FALSE,FALSE,FALSE,NA
922472,FALSE,FALSE,FALSE,NA
725235,FALSE,FALSE,FALSE,NA
297289,FALSE,TRUE,FALSE,NA
816251,FALSE,TRUE,FALSE,NA
656698,FALSE,TRUE,FALSE,NA
988335,FALSE,FALSE,FALSE,NA
42249,FALSE,FALSE,FALSE,NA
648242,FALSE,TRUE,FALSE,NA
348418,FALSE,TRUE,FALSE,NA
317879,FALSE,FALSE,FALSE,NA
722837,TRUE,FALSE,TRUE,NA
100432,FALSE,FALSE,FALSE,NA
445642,FALSE,TRUE,FALSE,NA
302824,FALSE,FALSE,TRUE,NA
451189,FALSE,FALSE,FALSE,NA
952434,FALSE,FALSE,TRUE,NA
165498,TRUE,FALSE,TRUE,NA
945196,FALSE,FALSE,FALSE,NA
178700,TRUE,TRUE,FALSE,NA
533126,FALSE,FALSE,TRUE,NA
865218,TRUE,TRUE,FALSE,NA
434943,FALSE,FALSE,FALSE,NA
608801,FALSE,TRUE,TRUE,NA
210759,TRUE,FALSE,FALSE,NA
411005,FALSE,TRUE,FALSE,NA
944994,FALSE,TRUE,FALSE,NA
47365,FALSE,TRUE,TRUE,NA
140449,FALSE,FALSE,FALSE,NA
176268,TRUE,FALSE,TRUE,NA
782207,FALSE,FALSE,TRUE,NA
270235,TRUE,FALSE,TRUE,NA
375279,FALSE,FALSE,FALSE,NA
628016,FALSE,FALSE,FALSE,NA
415534,FALSE,FALSE,TRUE,NA
11153,FALSE,FALSE,FALSE,NA
760742,FALSE,TRUE,TRUE,NA
839702,FALSE,FALSE,FALSE,NA
145740,FALSE,FALSE,TRUE,NA
736661,FALSE,FALSE,TRUE,NA
657947,FALSE,TRUE,FALSE,NA
35642,FALSE,FALSE,FALSE,NA
275168,TRUE,TRUE,TRUE,NA
691249,FALSE,TRUE,FALSE,NA
975037,FALSE,TRUE,TRUE,NA
246092,FALSE,TRUE,FALSE,NA
456166,FALSE,FALSE,FALSE,NA
363608,FALSE,FALSE,FALSE,NA
119710,FALSE,TRUE,TRUE,NA
989729,FALSE,TRUE,TRUE,NA
150853,FALSE,FALSE,TRUE,NA
650444,FALSE,FALSE,TRUE,NA
845524,FALSE,FALSE,FALSE,NA
344796,TRUE,FALSE,FALSE,NA
389566,FALSE,FALSE,TRUE,NA
345767,FALSE,TRUE,TRUE,NA
948669,FALSE,FALSE,FALSE,NA
187929,TRUE,FALSE,FALSE,NA
469502,FALSE,FALSE,FALSE,NA
347466,TRUE,FALSE,FALSE,NA
378102,FALSE,FALSE,FALSE,NA
29383,TRUE,FALSE,FALSE,NA
497154,TRUE,TRUE,FALSE,NA
997990,TRUE,FALSE,TRUE,NA
199960,FALSE,FALSE,TRUE,NA
740112,FALSE,FALSE,FALSE,NA
889698,FALSE,TRUE,FALSE,NA
911180,FALSE,TRUE,TRUE,NA
360185,FALSE,TRUE,FALSE,NA
967749,TRUE,TRUE,FALSE,NA
14614,FALSE,TRUE,FALSE,NA
674001,FALSE,FALSE,FALSE,NA
660133,FALSE,TRUE,FALSE,NA
265556,FALSE,TRUE,FALSE,NA
229142,FALSE,FALSE,FALSE,NA
29061,FALSE,TRUE,TRUE,NA
189749,FALSE,FALSE,FALSE,NA
721817,FALSE,FALSE,FALSE,NA
113988,FALSE,FALSE,TRUE,NA
643950,FALSE,FALSE,TRUE,NA
414657,FALSE,FALSE,FALSE,NA
782199,TRUE,FALSE,FALSE,NA
987662,FALSE,FALSE,TRUE,NA
649159,FALSE,FALSE,FALSE,NA
59998,FALSE,FALSE,FALSE,NA
773189,FALSE,TRUE,TRUE,NA
300592,FALSE,FALSE,FALSE,NA
347576,TRUE,TRUE,TRUE,NA
937278,TRUE,TRUE,FALSE,NA
643100,FALSE,FALSE,FALSE,NA
8177,TRUE,FALSE,TRUE,NA
494638,FALSE,FALSE,TRUE,NA
525283,FALSE,TRUE,FALSE,NA
560129,FALSE,FALSE,TRUE,NA
793108,FALSE,FALSE,FALSE,NA
257624,FALSE,FALSE,TRUE,NA
150893,FALSE,FALSE,TRUE,NA
796023,TRUE,TRUE,FALSE,NA
80400,FALSE,FALSE,FALSE,NA
879335,FALSE,FALSE,FALSE,NA
369978,FALSE,FALSE,FALSE,NA
288736,FALSE,FALSE,TRUE,NA
133043,FALSE,FALSE,FALSE,NA
796799,FALSE,TRUE,FALSE,NA
546436,FALSE,FALSE,FALSE,NA
445070,FALSE,FALSE,TRUE,NA
53713,FALSE,TRUE,FALSE,NA
478220,TRUE,FALSE,TRUE,NA
229404,FALSE,FALSE,TRUE,NA
408693,FALSE,TRUE,FALSE,NA
313758,FALSE,TRUE,FALSE,NA
665855,FALSE,FALSE,FALSE,NA
432158,FALSE,FALSE,TRUE,NA
412084,FALSE,TRUE,FALSE,NA
668839,TRUE,TRUE,FALSE,NA
616168,FALSE,FALSE,FALSE,NA
440103,FALSE,FALSE,FALSE,NA
312214,FALSE,FALSE,FALSE,NA
419727,FALSE,FALSE,TRUE,NA
392148,TRUE,TRUE,TRUE,NA
683385,FALSE,FALSE,FALSE,NA
587458,FALSE,FALSE,FALSE,NA
408885,FALSE,FALSE,FALSE,NA
914387,FALSE,TRUE,TRUE,NA
62342,FALSE,TRUE,FALSE,NA
667880,FALSE,TRUE,FALSE,NA
320421,TRUE,TRUE,FALSE,NA
129295,FALSE,FALSE,FALSE,NA
909355,FALSE,FALSE,FALSE,NA
871171,FALSE,FALSE,FALSE,NA
808688,FALSE,FALSE,FALSE,NA
956870,FALSE,TRUE,FALSE,NA
267472,FALSE,FALSE,FALSE,NA
21124,TRUE,TRUE,FALSE,NA
821643,FALSE,FALSE,FALSE,NA
668411,TRUE,FALSE,FALSE,NA
61788,FALSE,TRUE,FALSE,NA
48908,FALSE,FALSE,FALSE,NA
160443,FALSE,FALSE,TRUE,NA
846499,FALSE,TRUE,FALSE,NA
551716,TRUE,TRUE,FALSE,NA
778848,FALSE,TRUE,FALSE,NA
328066,FALSE,FALSE,FALSE,NA
720064,TRUE,TRUE,FALSE,NA
203198,FALSE,FALSE,TRUE,NA
142086,FALSE,FALSE,FALSE,NA
695489,FALSE,FALSE,TRUE,NA
33856,FALSE,FALSE,TRUE,NA
962318,FALSE,FALSE,FALSE,NA
684084,TRUE,FALSE,TRUE,NA
326916,FALSE,TRUE,TRUE,NA
274092,FALSE,TRUE,FALSE,NA
570237,FALSE,FALSE,FALSE,NA
978529,FALSE,FALSE,TRUE,NA
474032,FALSE,TRUE,FALSE,NA
516244,FALSE,FALSE,TRUE,NA
696537,FALSE,FALSE,TRUE,NA
880929,FALSE,TRUE,FALSE,NA
355795,FALSE,FALSE,TRUE,NA
17334,FALSE,TRUE,FALSE,NA
27758,TRUE,TRUE,FALSE,NA
443598,FALSE,FALSE,TRUE,NA
175612,FALSE,FALSE,FALSE,NA
194417,TRUE,TRUE,TRUE,NA
962761,FALSE,TRUE,FALSE,NA
923129,FALSE,TRUE,FALSE,NA
392782,FALSE,FALSE,FALSE,NA
30796,FALSE,FALSE,FALSE,NA
341301,FALSE,FALSE,TRUE,NA
75578,FALSE,FALSE,TRUE,NA
39139,FALSE,TRUE,TRUE,NA
902190,FALSE,FALSE,FALSE,NA
662251,FALSE,FALSE,FALSE,NA
969951,FALSE,FALSE,FALSE,NA
869896,FALSE,TRUE,FALSE,NA
207430,FALSE,TRUE,TRUE,NA
338286,FALSE,TRUE,TRUE,NA
373095,FALSE,TRUE,TRUE,NA
308548,FALSE,FALSE,FALSE,NA
62111,FALSE,FALSE,TRUE,NA
39738,FALSE,FALSE,FALSE,NA
246785,FALSE,TRUE,TRUE,NA
144518,FALSE,FALSE,TRUE,NA
592208,FALSE,FALSE,TRUE,NA
117250,FALSE,FALSE,TRUE,NA
317817,FALSE,FALSE,TRUE,NA
392238,FALSE,FALSE,FALSE,NA
700040,FALSE,TRUE,FALSE,NA
57861,FALSE,FALSE,TRUE,NA
231281,FALSE,TRUE,FALSE,NA
978706,FALSE,FALSE,FALSE,NA
633638,FALSE,FALSE,FALSE,NA
901972,FALSE,TRUE,TRUE,NA
341036,FALSE,FALSE,FALSE,NA
519679,FALSE,FALSE,FALSE,NA
808251,FALSE,TRUE,FALSE,NA
831282,FALSE,TRUE,FALSE,NA
542370,FALSE,TRUE,FALSE,NA
718916,FALSE,TRUE,TRUE,NA
540263,FALSE,FALSE,FALSE,NA
710051,FALSE,FALSE,FALSE,NA
80176,FALSE,FALSE,FALSE,NA
713446,FALSE,FALSE,FALSE,NA
915853,FALSE,TRUE,FALSE,NA
658279,FALSE,TRUE,FALSE,NA
622578,TRUE,TRUE,TRUE,NA
933867,FALSE,FALSE,TRUE,NA
755760,FALSE,FALSE,FALSE,NA
931116,FALSE,FALSE,FALSE,NA
387096,FALSE,FALSE,FALSE,NA
819445,FALSE,FALSE,FALSE,NA
244597,TRUE,FALSE,TRUE,NA
807318,FALSE,FALSE,TRUE,NA
191264,FALSE,FALSE,TRUE,NA
131650,FALSE,FALSE,FALSE,NA
524553,FALSE,FALSE,FALSE,NA
970793,FALSE,FALSE,FALSE,NA
937527,FALSE,TRUE,FALSE,NA
359094,FALSE,FALSE,FALSE,NA
413070,FALSE,TRUE,FALSE,NA
927270,FALSE,FALSE,TRUE,NA
705402,FALSE,FALSE,TRUE,NA
367575,FALSE,TRUE,FALSE,NA
393599,FALSE,FALSE,FALSE,NA
128342,FALSE,FALSE,TRUE,NA
474766,FALSE,FALSE,TRUE,NA
906980,FALSE,FALSE,FALSE,NA
247984,FALSE,TRUE,TRUE,NA
918563,FALSE,FALSE,FALSE,NA
818099,FALSE,TRUE,TRUE,NA
657137,FALSE,FALSE,TRUE,NA
916596,FALSE,FALSE,FALSE,NA
207194,TRUE,TRUE,TRUE,NA
273124,FALSE,FALSE,FALSE,NA
44827,FALSE,TRUE,TRUE,NA
878112,FALSE,TRUE,FALSE,NA
622002,FALSE,FALSE,FALSE,NA
57713,FALSE,FALSE,TRUE,NA
319762,FALSE,TRUE,TRUE,NA
769113,TRUE,FALSE,TRUE,NA
748011,FALSE,FALSE,FALSE,NA
197025,FALSE,FALSE,FALSE,NA
447403,TRUE,TRUE,TRUE,NA
364685,FALSE,TRUE,TRUE,NA
85398,FALSE,FALSE,TRUE,NA
421719,FALSE,FALSE,FALSE,NA
474033,TRUE,TRUE,TRUE,NA
286331,FALSE,FALSE,FALSE,NA
390731,FALSE,TRUE,TRUE,NA
43716,FALSE,FALSE,FALSE,NA
869325,FALSE,FALSE,FALSE,NA
542588,FALSE,TRUE,FALSE,NA
337346,FALSE,TRUE,FALSE,NA
996055,TRUE,TRUE,FALSE,NA
890750,FALSE,FALSE,FALSE,NA
849413,FALSE,TRUE,FALSE,NA
731053,FALSE,TRUE,FALSE,NA
766494,FALSE,FALSE,FALSE,NA
572215,FALSE,TRUE,FALSE,NA
1794,TRUE,TRUE,FALSE,NA
716068,FALSE,FALSE,TRUE,NA
254002,FALSE,FALSE,TRUE,NA
535414,TRUE,TRUE,FALSE,NA
664144,FALSE,FALSE,FALSE,NA
854561,FALSE,TRUE,TRUE,NA
670259,FALSE,FALSE,FALSE,NA
339607,FALSE,TRUE,TRUE,NA
141972,FALSE,FALSE,TRUE,NA
593258,FALSE,TRUE,FALSE,NA
502751,FALSE,FALSE,FALSE,NA
359329,FALSE,TRUE,FALSE,NA
398173,FALSE,FALSE,FALSE,NA
724674,FALSE,FALSE,FALSE,NA
217001,FALSE,FALSE,TRUE,NA
76362,FALSE,TRUE,FALSE,NA
843784,FALSE,TRUE,FALSE,NA
459392,FALSE,FALSE,FALSE,NA
434182,FALSE,FALSE,FALSE,NA
481069,FALSE,TRUE,FALSE,NA
34448,FALSE,FALSE,FALSE,NA
22951,FALSE,TRUE,FALSE,NA
314087,FALSE,TRUE,FALSE,NA
751873,TRUE,FALSE,FALSE,NA
228836,FALSE,FALSE,TRUE,NA
931957,FALSE,TRUE,FALSE,NA
272027,FALSE,TRUE,FALSE,NA
540117,TRUE,FALSE,FALSE,NA
417736,FALSE,FALSE,FALSE,NA
514318,FALSE,TRUE,FALSE,NA
964089,FALSE,FALSE,TRUE,NA
329156,FALSE,TRUE,FALSE,NA
163428,FALSE,FALSE,FALSE,NA
175446,TRUE,FALSE,FALSE,NA
505034,FALSE,TRUE,FALSE,NA
484584,FALSE,TRUE,TRUE,NA
256190,TRUE,FALSE,FALSE,NA
731479,TRUE,FALSE,FALSE,NA
878724,TRUE,FALSE,TRUE,NA
739472,FALSE,FALSE,TRUE,NA
816575,FALSE,FALSE,FALSE,NA
539277,FALSE,TRUE,FALSE,NA
806036,TRUE,FALSE,TRUE,NA
699164,FALSE,FALSE,FALSE,NA
421287,TRUE,FALSE,FALSE,NA
635206,FALSE,FALSE,FALSE,NA
924708,FALSE,FALSE,FALSE,NA
276192,FALSE,TRUE,FALSE,NA
659601,FALSE,TRUE,FALSE,NA
705515,FALSE,TRUE,FALSE,NA
739241,TRUE,FALSE,FALSE,NA
302955,FALSE,FALSE,FALSE,NA
22128,FALSE,FALSE,TRUE,NA
20227,FALSE,FALSE,TRUE,NA
660438,FALSE,FALSE,FALSE,NA
818336,FALSE,TRUE,FALSE,NA
73008,FALSE,TRUE,FALSE,NA
560315,FALSE,TRUE,TRUE,NA
176925,FALSE,TRUE,TRUE,NA
666674,FALSE,FALSE,FALSE,NA
570867,FALSE,FALSE,FALSE,NA
634596,FALSE,TRUE,TRUE,NA
924066,FALSE,FALSE,FALSE,NA
994968,TRUE,FALSE,TRUE,NA
691062,FALSE,FALSE,FALSE,NA
434039,FALSE,FALSE,FALSE,NA
214008,FALSE,FALSE,FALSE,NA
795013,FALSE,FALSE,FALSE,NA
48834,FALSE,FALSE,TRUE,NA
132343,FALSE,TRUE,FALSE,NA
331875,FALSE,FALSE,FALSE,NA
256409,FALSE,TRUE,TRUE,NA
263117,TRUE,FALSE,FALSE,NA
281825,TRUE,FALSE,TRUE,NA
893369,FALSE,FALSE,TRUE,NA
626013,FALSE,TRUE,FALSE,NA
106207,FALSE,TRUE,TRUE,NA
427696,FALSE,FALSE,FALSE,NA
703297,TRUE,TRUE,FALSE,NA
754442,FALSE,TRUE,FALSE,NA
392282,FALSE,FALSE,FALSE,NA
857007,FALSE,FALSE,TRUE,NA
865766,FALSE,FALSE,FALSE,NA
818514,FALSE,FALSE,FALSE,NA
952493,FALSE,FALSE,FALSE,NA
406217,FALSE,FALSE,FALSE,NA
712232,FALSE,TRUE,FALSE,NA
48119,FALSE,TRUE,FALSE,NA
759593,FALSE,TRUE,TRUE,NA
158054,FALSE,FALSE,FALSE,NA
802251,FALSE,TRUE,FALSE,NA
620700,TRUE,FALSE,TRUE,NA
244609,FALSE,TRUE,FALSE,NA
135609,TRUE,TRUE,FALSE,NA
12162,FALSE,FALSE,TRUE,NA
216823,FALSE,FALSE,FALSE,NA
221585,FALSE,FALSE,TRUE,NA
158119,FALSE,FALSE,FALSE,NA
562768,TRUE,FALSE,TRUE,NA
369724,FALSE,TRUE,FALSE,NA
43350,FALSE,FALSE,TRUE,NA
596259,FALSE,FALSE,TRUE,NA
104881,FALSE,FALSE,FALSE,NA
456392,FALSE,TRUE,TRUE,NA
725380,FALSE,TRUE,FALSE,NA
728852,FALSE,TRUE,FALSE,NA
689073,FALSE,TRUE,FALSE,NA
665579,FALSE,FALSE,TRUE,NA
460943,FALSE,FALSE,FALSE,NA
113627,FALSE,FALSE,TRUE,NA
479133,FALSE,TRUE,TRUE,NA
107959,TRUE,FALSE,FALSE,NA
830614,FALSE,FALSE,FALSE,NA
955966,TRUE,TRUE,TRUE,NA
830438,FALSE,TRUE,FALSE,NA
152940,FALSE,FALSE,FALSE,NA
461188,FALSE,FALSE,FALSE,NA
741688,FALSE,TRUE,FALSE,NA
883436,FALSE,TRUE,FALSE,NA
401451,FALSE,TRUE,FALSE,NA
517801,FALSE,TRUE,TRUE,NA
897769,FALSE,FALSE,FALSE,NA
165508,FALSE,FALSE,FALSE,NA
971032,FALSE,TRUE,TRUE,NA
398742,FALSE,FALSE,FALSE,NA
615886,TRUE,FALSE,FALSE,NA
807682,FALSE,FALSE,TRUE,NA
754340,TRUE,TRUE,FALSE,NA
911910,FALSE,FALSE,TRUE,NA
679378,FALSE,FALSE,FALSE,NA
870778,FALSE,TRUE,FALSE,NA
175020,FALSE,TRUE,FALSE,NA
918532,FALSE,FALSE,FALSE,NA
306606,TRUE,TRUE,TRUE,NA
491324,FALSE,FALSE,TRUE,NA
745417,FALSE,TRUE,TRUE,NA
486380,FALSE,FALSE,FALSE,NA
273044,FALSE,FALSE,FALSE,NA
248455,FALSE,FALSE,TRUE,NA
424317,FALSE,FALSE,TRUE,NA
674042,FALSE,TRUE,FALSE,NA
96791,FALSE,TRUE,TRUE,NA
505209,FALSE,FALSE,FALSE,NA
53010,FALSE,FALSE,FALSE,NA
912184,FALSE,TRUE,FALSE,NA
338178,TRUE,FALSE,FALSE,NA
375416,FALSE,FALSE,FALSE,NA
73164,FALSE,FALSE,FALSE,NA
491799,TRUE,FALSE,FALSE,NA
458044,FALSE,TRUE,FALSE,NA
23554,FALSE,TRUE,TRUE,NA
207444,FALSE,TRUE,TRUE,NA
695151,FALSE,FALSE,TRUE,NA
449939,TRUE,FALSE,TRUE,NA
287337,FALSE,FALSE,FALSE,NA
994630,FALSE,FALSE,TRUE,NA
911644,FALSE,TRUE,FALSE,NA
473368,FALSE,TRUE,FALSE,NA
2339,FALSE,FALSE,FALSE,NA
857582,FALSE,FALSE,FALSE,NA
117011,FALSE,TRUE,FALSE,NA
604435,FALSE,FALSE,TRUE,NA
493921,TRUE,TRUE,TRUE,NA
358656,FALSE,TRUE,FALSE,NA
283048,FALSE,TRUE,TRUE,NA
856826,FALSE,FALSE,FALSE,NA
715545,FALSE,FALSE,FALSE,NA
254848,TRUE,TRUE,TRUE,NA
858963,FALSE,FALSE,TRUE,NA
637566,FALSE,TRUE,FALSE,NA
840961,FALSE,TRUE,FALSE,NA
610397,FALSE,FALSE,TRUE,NA
496655,FALSE,TRUE,TRUE,NA
496393,FALSE,TRUE,FALSE,NA
546946,FALSE,TRUE,FALSE,NA
460420,FALSE,FALSE,FALSE,NA
868011,FALSE,FALSE,FALSE,NA
21236,TRUE,TRUE,FALSE,NA
305500,FALSE,FALSE,TRUE,NA
992340,FALSE,FALSE,FALSE,NA
135093,FALSE,FALSE,TRUE,NA
296812,FALSE,FALSE,FALSE,NA
23778,TRUE,FALSE,TRUE,NA
322990,FALSE,FALSE,TRUE,NA
238850,FALSE,TRUE,FALSE,NA
745978,FALSE,FALSE,FALSE,NA
948188,FALSE,FALSE,FALSE,NA
553407,FALSE,FALSE,FALSE,NA
578633,FALSE,TRUE,TRUE,NA
625515,FALSE,TRUE,FALSE,NA
679166,FALSE,FALSE,FALSE,NA
692721,TRUE,FALSE,FALSE,NA
779065,FALSE,TRUE,FALSE,NA
226253,FALSE,FALSE,TRUE,NA
142803,FALSE,FALSE,FALSE,NA
780808,FALSE,FALSE,FALSE,NA
981527,FALSE,TRUE,TRUE,NA
795844,FALSE,TRUE,FALSE,NA
369561,TRUE,FALSE,TRUE,NA
394922,FALSE,TRUE,FALSE,NA
218975,FALSE,TRUE,TRUE,NA
345988,FALSE,TRUE,FALSE,NA
392138,FALSE,TRUE,TRUE,NA
480890,FALSE,FALSE,FALSE,NA
531124,FALSE,FALSE,FALSE,NA
50711,FALSE,FALSE,FALSE,NA
202710,FALSE,TRUE,FALSE,NA
591318,FALSE,FALSE,FALSE,NA
190932,FALSE,FALSE,TRUE,NA
122552,TRUE,TRUE,TRUE,NA
259257,FALSE,FALSE,FALSE,NA
591446,FALSE,TRUE,TRUE,NA
723928,FALSE,TRUE,FALSE,NA
570700,FALSE,FALSE,FALSE,NA
159729,FALSE,FALSE,TRUE,NA
279631,FALSE,FALSE,TRUE,NA
356317,FALSE,FALSE,TRUE,NA
606589,FALSE,TRUE,FALSE,NA
449690,FALSE,FALSE,FALSE,NA
121297,FALSE,TRUE,FALSE,NA
536024,TRUE,TRUE,FALSE,NA
503791,FALSE,FALSE,TRUE,NA
431546,FALSE,FALSE,TRUE,NA
512672,FALSE,FALSE,TRUE,NA
401134,FALSE,FALSE,TRUE,NA
490502,FALSE,FALSE,FALSE,NA
14372,FALSE,FALSE,FALSE,NA
116580,FALSE,TRUE,TRUE,NA
201378,FALSE,FALSE,FALSE,NA
327071,FALSE,TRUE,FALSE,NA
771056,FALSE,FALSE,FALSE,NA
251077,FALSE,FALSE,TRUE,NA
998033,TRUE,TRUE,TRUE,NA
574859,FALSE,TRUE,FALSE,NA
46074,FALSE,FALSE,TRUE,NA
399238,FALSE,TRUE,FALSE,NA
427309,FALSE,FALSE,FALSE,NA
6096,TRUE,FALSE,FALSE,NA
813007,FALSE,TRUE,TRUE,NA
515203,TRUE,FALSE,FALSE,NA
561495,FALSE,TRUE,TRUE,NA
607944,FALSE,FALSE,FALSE,NA
903247,FALSE,TRUE,TRUE,NA
326833,FALSE,FALSE,TRUE,NA
807658,FALSE,TRUE,FALSE,NA
326517,TRUE,FALSE,FALSE,NA
390089,FALSE,FALSE,TRUE,NA
862794,FALSE,FALSE,TRUE,NA
396869,TRUE,TRUE,TRUE,NA
292753,TRUE,TRUE,FALSE,NA
844833,FALSE,TRUE,TRUE,NA
696121,TRUE,FALSE,FALSE,NA
272948,FALSE,TRUE,TRUE,NA
184548,FALSE,TRUE,FALSE,NA
775330,FALSE,TRUE,FALSE,NA
55695,FALSE,FALSE,FALSE,NA
989007,FALSE,FALSE,TRUE,NA
175306,FALSE,TRUE,FALSE,NA
558779,FALSE,TRUE,FALSE,NA
673268,FALSE,FALSE,FALSE,NA
694173,FALSE,FALSE,TRUE,NA
757569,FALSE,FALSE,FALSE,NA
299460,FALSE,FALSE,FALSE,NA
733975,FALSE,TRUE,FALSE,NA
350869,FALSE,FALSE,TRUE,NA
39463,FALSE,FALSE,TRUE,NA
609503,FALSE,FALSE,FALSE,NA
745465,TRUE,TRUE,FALSE,NA
222173,FALSE,FALSE,TRUE,NA
199048,FALSE,TRUE,FALSE,NA
378395,FALSE,FALSE,TRUE,NA
774983,FALSE,TRUE,TRUE,NA
430681,FALSE,FALSE,FALSE,NA
650673,FALSE,FALSE,FALSE,NA
515765,FALSE,FALSE,FALSE,NA
645910,FALSE,TRUE,FALSE,NA
879136,FALSE,TRUE,FALSE,NA
31235,FALSE,FALSE,TRUE,NA
117963,TRUE,FALSE,FALSE,NA
738091,TRUE,TRUE,FALSE,NA
30834,FALSE,FALSE,TRUE,NA
808795,FALSE,FALSE,FALSE,NA
416589,TRUE,TRUE,FALSE,NA
909560,FALSE,FALSE,TRUE,NA
76657,FALSE,FALSE,FALSE,NA
264806,FALSE,FALSE,TRUE,NA
974213,FALSE,FALSE,FALSE,NA
428794,TRUE,TRUE,TRUE,NA
915981,FALSE,TRUE,FALSE,NA
897793,FALSE,TRUE,FALSE,NA
18178,FALSE,TRUE,FALSE,NA
435548,TRUE,TRUE,TRUE,NA
697456,FALSE,TRUE,FALSE,NA
947987,FALSE,FALSE,FALSE,NA
780353,FALSE,TRUE,FALSE,NA
242763,TRUE,TRUE,FALSE,NA
523966,FALSE,TRUE,FALSE,NA
689564,FALSE,FALSE,FALSE,NA
88979,TRUE,FALSE,FALSE,NA
1698,FALSE,FALSE,FALSE,NA
848756,TRUE,TRUE,TRUE,NA
51087,FALSE,FALSE,FALSE,NA
519139,FALSE,TRUE,TRUE,NA
184293,FALSE,FALSE,TRUE,NA
340823,FALSE,TRUE,FALSE,NA
915241,FALSE,FALSE,TRUE,NA
652666,FALSE,TRUE,TRUE,NA
378249,FALSE,TRUE,FALSE,NA
311210,FALSE,FALSE,FALSE,NA
285358,FALSE,FALSE,TRUE,NA
836552,FALSE,FALSE,FALSE,NA
32913,FALSE,TRUE,FALSE,NA
410508,FALSE,TRUE,TRUE,NA
309188,FALSE,FALSE,TRUE,NA
391824,FALSE,FALSE,TRUE,NA
396812,FALSE,TRUE,TRUE,NA
942859,FALSE,TRUE,FALSE,NA
19729,FALSE,TRUE,TRUE,NA
359061,FALSE,FALSE,TRUE,NA
638984,FALSE,FALSE,FALSE,NA
69942,FALSE,FALSE,TRUE,NA
137553,FALSE,FALSE,FALSE,NA
707257,FALSE,FALSE,FALSE,NA
672543,FALSE,TRUE,FALSE,NA
766498,FALSE,FALSE,TRUE,NA
725820,FALSE,FALSE,FALSE,NA
488699,FALSE,TRUE,TRUE,NA
701784,FALSE,FALSE,TRUE,NA
879339,FALSE,FALSE,TRUE,NA
900771,TRUE,FALSE,TRUE,NA
388561,FALSE,FALSE,FALSE,NA
478405,FALSE,FALSE,FALSE,NA
262772,FALSE,FALSE,TRUE,NA
61068,FALSE,FALSE,FALSE,NA
740000,FALSE,FALSE,FALSE,NA
155133,FALSE,TRUE,FALSE,NA
243752,FALSE,TRUE,FALSE,NA
857049,FALSE,FALSE,FALSE,NA
299533,FALSE,FALSE,TRUE,NA
803364,FALSE,FALSE,FALSE,NA
111464,FALSE,FALSE,TRUE,NA
268622,FALSE,FALSE,FALSE,NA
160369,FALSE,FALSE,FALSE,NA
153023,TRUE,FALSE,TRUE,NA
72495,FALSE,TRUE,TRUE,NA
458162,FALSE,TRUE,FALSE,NA
456882,FALSE,FALSE,FALSE,NA
412148,FALSE,FALSE,TRUE,NA
521856,FALSE,FALSE,TRUE,NA
782551,TRUE,FALSE,TRUE,NA
109915,FALSE,FALSE,FALSE,NA
125448,TRUE,FALSE,TRUE,NA
569703,FALSE,FALSE,TRUE,NA
390184,FALSE,FALSE,TRUE,NA
727297,TRUE,TRUE,FALSE,NA
378661,FALSE,FALSE,FALSE,NA
400541,FALSE,FALSE,FALSE,NA
555564,TRUE,FALSE,FALSE,NA
930419,FALSE,TRUE,TRUE,NA
87540,FALSE,FALSE,FALSE,NA
902626,FALSE,TRUE,FALSE,NA
613085,FALSE,FALSE,FALSE,NA
382548,FALSE,TRUE,TRUE,NA
492315,FALSE,TRUE,FALSE,NA
558153,FALSE,FALSE,FALSE,NA
449992,FALSE,TRUE,FALSE,NA
124386,FALSE,FALSE,TRUE,NA
881493,TRUE,TRUE,FALSE,NA
206769,FALSE,FALSE,TRUE,NA
572165,TRUE,FALSE,FALSE,NA
821430,FALSE,FALSE,TRUE,NA
85408,TRUE,FALSE,TRUE,NA
707928,FALSE,TRUE,FALSE,NA
304197,FALSE,FALSE,FALSE,NA
296670,FALSE,FALSE,FALSE,NA
516213,FALSE,TRUE,FALSE,NA
16558,FALSE,TRUE,TRUE,NA
226046,FALSE,FALSE,FALSE,NA
441310,FALSE,TRUE,FALSE,NA
627176,FALSE,TRUE,TRUE,NA
542880,TRUE,FALSE,FALSE,NA
330210,FALSE,FALSE,FALSE,NA
731780,FALSE,FALSE,TRUE,NA
109980,FALSE,FALSE,TRUE,NA
600976,FALSE,FALSE,TRUE,NA
557387,FALSE,TRUE,TRUE,NA
237848,FALSE,TRUE,FALSE,NA
261290,TRUE,FALSE,FALSE,NA
432457,FALSE,TRUE,FALSE,NA
224772,FALSE,TRUE,TRUE,NA
590544,FALSE,TRUE,FALSE,NA
44448,FALSE,FALSE,FALSE,NA
193601,TRUE,FALSE,FALSE,NA
493012,FALSE,FALSE,FALSE,NA
693149,FALSE,TRUE,TRUE,NA
499660,FALSE,TRUE,TRUE,NA
668854,TRUE,FALSE,TRUE,NA
646113,FALSE,FALSE,TRUE,NA
78186,FALSE,TRUE,TRUE,NA
795640,TRUE,FALSE,TRUE,NA
650256,FALSE,FALSE,TRUE,NA
716646,FALSE,FALSE,TRUE,NA
293947,FALSE,FALSE,TRUE,NA
240844,FALSE,TRUE,TRUE,NA
894538,FALSE,TRUE,TRUE,NA
374115,FALSE,FALSE,FALSE,NA
574674,FALSE,TRUE,TRUE,NA
54669,FALSE,TRUE,FALSE,NA
462834,TRUE,FALSE,FALSE,NA
660166,FALSE,FALSE,FALSE,NA
176284,FALSE,TRUE,FALSE,NA
631266,FALSE,TRUE,FALSE,NA
890640,TRUE,TRUE,TRUE,NA
679826,TRUE,TRUE,TRUE,NA
454656,FALSE,FALSE,TRUE,NA
357719,FALSE,TRUE,TRUE,NA
107220,FALSE,FALSE,FALSE,NA
840657,FALSE,FALSE,FALSE,NA
564049,FALSE,TRUE,FALSE,NA
690174,TRUE,FALSE,FALSE,NA
387330,TRUE,FALSE,TRUE,NA
170536,FALSE,TRUE,TRUE,NA
582447,FALSE,TRUE,FALSE,NA
171468,FALSE,FALSE,TRUE,NA
297736,TRUE,FALSE,TRUE,NA
567600,FALSE,FALSE,TRUE,NA
775976,FALSE,FALSE,TRUE,NA
163712,FALSE,FALSE,FALSE,NA
599539,FALSE,FALSE,FALSE,NA
813356,FALSE,TRUE,FALSE,NA
17568,FALSE,FALSE,TRUE,NA
974984,FALSE,FALSE,TRUE,NA
246079,FALSE,FALSE,FALSE,NA
119314,FALSE,FALSE,FALSE,NA
800700,FALSE,TRUE,FALSE,NA
734049,FALSE,TRUE,FALSE,NA
863597,FALSE,FALSE,TRUE,NA
785560,TRUE,TRUE,FALSE,NA
496091,FALSE,TRUE,FALSE,NA
769574,FALSE,TRUE,FALSE,NA
189108,FALSE,FALSE,FALSE,NA
717396,FALSE,FALSE,FALSE,NA
33242,FALSE,FALSE,FALSE,NA
496641,FALSE,TRUE,FALSE,NA
232099,FALSE,TRUE,FALSE,NA
353735,FALSE,FALSE,TRUE,NA
856433,FALSE,FALSE,FALSE,NA
295490,FALSE,TRUE,FALSE,NA
510447,FALSE,FALSE,TRUE,NA
521362,FALSE,FALSE,TRUE,NA
139650,FALSE,FALSE,FALSE,NA
864944,FALSE,FALSE,FALSE,NA
627878,FALSE,FALSE,FALSE,NA
933674,TRUE,FALSE,FALSE,NA
140787,TRUE,FALSE,TRUE,NA
78303,FALSE,TRUE,FALSE,NA
333353,FALSE,TRUE,TRUE,NA
958147,FALSE,TRUE,FALSE,NA
46291,FALSE,TRUE,TRUE,NA
81373,TRUE,FALSE,FALSE,NA
744492,FALSE,TRUE,FALSE,NA
734111,TRUE,FALSE,FALSE,NA
478896,FALSE,FALSE,TRUE,NA
537258,FALSE,FALSE,FALSE,NA
455907,TRUE,FALSE,FALSE,NA
376958,FALSE,FALSE,TRUE,NA
912284,FALSE,TRUE,TRUE,NA
825252,FALSE,FALSE,TRUE,NA
398471,FALSE,FALSE,TRUE,NA
196577,FALSE,FALSE,FALSE,NA
458335,FALSE,FALSE,TRUE,NA
539503,TRUE,FALSE,FALSE,NA
962894,FALSE,TRUE,FALSE,NA
182024,TRUE,FALSE,TRUE,NA
447043,FALSE,FALSE,FALSE,NA
6390,FALSE,TRUE,FALSE,NA
564002,TRUE,TRUE,FALSE,NA
287859,FALSE,FALSE,FALSE,NA
767479,FALSE,TRUE,FALSE,NA
555492,FALSE,TRUE,FALSE,NA
865785,FALSE,TRUE,FALSE,NA
962960,TRUE,TRUE,TRUE,NA
341397,FALSE,FALSE,FALSE,NA
899613,FALSE,TRUE,TRUE,NA
838270,FALSE,TRUE,TRUE,NA
527513,FALSE,FALSE,FALSE,NA
601322,FALSE,TRUE,FALSE,NA
813684,FALSE,FALSE,FALSE,NA
729942,FALSE,TRUE,FALSE,NA
925722,FALSE,FALSE,FALSE,NA
633765,FALSE,FALSE,FALSE,NA
914472,FALSE,TRUE,FALSE,NA
15936,FALSE,TRUE,TRUE,NA
324912,FALSE,FALSE,FALSE,NA
280104,FALSE,FALSE,TRUE,NA
779793,FALSE,FALSE,FALSE,NA
258362,FALSE,TRUE,FALSE,NA
446476,FALSE,FALSE,FALSE,NA
441426,FALSE,FALSE,FALSE,NA
906719,FALSE,FALSE,TRUE,NA
971623,FALSE,TRUE,TRUE,NA
654154,FALSE,TRUE,TRUE,NA
304461,FALSE,FALSE,FALSE,NA
1066,FALSE,FALSE,TRUE,NA
77587,FALSE,FALSE,FALSE,NA
856572,FALSE,FALSE,TRUE,NA
552000,FALSE,FALSE,FALSE,NA
689849,FALSE,TRUE,TRUE,NA
964676,FALSE,FALSE,TRUE,NA
924004,FALSE,FALSE,FALSE,NA
337748,FALSE,FALSE,FALSE,NA
700398,FALSE,FALSE,FALSE,NA
859247,FALSE,FALSE,FALSE,NA
561715,FALSE,TRUE,TRUE,NA
865003,FALSE,FALSE,FALSE,NA
436709,FALSE,TRUE,FALSE,NA
864976,FALSE,FALSE,FALSE,NA
785101,FALSE,FALSE,TRUE,NA
175007,FALSE,FALSE,FALSE,NA
952513,FALSE,FALSE,FALSE,NA
376834,TRUE,FALSE,FALSE,NA
867734,FALSE,TRUE,FALSE,NA
807885,FALSE,FALSE,FALSE,NA
825964,TRUE,FALSE,FALSE,NA
467005,FALSE,FALSE,FALSE,NA
786085,TRUE,FALSE,FALSE,NA
206321,FALSE,TRUE,TRUE,NA
651149,FALSE,FALSE,TRUE,NA
111974,TRUE,TRUE,FALSE,NA
967731,FALSE,FALSE,TRUE,NA
606143,FALSE,FALSE,FALSE,NA
562197,FALSE,FALSE,TRUE,NA
27822,FALSE,FALSE,FALSE,NA
800329,FALSE,FALSE,FALSE,NA
81392,FALSE,FALSE,FALSE,NA
774695,FALSE,TRUE,TRUE,NA
116021,FALSE,TRUE,TRUE,NA
697910,FALSE,FALSE,FALSE,NA
991373,FALSE,FALSE,TRUE,NA
315563,FALSE,TRUE,FALSE,NA
697940,FALSE,FALSE,TRUE,NA
205513,FALSE,FALSE,FALSE,NA
605275,FALSE,FALSE,FALSE,NA
305952,FALSE,FALSE,TRUE,NA
91099,FALSE,FALSE,FALSE,NA
438234,FALSE,FALSE,FALSE,NA
131715,FALSE,TRUE,FALSE,NA
345877,FALSE,FALSE,TRUE,NA
690250,FALSE,TRUE,FALSE,NA
156312,FALSE,TRUE,FALSE,NA
160610,FALSE,FALSE,FALSE,NA
66731,FALSE,TRUE,TRUE,NA
91537,FALSE,FALSE,TRUE,NA
368450,TRUE,TRUE,TRUE,NA
857956,FALSE,FALSE,TRUE,NA
679620,FALSE,TRUE,TRUE,NA
959807,FALSE,FALSE,TRUE,NA
955178,FALSE,TRUE,TRUE,NA
148663,FALSE,FALSE,FALSE,NA
700884,TRUE,FALSE,TRUE,NA
512759,FALSE,TRUE,TRUE,NA
91956,FALSE,FALSE,FALSE,NA
520017,FALSE,FALSE,TRUE,NA
202506,FALSE,FALSE,FALSE,NA
615557,FALSE,FALSE,FALSE,NA
669337,TRUE,TRUE,TRUE,NA
522619,FALSE,TRUE,TRUE,NA
72620,TRUE,FALSE,FALSE,NA
341521,FALSE,FALSE,FALSE,NA
808646,FALSE,FALSE,TRUE,NA
154625,FALSE,FALSE,TRUE,NA
293750,FALSE,FALSE,FALSE,NA
753133,TRUE,FALSE,FALSE,NA
796920,FALSE,TRUE,TRUE,NA
606086,FALSE,FALSE,FALSE,NA
559637,FALSE,TRUE,TRUE,NA
501902,FALSE,TRUE,FALSE,NA
448384,FALSE,FALSE,FALSE,NA
510785,FALSE,FALSE,TRUE,NA
211333,FALSE,FALSE,TRUE,NA
132487,FALSE,FALSE,TRUE,NA
736586,TRUE,TRUE,TRUE,NA
20942,FALSE,TRUE,FALSE,NA
217533,FALSE,TRUE,FALSE,NA
402836,FALSE,TRUE,TRUE,NA
619533,TRUE,FALSE,FALSE,NA
148177,TRUE,TRUE,FALSE,NA
22307,FALSE,FALSE,TRUE,NA
806721,FALSE,TRUE,FALSE,NA
940603,FALSE,FALSE,FALSE,NA
270700,FALSE,TRUE,FALSE,NA
444782,TRUE,FALSE,FALSE,NA
936833,FALSE,TRUE,TRUE,NA
486760,FALSE,FALSE,FALSE,NA
851590,FALSE,TRUE,FALSE,NA
235401,TRUE,TRUE,FALSE,NA
936355,FALSE,FALSE,FALSE,NA
524250,TRUE,TRUE,FALSE,NA
258616,FALSE,FALSE,FALSE,NA
136501,FALSE,FALSE,FALSE,NA
145621,TRUE,FALSE,FALSE,NA
416115,FALSE,FALSE,TRUE,NA
627055,FALSE,TRUE,TRUE,NA
964105,TRUE,TRUE,TRUE,NA
286243,FALSE,FALSE,TRUE,NA
772965,FALSE,FALSE,FALSE,NA
434641,FALSE,TRUE,TRUE,NA
196489,FALSE,FALSE,TRUE,NA
171951,FALSE,FALSE,TRUE,NA
353095,FALSE,FALSE,FALSE,NA
389647,TRUE,TRUE,FALSE,NA
371816,FALSE,FALSE,FALSE,NA
560366,FALSE,FALSE,FALSE,NA
146241,FALSE,FALSE,FALSE,NA
447159,FALSE,TRUE,FALSE,NA
895211,FALSE,TRUE,FALSE,NA
29896,FALSE,TRUE,FALSE,NA
408626,FALSE,FALSE,TRUE,NA
724711,FALSE,TRUE,TRUE,NA
116278,TRUE,FALSE,FALSE,NA
137747,FALSE,TRUE,TRUE,NA
703848,FALSE,FALSE,FALSE,NA
905723,TRUE,FALSE,FALSE,NA
507156,FALSE,FALSE,FALSE,NA
284573,TRUE,TRUE,TRUE,NA
980122,FALSE,FALSE,FALSE,NA
687951,FALSE,TRUE,TRUE,NA
811283,FALSE,FALSE,TRUE,NA
815530,FALSE,FALSE,TRUE,NA
115051,FALSE,TRUE,FALSE,NA
454097,FALSE,TRUE,FALSE,NA
302345,TRUE,FALSE,FALSE,NA
157217,FALSE,TRUE,FALSE,NA
462241,FALSE,FALSE,FALSE,NA
610948,FALSE,FALSE,FALSE,NA
753039,FALSE,TRUE,FALSE,NA
889053,FALSE,TRUE,TRUE,NA
233995,FALSE,TRUE,FALSE,NA
64412,FALSE,TRUE,FALSE,NA
317605,TRUE,FALSE,FALSE,NA
427921,FALSE,TRUE,TRUE,NA
551017,FALSE,FALSE,FALSE,NA
893156,TRUE,FALSE,TRUE,NA
165985,FALSE,TRUE,FALSE,NA
192160,FALSE,FALSE,TRUE,NA
733853,FALSE,FALSE,TRUE,NA
656544,TRUE,TRUE,FALSE,NA
315333,TRUE,TRUE,TRUE,NA
823684,FALSE,FALSE,TRUE,NA
854406,FALSE,FALSE,FALSE,NA
874193,FALSE,TRUE,FALSE,NA
431062,FALSE,TRUE,FALSE,NA
115236,FALSE,TRUE,FALSE,NA
164555,FALSE,TRUE,FALSE,NA
510594,FALSE,TRUE,FALSE,NA
275838,FALSE,FALSE,FALSE,NA
468813,FALSE,FALSE,FALSE,NA
403891,FALSE,TRUE,TRUE,NA
527844,FALSE,TRUE,FALSE,NA
416179,FALSE,FALSE,FALSE,NA
106822,FALSE,FALSE,TRUE,NA
38931,TRUE,TRUE,FALSE,NA
435615,FALSE,FALSE,FALSE,NA
620389,FALSE,TRUE,FALSE,NA
588558,FALSE,FALSE,TRUE,NA
77172,FALSE,FALSE,FALSE,NA
884943,FALSE,FALSE,TRUE,NA
615614,FALSE,FALSE,FALSE,NA
246177,FALSE,FALSE,TRUE,NA
455186,FALSE,FALSE,FALSE,NA
513719,FALSE,TRUE,TRUE,NA
426869,FALSE,FALSE,TRUE,NA
969024,FALSE,FALSE,FALSE,NA
87083,FALSE,FALSE,FALSE,NA
932913,TRUE,FALSE,FALSE,NA
782063,FALSE,FALSE,FALSE,NA
442087,FALSE,FALSE,FALSE,NA
840004,TRUE,FALSE,FALSE,NA
955101,FALSE,TRUE,FALSE,NA
849573,FALSE,FALSE,FALSE,NA
559109,TRUE,TRUE,FALSE,NA
595920,FALSE,TRUE,FALSE,NA
698700,FALSE,FALSE,TRUE,NA
228871,FALSE,FALSE,FALSE,NA
509482,FALSE,FALSE,TRUE,NA
777481,FALSE,FALSE,FALSE,NA
966805,FALSE,TRUE,FALSE,NA
820013,FALSE,TRUE,FALSE,NA
910398,FALSE,TRUE,FALSE,NA
178834,TRUE,TRUE,FALSE,NA
313779,TRUE,TRUE,TRUE,NA
164457,FALSE,FALSE,TRUE,NA
589934,FALSE,TRUE,TRUE,NA
124687,TRUE,FALSE,FALSE,NA
403774,FALSE,TRUE,TRUE,NA
944156,TRUE,TRUE,TRUE,NA
523825,FALSE,FALSE,FALSE,NA
25831,FALSE,FALSE,FALSE,NA
933968,FALSE,FALSE,FALSE,NA
740806,TRUE,FALSE,TRUE,NA
35515,FALSE,TRUE,TRUE,NA
637378,FALSE,FALSE,FALSE,NA
88169,FALSE,FALSE,TRUE,NA
139585,FALSE,TRUE,TRUE,NA
668301,FALSE,TRUE,TRUE,NA
389562,FALSE,FALSE,FALSE,NA
176689,FALSE,FALSE,FALSE,NA
740046,FALSE,TRUE,FALSE,NA
811040,TRUE,TRUE,FALSE,NA
132484,FALSE,TRUE,TRUE,NA
244363,FALSE,FALSE,FALSE,NA
867128,FALSE,TRUE,TRUE,NA
807919,FALSE,FALSE,FALSE,NA
90646,FALSE,FALSE,FALSE,NA
309604,FALSE,TRUE,FALSE,NA
939856,TRUE,TRUE,FALSE,NA
620570,FALSE,TRUE,TRUE,NA
252728,FALSE,TRUE,FALSE,NA
599495,FALSE,FALSE,TRUE,NA
232656,TRUE,FALSE,TRUE,NA
963607,FALSE,FALSE,FALSE,NA
531976,FALSE,TRUE,TRUE,NA
677609,FALSE,FALSE,FALSE,NA
582529,FALSE,TRUE,FALSE,NA
671466,FALSE,TRUE,FALSE,NA
108731,FALSE,FALSE,FALSE,NA
642932,FALSE,FALSE,FALSE,NA
881188,FALSE,TRUE,FALSE,NA
4106,FALSE,FALSE,FALSE,NA
104703,FALSE,FALSE,TRUE,NA
479280,FALSE,TRUE,TRUE,NA
410875,FALSE,FALSE,TRUE,NA
733758,FALSE,TRUE,FALSE,NA
659515,FALSE,TRUE,TRUE,NA
690539,TRUE,FALSE,FALSE,NA
201755,FALSE,FALSE,TRUE,NA
447544,FALSE,FALSE,TRUE,NA
138693,FALSE,TRUE,TRUE,NA
905444,FALSE,FALSE,TRUE,NA
45308,FALSE,FALSE,FALSE,NA
873892,FALSE,TRUE,FALSE,NA
428283,TRUE,FALSE,FALSE,NA
597645,FALSE,TRUE,FALSE,NA
818636,TRUE,FALSE,FALSE,NA
104538,FALSE,FALSE,FALSE,NA
918769,FALSE,FALSE,TRUE,NA
723975,FALSE,FALSE,FALSE,NA
777899,FALSE,FALSE,FALSE,NA
818108,FALSE,TRUE,FALSE,NA
725597,FALSE,TRUE,FALSE,NA
407849,FALSE,FALSE,TRUE,NA
260292,FALSE,TRUE,TRUE,NA
846289,FALSE,FALSE,FALSE,NA
358944,FALSE,TRUE,FALSE,NA
391356,FALSE,TRUE,FALSE,NA
85081,TRUE,FALSE,TRUE,NA
215143,TRUE,FALSE,FALSE,NA
369541,FALSE,TRUE,FALSE,NA
366482,FALSE,FALSE,FALSE,NA
19047,FALSE,FALSE,FALSE,NA
173136,FALSE,FALSE,FALSE,NA
120643,FALSE,TRUE,FALSE,NA
464247,FALSE,FALSE,TRUE,NA
268490,FALSE,TRUE,FALSE,NA
48444,TRUE,FALSE,FALSE,NA
200580,FALSE,FALSE,FALSE,NA
612390,TRUE,FALSE,FALSE,NA
190222,FALSE,FALSE,FALSE,NA
831467,FALSE,FALSE,TRUE,NA
717053,FALSE,FALSE,TRUE,NA
423812,FALSE,FALSE,FALSE,NA
722414,FALSE,FALSE,TRUE,NA
507477,FALSE,FALSE,FALSE,NA
502684,FALSE,TRUE,FALSE,NA
88378,FALSE,FALSE,FALSE,NA
744645,FALSE,FALSE,TRUE,NA
2680,FALSE,FALSE,TRUE,NA
479458,FALSE,TRUE,FALSE,NA
922336,TRUE,FALSE,FALSE,NA
168493,FALSE,FALSE,FALSE,NA
816513,FALSE,FALSE,FALSE,NA
215932,FALSE,FALSE,FALSE,NA
967870,FALSE,FALSE,FALSE,NA
770534,FALSE,TRUE,TRUE,NA
930929,FALSE,TRUE,TRUE,NA
375029,FALSE,TRUE,FALSE,NA
181662,FALSE,TRUE,FALSE,NA
456203,FALSE,TRUE,FALSE,NA
309302,FALSE,FALSE,TRUE,NA
311086,FALSE,FALSE,TRUE,NA
610631,FALSE,FALSE,FALSE,NA
290080,FALSE,FALSE,FALSE,NA
764234,FALSE,FALSE,FALSE,NA
125710,FALSE,FALSE,TRUE,NA
963917,FALSE,FALSE,FALSE,NA
683277,TRUE,TRUE,FALSE,NA
534047,FALSE,TRUE,FALSE,NA
637604,FALSE,FALSE,TRUE,NA
628135,FALSE,FALSE,TRUE,NA
554562,FALSE,TRUE,FALSE,NA
384843,FALSE,FALSE,TRUE,NA
248332,FALSE,FALSE,FALSE,NA
241141,FALSE,FALSE,TRUE,NA
256506,TRUE,TRUE,TRUE,NA
466511,FALSE,FALSE,FALSE,NA
427633,FALSE,FALSE,FALSE,NA
911846,FALSE,FALSE,TRUE,NA
718335,FALSE,TRUE,TRUE,NA
644555,FALSE,FALSE,FALSE,NA
904328,FALSE,FALSE,FALSE,NA
637039,FALSE,FALSE,FALSE,NA
184275,FALSE,TRUE,TRUE,NA
560742,FALSE,FALSE,TRUE,NA
572632,FALSE,FALSE,TRUE,NA
516638,FALSE,FALSE,TRUE,NA
517420,FALSE,TRUE,FALSE,NA
360019,FALSE,TRUE,FALSE,NA
473050,FALSE,FALSE,TRUE,NA
33,FALSE,TRUE,TRUE,NA
4103,FALSE,FALSE,FALSE,NA
616256,TRUE,FALSE,TRUE,NA
862695,FALSE,FALSE,FALSE,NA
927390,FALSE,FALSE,FALSE,NA
406498,FALSE,FALSE,FALSE,NA
628339,FALSE,FALSE,TRUE,NA
664310,FALSE,FALSE,FALSE,NA
275993,FALSE,FALSE,TRUE,NA
221909,FALSE,FALSE,FALSE,NA
767149,FALSE,FALSE,TRUE,NA
344857,FALSE,FALSE,TRUE,NA
606112,FALSE,TRUE,FALSE,NA
836806,FALSE,FALSE,TRUE,NA
446812,FALSE,TRUE,TRUE,NA
721903,TRUE,TRUE,TRUE,NA
306431,FALSE,FALSE,FALSE,NA
298398,FALSE,TRUE,TRUE,NA
137186,TRUE,FALSE,FALSE,NA
31819,FALSE,FALSE,TRUE,NA
608049,TRUE,TRUE,TRUE,NA
694421,FALSE,FALSE,TRUE,NA
6953,FALSE,FALSE,TRUE,NA
137326,FALSE,TRUE,TRUE,NA
717230,FALSE,TRUE,TRUE,NA
414438,FALSE,TRUE,TRUE,NA
347924,TRUE,FALSE,FALSE,NA
194879,FALSE,FALSE,TRUE,NA
260057,TRUE,FALSE,FALSE,NA
181267,FALSE,TRUE,FALSE,NA
715021,FALSE,TRUE,FALSE,NA
327451,TRUE,FALSE,FALSE,NA
916207,FALSE,TRUE,FALSE,NA
295799,FALSE,FALSE,FALSE,NA
594094,FALSE,TRUE,FALSE,NA
882983,FALSE,FALSE,FALSE,NA
673902,FALSE,FALSE,TRUE,NA
445732,TRUE,TRUE,FALSE,NA
918453,FALSE,TRUE,TRUE,NA
963408,TRUE,TRUE,FALSE,NA
429266,FALSE,FALSE,TRUE,NA
362021,FALSE,TRUE,TRUE,NA
709202,FALSE,FALSE,TRUE,NA
752489,TRUE,FALSE,FALSE,NA
199146,FALSE,FALSE,FALSE,NA
291732,FALSE,TRUE,TRUE,NA
115388,FALSE,FALSE,FALSE,NA
569103,TRUE,TRUE,TRUE,NA
401767,FALSE,TRUE,FALSE,NA
767206,FALSE,FALSE,FALSE,NA
884145,FALSE,FALSE,FALSE,NA
930953,FALSE,FALSE,FALSE,NA
359322,FALSE,FALSE,FALSE,NA
338525,FALSE,TRUE,FALSE,NA
25597,FALSE,TRUE,TRUE,NA
552448,FALSE,TRUE,FALSE,NA
594327,FALSE,TRUE,FALSE,NA
451436,FALSE,FALSE,FALSE,NA
328019,TRUE,FALSE,FALSE,NA
940787,FALSE,FALSE,TRUE,NA
873420,FALSE,FALSE,FALSE,NA
124192,FALSE,TRUE,FALSE,NA
587790,FALSE,FALSE,TRUE,NA
110850,FALSE,FALSE,FALSE,NA
948916,TRUE,FALSE,FALSE,NA
456736,TRUE,FALSE,FALSE,NA
380644,TRUE,FALSE,TRUE,NA
555026,FALSE,FALSE,FALSE,NA
113576,FALSE,FALSE,FALSE,NA
311148,FALSE,FALSE,TRUE,NA
621514,FALSE,TRUE,TRUE,NA
639900,FALSE,FALSE,TRUE,NA
534495,TRUE,TRUE,FALSE,NA
147761,FALSE,TRUE,FALSE,NA
902217,FALSE,TRUE,TRUE,NA
517342,FALSE,FALSE,FALSE,NA
426773,FALSE,TRUE,TRUE,NA
831779,FALSE,TRUE,TRUE,NA
259807,FALSE,FALSE,FALSE,NA
814132,FALSE,FALSE,FALSE,NA
316391,FALSE,FALSE,FALSE,NA
736961,FALSE,FALSE,FALSE,NA
696525,FALSE,TRUE,FALSE,NA
899429,FALSE,TRUE,FALSE,NA
800926,TRUE,TRUE,TRUE,NA
72335,FALSE,TRUE,FALSE,NA
432848,TRUE,TRUE,TRUE,NA
362181,FALSE,FALSE,TRUE,NA
490645,FALSE,TRUE,FALSE,NA
260246,FALSE,TRUE,FALSE,NA
409743,TRUE,FALSE,TRUE,NA
665062,FALSE,TRUE,TRUE,NA
598151,FALSE,FALSE,TRUE,NA
387704,FALSE,FALSE,FALSE,NA
602306,FALSE,TRUE,FALSE,NA
307639,FALSE,FALSE,TRUE,NA
792060,FALSE,FALSE,FALSE,NA
314819,FALSE,FALSE,TRUE,NA
95904,FALSE,TRUE,FALSE,NA
854870,FALSE,TRUE,FALSE,NA
409449,FALSE,FALSE,FALSE,NA
132852,FALSE,TRUE,FALSE,NA
357027,TRUE,FALSE,FALSE,NA
307778,FALSE,TRUE,FALSE,NA
85373,FALSE,FALSE,FALSE,NA
258765,FALSE,FALSE,FALSE,NA
887764,TRUE,FALSE,FALSE,NA
815957,FALSE,FALSE,FALSE,NA
164243,FALSE,FALSE,FALSE,NA
118341,FALSE,FALSE,FALSE,NA
819870,FALSE,FALSE,FALSE,NA
138155,FALSE,TRUE,TRUE,NA
687943,TRUE,FALSE,TRUE,NA
883733,FALSE,TRUE,FALSE,NA
650699,FALSE,TRUE,TRUE,NA
657028,TRUE,TRUE,FALSE,NA
650744,FALSE,FALSE,FALSE,NA
109606,FALSE,FALSE,FALSE,NA
700041,FALSE,TRUE,FALSE,NA
500354,FALSE,FALSE,FALSE,NA
438200,FALSE,TRUE,FALSE,NA
232788,FALSE,TRUE,TRUE,NA
775155,FALSE,FALSE,FALSE,NA
146872,FALSE,FALSE,FALSE,NA
220649,TRUE,FALSE,FALSE,NA
758081,FALSE,FALSE,FALSE,NA
401779,FALSE,FALSE,FALSE,NA
489744,FALSE,FALSE,FALSE,NA
643745,FALSE,TRUE,TRUE,NA
552090,FALSE,FALSE,TRUE,NA
352110,FALSE,TRUE,TRUE,NA
188001,TRUE,TRUE,FALSE,NA
680607,FALSE,TRUE,TRUE,NA
121004,FALSE,TRUE,FALSE,NA
657048,FALSE,TRUE,FALSE,NA
997263,TRUE,FALSE,FALSE,NA
762305,FALSE,FALSE,TRUE,NA
581029,FALSE,FALSE,FALSE,NA
292682,FALSE,TRUE,TRUE,NA
130361,TRUE,FALSE,FALSE,NA
905450,TRUE,FALSE,FALSE,NA
28169,FALSE,FALSE,FALSE,NA
116074,FALSE,FALSE,TRUE,NA
291501,FALSE,TRUE,FALSE,NA
583054,TRUE,TRUE,FALSE,NA
472060,FALSE,TRUE,FALSE,NA
784016,FALSE,TRUE,FALSE,NA
83913,FALSE,FALSE,FALSE,NA
39065,FALSE,FALSE,FALSE,NA
757923,FALSE,TRUE,FALSE,NA
691493,FALSE,FALSE,FALSE,NA
416767,FALSE,FALSE,FALSE,NA
90215,TRUE,FALSE,FALSE,NA
667522,FALSE,FALSE,TRUE,NA
551714,FALSE,TRUE,FALSE,NA
937147,FALSE,FALSE,TRUE,NA
570889,FALSE,FALSE,FALSE,NA
251715,FALSE,FALSE,TRUE,NA
68636,TRUE,TRUE,FALSE,NA
849195,FALSE,FALSE,TRUE,NA
856573,TRUE,FALSE,FALSE,NA
998648,FALSE,FALSE,FALSE,NA
445525,FALSE,FALSE,FALSE,NA
289406,FALSE,TRUE,FALSE,NA
237705,FALSE,FALSE,FALSE,NA
950720,FALSE,TRUE,FALSE,NA
776716,FALSE,FALSE,FALSE,NA
143932,FALSE,FALSE,FALSE,NA
918234,FALSE,FALSE,TRUE,NA
471049,TRUE,TRUE,FALSE,NA
70940,TRUE,TRUE,FALSE,NA
439737,FALSE,TRUE,TRUE,NA
212811,FALSE,TRUE,FALSE,NA
3522,FALSE,TRUE,TRUE,NA
69493,FALSE,FALSE,FALSE,NA
583391,FALSE,TRUE,FALSE,NA
517482,FALSE,FALSE,FALSE,NA
533181,FALSE,TRUE,FALSE,NA
342326,FALSE,TRUE,FALSE,NA
478906,FALSE,FALSE,FALSE,NA
288960,FALSE,FALSE,FALSE,NA
130231,FALSE,TRUE,FALSE,NA
894621,FALSE,FALSE,TRUE,NA
368044,TRUE,TRUE,FALSE,NA
223177,FALSE,TRUE,TRUE,NA
436559,FALSE,FALSE,FALSE,NA
101237,TRUE,FALSE,FALSE,NA
713388,TRUE,FALSE,FALSE,NA
722681,FALSE,TRUE,FALSE,NA
460804,FALSE,FALSE,TRUE,NA
692592,FALSE,FALSE,FALSE,NA
522072,FALSE,FALSE,FALSE,NA
540743,FALSE,FALSE,TRUE,NA
776823,FALSE,FALSE,FALSE,NA
128444,FALSE,TRUE,FALSE,NA
369483,FALSE,TRUE,FALSE,NA
172128,FALSE,TRUE,TRUE,NA
590269,FALSE,FALSE,TRUE,NA
593626,FALSE,TRUE,FALSE,NA
980195,TRUE,FALSE,FALSE,NA
73803,FALSE,TRUE,FALSE,NA
753105,FALSE,FALSE,FALSE,NA
200877,FALSE,FALSE,TRUE,NA
903869,FALSE,FALSE,FALSE,NA
886028,FALSE,FALSE,TRUE,NA
538826,FALSE,TRUE,FALSE,NA
490370,TRUE,FALSE,TRUE,NA
643984,FALSE,TRUE,FALSE,NA
433255,FALSE,FALSE,FALSE,NA
505092,FALSE,TRUE,FALSE,NA
27970,FALSE,FALSE,FALSE,NA
165895,FALSE,FALSE,FALSE,NA
696358,FALSE,FALSE,TRUE,NA
83498,FALSE,FALSE,FALSE,NA
581281,FALSE,TRUE,FALSE,NA
832547,TRUE,FALSE,TRUE,NA
138326,FALSE,FALSE,FALSE,NA
702132,FALSE,FALSE,TRUE,NA
625140,FALSE,FALSE,FALSE,NA
575449,FALSE,TRUE,FALSE,NA
354160,TRUE,TRUE,TRUE,NA
557555,FALSE,FALSE,FALSE,NA
616618,FALSE,TRUE,TRUE,NA
769938,FALSE,TRUE,FALSE,NA
277829,FALSE,FALSE,FALSE,NA
527414,FALSE,TRUE,TRUE,NA
862064,FALSE,FALSE,FALSE,NA
428719,FALSE,FALSE,TRUE,NA
204060,FALSE,TRUE,TRUE,NA
99744,FALSE,FALSE,FALSE,NA
51112,FALSE,TRUE,FALSE,NA
80756,FALSE,FALSE,FALSE,NA
467239,FALSE,TRUE,FALSE,NA
431005,FALSE,FALSE,FALSE,NA
381549,FALSE,FALSE,FALSE,NA
530935,FALSE,FALSE,TRUE,NA
440329,FALSE,FALSE,FALSE,NA
183440,FALSE,FALSE,FALSE,NA
407794,TRUE,TRUE,FALSE,NA
997427,FALSE,FALSE,FALSE,NA
925648,FALSE,TRUE,TRUE,NA
849155,FALSE,TRUE,FALSE,NA
32797,FALSE,TRUE,FALSE,NA
163759,FALSE,FALSE,FALSE,NA
11495,FALSE,TRUE,FALSE,NA
571310,FALSE,FALSE,FALSE,NA
559902,FALSE,TRUE,TRUE,NA
196375,FALSE,FALSE,FALSE,NA
904663,TRUE,FALSE,TRUE,NA
267188,FALSE,FALSE,FALSE,NA
213951,FALSE,TRUE,TRUE,NA
264285,FALSE,FALSE,FALSE,NA
851403,FALSE,FALSE,FALSE,NA
132070,FALSE,TRUE,FALSE,NA
532089,FALSE,TRUE,TRUE,NA
575270,TRUE,FALSE,TRUE,NA
705390,TRUE,TRUE,FALSE,NA
79991,FALSE,FALSE,FALSE,NA
518917,FALSE,TRUE,TRUE,NA
769262,FALSE,FALSE,FALSE,NA
170603,TRUE,FALSE,FALSE,NA
919937,FALSE,FALSE,FALSE,NA
318007,FALSE,TRUE,TRUE,NA
342407,FALSE,FALSE,FALSE,NA
810074,FALSE,TRUE,FALSE,NA
568377,TRUE,FALSE,FALSE,NA
197798,FALSE,FALSE,TRUE,NA
492833,FALSE,FALSE,FALSE,NA
360448,FALSE,TRUE,TRUE,NA
735263,FALSE,FALSE,TRUE,NA
423362,FALSE,FALSE,TRUE,NA
336744,TRUE,TRUE,TRUE,NA
163277,FALSE,FALSE,FALSE,NA
780798,FALSE,FALSE,FALSE,NA
214028,TRUE,FALSE,FALSE,NA
144356,FALSE,FALSE,FALSE,NA
717659,FALSE,TRUE,FALSE,NA
705733,FALSE,TRUE,FALSE,NA
140095,FALSE,FALSE,FALSE,NA
28151,TRUE,FALSE,FALSE,NA
995680,TRUE,TRUE,FALSE,NA
367715,FALSE,FALSE,FALSE,NA
786491,TRUE,FALSE,FALSE,NA
931799,FALSE,FALSE,TRUE,NA
746728,TRUE,FALSE,FALSE,NA
535798,FALSE,FALSE,TRUE,NA
45140,FALSE,FALSE,TRUE,NA
213770,FALSE,FALSE,TRUE,NA
393357,FALSE,TRUE,FALSE,NA
133334,FALSE,FALSE,TRUE,NA
867624,TRUE,FALSE,TRUE,NA
703049,FALSE,FALSE,FALSE,NA
260661,FALSE,FALSE,FALSE,NA
46852,FALSE,TRUE,FALSE,NA
690940,FALSE,FALSE,FALSE,NA
128153,FALSE,TRUE,FALSE,NA
994880,TRUE,FALSE,TRUE,NA
49412,TRUE,TRUE,FALSE,NA
411215,FALSE,TRUE,TRUE,NA
632846,FALSE,FALSE,TRUE,NA
335635,FALSE,FALSE,FALSE,NA
409686,TRUE,FALSE,TRUE,NA
953183,FALSE,TRUE,FALSE,NA
638250,FALSE,TRUE,TRUE,NA
509211,FALSE,FALSE,FALSE,NA
537778,FALSE,FALSE,FALSE,NA
821819,FALSE,FALSE,TRUE,NA
794278,FALSE,TRUE,TRUE,NA
293804,FALSE,FALSE,FALSE,NA
733448,FALSE,FALSE,FALSE,NA
106058,FALSE,FALSE,TRUE,NA
103882,FALSE,FALSE,TRUE,NA
897782,FALSE,TRUE,TRUE,NA
86401,FALSE,FALSE,FALSE,NA
870550,TRUE,FALSE,TRUE,NA
700563,FALSE,TRUE,FALSE,NA
848946,FALSE,TRUE,FALSE,NA
696617,FALSE,FALSE,TRUE,NA
344778,FALSE,TRUE,FALSE,NA
944254,FALSE,TRUE,FALSE,NA
76733,FALSE,TRUE,TRUE,NA
887328,FALSE,TRUE,FALSE,NA
25975,TRUE,FALSE,FALSE,NA
303233,FALSE,TRUE,TRUE,NA
768464,TRUE,TRUE,TRUE,NA
301053,FALSE,FALSE,FALSE,NA
589304,FALSE,FALSE,TRUE,NA
361442,FALSE,TRUE,FALSE,NA
862997,FALSE,TRUE,FALSE,NA
658733,FALSE,FALSE,FALSE,NA
104450,FALSE,TRUE,FALSE,NA
401951,FALSE,FALSE,FALSE,NA
843979,FALSE,FALSE,TRUE,NA
975061,FALSE,TRUE,TRUE,NA
101107,FALSE,FALSE,FALSE,NA
434840,TRUE,FALSE,FALSE,NA
682843,FALSE,TRUE,FALSE,NA
293744,FALSE,TRUE,FALSE,NA
274221,FALSE,FALSE,FALSE,NA
171663,TRUE,TRUE,TRUE,NA
635221,FALSE,FALSE,TRUE,NA
291291,FALSE,TRUE,TRUE,NA
906775,FALSE,TRUE,FALSE,NA
480060,FALSE,TRUE,TRUE,NA
326037,FALSE,FALSE,FALSE,NA
512295,FALSE,FALSE,TRUE,NA
413747,FALSE,TRUE,FALSE,NA
727378,FALSE,FALSE,TRUE,NA
187991,FALSE,FALSE,TRUE,NA
432390,FALSE,FALSE,FALSE,NA
189721,FALSE,FALSE,TRUE,NA
878149,FALSE,TRUE,FALSE,NA
125434,FALSE,TRUE,FALSE,NA
803203,FALSE,FALSE,FALSE,NA
191110,FALSE,FALSE,FALSE,NA
897388,FALSE,TRUE,FALSE,NA
157567,TRUE,FALSE,FALSE,NA
877554,FALSE,FALSE,FALSE,NA
264705,FALSE,FALSE,FALSE,NA
603983,TRUE,FALSE,FALSE,NA
375376,FALSE,FALSE,TRUE,NA
414186,FALSE,FALSE,TRUE,NA
32840,TRUE,FALSE,FALSE,NA
328413,TRUE,FALSE,FALSE,NA
216544,FALSE,TRUE,FALSE,NA
351528,FALSE,FALSE,FALSE,NA
786963,FALSE,TRUE,FALSE,NA
542430,TRUE,FALSE,TRUE,NA
308151,FALSE,TRUE,FALSE,NA
102021,FALSE,TRUE,TRUE,NA
567532,FALSE,FALSE,FALSE,NA
48725,FALSE,TRUE,FALSE,NA
587350,FALSE,FALSE,TRUE,NA
584615,FALSE,FALSE,FALSE,NA
1544,FALSE,FALSE,TRUE,NA
829950,FALSE,TRUE,TRUE,NA
530032,FALSE,FALSE,FALSE,NA
847530,FALSE,FALSE,FALSE,NA
421165,FALSE,TRUE,FALSE,NA
961687,FALSE,TRUE,FALSE,NA
967,FALSE,TRUE,FALSE,NA
442658,FALSE,FALSE,FALSE,NA
363058,FALSE,FALSE,TRUE,NA
521827,FALSE,FALSE,FALSE,NA
548201,FALSE,TRUE,FALSE,NA
661194,FALSE,TRUE,TRUE,NA
620892,FALSE,FALSE,TRUE,NA
473494,TRUE,TRUE,TRUE,NA
869282,FALSE,TRUE,FALSE,NA
902040,FALSE,FALSE,TRUE,NA
278603,TRUE,FALSE,FALSE,NA
348973,FALSE,FALSE,TRUE,NA
941984,TRUE,FALSE,TRUE,NA
353341,FALSE,FALSE,TRUE,NA
823904,FALSE,TRUE,TRUE,NA
995494,FALSE,TRUE,TRUE,NA
219869,FALSE,FALSE,FALSE,NA
513039,TRUE,FALSE,TRUE,NA
272468,FALSE,TRUE,FALSE,NA
902929,FALSE,FALSE,FALSE,NA
605441,FALSE,FALSE,TRUE,NA
898834,FALSE,FALSE,FALSE,NA
813598,FALSE,FALSE,TRUE,NA
571280,FALSE,TRUE,FALSE,NA
549745,FALSE,FALSE,FALSE,NA
801814,TRUE,TRUE,TRUE,NA
113829,FALSE,FALSE,FALSE,NA
508635,TRUE,FALSE,TRUE,NA
926157,FALSE,TRUE,FALSE,NA
778521,FALSE,TRUE,FALSE,NA
205202,FALSE,TRUE,FALSE,NA
582858,FALSE,TRUE,TRUE,NA
655587,FALSE,TRUE,TRUE,NA
472937,FALSE,TRUE,TRUE,NA
119411,FALSE,TRUE,TRUE,NA
320156,TRUE,FALSE,FALSE,NA
266483,FALSE,FALSE,FALSE,NA
991951,FALSE,TRUE,TRUE,NA
378791,TRUE,TRUE,TRUE,NA
220636,FALSE,FALSE,TRUE,NA
166214,FALSE,TRUE,FALSE,NA
56315,FALSE,TRUE,FALSE,NA
599719,FALSE,TRUE,FALSE,NA
818244,FALSE,FALSE,FALSE,NA
521490,FALSE,FALSE,TRUE,NA
232943,FALSE,FALSE,TRUE,NA
57081,TRUE,FALSE,FALSE,NA
606849,FALSE,FALSE,FALSE,NA
943615,FALSE,TRUE,FALSE,NA
493585,TRUE,FALSE,TRUE,NA
769866,FALSE,TRUE,FALSE,NA
935964,FALSE,FALSE,TRUE,NA
789962,FALSE,TRUE,FALSE,NA
516542,FALSE,TRUE,FALSE,NA
37691,FALSE,TRUE,FALSE,NA
996401,TRUE,FALSE,FALSE,NA
42663,FALSE,FALSE,FALSE,NA
418853,FALSE,TRUE,FALSE,NA
673855,TRUE,TRUE,TRUE,NA
848534,FALSE,FALSE,TRUE,NA
929510,FALSE,FALSE,FALSE,NA
456954,FALSE,TRUE,FALSE,NA
497268,FALSE,FALSE,TRUE,NA
844762,FALSE,FALSE,TRUE,NA
457696,FALSE,FALSE,FALSE,NA
699324,TRUE,FALSE,TRUE,NA
228600,TRUE,TRUE,TRUE,NA
132053,FALSE,FALSE,TRUE,NA
294746,TRUE,TRUE,TRUE,NA
490783,FALSE,TRUE,FALSE,NA
313269,FALSE,FALSE,TRUE,NA
923908,FALSE,FALSE,TRUE,NA
214406,FALSE,FALSE,FALSE,NA
13251,FALSE,TRUE,FALSE,NA
54732,FALSE,FALSE,FALSE,NA
237295,TRUE,TRUE,FALSE,NA
139723,FALSE,FALSE,FALSE,NA
633356,FALSE,FALSE,FALSE,NA
462808,FALSE,TRUE,FALSE,NA
870723,FALSE,FALSE,FALSE,NA
761081,FALSE,TRUE,FALSE,NA
562933,FALSE,TRUE,FALSE,NA
525640,FALSE,FALSE,FALSE,NA
735092,FALSE,FALSE,TRUE,NA
546817,FALSE,TRUE,FALSE,NA
116548,FALSE,FALSE,TRUE,NA
256645,FALSE,FALSE,FALSE,NA
297211,FALSE,TRUE,FALSE,NA
175209,FALSE,TRUE,FALSE,NA
413808,TRUE,FALSE,FALSE,NA
897619,FALSE,FALSE,FALSE,NA
652786,FALSE,FALSE,TRUE,NA
163828,FALSE,FALSE,TRUE,NA
92683,TRUE,FALSE,FALSE,NA
779577,FALSE,FALSE,FALSE,NA
831824,FALSE,TRUE,FALSE,NA
965533,FALSE,TRUE,FALSE,NA
581676,FALSE,FALSE,FALSE,NA
413678,FALSE,FALSE,FALSE,NA
352013,TRUE,FALSE,FALSE,NA
722761,FALSE,FALSE,FALSE,NA
36582,FALSE,TRUE,FALSE,NA
174495,FALSE,FALSE,FALSE,NA
938204,FALSE,TRUE,TRUE,NA
373448,FALSE,FALSE,FALSE,NA
490312,FALSE,FALSE,FALSE,NA
491377,FALSE,FALSE,FALSE,NA
823538,TRUE,FALSE,FALSE,NA
931346,FALSE,FALSE,TRUE,NA
176792,FALSE,FALSE,FALSE,NA
603231,FALSE,FALSE,FALSE,NA
674934,FALSE,TRUE,FALSE,NA
720965,FALSE,FALSE,FALSE,NA
905865,FALSE,FALSE,FALSE,NA
276680,TRUE,TRUE,FALSE,NA
411666,FALSE,TRUE,FALSE,NA
956444,FALSE,TRUE,FALSE,NA
265052,FALSE,TRUE,TRUE,NA
647891,FALSE,TRUE,FALSE,NA
279582,FALSE,TRUE,FALSE,NA
202381,FALSE,FALSE,TRUE,NA
216525,FALSE,TRUE,FALSE,NA
427886,FALSE,TRUE,TRUE,NA
770092,FALSE,TRUE,FALSE,NA
467722,FALSE,FALSE,FALSE,NA
822796,FALSE,FALSE,FALSE,NA
304399,FALSE,TRUE,FALSE,NA
343469,FALSE,FALSE,FALSE,NA
817040,FALSE,FALSE,FALSE,NA
771774,FALSE,FALSE,FALSE,NA
209909,FALSE,FALSE,TRUE,NA
648489,FALSE,TRUE,TRUE,NA
798648,FALSE,FALSE,FALSE,NA
577332,FALSE,TRUE,FALSE,NA
888833,FALSE,FALSE,TRUE,NA
59993,FALSE,FALSE,TRUE,NA
408276,FALSE,TRUE,FALSE,NA
927827,FALSE,FALSE,FALSE,NA
277589,FALSE,FALSE,TRUE,NA
913647,FALSE,FALSE,FALSE,NA
630254,FALSE,FALSE,TRUE,NA
874906,TRUE,TRUE,TRUE,NA
22892,FALSE,TRUE,FALSE,NA
974592,TRUE,TRUE,TRUE,NA
59252,FALSE,TRUE,TRUE,NA
168217,FALSE,FALSE,TRUE,NA
456522,FALSE,TRUE,FALSE,NA
288138,FALSE,FALSE,FALSE,NA
475740,FALSE,FALSE,TRUE,NA
763790,FALSE,TRUE,FALSE,NA
202596,FALSE,FALSE,FALSE,NA
789870,FALSE,FALSE,FALSE,NA
828561,FALSE,FALSE,TRUE,NA
196305,FALSE,FALSE,FALSE,NA
461897,TRUE,TRUE,TRUE,NA
605524,FALSE,FALSE,FALSE,NA
958921,FALSE,TRUE,TRUE,NA
948497,FALSE,TRUE,FALSE,NA
733046,FALSE,TRUE,FALSE,NA
544469,FALSE,FALSE,TRUE,NA
357791,FALSE,TRUE,FALSE,NA
178567,FALSE,TRUE,TRUE,NA
684175,FALSE,FALSE,FALSE,NA
149350,FALSE,FALSE,TRUE,NA
675750,FALSE,FALSE,FALSE,NA
459642,TRUE,TRUE,FALSE,NA
380619,FALSE,FALSE,TRUE,NA
939166,FALSE,FALSE,FALSE,NA
835279,FALSE,TRUE,FALSE,NA
363800,FALSE,FALSE,TRUE,NA
551090,FALSE,FALSE,FALSE,NA
795141,FALSE,FALSE,FALSE,NA
548549,FALSE,FALSE,FALSE,NA
772445,TRUE,TRUE,TRUE,NA
208918,FALSE,FALSE,FALSE,NA
913742,FALSE,FALSE,FALSE,NA
781125,FALSE,TRUE,TRUE,NA
405984,FALSE,FALSE,FALSE,NA
828630,FALSE,FALSE,TRUE,NA
704458,FALSE,FALSE,TRUE,NA
586657,FALSE,FALSE,FALSE,NA
528385,FALSE,TRUE,TRUE,NA
99876,FALSE,FALSE,FALSE,NA
589539,FALSE,FALSE,FALSE,NA
585400,FALSE,TRUE,TRUE,NA
467181,FALSE,TRUE,TRUE,NA
275965,FALSE,FALSE,FALSE,NA
832133,FALSE,TRUE,TRUE,NA
583792,TRUE,TRUE,TRUE,NA
848596,TRUE,TRUE,FALSE,NA
455767,TRUE,FALSE,FALSE,NA
506333,FALSE,FALSE,FALSE,NA
89165,FALSE,TRUE,TRUE,NA
311153,TRUE,FALSE,TRUE,NA
867394,FALSE,FALSE,FALSE,NA
344449,FALSE,FALSE,FALSE,NA
553740,FALSE,FALSE,TRUE,NA
864601,TRUE,TRUE,FALSE,NA
543946,FALSE,FALSE,TRUE,NA
108911,TRUE,FALSE,FALSE,NA
794100,FALSE,TRUE,FALSE,NA
305341,FALSE,FALSE,FALSE,NA
767270,FALSE,TRUE,TRUE,NA
685878,FALSE,FALSE,TRUE,NA
843998,TRUE,TRUE,TRUE,NA
24404,FALSE,TRUE,FALSE,NA
937188,FALSE,TRUE,FALSE,NA
484542,FALSE,TRUE,FALSE,NA
251330,FALSE,FALSE,FALSE,NA
624876,FALSE,TRUE,FALSE,NA
565667,FALSE,FALSE,TRUE,NA
879725,FALSE,TRUE,TRUE,NA
950230,FALSE,TRUE,FALSE,NA
69679,FALSE,TRUE,FALSE,NA
554434,FALSE,FALSE,TRUE,NA
738103,FALSE,FALSE,TRUE,NA
680045,FALSE,FALSE,TRUE,NA
963288,FALSE,TRUE,FALSE,NA
460590,FALSE,FALSE,TRUE,NA
362639,FALSE,FALSE,TRUE,NA
247607,FALSE,FALSE,FALSE,NA
124651,FALSE,FALSE,FALSE,NA
510459,FALSE,FALSE,FALSE,NA
167273,TRUE,FALSE,TRUE,NA
110527,FALSE,FALSE,TRUE,NA
336737,FALSE,TRUE,FALSE,NA
817020,TRUE,FALSE,TRUE,NA
110404,FALSE,TRUE,TRUE,NA
261308,FALSE,FALSE,FALSE,NA
47423,FALSE,TRUE,TRUE,NA
256311,TRUE,FALSE,FALSE,NA
487985,FALSE,FALSE,FALSE,NA
324080,FALSE,FALSE,TRUE,NA
340548,FALSE,FALSE,FALSE,NA
326889,TRUE,TRUE,FALSE,NA
936301,FALSE,FALSE,TRUE,NA
798596,TRUE,TRUE,TRUE,NA
85216,TRUE,TRUE,FALSE,NA
296594,FALSE,FALSE,TRUE,NA
376149,FALSE,FALSE,FALSE,NA
243041,FALSE,FALSE,FALSE,NA
110748,FALSE,FALSE,FALSE,NA
712880,FALSE,FALSE,FALSE,NA
73156,FALSE,TRUE,TRUE,NA
983659,FALSE,FALSE,FALSE,NA
327277,FALSE,FALSE,FALSE,NA
834042,FALSE,TRUE,TRUE,NA
428660,FALSE,TRUE,TRUE,NA
113419,FALSE,FALSE,FALSE,NA
188960,FALSE,FALSE,TRUE,NA
106410,TRUE,TRUE,FALSE,NA
882426,TRUE,TRUE,TRUE,NA
4694,FALSE,FALSE,FALSE,NA
195766,TRUE,TRUE,FALSE,NA
381312,FALSE,FALSE,TRUE,NA
510994,FALSE,TRUE,FALSE,NA
364586,FALSE,FALSE,FALSE,NA
184791,FALSE,TRUE,FALSE,NA
650758,FALSE,FALSE,FALSE,NA
364030,FALSE,FALSE,FALSE,NA
334878,FALSE,FALSE,TRUE,NA
66942,FALSE,FALSE,TRUE,NA
108589,FALSE,TRUE,TRUE,NA
331068,FALSE,FALSE,TRUE,NA
60054,FALSE,FALSE,FALSE,NA
169153,TRUE,TRUE,TRUE,NA
629689,FALSE,TRUE,FALSE,NA
444623,FALSE,FALSE,FALSE,NA
964052,FALSE,FALSE,FALSE,NA
774212,FALSE,TRUE,TRUE,NA
549333,FALSE,FALSE,FALSE,NA
984763,FALSE,TRUE,TRUE,NA
250230,FALSE,TRUE,FALSE,NA
578140,FALSE,TRUE,FALSE,NA
81734,FALSE,FALSE,FALSE,NA
993945,FALSE,FALSE,TRUE,NA
172934,FALSE,TRUE,TRUE,NA
142299,FALSE,FALSE,FALSE,NA
211688,FALSE,TRUE,FALSE,NA
952409,FALSE,TRUE,TRUE,NA
783197,FALSE,FALSE,FALSE,NA
261955,FALSE,TRUE,FALSE,NA
385193,FALSE,FALSE,FALSE,NA
921915,FALSE,FALSE,FALSE,NA
222900,FALSE,TRUE,FALSE,NA
818206,FALSE,FALSE,FALSE,NA
687879,FALSE,FALSE,FALSE,NA
750778,FALSE,FALSE,TRUE,NA
950327,FALSE,FALSE,TRUE,NA
171435,FALSE,FALSE,FALSE,NA
4759,FALSE,FALSE,FALSE,NA
114862,FALSE,FALSE,TRUE,NA
946431,TRUE,TRUE,FALSE,NA
206508,FALSE,TRUE,FALSE,NA
602085,FALSE,FALSE,FALSE,NA
675309,FALSE,FALSE,FALSE,NA
910248,FALSE,FALSE,TRUE,NA
153996,FALSE,FALSE,FALSE,NA
152941,TRUE,FALSE,FALSE,NA
722084,FALSE,TRUE,TRUE,NA
981237,FALSE,TRUE,FALSE,NA
50346,TRUE,FALSE,TRUE,NA
983403,FALSE,FALSE,TRUE,NA
36033,FALSE,FALSE,FALSE,NA
594691,FALSE,TRUE,FALSE,NA
67621,FALSE,TRUE,TRUE,NA
838611,FALSE,FALSE,FALSE,NA
472345,TRUE,FALSE,TRUE,NA
450900,FALSE,FALSE,TRUE,NA
218449,TRUE,TRUE,FALSE,NA
9777,FALSE,TRUE,FALSE,NA
331702,FALSE,FALSE,TRUE,NA
625801,FALSE,FALSE,FALSE,NA
816137,FALSE,FALSE,TRUE,NA
158292,FALSE,TRUE,FALSE,NA
994912,FALSE,TRUE,TRUE,NA
897019,FALSE,FALSE,FALSE,NA
359001,TRUE,TRUE,FALSE,NA
889322,FALSE,TRUE,FALSE,NA
757149,FALSE,FALSE,FALSE,NA
34735,FALSE,FALSE,FALSE,NA
385688,FALSE,TRUE,TRUE,NA
942512,FALSE,FALSE,FALSE,NA
802253,FALSE,TRUE,TRUE,NA
851373,FALSE,TRUE,FALSE,NA
517541,FALSE,FALSE,FALSE,NA
242419,FALSE,FALSE,FALSE,NA
804124,TRUE,TRUE,TRUE,NA
106059,FALSE,TRUE,FALSE,NA
584048,FALSE,FALSE,FALSE,NA
616170,TRUE,FALSE,FALSE,NA
494990,FALSE,TRUE,TRUE,NA
966711,TRUE,FALSE,FALSE,NA
939492,FALSE,FALSE,TRUE,NA
134181,FALSE,TRUE,FALSE,NA
643452,TRUE,FALSE,TRUE,NA
634422,FALSE,FALSE,FALSE,NA
563548,FALSE,TRUE,FALSE,NA
814472,FALSE,FALSE,TRUE,NA
743724,FALSE,TRUE,FALSE,NA
491580,FALSE,TRUE,FALSE,NA
965876,FALSE,FALSE,FALSE,NA
956101,FALSE,TRUE,FALSE,NA
248454,TRUE,TRUE,FALSE,NA
376109,FALSE,FALSE,TRUE,NA
454569,FALSE,FALSE,FALSE,NA
354405,FALSE,FALSE,FALSE,NA
697208,FALSE,TRUE,TRUE,NA
433943,FALSE,TRUE,FALSE,NA
751880,FALSE,FALSE,TRUE,NA
397660,FALSE,FALSE,TRUE,NA
955535,TRUE,TRUE,FALSE,NA
748292,FALSE,FALSE,FALSE,NA
335261,FALSE,FALSE,TRUE,NA
581583,FALSE,TRUE,TRUE,NA
374350,TRUE,TRUE,FALSE,NA
189041,FALSE,TRUE,FALSE,NA
585736,FALSE,TRUE,FALSE,NA
42630,FALSE,TRUE,FALSE,NA
612688,FALSE,FALSE,FALSE,NA
862282,TRUE,FALSE,FALSE,NA
473172,FALSE,FALSE,TRUE,NA
486161,FALSE,FALSE,TRUE,NA
59648,FALSE,TRUE,TRUE,NA
267313,TRUE,FALSE,TRUE,NA
780224,FALSE,FALSE,FALSE,NA
324337,FALSE,TRUE,FALSE,NA
804813,TRUE,FALSE,FALSE,NA
208219,TRUE,FALSE,TRUE,NA
914903,FALSE,TRUE,TRUE,NA
232045,FALSE,FALSE,FALSE,NA
322202,FALSE,FALSE,TRUE,NA
497485,FALSE,FALSE,FALSE,NA
329779,FALSE,FALSE,TRUE,NA
844766,FALSE,FALSE,FALSE,NA
264785,FALSE,FALSE,FALSE,NA
572665,FALSE,TRUE,TRUE,NA
323485,FALSE,FALSE,FALSE,NA
918060,FALSE,FALSE,TRUE,NA
221019,FALSE,TRUE,TRUE,NA
92222,FALSE,TRUE,FALSE,NA
799807,FALSE,FALSE,FALSE,NA
479077,FALSE,TRUE,TRUE,NA
306372,FALSE,TRUE,FALSE,NA
969302,FALSE,FALSE,FALSE,NA
227001,TRUE,TRUE,FALSE,NA
244810,FALSE,TRUE,FALSE,NA
796109,FALSE,TRUE,TRUE,NA
34708,FALSE,FALSE,TRUE,NA
853385,FALSE,TRUE,FALSE,NA
346847,FALSE,TRUE,FALSE,NA
365710,FALSE,FALSE,FALSE,NA
340201,FALSE,TRUE,FALSE,NA
353478,FALSE,TRUE,FALSE,NA
653966,FALSE,FALSE,TRUE,NA
838066,FALSE,TRUE,FALSE,NA
502702,FALSE,TRUE,FALSE,NA
944103,FALSE,FALSE,FALSE,NA
664167,FALSE,FALSE,FALSE,NA
509815,TRUE,FALSE,FALSE,NA
331116,TRUE,TRUE,FALSE,NA
317927,FALSE,TRUE,FALSE,NA
289434,FALSE,FALSE,FALSE,NA
217232,TRUE,FALSE,FALSE,NA
649062,FALSE,FALSE,FALSE,NA
460627,FALSE,FALSE,FALSE,NA
403075,TRUE,FALSE,TRUE,NA
124617,FALSE,FALSE,FALSE,NA
858758,TRUE,FALSE,FALSE,NA
136724,TRUE,FALSE,FALSE,NA
545720,TRUE,TRUE,FALSE,NA
751399,FALSE,TRUE,TRUE,NA
766101,TRUE,FALSE,TRUE,NA
821006,FALSE,TRUE,FALSE,NA
684585,TRUE,TRUE,FALSE,NA
893049,TRUE,FALSE,TRUE,NA
308301,FALSE,FALSE,TRUE,NA
178082,FALSE,FALSE,FALSE,NA
266058,FALSE,FALSE,FALSE,NA
601459,FALSE,TRUE,FALSE,NA
539606,FALSE,FALSE,TRUE,NA
997181,FALSE,TRUE,TRUE,NA
828997,FALSE,FALSE,FALSE,NA
344160,FALSE,FALSE,TRUE,NA
778077,FALSE,FALSE,FALSE,NA
406886,FALSE,FALSE,FALSE,NA
759007,FALSE,FALSE,FALSE,NA
345427,FALSE,FALSE,FALSE,NA
709427,FALSE,FALSE,FALSE,NA
564279,FALSE,TRUE,FALSE,NA
789759,FALSE,TRUE,FALSE,NA
315809,FALSE,TRUE,FALSE,NA
145103,FALSE,FALSE,TRUE,NA
148292,FALSE,FALSE,FALSE,NA
289071,FALSE,FALSE,FALSE,NA
202097,FALSE,FALSE,TRUE,NA
698496,FALSE,FALSE,TRUE,NA
999324,FALSE,FALSE,TRUE,NA
499137,FALSE,FALSE,FALSE,NA
213198,TRUE,FALSE,FALSE,NA
751230,TRUE,TRUE,FALSE,NA
757829,FALSE,TRUE,FALSE,NA
832400,FALSE,FALSE,FALSE,NA
496835,FALSE,TRUE,TRUE,NA
550596,FALSE,FALSE,FALSE,NA
502261,TRUE,FALSE,TRUE,NA
104033,FALSE,FALSE,TRUE,NA
202531,TRUE,FALSE,FALSE,NA
775796,FALSE,FALSE,FALSE,NA
129271,FALSE,TRUE,TRUE,NA
761983,TRUE,FALSE,FALSE,NA
849567,FALSE,FALSE,TRUE,NA
440260,FALSE,FALSE,TRUE,NA
843844,FALSE,TRUE,FALSE,NA
902914,FALSE,TRUE,TRUE,NA
293338,FALSE,FALSE,TRUE,NA
769917,FALSE,FALSE,FALSE,NA
270470,FALSE,FALSE,TRUE,NA
518973,FALSE,FALSE,FALSE,NA
153480,TRUE,FALSE,TRUE,NA
395332,FALSE,TRUE,FALSE,NA
374419,TRUE,FALSE,FALSE,NA
86454,FALSE,FALSE,TRUE,NA
868894,FALSE,TRUE,FALSE,NA
789747,FALSE,FALSE,FALSE,NA
780328,TRUE,TRUE,FALSE,NA
537009,TRUE,FALSE,FALSE,NA
702465,FALSE,TRUE,FALSE,NA
356115,TRUE,FALSE,TRUE,NA
172939,FALSE,FALSE,TRUE,NA
91263,FALSE,FALSE,FALSE,NA
807567,TRUE,FALSE,FALSE,NA
363072,FALSE,TRUE,TRUE,NA
156774,TRUE,TRUE,FALSE,NA
593331,FALSE,TRUE,TRUE,NA
858143,FALSE,TRUE,TRUE,NA
924221,TRUE,TRUE,FALSE,NA
732859,TRUE,TRUE,FALSE,NA
442873,FALSE,TRUE,FALSE,NA
910455,FALSE,TRUE,TRUE,NA
647560,FALSE,TRUE,FALSE,NA
46221,FALSE,FALSE,FALSE,NA
673625,FALSE,TRUE,TRUE,NA
386377,FALSE,FALSE,FALSE,NA
278132,FALSE,FALSE,FALSE,NA
222100,FALSE,FALSE,FALSE,NA
264755,FALSE,TRUE,FALSE,NA
930691,FALSE,FALSE,TRUE,NA
813747,FALSE,FALSE,TRUE,NA
983503,FALSE,TRUE,TRUE,NA
517233,FALSE,FALSE,FALSE,NA
431885,FALSE,FALSE,FALSE,NA
450671,TRUE,FALSE,FALSE,NA
889505,FALSE,TRUE,TRUE,NA
757939,TRUE,FALSE,FALSE,NA
46824,FALSE,FALSE,TRUE,NA
639556,FALSE,FALSE,FALSE,NA
491543,FALSE,TRUE,TRUE,NA
957712,FALSE,FALSE,FALSE,NA
665015,FALSE,FALSE,FALSE,NA
543634,FALSE,TRUE,FALSE,NA
871000,TRUE,TRUE,FALSE,NA
121387,FALSE,FALSE,TRUE,NA
883714,FALSE,TRUE,TRUE,NA
141680,TRUE,TRUE,TRUE,NA
952742,FALSE,TRUE,FALSE,NA
42977,FALSE,FALSE,FALSE,NA
666648,FALSE,FALSE,FALSE,NA
848000,FALSE,FALSE,FALSE,NA
383638,FALSE,TRUE,TRUE,NA
224568,TRUE,FALSE,FALSE,NA
277471,FALSE,TRUE,FALSE,NA
431782,FALSE,TRUE,FALSE,NA
306068,TRUE,TRUE,FALSE,NA
867747,TRUE,TRUE,FALSE,NA
67713,FALSE,TRUE,TRUE,NA
306906,FALSE,FALSE,FALSE,NA
606731,TRUE,FALSE,FALSE,NA
541611,TRUE,TRUE,FALSE,NA
31013,FALSE,FALSE,FALSE,NA
328946,FALSE,FALSE,FALSE,NA
702480,FALSE,TRUE,FALSE,NA
774129,FALSE,FALSE,FALSE,NA
165160,FALSE,FALSE,FALSE,NA
375839,TRUE,FALSE,TRUE,NA
808060,FALSE,TRUE,FALSE,NA
50589,FALSE,TRUE,TRUE,NA
83737,FALSE,FALSE,FALSE,NA
259038,TRUE,TRUE,FALSE,NA
376188,FALSE,FALSE,FALSE,NA
335308,FALSE,FALSE,FALSE,NA
281409,FALSE,TRUE,FALSE,NA
155280,FALSE,FALSE,FALSE,NA
576405,TRUE,FALSE,FALSE,NA
289136,TRUE,TRUE,FALSE,NA
311749,TRUE,TRUE,TRUE,NA
199927,TRUE,FALSE,FALSE,NA
319363,FALSE,TRUE,TRUE,NA
174617,FALSE,FALSE,FALSE,NA
628041,FALSE,FALSE,TRUE,NA
367255,FALSE,FALSE,FALSE,NA
71204,FALSE,FALSE,FALSE,NA
511306,FALSE,FALSE,FALSE,NA
324149,FALSE,FALSE,FALSE,NA
676933,FALSE,TRUE,FALSE,NA
443808,FALSE,FALSE,FALSE,NA
519355,TRUE,TRUE,TRUE,NA
809230,FALSE,FALSE,FALSE,NA
489259,FALSE,FALSE,FALSE,NA
615486,FALSE,FALSE,FALSE,NA
32930,FALSE,FALSE,FALSE,NA
144549,TRUE,TRUE,FALSE,NA
510826,FALSE,TRUE,TRUE,NA
501061,FALSE,TRUE,TRUE,NA
621009,FALSE,TRUE,FALSE,NA
776454,FALSE,FALSE,FALSE,NA
658867,FALSE,FALSE,FALSE,NA
759464,FALSE,FALSE,FALSE,NA
380094,FALSE,FALSE,TRUE,NA
238353,FALSE,FALSE,TRUE,NA
685565,FALSE,TRUE,TRUE,NA
327761,FALSE,FALSE,FALSE,NA
870899,FALSE,FALSE,FALSE,NA
307943,FALSE,FALSE,FALSE,NA
247417,FALSE,FALSE,TRUE,NA
503645,FALSE,FALSE,FALSE,NA
893750,FALSE,FALSE,FALSE,NA
700962,FALSE,TRUE,TRUE,NA
639190,FALSE,FALSE,FALSE,NA
238176,TRUE,TRUE,TRUE,NA
543494,FALSE,FALSE,FALSE,NA
627652,FALSE,FALSE,FALSE,NA
555263,FALSE,FALSE,FALSE,NA
549808,FALSE,TRUE,TRUE,NA
621833,FALSE,FALSE,FALSE,NA
805441,TRUE,TRUE,TRUE,NA
435053,FALSE,FALSE,TRUE,NA
796073,FALSE,FALSE,FALSE,NA
645885,FALSE,FALSE,TRUE,NA
731888,TRUE,TRUE,FALSE,NA
941174,FALSE,FALSE,FALSE,NA
892430,FALSE,TRUE,TRUE,NA
132347,FALSE,FALSE,FALSE,NA
425132,FALSE,FALSE,FALSE,NA
621344,FALSE,FALSE,FALSE,NA
880835,FALSE,TRUE,FALSE,NA
146849,FALSE,TRUE,FALSE,NA
234246,FALSE,TRUE,FALSE,NA
787443,FALSE,FALSE,TRUE,NA
947637,FALSE,FALSE,FALSE,NA
418580,FALSE,FALSE,FALSE,NA
657764,FALSE,TRUE,FALSE,NA
597227,FALSE,TRUE,FALSE,NA
757814,FALSE,FALSE,FALSE,NA
69138,TRUE,TRUE,TRUE,NA
538988,FALSE,FALSE,FALSE,NA
939792,FALSE,TRUE,FALSE,NA
893614,FALSE,FALSE,FALSE,NA
980411,FALSE,TRUE,FALSE,NA
646063,FALSE,TRUE,TRUE,NA
779216,FALSE,FALSE,FALSE,NA
959636,FALSE,TRUE,TRUE,NA
918109,FALSE,TRUE,FALSE,NA
505429,FALSE,FALSE,TRUE,NA
144303,FALSE,FALSE,TRUE,NA
659871,FALSE,FALSE,FALSE,NA
412863,FALSE,TRUE,TRUE,NA
338530,FALSE,FALSE,FALSE,NA
854197,FALSE,TRUE,FALSE,NA
297331,FALSE,FALSE,TRUE,NA
194309,FALSE,FALSE,FALSE,NA
532506,FALSE,FALSE,FALSE,NA
257445,FALSE,FALSE,TRUE,NA
956781,TRUE,TRUE,TRUE,NA
541112,FALSE,FALSE,TRUE,NA
953808,FALSE,FALSE,TRUE,NA
695163,FALSE,FALSE,FALSE,NA
608536,FALSE,TRUE,FALSE,NA
552765,FALSE,FALSE,FALSE,NA
459358,FALSE,TRUE,FALSE,NA
784737,FALSE,FALSE,FALSE,NA
624228,FALSE,TRUE,FALSE,NA
58502,FALSE,TRUE,TRUE,NA
923750,FALSE,TRUE,FALSE,NA
356915,FALSE,FALSE,TRUE,NA
197013,FALSE,TRUE,FALSE,NA
960301,TRUE,FALSE,FALSE,NA
623694,FALSE,FALSE,TRUE,NA
297489,FALSE,TRUE,TRUE,NA
168359,TRUE,FALSE,FALSE,NA
402661,FALSE,TRUE,FALSE,NA
358067,FALSE,TRUE,FALSE,NA
613522,FALSE,TRUE,TRUE,NA
832616,TRUE,TRUE,TRUE,NA
148127,FALSE,FALSE,TRUE,NA
62880,TRUE,FALSE,TRUE,NA
251862,FALSE,FALSE,TRUE,NA
482471,FALSE,TRUE,FALSE,NA
412027,TRUE,FALSE,FALSE,NA
9567,FALSE,FALSE,FALSE,NA
313372,TRUE,FALSE,TRUE,NA
960517,FALSE,TRUE,FALSE,NA
773310,FALSE,FALSE,TRUE,NA
540556,FALSE,TRUE,TRUE,NA
581470,FALSE,FALSE,FALSE,NA
234940,FALSE,TRUE,FALSE,NA
245307,FALSE,FALSE,FALSE,NA
696691,TRUE,FALSE,FALSE,NA
655082,FALSE,TRUE,TRUE,NA
495485,FALSE,FALSE,TRUE,NA
689106,TRUE,FALSE,FALSE,NA
646234,FALSE,FALSE,TRUE,NA
682792,FALSE,FALSE,FALSE,NA
91454,FALSE,TRUE,FALSE,NA
929070,FALSE,FALSE,FALSE,NA
90799,TRUE,FALSE,TRUE,NA
626974,FALSE,TRUE,TRUE,NA
874534,FALSE,FALSE,TRUE,NA
630252,FALSE,TRUE,FALSE,NA
269965,TRUE,FALSE,TRUE,NA
66561,FALSE,FALSE,FALSE,NA
268383,TRUE,FALSE,TRUE,NA
441722,FALSE,FALSE,TRUE,NA
799746,FALSE,FALSE,FALSE,NA
531641,FALSE,TRUE,TRUE,NA
249348,FALSE,TRUE,TRUE,NA
163638,FALSE,FALSE,FALSE,NA
745320,FALSE,TRUE,TRUE,NA
446959,FALSE,FALSE,FALSE,NA
155847,TRUE,TRUE,TRUE,NA
648169,FALSE,TRUE,TRUE,NA
346707,FALSE,TRUE,TRUE,NA
422443,FALSE,TRUE,TRUE,NA
782025,TRUE,TRUE,TRUE,NA
495201,FALSE,FALSE,TRUE,NA
591684,FALSE,FALSE,TRUE,NA
873052,FALSE,TRUE,TRUE,NA
765841,FALSE,FALSE,TRUE,NA
389419,FALSE,FALSE,FALSE,NA
441075,FALSE,FALSE,TRUE,NA
600346,FALSE,FALSE,TRUE,NA
287012,FALSE,TRUE,TRUE,NA
649264,TRUE,FALSE,FALSE,NA
925744,FALSE,FALSE,FALSE,NA
918289,FALSE,TRUE,TRUE,NA
200277,FALSE,FALSE,TRUE,NA
497825,TRUE,FALSE,TRUE,NA
940183,FALSE,FALSE,TRUE,NA
466975,FALSE,FALSE,TRUE,NA
582544,FALSE,FALSE,TRUE,NA
35798,FALSE,FALSE,TRUE,NA
588150,FALSE,FALSE,FALSE,NA
726794,FALSE,TRUE,FALSE,NA
776684,FALSE,TRUE,TRUE,NA
331959,FALSE,FALSE,FALSE,NA
922702,TRUE,FALSE,FALSE,NA
299996,TRUE,FALSE,TRUE,NA
427196,FALSE,FALSE,FALSE,NA
527149,FALSE,TRUE,FALSE,NA
434820,FALSE,FALSE,FALSE,NA
466651,TRUE,FALSE,TRUE,NA
754515,FALSE,TRUE,FALSE,NA
725411,FALSE,FALSE,FALSE,NA
741304,FALSE,TRUE,TRUE,NA
538282,FALSE,FALSE,TRUE,NA
409235,FALSE,TRUE,TRUE,NA
113146,TRUE,TRUE,TRUE,NA
99055,FALSE,TRUE,FALSE,NA
611236,FALSE,TRUE,FALSE,NA
451622,FALSE,FALSE,TRUE,NA
964996,FALSE,FALSE,FALSE,NA
122771,FALSE,TRUE,FALSE,NA
559630,TRUE,TRUE,FALSE,NA
870511,FALSE,TRUE,TRUE,NA
328958,FALSE,TRUE,FALSE,NA
670874,TRUE,FALSE,FALSE,NA
595482,FALSE,FALSE,FALSE,NA
313339,TRUE,FALSE,FALSE,NA
40409,FALSE,TRUE,FALSE,NA
507902,FALSE,TRUE,FALSE,NA
686175,FALSE,TRUE,FALSE,NA
482270,FALSE,FALSE,FALSE,NA
338954,FALSE,TRUE,FALSE,NA
371507,FALSE,FALSE,TRUE,NA
263192,TRUE,TRUE,TRUE,NA
15420,FALSE,TRUE,TRUE,NA
281086,TRUE,TRUE,FALSE,NA
991646,FALSE,TRUE,FALSE,NA
419874,FALSE,FALSE,TRUE,NA
738601,FALSE,TRUE,FALSE,NA
5614,FALSE,TRUE,FALSE,NA
286834,FALSE,FALSE,FALSE,NA
985210,FALSE,TRUE,TRUE,NA
262038,TRUE,TRUE,FALSE,NA
529788,FALSE,TRUE,TRUE,NA
314854,FALSE,FALSE,TRUE,NA
834106,FALSE,FALSE,TRUE,NA
104900,FALSE,TRUE,FALSE,NA
695588,FALSE,FALSE,TRUE,NA
494088,FALSE,TRUE,FALSE,NA
832041,FALSE,TRUE,FALSE,NA
87361,FALSE,TRUE,TRUE,NA
715207,TRUE,FALSE,FALSE,NA
713970,TRUE,FALSE,FALSE,NA
466521,FALSE,TRUE,FALSE,NA
84038,FALSE,FALSE,FALSE,NA
153425,FALSE,TRUE,TRUE,NA
436280,TRUE,TRUE,TRUE,NA
314869,FALSE,FALSE,TRUE,NA
827175,FALSE,FALSE,FALSE,NA
196122,TRUE,TRUE,FALSE,NA
180403,TRUE,FALSE,TRUE,NA
784809,TRUE,FALSE,TRUE,NA
263456,FALSE,TRUE,FALSE,NA
471074,FALSE,FALSE,FALSE,NA
34154,TRUE,FALSE,FALSE,NA
967792,FALSE,FALSE,TRUE,NA
270512,FALSE,FALSE,FALSE,NA
510776,FALSE,TRUE,FALSE,NA
298491,FALSE,FALSE,TRUE,NA
708500,FALSE,FALSE,FALSE,NA
115987,FALSE,TRUE,TRUE,NA
986126,FALSE,FALSE,TRUE,NA
434887,FALSE,TRUE,FALSE,NA
835789,FALSE,FALSE,TRUE,NA
758523,TRUE,FALSE,FALSE,NA
832066,TRUE,TRUE,TRUE,NA
80557,FALSE,FALSE,TRUE,NA
394374,FALSE,TRUE,FALSE,NA
389918,FALSE,FALSE,FALSE,NA
474763,FALSE,TRUE,TRUE,NA
931041,FALSE,FALSE,TRUE,NA
583456,FALSE,FALSE,FALSE,NA
779997,FALSE,FALSE,FALSE,NA
27851,FALSE,FALSE,FALSE,NA
344624,FALSE,FALSE,FALSE,NA
660597,FALSE,TRUE,FALSE,NA
431313,FALSE,FALSE,FALSE,NA
933986,FALSE,TRUE,FALSE,NA
471529,FALSE,TRUE,FALSE,NA
603247,FALSE,FALSE,FALSE,NA
238449,FALSE,FALSE,FALSE,NA
356919,FALSE,TRUE,TRUE,NA
418541,FALSE,FALSE,FALSE,NA
663030,FALSE,TRUE,FALSE,NA
130946,FALSE,TRUE,FALSE,NA
180014,TRUE,FALSE,TRUE,NA
634625,TRUE,FALSE,FALSE,NA
416914,FALSE,FALSE,FALSE,NA
982117,FALSE,FALSE,FALSE,NA
332492,FALSE,FALSE,TRUE,NA
944124,FALSE,FALSE,FALSE,NA
144463,FALSE,FALSE,FALSE,NA
640326,FALSE,FALSE,FALSE,NA
942633,FALSE,TRUE,FALSE,NA
384737,FALSE,FALSE,FALSE,NA
881015,FALSE,TRUE,FALSE,NA
299999,FALSE,FALSE,FALSE,NA
529976,TRUE,TRUE,FALSE,NA
875188,FALSE,TRUE,TRUE,NA
714264,FALSE,TRUE,TRUE,NA
50513,FALSE,TRUE,FALSE,NA
56435,TRUE,TRUE,TRUE,NA
455334,TRUE,FALSE,FALSE,NA
10490,TRUE,FALSE,FALSE,NA
777335,FALSE,FALSE,FALSE,NA
336283,FALSE,FALSE,FALSE,NA
953233,FALSE,TRUE,TRUE,NA
194920,TRUE,FALSE,TRUE,NA
770308,FALSE,FALSE,TRUE,NA
707402,TRUE,FALSE,TRUE,NA
418082,FALSE,FALSE,FALSE,NA
234849,FALSE,FALSE,FALSE,NA
967216,FALSE,TRUE,FALSE,NA
350070,TRUE,TRUE,TRUE,NA
322898,FALSE,FALSE,TRUE,NA
957356,TRUE,FALSE,FALSE,NA
111211,TRUE,FALSE,FALSE,NA
377015,FALSE,FALSE,FALSE,NA
980102,TRUE,FALSE,TRUE,NA
871006,FALSE,FALSE,FALSE,NA
765174,FALSE,FALSE,TRUE,NA
488077,TRUE,FALSE,FALSE,NA
28584,FALSE,FALSE,FALSE,NA
607632,FALSE,FALSE,FALSE,NA
959796,TRUE,FALSE,FALSE,NA
517135,FALSE,TRUE,TRUE,NA
768737,FALSE,FALSE,FALSE,NA
2482,FALSE,TRUE,TRUE,NA
413604,FALSE,TRUE,FALSE,NA
470550,FALSE,TRUE,FALSE,NA
693996,FALSE,FALSE,FALSE,NA
395536,TRUE,FALSE,TRUE,NA
250024,FALSE,FALSE,FALSE,NA
572676,FALSE,FALSE,TRUE,NA
370160,FALSE,FALSE,FALSE,NA
896002,FALSE,FALSE,TRUE,NA
685150,FALSE,FALSE,FALSE,NA
752754,FALSE,FALSE,FALSE,NA
249234,FALSE,TRUE,TRUE,NA
883328,FALSE,FALSE,FALSE,NA
290264,FALSE,TRUE,FALSE,NA
427699,FALSE,TRUE,FALSE,NA
450681,FALSE,TRUE,TRUE,NA
843107,FALSE,TRUE,FALSE,NA
668179,TRUE,TRUE,FALSE,NA
188163,FALSE,FALSE,FALSE,NA
369239,FALSE,FALSE,FALSE,NA
991488,FALSE,FALSE,FALSE,NA
513529,FALSE,FALSE,TRUE,NA
808327,FALSE,FALSE,FALSE,NA
678653,FALSE,TRUE,FALSE,NA
208386,TRUE,FALSE,FALSE,NA
582734,FALSE,TRUE,TRUE,NA
476542,FALSE,FALSE,FALSE,NA
760008,FALSE,TRUE,TRUE,NA
844967,TRUE,TRUE,TRUE,NA
691521,FALSE,FALSE,FALSE,NA
207088,FALSE,TRUE,TRUE,NA
59907,FALSE,FALSE,FALSE,NA
33545,TRUE,FALSE,TRUE,NA
374317,TRUE,FALSE,FALSE,NA
601997,FALSE,FALSE,TRUE,NA
565419,FALSE,TRUE,FALSE,NA
646230,FALSE,TRUE,TRUE,NA
144986,FALSE,FALSE,FALSE,NA
320201,FALSE,TRUE,FALSE,NA
893227,FALSE,FALSE,FALSE,NA
537265,TRUE,FALSE,TRUE,NA
591373,FALSE,FALSE,TRUE,NA
362519,FALSE,FALSE,TRUE,NA
971414,FALSE,FALSE,FALSE,NA
297846,FALSE,FALSE,TRUE,NA
771084,FALSE,TRUE,FALSE,NA
785035,FALSE,TRUE,FALSE,NA
679035,FALSE,FALSE,FALSE,NA
190491,FALSE,TRUE,TRUE,NA
255237,FALSE,FALSE,TRUE,NA
977390,FALSE,FALSE,FALSE,NA
775061,FALSE,FALSE,FALSE,NA
501564,FALSE,FALSE,FALSE,NA
526625,FALSE,TRUE,TRUE,NA
451030,FALSE,FALSE,FALSE,NA
986714,TRUE,FALSE,TRUE,NA
356717,TRUE,TRUE,FALSE,NA
236228,FALSE,FALSE,TRUE,NA
474789,FALSE,FALSE,FALSE,NA
507076,FALSE,TRUE,FALSE,NA
376328,FALSE,FALSE,TRUE,NA
739544,FALSE,FALSE,FALSE,NA
854730,FALSE,FALSE,TRUE,NA
297347,FALSE,FALSE,TRUE,NA
359575,FALSE,FALSE,FALSE,NA
235227,FALSE,TRUE,FALSE,NA
947347,FALSE,TRUE,FALSE,NA
37501,FALSE,FALSE,TRUE,NA
984110,FALSE,FALSE,FALSE,NA
850808,FALSE,TRUE,FALSE,NA
125593,FALSE,TRUE,FALSE,NA
353283,FALSE,TRUE,FALSE,NA
913959,FALSE,FALSE,FALSE,NA
608538,FALSE,FALSE,FALSE,NA
980219,TRUE,FALSE,FALSE,NA
882132,TRUE,FALSE,FALSE,NA
326060,FALSE,TRUE,TRUE,NA
131402,FALSE,TRUE,TRUE,NA
136518,TRUE,TRUE,TRUE,NA
430998,FALSE,FALSE,TRUE,NA
102873,FALSE,FALSE,FALSE,NA
130471,FALSE,FALSE,TRUE,NA
36265,FALSE,TRUE,FALSE,NA
96575,FALSE,TRUE,TRUE,NA
896537,FALSE,FALSE,TRUE,NA
626163,FALSE,TRUE,FALSE,NA
2357,FALSE,FALSE,FALSE,NA
923215,FALSE,FALSE,TRUE,NA
960151,FALSE,FALSE,FALSE,NA
395839,FALSE,TRUE,TRUE,NA
350812,FALSE,FALSE,FALSE,NA
191968,TRUE,TRUE,FALSE,NA
293475,TRUE,FALSE,FALSE,NA
654662,TRUE,TRUE,FALSE,NA
796229,FALSE,TRUE,FALSE,NA
796992,FALSE,FALSE,FALSE,NA
374599,FALSE,FALSE,TRUE,NA
738307,FALSE,TRUE,FALSE,NA
65674,FALSE,FALSE,FALSE,NA
8965,FALSE,FALSE,TRUE,NA
202477,FALSE,TRUE,FALSE,NA
594623,FALSE,FALSE,FALSE,NA
656771,FALSE,FALSE,TRUE,NA
879049,TRUE,TRUE,TRUE,NA
467160,FALSE,FALSE,FALSE,NA
353046,FALSE,FALSE,FALSE,NA
355533,FALSE,FALSE,FALSE,NA
730659,FALSE,FALSE,FALSE,NA
979081,FALSE,TRUE,FALSE,NA
210905,FALSE,FALSE,TRUE,NA
376729,FALSE,TRUE,FALSE,NA
775224,FALSE,FALSE,TRUE,NA
519647,FALSE,TRUE,TRUE,NA
653632,FALSE,TRUE,TRUE,NA
963060,FALSE,FALSE,FALSE,NA
342918,FALSE,FALSE,FALSE,NA
795230,FALSE,FALSE,FALSE,NA
716675,FALSE,TRUE,FALSE,NA
998333,FALSE,FALSE,FALSE,NA
736781,FALSE,FALSE,TRUE,NA
667620,FALSE,FALSE,TRUE,NA
921689,TRUE,TRUE,FALSE,NA
199578,FALSE,FALSE,FALSE,NA
213763,FALSE,FALSE,FALSE,NA
905413,FALSE,FALSE,TRUE,NA
403374,FALSE,FALSE,TRUE,NA
748283,TRUE,TRUE,TRUE,NA
957658,FALSE,TRUE,FALSE,NA
349113,TRUE,FALSE,TRUE,NA
426594,TRUE,FALSE,FALSE,NA
209136,FALSE,FALSE,TRUE,NA
311690,TRUE,TRUE,TRUE,NA
410310,FALSE,TRUE,TRUE,NA
38434,TRUE,FALSE,FALSE,NA
542874,FALSE,FALSE,FALSE,NA
895787,FALSE,TRUE,FALSE,NA
715966,FALSE,FALSE,FALSE,NA
214850,FALSE,FALSE,FALSE,NA
99836,FALSE,TRUE,FALSE,NA
76155,TRUE,FALSE,FALSE,NA
165368,FALSE,FALSE,TRUE,NA
522942,FALSE,FALSE,FALSE,NA
571077,FALSE,TRUE,TRUE,NA
802617,FALSE,FALSE,TRUE,NA
388623,FALSE,TRUE,FALSE,NA
463932,FALSE,FALSE,TRUE,NA
188980,TRUE,TRUE,FALSE,NA
598615,FALSE,TRUE,FALSE,NA
920178,FALSE,FALSE,FALSE,NA
794884,FALSE,TRUE,FALSE,NA
938650,FALSE,FALSE,FALSE,NA
653969,FALSE,TRUE,FALSE,NA
924043,TRUE,TRUE,TRUE,NA
673657,FALSE,TRUE,TRUE,NA
188422,FALSE,TRUE,TRUE,NA
87764,FALSE,FALSE,TRUE,NA
134854,TRUE,FALSE,FALSE,NA
10574,FALSE,FALSE,FALSE,NA
282990,FALSE,FALSE,TRUE,NA
156141,FALSE,FALSE,FALSE,NA
614996,TRUE,TRUE,FALSE,NA
289863,FALSE,FALSE,FALSE,NA
546792,FALSE,TRUE,FALSE,NA
625974,FALSE,TRUE,FALSE,NA
832329,FALSE,TRUE,FALSE,NA
150579,FALSE,FALSE,TRUE,NA
334357,TRUE,TRUE,TRUE,NA
599375,TRUE,TRUE,FALSE,NA
582652,FALSE,FALSE,FALSE,NA
884759,FALSE,FALSE,FALSE,NA
339978,FALSE,FALSE,TRUE,NA
973489,FALSE,TRUE,TRUE,NA
946798,FALSE,TRUE,FALSE,NA
633260,TRUE,FALSE,FALSE,NA
100453,FALSE,FALSE,FALSE,NA
274533,FALSE,FALSE,FALSE,NA
315069,FALSE,FALSE,FALSE,NA
849056,FALSE,TRUE,FALSE,NA
79776,FALSE,TRUE,FALSE,NA
119338,FALSE,FALSE,FALSE,NA
901837,FALSE,FALSE,FALSE,NA
405703,FALSE,TRUE,FALSE,NA
349658,FALSE,TRUE,FALSE,NA
747620,FALSE,FALSE,FALSE,NA
394837,FALSE,FALSE,FALSE,NA
483824,FALSE,FALSE,FALSE,NA
798236,FALSE,FALSE,FALSE,NA
965553,FALSE,FALSE,FALSE,NA
209217,FALSE,FALSE,FALSE,NA
723758,FALSE,TRUE,FALSE,NA
936326,FALSE,FALSE,FALSE,NA
539583,FALSE,FALSE,FALSE,NA
945488,FALSE,TRUE,FALSE,NA
845157,FALSE,FALSE,FALSE,NA
579200,TRUE,FALSE,TRUE,NA
566907,FALSE,FALSE,TRUE,NA
751806,FALSE,FALSE,TRUE,NA
519845,FALSE,FALSE,TRUE,NA
236839,TRUE,TRUE,FALSE,NA
593502,FALSE,FALSE,FALSE,NA
261497,TRUE,FALSE,FALSE,NA
582101,FALSE,FALSE,FALSE,NA
387251,FALSE,TRUE,FALSE,NA
416644,FALSE,TRUE,TRUE,NA
232027,TRUE,FALSE,TRUE,NA
906007,FALSE,TRUE,FALSE,NA
906864,FALSE,FALSE,TRUE,NA
829102,FALSE,TRUE,TRUE,NA
835443,FALSE,FALSE,TRUE,NA
975349,FALSE,FALSE,FALSE,NA
647106,FALSE,FALSE,FALSE,NA
535003,TRUE,TRUE,FALSE,NA
522036,FALSE,FALSE,FALSE,NA
831466,FALSE,FALSE,TRUE,NA
562760,FALSE,FALSE,TRUE,NA
243168,TRUE,TRUE,FALSE,NA
648708,FALSE,FALSE,FALSE,NA
81592,FALSE,FALSE,FALSE,NA
844340,FALSE,FALSE,FALSE,NA
816506,FALSE,FALSE,TRUE,NA
500392,FALSE,FALSE,FALSE,NA
74225,FALSE,FALSE,FALSE,NA
552245,TRUE,FALSE,FALSE,NA
462292,FALSE,FALSE,FALSE,NA
610052,FALSE,FALSE,FALSE,NA
239445,TRUE,TRUE,TRUE,NA
962949,TRUE,TRUE,FALSE,NA
966204,TRUE,FALSE,TRUE,NA
754579,FALSE,FALSE,FALSE,NA
616543,TRUE,TRUE,TRUE,NA
6847,FALSE,TRUE,FALSE,NA
696643,TRUE,TRUE,TRUE,NA
672579,FALSE,FALSE,FALSE,NA
929559,FALSE,TRUE,FALSE,NA
887913,FALSE,TRUE,TRUE,NA
673592,FALSE,FALSE,TRUE,NA
202267,FALSE,FALSE,TRUE,NA
374364,FALSE,TRUE,FALSE,NA
621775,FALSE,FALSE,FALSE,NA
939906,FALSE,TRUE,FALSE,NA
62843,FALSE,TRUE,TRUE,NA
337680,TRUE,TRUE,FALSE,NA
409253,FALSE,FALSE,FALSE,NA
342887,TRUE,FALSE,TRUE,NA
152604,TRUE,TRUE,FALSE,NA
783861,FALSE,FALSE,TRUE,NA
517721,FALSE,FALSE,TRUE,NA
244842,FALSE,TRUE,TRUE,NA
404870,FALSE,TRUE,FALSE,NA
714985,FALSE,FALSE,TRUE,NA
900171,TRUE,TRUE,TRUE,NA
583910,FALSE,FALSE,TRUE,NA
590666,FALSE,FALSE,FALSE,NA
406436,FALSE,TRUE,FALSE,NA
909140,FALSE,TRUE,FALSE,NA
216955,FALSE,FALSE,FALSE,NA
472619,FALSE,TRUE,FALSE,NA
422967,FALSE,TRUE,TRUE,NA
393216,TRUE,TRUE,TRUE,NA
911863,FALSE,FALSE,TRUE,NA
428937,FALSE,TRUE,FALSE,NA
493934,FALSE,TRUE,TRUE,NA
462996,FALSE,TRUE,FALSE,NA
477180,TRUE,TRUE,TRUE,NA
230381,FALSE,FALSE,FALSE,NA
389194,FALSE,FALSE,TRUE,NA
459459,FALSE,TRUE,TRUE,NA
282431,FALSE,FALSE,TRUE,NA
596519,FALSE,TRUE,TRUE,NA
83714,FALSE,TRUE,TRUE,NA
244930,FALSE,FALSE,TRUE,NA
86406,FALSE,TRUE,FALSE,NA
712497,FALSE,FALSE,FALSE,NA
917989,FALSE,FALSE,FALSE,NA
632335,FALSE,TRUE,FALSE,NA
253437,FALSE,TRUE,TRUE,NA
750412,FALSE,TRUE,TRUE,NA
510932,FALSE,TRUE,TRUE,NA
456565,TRUE,TRUE,FALSE,NA
556847,FALSE,FALSE,TRUE,NA
25524,FALSE,TRUE,FALSE,NA
118165,FALSE,FALSE,FALSE,NA
777014,FALSE,TRUE,FALSE,NA
580605,FALSE,TRUE,FALSE,NA
588985,FALSE,FALSE,FALSE,NA
593631,FALSE,FALSE,FALSE,NA
893591,FALSE,FALSE,TRUE,NA
800632,FALSE,FALSE,FALSE,NA
484600,FALSE,FALSE,TRUE,NA
927854,FALSE,TRUE,TRUE,NA
235715,TRUE,FALSE,FALSE,NA
312859,FALSE,FALSE,FALSE,NA
539438,FALSE,TRUE,FALSE,NA
150913,FALSE,TRUE,TRUE,NA
764100,FALSE,FALSE,TRUE,NA
864187,FALSE,FALSE,TRUE,NA
81056,FALSE,FALSE,FALSE,NA
786443,TRUE,TRUE,FALSE,NA
324163,FALSE,TRUE,FALSE,NA
46124,FALSE,TRUE,FALSE,NA
538560,TRUE,FALSE,TRUE,NA
76966,FALSE,FALSE,TRUE,NA
639484,TRUE,FALSE,FALSE,NA
340829,FALSE,FALSE,FALSE,NA
12250,TRUE,FALSE,TRUE,NA
642044,FALSE,FALSE,FALSE,NA
544301,FALSE,TRUE,TRUE,NA
727435,FALSE,FALSE,FALSE,NA
274779,FALSE,FALSE,FALSE,NA
685278,FALSE,FALSE,FALSE,NA
316550,TRUE,TRUE,FALSE,NA
998141,TRUE,FALSE,TRUE,NA
792904,FALSE,FALSE,FALSE,NA
550555,FALSE,FALSE,FALSE,NA
692908,FALSE,FALSE,FALSE,NA
316918,FALSE,TRUE,FALSE,NA
754717,FALSE,FALSE,TRUE,NA
889524,FALSE,FALSE,FALSE,NA
589014,FALSE,FALSE,FALSE,NA
685886,FALSE,FALSE,FALSE,NA
125772,FALSE,FALSE,TRUE,NA
749596,FALSE,TRUE,TRUE,NA
489421,FALSE,FALSE,FALSE,NA
429923,FALSE,FALSE,FALSE,NA
35666,FALSE,TRUE,FALSE,NA
138971,FALSE,FALSE,FALSE,NA
184893,FALSE,FALSE,FALSE,NA
372755,FALSE,TRUE,TRUE,NA
50433,FALSE,FALSE,FALSE,NA
135018,TRUE,FALSE,TRUE,NA
11932,FALSE,FALSE,TRUE,NA
810070,FALSE,TRUE,TRUE,NA
500829,FALSE,TRUE,FALSE,NA
166512,TRUE,FALSE,FALSE,NA
633378,FALSE,TRUE,FALSE,NA
86463,FALSE,FALSE,FALSE,NA
612140,FALSE,FALSE,TRUE,NA
332977,FALSE,TRUE,FALSE,NA
434553,FALSE,TRUE,TRUE,NA
574784,FALSE,FALSE,FALSE,NA
682699,FALSE,FALSE,TRUE,NA
154330,FALSE,FALSE,TRUE,NA
367863,FALSE,FALSE,FALSE,NA
985240,FALSE,TRUE,FALSE,NA
179654,FALSE,TRUE,TRUE,NA
223681,FALSE,FALSE,FALSE,NA
643157,FALSE,TRUE,FALSE,NA
663446,FALSE,FALSE,FALSE,NA
75123,TRUE,FALSE,TRUE,NA
34192,FALSE,TRUE,FALSE,NA
846442,TRUE,TRUE,FALSE,NA
917215,FALSE,FALSE,FALSE,NA
84565,FALSE,TRUE,FALSE,NA
645019,FALSE,TRUE,TRUE,NA
530641,FALSE,FALSE,TRUE,NA
583403,TRUE,FALSE,TRUE,NA
197107,TRUE,FALSE,FALSE,NA
810439,FALSE,FALSE,FALSE,NA
386375,FALSE,FALSE,TRUE,NA
490047,TRUE,FALSE,FALSE,NA
441445,FALSE,FALSE,FALSE,NA
206648,FALSE,TRUE,FALSE,NA
948838,FALSE,TRUE,TRUE,NA
6924,FALSE,FALSE,FALSE,NA
997729,FALSE,FALSE,TRUE,NA
124163,FALSE,FALSE,FALSE,NA
710825,FALSE,TRUE,FALSE,NA
627913,FALSE,FALSE,TRUE,NA
228533,TRUE,TRUE,TRUE,NA
338595,TRUE,TRUE,TRUE,NA
572300,FALSE,FALSE,TRUE,NA
649804,FALSE,FALSE,TRUE,NA
96055,TRUE,TRUE,FALSE,NA
849485,FALSE,FALSE,TRUE,NA
291354,FALSE,TRUE,TRUE,NA
524177,FALSE,FALSE,FALSE,NA
370245,FALSE,FALSE,TRUE,NA
692842,FALSE,TRUE,TRUE,NA
775943,FALSE,FALSE,FALSE,NA
430578,TRUE,FALSE,TRUE,NA
564254,FALSE,FALSE,FALSE,NA
265852,FALSE,TRUE,FALSE,NA
93192,TRUE,TRUE,TRUE,NA
261895,TRUE,FALSE,TRUE,NA
123432,FALSE,FALSE,FALSE,NA
819563,FALSE,FALSE,FALSE,NA
452917,FALSE,FALSE,TRUE,NA
647386,FALSE,FALSE,TRUE,NA
411311,FALSE,TRUE,FALSE,NA
491253,TRUE,TRUE,TRUE,NA
153415,FALSE,FALSE,FALSE,NA
91359,FALSE,FALSE,FALSE,NA
960637,FALSE,FALSE,TRUE,NA
812531,FALSE,TRUE,TRUE,NA
345952,TRUE,TRUE,FALSE,NA
343515,FALSE,FALSE,FALSE,NA
184347,FALSE,FALSE,FALSE,NA
976207,FALSE,FALSE,FALSE,NA
37359,FALSE,TRUE,FALSE,NA
243160,TRUE,TRUE,FALSE,NA
787500,TRUE,TRUE,FALSE,NA
312610,TRUE,FALSE,TRUE,NA
418136,FALSE,FALSE,TRUE,NA
354373,FALSE,FALSE,FALSE,NA
58007,FALSE,TRUE,TRUE,NA
597237,FALSE,FALSE,FALSE,NA
723968,FALSE,TRUE,TRUE,NA
517314,FALSE,TRUE,FALSE,NA
459451,TRUE,FALSE,FALSE,NA
183970,FALSE,FALSE,TRUE,NA
389202,FALSE,TRUE,FALSE,NA
549097,FALSE,FALSE,TRUE,NA
59568,FALSE,TRUE,FALSE,NA
786920,FALSE,FALSE,FALSE,NA
908569,FALSE,FALSE,FALSE,NA
977822,FALSE,FALSE,FALSE,NA
63205,FALSE,TRUE,FALSE,NA
436388,TRUE,TRUE,FALSE,NA
707284,FALSE,FALSE,TRUE,NA
697256,FALSE,TRUE,FALSE,NA
380131,FALSE,FALSE,FALSE,NA
235027,FALSE,TRUE,FALSE,NA
184299,TRUE,FALSE,FALSE,NA
487392,FALSE,TRUE,FALSE,NA
964782,TRUE,FALSE,FALSE,NA
134953,FALSE,FALSE,TRUE,NA
883460,FALSE,FALSE,FALSE,NA
55298,FALSE,TRUE,FALSE,NA
112036,FALSE,TRUE,FALSE,NA
573163,FALSE,TRUE,TRUE,NA
521235,TRUE,FALSE,FALSE,NA
353409,FALSE,TRUE,TRUE,NA
845709,FALSE,FALSE,FALSE,NA
79896,FALSE,TRUE,FALSE,NA
485083,FALSE,FALSE,FALSE,NA
76043,FALSE,FALSE,FALSE,NA
628131,FALSE,FALSE,FALSE,NA
301687,FALSE,FALSE,FALSE,NA
645393,TRUE,FALSE,TRUE,NA
509071,FALSE,TRUE,TRUE,NA
695784,FALSE,FALSE,FALSE,NA
501683,FALSE,FALSE,TRUE,NA
602465,FALSE,FALSE,FALSE,NA
569369,FALSE,FALSE,TRUE,NA
406321,FALSE,FALSE,TRUE,NA
613018,FALSE,FALSE,FALSE,NA
423864,FALSE,TRUE,FALSE,NA
757303,FALSE,FALSE,FALSE,NA
114613,FALSE,TRUE,FALSE,NA
898300,FALSE,FALSE,FALSE,NA
321657,FALSE,FALSE,FALSE,NA
358283,FALSE,FALSE,FALSE,NA
128712,FALSE,FALSE,TRUE,NA
762358,FALSE,TRUE,FALSE,NA
359922,FALSE,TRUE,TRUE,NA
720683,FALSE,TRUE,TRUE,NA
619385,FALSE,TRUE,TRUE,NA
31596,FALSE,FALSE,TRUE,NA
55849,TRUE,FALSE,FALSE,NA
249823,FALSE,TRUE,TRUE,NA
275840,TRUE,FALSE,FALSE,NA
481677,FALSE,FALSE,TRUE,NA
590321,TRUE,FALSE,FALSE,NA
691757,FALSE,TRUE,FALSE,NA
36181,FALSE,FALSE,FALSE,NA
49772,FALSE,TRUE,FALSE,NA
908400,FALSE,FALSE,FALSE,NA
438205,FALSE,TRUE,TRUE,NA
237609,FALSE,TRUE,TRUE,NA
477476,FALSE,FALSE,TRUE,NA
160512,TRUE,TRUE,FALSE,NA
276898,FALSE,FALSE,FALSE,NA
951152,FALSE,TRUE,FALSE,NA
220159,FALSE,FALSE,FALSE,NA
290218,FALSE,TRUE,FALSE,NA
122045,FALSE,FALSE,FALSE,NA
844447,FALSE,TRUE,TRUE,NA
65879,FALSE,FALSE,FALSE,NA
556408,FALSE,FALSE,FALSE,NA
248719,FALSE,FALSE,FALSE,NA
122785,TRUE,FALSE,TRUE,NA
661167,TRUE,FALSE,FALSE,NA
268696,FALSE,TRUE,FALSE,NA
106621,FALSE,FALSE,FALSE,NA
322284,FALSE,FALSE,FALSE,NA
370335,TRUE,TRUE,FALSE,NA
913863,FALSE,TRUE,FALSE,NA
461569,FALSE,FALSE,FALSE,NA
347486,FALSE,TRUE,FALSE,NA
690805,FALSE,TRUE,TRUE,NA
759802,FALSE,FALSE,FALSE,NA
428493,TRUE,TRUE,FALSE,NA
608470,FALSE,FALSE,FALSE,NA
497012,FALSE,TRUE,TRUE,NA
944286,FALSE,FALSE,FALSE,NA
427056,FALSE,FALSE,TRUE,NA
904346,FALSE,FALSE,TRUE,NA
854911,FALSE,FALSE,FALSE,NA
793024,FALSE,FALSE,TRUE,NA
752066,FALSE,FALSE,FALSE,NA
320290,TRUE,TRUE,TRUE,NA
657195,FALSE,FALSE,TRUE,NA
679533,TRUE,FALSE,FALSE,NA
796372,TRUE,FALSE,TRUE,NA
369498,FALSE,FALSE,FALSE,NA
499098,FALSE,FALSE,FALSE,NA
926550,FALSE,FALSE,FALSE,NA
785861,FALSE,FALSE,FALSE,NA
746829,FALSE,TRUE,TRUE,NA
543470,FALSE,FALSE,FALSE,NA
443077,FALSE,TRUE,FALSE,NA
959224,FALSE,FALSE,FALSE,NA
589850,TRUE,TRUE,FALSE,NA
641008,FALSE,TRUE,FALSE,NA
746265,FALSE,TRUE,FALSE,NA
783944,FALSE,FALSE,TRUE,NA
731601,TRUE,FALSE,FALSE,NA
35272,FALSE,FALSE,FALSE,NA
960513,FALSE,TRUE,FALSE,NA
406186,FALSE,FALSE,FALSE,NA
275775,FALSE,FALSE,FALSE,NA
902754,FALSE,TRUE,FALSE,NA
981604,FALSE,FALSE,FALSE,NA
942191,FALSE,FALSE,FALSE,NA
332665,FALSE,TRUE,TRUE,NA
12886,FALSE,TRUE,TRUE,NA
635467,FALSE,FALSE,TRUE,NA
126167,FALSE,FALSE,FALSE,NA
855037,FALSE,FALSE,TRUE,NA
998674,FALSE,FALSE,FALSE,NA
112265,TRUE,TRUE,FALSE,NA
597793,FALSE,FALSE,FALSE,NA
509618,FALSE,FALSE,FALSE,NA
904952,TRUE,FALSE,FALSE,NA
683376,FALSE,FALSE,TRUE,NA
894677,FALSE,TRUE,FALSE,NA
129480,FALSE,TRUE,TRUE,NA
875766,FALSE,FALSE,FALSE,NA
456720,FALSE,TRUE,FALSE,NA
449325,FALSE,TRUE,FALSE,NA
876494,FALSE,FALSE,TRUE,NA
468000,TRUE,FALSE,FALSE,NA
268966,FALSE,FALSE,FALSE,NA
361314,FALSE,TRUE,FALSE,NA
771698,FALSE,FALSE,TRUE,NA
797354,TRUE,FALSE,TRUE,NA
382402,FALSE,FALSE,TRUE,NA
147714,TRUE,FALSE,FALSE,NA
318053,FALSE,TRUE,FALSE,NA
651071,FALSE,TRUE,TRUE,NA
103173,TRUE,TRUE,TRUE,NA
142650,FALSE,FALSE,FALSE,NA
325140,FALSE,TRUE,TRUE,NA
394227,FALSE,FALSE,TRUE,NA
129258,FALSE,TRUE,FALSE,NA
660838,FALSE,TRUE,TRUE,NA
528230,FALSE,TRUE,FALSE,NA
686111,FALSE,FALSE,TRUE,NA
508924,FALSE,FALSE,FALSE,NA
824751,FALSE,FALSE,FALSE,NA
230307,FALSE,FALSE,TRUE,NA
280326,FALSE,FALSE,FALSE,NA
104011,FALSE,FALSE,FALSE,NA
870811,TRUE,TRUE,FALSE,NA
267212,FALSE,TRUE,FALSE,NA
831413,FALSE,TRUE,FALSE,NA
51827,FALSE,TRUE,FALSE,NA
618139,TRUE,FALSE,FALSE,NA
410384,FALSE,TRUE,TRUE,NA
972038,FALSE,TRUE,FALSE,NA
258030,FALSE,TRUE,TRUE,NA
667095,FALSE,FALSE,FALSE,NA
525290,FALSE,TRUE,FALSE,NA
902614,TRUE,TRUE,FALSE,NA
359180,FALSE,FALSE,FALSE,NA
37453,FALSE,FALSE,FALSE,NA
696512,FALSE,FALSE,TRUE,NA
666587,TRUE,TRUE,FALSE,NA
562948,FALSE,FALSE,FALSE,NA
969321,FALSE,FALSE,FALSE,NA
113318,FALSE,FALSE,TRUE,NA
851236,FALSE,FALSE,TRUE,NA
904105,FALSE,TRUE,FALSE,NA
743903,TRUE,FALSE,FALSE,NA
464017,FALSE,TRUE,TRUE,NA
722812,FALSE,FALSE,FALSE,NA
795332,FALSE,FALSE,TRUE,NA
852554,TRUE,FALSE,FALSE,NA
281513,FALSE,TRUE,FALSE,NA
512422,FALSE,FALSE,FALSE,NA
722545,FALSE,TRUE,FALSE,NA
744135,FALSE,FALSE,FALSE,NA
809611,FALSE,FALSE,TRUE,NA
180237,FALSE,FALSE,FALSE,NA
795162,FALSE,FALSE,FALSE,NA
109118,FALSE,FALSE,FALSE,NA
232273,FALSE,TRUE,TRUE,NA
449965,FALSE,FALSE,TRUE,NA
701439,TRUE,FALSE,TRUE,NA
201993,FALSE,FALSE,TRUE,NA
104667,FALSE,TRUE,FALSE,NA
227500,TRUE,FALSE,TRUE,NA
86083,FALSE,FALSE,FALSE,NA
274129,FALSE,TRUE,TRUE,NA
591877,FALSE,TRUE,FALSE,NA
241278,FALSE,TRUE,TRUE,NA
459738,FALSE,FALSE,FALSE,NA
578372,FALSE,FALSE,FALSE,NA
848537,FALSE,TRUE,FALSE,NA
917178,FALSE,FALSE,FALSE,NA
695087,FALSE,TRUE,FALSE,NA
404550,FALSE,TRUE,FALSE,NA
452069,FALSE,TRUE,FALSE,NA
916399,FALSE,FALSE,TRUE,NA
84878,FALSE,FALSE,TRUE,NA
805699,FALSE,FALSE,FALSE,NA
204887,TRUE,TRUE,FALSE,NA
582916,FALSE,TRUE,TRUE,NA
98436,FALSE,TRUE,FALSE,NA
56918,TRUE,TRUE,TRUE,NA
510699,FALSE,TRUE,FALSE,NA
712741,TRUE,FALSE,FALSE,NA
115861,TRUE,TRUE,TRUE,NA
133242,FALSE,FALSE,TRUE,NA
563605,FALSE,FALSE,FALSE,NA
202600,FALSE,FALSE,FALSE,NA
873287,TRUE,FALSE,FALSE,NA
42812,FALSE,FALSE,FALSE,NA
485564,FALSE,FALSE,TRUE,NA
597845,FALSE,FALSE,TRUE,NA
964012,FALSE,FALSE,FALSE,NA
744597,FALSE,FALSE,FALSE,NA
762816,FALSE,FALSE,TRUE,NA
246353,FALSE,FALSE,FALSE,NA
960950,FALSE,TRUE,TRUE,NA
494755,FALSE,TRUE,FALSE,NA
550490,FALSE,FALSE,TRUE,NA
85638,FALSE,FALSE,FALSE,NA
976674,FALSE,TRUE,TRUE,NA
587259,FALSE,FALSE,TRUE,NA
533756,FALSE,FALSE,TRUE,NA
546365,FALSE,TRUE,TRUE,NA
811459,FALSE,FALSE,TRUE,NA
455336,FALSE,FALSE,FALSE,NA
643573,FALSE,FALSE,TRUE,NA
783516,FALSE,FALSE,FALSE,NA
988041,FALSE,FALSE,TRUE,NA
323479,FALSE,FALSE,FALSE,NA
473039,FALSE,FALSE,FALSE,NA
736921,FALSE,FALSE,FALSE,NA
933016,FALSE,FALSE,FALSE,NA
771694,FALSE,FALSE,FALSE,NA
371245,TRUE,FALSE,TRUE,NA
367940,FALSE,FALSE,FALSE,NA
623376,FALSE,FALSE,FALSE,NA
683871,FALSE,TRUE,TRUE,NA
680020,FALSE,TRUE,FALSE,NA
511904,TRUE,FALSE,FALSE,NA
656111,FALSE,FALSE,FALSE,NA
858721,FALSE,FALSE,TRUE,NA
581299,FALSE,TRUE,FALSE,NA
419846,FALSE,FALSE,TRUE,NA
516767,TRUE,FALSE,FALSE,NA
723631,FALSE,FALSE,FALSE,NA
229662,FALSE,TRUE,FALSE,NA
691060,FALSE,FALSE,FALSE,NA
523644,FALSE,FALSE,TRUE,NA
336046,TRUE,FALSE,FALSE,NA
980050,FALSE,FALSE,FALSE,NA
694022,FALSE,FALSE,FALSE,NA
456050,FALSE,FALSE,FALSE,NA
831665,FALSE,TRUE,FALSE,NA
635455,FALSE,TRUE,FALSE,NA
615108,FALSE,FALSE,FALSE,NA
357720,FALSE,FALSE,TRUE,NA
610361,FALSE,FALSE,FALSE,NA
263772,FALSE,FALSE,TRUE,NA
421946,FALSE,TRUE,TRUE,NA
206337,FALSE,TRUE,FALSE,NA
279071,TRUE,TRUE,FALSE,NA
592493,TRUE,FALSE,FALSE,NA
193127,FALSE,FALSE,FALSE,NA
169427,TRUE,TRUE,TRUE,NA
436127,FALSE,FALSE,FALSE,NA
605556,FALSE,TRUE,FALSE,NA
716079,FALSE,FALSE,FALSE,NA
546260,TRUE,FALSE,FALSE,NA
156446,FALSE,FALSE,FALSE,NA
405907,TRUE,TRUE,FALSE,NA
116207,FALSE,FALSE,TRUE,NA
230338,FALSE,FALSE,FALSE,NA
638176,FALSE,FALSE,TRUE,NA
525426,FALSE,FALSE,FALSE,NA
443580,FALSE,FALSE,TRUE,NA
842171,FALSE,FALSE,FALSE,NA
133438,FALSE,TRUE,FALSE,NA
27884,FALSE,TRUE,FALSE,NA
724797,TRUE,TRUE,FALSE,NA
657882,FALSE,FALSE,FALSE,NA
671587,FALSE,TRUE,FALSE,NA
81251,FALSE,TRUE,FALSE,NA
770615,FALSE,TRUE,FALSE,NA
254637,TRUE,FALSE,FALSE,NA
120131,FALSE,FALSE,FALSE,NA
810145,FALSE,TRUE,TRUE,NA
582090,FALSE,FALSE,TRUE,NA
603152,FALSE,TRUE,FALSE,NA
124309,FALSE,TRUE,FALSE,NA
667138,FALSE,TRUE,FALSE,NA
465849,FALSE,FALSE,FALSE,NA
399107,TRUE,TRUE,FALSE,NA
517733,TRUE,FALSE,FALSE,NA
148039,TRUE,FALSE,FALSE,NA
474844,FALSE,TRUE,FALSE,NA
665175,FALSE,FALSE,FALSE,NA
545326,FALSE,FALSE,TRUE,NA
701528,FALSE,FALSE,TRUE,NA
558632,FALSE,FALSE,FALSE,NA
303666,FALSE,FALSE,TRUE,NA
834625,FALSE,FALSE,FALSE,NA
832119,FALSE,FALSE,FALSE,NA
180929,FALSE,FALSE,TRUE,NA
769878,FALSE,FALSE,FALSE,NA
911767,FALSE,TRUE,TRUE,NA
608231,FALSE,FALSE,TRUE,NA
346802,FALSE,TRUE,FALSE,NA
557663,FALSE,FALSE,FALSE,NA
126694,FALSE,FALSE,FALSE,NA
85160,FALSE,FALSE,FALSE,NA
16643,TRUE,TRUE,FALSE,NA
854678,FALSE,FALSE,FALSE,NA
981007,FALSE,TRUE,FALSE,NA
441943,FALSE,FALSE,FALSE,NA
828394,FALSE,FALSE,TRUE,NA
658530,FALSE,FALSE,FALSE,NA
638879,FALSE,FALSE,TRUE,NA
755058,TRUE,TRUE,FALSE,NA
649201,FALSE,FALSE,FALSE,NA
387033,FALSE,TRUE,FALSE,NA
773732,FALSE,FALSE,FALSE,NA
75359,TRUE,TRUE,FALSE,NA
116719,FALSE,TRUE,FALSE,NA
130097,TRUE,TRUE,FALSE,NA
163524,TRUE,FALSE,FALSE,NA
130780,FALSE,TRUE,TRUE,NA
988058,FALSE,FALSE,TRUE,NA
220018,FALSE,FALSE,TRUE,NA
542899,TRUE,FALSE,FALSE,NA
492791,FALSE,FALSE,TRUE,NA
173896,FALSE,TRUE,FALSE,NA
162310,FALSE,FALSE,TRUE,NA
187935,FALSE,TRUE,FALSE,NA
315747,FALSE,FALSE,FALSE,NA
699045,FALSE,FALSE,FALSE,NA
373745,FALSE,TRUE,TRUE,NA
230898,FALSE,FALSE,FALSE,NA
750615,TRUE,FALSE,TRUE,NA
759520,FALSE,TRUE,TRUE,NA
25893,TRUE,FALSE,FALSE,NA
685595,FALSE,FALSE,FALSE,NA
335633,FALSE,TRUE,FALSE,NA
329483,FALSE,FALSE,TRUE,NA
832480,FALSE,FALSE,FALSE,NA
329360,FALSE,TRUE,FALSE,NA
377939,FALSE,TRUE,FALSE,NA
827176,TRUE,TRUE,FALSE,NA
538806,FALSE,FALSE,FALSE,NA
218045,FALSE,FALSE,FALSE,NA
974647,FALSE,FALSE,TRUE,NA
259493,FALSE,TRUE,TRUE,NA
184942,FALSE,TRUE,FALSE,NA
494851,FALSE,FALSE,FALSE,NA
656554,FALSE,FALSE,TRUE,NA
150938,FALSE,FALSE,FALSE,NA
997416,FALSE,FALSE,FALSE,NA
585337,FALSE,TRUE,TRUE,NA
644061,FALSE,TRUE,FALSE,NA
447184,FALSE,TRUE,FALSE,NA
334854,FALSE,FALSE,FALSE,NA
426536,FALSE,FALSE,FALSE,NA
503525,FALSE,TRUE,TRUE,NA
306188,FALSE,FALSE,TRUE,NA
299737,FALSE,FALSE,FALSE,NA
301033,TRUE,FALSE,FALSE,NA
749218,FALSE,TRUE,TRUE,NA
80194,TRUE,FALSE,FALSE,NA
930131,TRUE,FALSE,FALSE,NA
174869,FALSE,FALSE,FALSE,NA
227819,FALSE,TRUE,TRUE,NA
660846,FALSE,TRUE,FALSE,NA
514084,FALSE,FALSE,FALSE,NA
336128,FALSE,FALSE,TRUE,NA
899806,FALSE,TRUE,FALSE,NA
287588,FALSE,FALSE,FALSE,NA
402102,FALSE,TRUE,FALSE,NA
513519,FALSE,TRUE,FALSE,NA
722051,FALSE,FALSE,TRUE,NA
763965,FALSE,FALSE,FALSE,NA
742637,FALSE,FALSE,FALSE,NA
828102,FALSE,TRUE,FALSE,NA
110434,TRUE,FALSE,TRUE,NA
266782,FALSE,FALSE,TRUE,NA
570202,FALSE,FALSE,FALSE,NA
987509,FALSE,FALSE,FALSE,NA
149104,FALSE,FALSE,TRUE,NA
759526,FALSE,FALSE,FALSE,NA
584987,FALSE,TRUE,FALSE,NA
291714,FALSE,TRUE,FALSE,NA
318044,FALSE,FALSE,TRUE,NA
347077,FALSE,FALSE,FALSE,NA
546267,TRUE,FALSE,FALSE,NA
98236,TRUE,FALSE,FALSE,NA
579635,TRUE,FALSE,TRUE,NA
531584,FALSE,FALSE,FALSE,NA
555294,TRUE,TRUE,TRUE,NA
292240,FALSE,FALSE,FALSE,NA
698594,FALSE,TRUE,FALSE,NA
491462,FALSE,FALSE,FALSE,NA
668243,FALSE,FALSE,FALSE,NA
366990,FALSE,TRUE,TRUE,NA
795027,FALSE,FALSE,FALSE,NA
257526,FALSE,FALSE,FALSE,NA
664539,FALSE,FALSE,FALSE,NA
633985,FALSE,FALSE,FALSE,NA
855615,FALSE,FALSE,TRUE,NA
610057,FALSE,TRUE,FALSE,NA
405672,TRUE,TRUE,FALSE,NA
263932,FALSE,FALSE,FALSE,NA
589950,FALSE,FALSE,FALSE,NA
203844,FALSE,TRUE,TRUE,NA
345538,TRUE,FALSE,FALSE,NA
393,FALSE,FALSE,FALSE,NA
966985,FALSE,TRUE,TRUE,NA
589479,FALSE,FALSE,FALSE,NA
854513,FALSE,FALSE,FALSE,NA
313988,FALSE,TRUE,FALSE,NA
546028,FALSE,FALSE,FALSE,NA
604838,FALSE,TRUE,TRUE,NA
670746,FALSE,FALSE,FALSE,NA
821985,FALSE,FALSE,FALSE,NA
136274,FALSE,FALSE,TRUE,NA
875529,FALSE,FALSE,TRUE,NA
304889,FALSE,FALSE,TRUE,NA
146573,FALSE,FALSE,FALSE,NA
102806,FALSE,FALSE,TRUE,NA
338234,FALSE,TRUE,TRUE,NA
862081,FALSE,TRUE,FALSE,NA
734330,FALSE,FALSE,TRUE,NA
161318,FALSE,TRUE,TRUE,NA
920413,FALSE,TRUE,FALSE,NA
746133,FALSE,TRUE,FALSE,NA
286575,FALSE,FALSE,FALSE,NA
201811,FALSE,FALSE,FALSE,NA
514825,FALSE,FALSE,TRUE,NA
942693,TRUE,TRUE,FALSE,NA
47875,FALSE,FALSE,TRUE,NA
279274,FALSE,FALSE,FALSE,NA
381688,FALSE,TRUE,FALSE,NA
686454,TRUE,TRUE,FALSE,NA
736691,FALSE,FALSE,FALSE,NA
296218,TRUE,TRUE,TRUE,NA
33839,FALSE,FALSE,TRUE,NA
768083,FALSE,FALSE,FALSE,NA
745486,FALSE,TRUE,FALSE,NA
553831,FALSE,FALSE,FALSE,NA
355875,FALSE,TRUE,TRUE,NA
317061,FALSE,FALSE,TRUE,NA
801520,FALSE,FALSE,FALSE,NA
773700,FALSE,FALSE,FALSE,NA
897344,FALSE,TRUE,FALSE,NA
713374,FALSE,FALSE,FALSE,NA
738904,FALSE,FALSE,FALSE,NA
907977,FALSE,TRUE,FALSE,NA
337571,FALSE,FALSE,FALSE,NA
567247,FALSE,TRUE,TRUE,NA
22055,FALSE,FALSE,FALSE,NA
686714,TRUE,TRUE,FALSE,NA
527633,FALSE,FALSE,TRUE,NA
71989,FALSE,TRUE,FALSE,NA
732890,FALSE,FALSE,FALSE,NA
869416,FALSE,FALSE,TRUE,NA
593779,FALSE,FALSE,FALSE,NA
608220,FALSE,TRUE,FALSE,NA
894392,FALSE,FALSE,TRUE,NA
140508,FALSE,FALSE,TRUE,NA
515711,FALSE,FALSE,FALSE,NA
60344,FALSE,FALSE,FALSE,NA
195492,FALSE,FALSE,FALSE,NA
779935,FALSE,FALSE,FALSE,NA
466908,TRUE,TRUE,FALSE,NA
621465,FALSE,FALSE,FALSE,NA
782597,FALSE,TRUE,FALSE,NA
246646,FALSE,FALSE,FALSE,NA
91805,FALSE,TRUE,FALSE,NA
117182,FALSE,TRUE,FALSE,NA
714523,FALSE,FALSE,FALSE,NA
950671,FALSE,FALSE,FALSE,NA
877465,TRUE,TRUE,FALSE,NA
303524,FALSE,TRUE,TRUE,NA
999330,FALSE,TRUE,FALSE,NA
753539,FALSE,FALSE,TRUE,NA
23313,TRUE,FALSE,TRUE,NA
767921,FALSE,FALSE,FALSE,NA
23359,FALSE,FALSE,FALSE,NA
733260,FALSE,FALSE,TRUE,NA
102856,FALSE,FALSE,TRUE,NA
229366,FALSE,TRUE,FALSE,NA
543430,FALSE,FALSE,TRUE,NA
683927,FALSE,TRUE,TRUE,NA
198162,FALSE,TRUE,FALSE,NA
281930,FALSE,TRUE,FALSE,NA
684026,TRUE,FALSE,FALSE,NA
931379,FALSE,FALSE,FALSE,NA
367805,TRUE,FALSE,FALSE,NA
793326,TRUE,FALSE,FALSE,NA
214613,TRUE,FALSE,TRUE,NA
299545,FALSE,FALSE,TRUE,NA
211725,FALSE,FALSE,FALSE,NA
157230,FALSE,FALSE,FALSE,NA
449004,TRUE,FALSE,FALSE,NA
102630,FALSE,TRUE,FALSE,NA
593871,TRUE,FALSE,TRUE,NA
755960,FALSE,FALSE,FALSE,NA
96769,FALSE,TRUE,FALSE,NA
87123,FALSE,FALSE,FALSE,NA
65088,FALSE,TRUE,TRUE,NA
201162,TRUE,FALSE,FALSE,NA
307461,FALSE,TRUE,FALSE,NA
564797,FALSE,FALSE,TRUE,NA
542764,FALSE,TRUE,TRUE,NA
27817,FALSE,TRUE,FALSE,NA
131198,FALSE,FALSE,FALSE,NA
702014,FALSE,FALSE,TRUE,NA
479122,FALSE,FALSE,FALSE,NA
377070,TRUE,FALSE,TRUE,NA
844218,TRUE,TRUE,FALSE,NA
584233,FALSE,TRUE,FALSE,NA
722699,FALSE,TRUE,FALSE,NA
17896,FALSE,TRUE,TRUE,NA
651563,FALSE,TRUE,TRUE,NA
918089,FALSE,FALSE,TRUE,NA
399694,TRUE,FALSE,FALSE,NA
859396,FALSE,TRUE,FALSE,NA
573644,TRUE,FALSE,TRUE,NA
272456,FALSE,TRUE,TRUE,NA
668505,TRUE,FALSE,TRUE,NA
625558,FALSE,TRUE,FALSE,NA
448906,FALSE,FALSE,TRUE,NA
887874,FALSE,FALSE,FALSE,NA
990141,FALSE,FALSE,FALSE,NA
908301,TRUE,TRUE,FALSE,NA
377762,FALSE,TRUE,FALSE,NA
224450,FALSE,FALSE,FALSE,NA
86313,TRUE,FALSE,TRUE,NA
135470,TRUE,TRUE,TRUE,NA
535144,TRUE,FALSE,TRUE,NA
691915,TRUE,TRUE,FALSE,NA
396341,FALSE,TRUE,TRUE,NA
447920,FALSE,TRUE,TRUE,NA
658714,FALSE,TRUE,FALSE,NA
544064,FALSE,TRUE,TRUE,NA
962782,FALSE,FALSE,TRUE,NA
158009,FALSE,TRUE,FALSE,NA
820478,FALSE,FALSE,FALSE,NA
404900,FALSE,TRUE,TRUE,NA
229769,FALSE,FALSE,FALSE,NA
516571,FALSE,FALSE,TRUE,NA
158030,FALSE,TRUE,TRUE,NA
871441,FALSE,TRUE,FALSE,NA
686978,FALSE,TRUE,TRUE,NA
139832,FALSE,TRUE,TRUE,NA
897428,TRUE,FALSE,FALSE,NA
450760,FALSE,FALSE,FALSE,NA
63412,TRUE,FALSE,TRUE,NA
411240,FALSE,TRUE,FALSE,NA
3527,FALSE,TRUE,FALSE,NA
144024,TRUE,TRUE,FALSE,NA
354918,FALSE,FALSE,FALSE,NA
576132,FALSE,TRUE,FALSE,NA
728029,FALSE,FALSE,FALSE,NA
216615,FALSE,FALSE,FALSE,NA
971869,FALSE,FALSE,TRUE,NA
836770,FALSE,TRUE,TRUE,NA
661338,FALSE,FALSE,FALSE,NA
6922,TRUE,FALSE,TRUE,NA
552356,FALSE,FALSE,TRUE,NA
549726,FALSE,FALSE,FALSE,NA
618220,FALSE,FALSE,TRUE,NA
572177,FALSE,FALSE,FALSE,NA
299198,FALSE,FALSE,FALSE,NA
475795,FALSE,FALSE,TRUE,NA
493857,FALSE,TRUE,FALSE,NA
254835,TRUE,FALSE,FALSE,NA
61147,FALSE,FALSE,TRUE,NA
925369,FALSE,FALSE,FALSE,NA
794859,FALSE,FALSE,FALSE,NA
923142,FALSE,FALSE,FALSE,NA
775148,FALSE,FALSE,TRUE,NA
159570,FALSE,TRUE,FALSE,NA
497385,FALSE,FALSE,FALSE,NA
769633,FALSE,FALSE,FALSE,NA
309243,TRUE,FALSE,TRUE,NA
686771,FALSE,TRUE,FALSE,NA
91453,FALSE,FALSE,FALSE,NA
572249,FALSE,FALSE,TRUE,NA
601809,FALSE,FALSE,FALSE,NA
15943,TRUE,FALSE,TRUE,NA
282653,FALSE,FALSE,FALSE,NA
696357,FALSE,FALSE,FALSE,NA
755385,FALSE,TRUE,FALSE,NA
303859,FALSE,TRUE,FALSE,NA
167602,FALSE,TRUE,FALSE,NA
190192,FALSE,FALSE,TRUE,NA
265484,FALSE,TRUE,FALSE,NA
563289,FALSE,TRUE,FALSE,NA
331706,TRUE,TRUE,FALSE,NA
884846,FALSE,TRUE,FALSE,NA
267630,TRUE,FALSE,TRUE,NA
814575,FALSE,TRUE,FALSE,NA
543839,FALSE,TRUE,FALSE,NA
76139,FALSE,TRUE,FALSE,NA
119675,FALSE,TRUE,TRUE,NA
890399,FALSE,TRUE,FALSE,NA
250560,FALSE,TRUE,TRUE,NA
12076,FALSE,TRUE,FALSE,NA
610486,FALSE,FALSE,FALSE,NA
896950,TRUE,TRUE,FALSE,NA
23514,FALSE,TRUE,TRUE,NA
405821,FALSE,FALSE,FALSE,NA
767301,FALSE,FALSE,TRUE,NA
186675,FALSE,FALSE,FALSE,NA
711733,FALSE,TRUE,FALSE,NA
981783,FALSE,TRUE,FALSE,NA
770997,FALSE,TRUE,FALSE,NA
71808,FALSE,FALSE,FALSE,NA
539200,FALSE,FALSE,FALSE,NA
481745,FALSE,FALSE,FALSE,NA
973554,FALSE,FALSE,FALSE,NA
372947,FALSE,FALSE,FALSE,NA
511796,FALSE,TRUE,FALSE,NA
951157,TRUE,FALSE,TRUE,NA
532311,FALSE,TRUE,FALSE,NA
977433,FALSE,FALSE,FALSE,NA
993172,TRUE,TRUE,FALSE,NA
258027,FALSE,TRUE,TRUE,NA
836357,FALSE,TRUE,FALSE,NA
578820,TRUE,FALSE,FALSE,NA
549197,FALSE,FALSE,FALSE,NA
301931,FALSE,FALSE,FALSE,NA
80718,FALSE,FALSE,TRUE,NA
910526,FALSE,TRUE,FALSE,NA
169858,TRUE,FALSE,FALSE,NA
306510,FALSE,TRUE,TRUE,NA
982731,FALSE,TRUE,TRUE,NA
534708,FALSE,FALSE,TRUE,NA
409904,FALSE,FALSE,FALSE,NA
349642,FALSE,TRUE,TRUE,NA
999079,FALSE,FALSE,FALSE,NA
392080,FALSE,FALSE,FALSE,NA
254335,FALSE,TRUE,FALSE,NA
979889,FALSE,TRUE,FALSE,NA
973764,FALSE,FALSE,FALSE,NA
585737,FALSE,FALSE,TRUE,NA
407255,FALSE,FALSE,FALSE,NA
521482,FALSE,FALSE,FALSE,NA
955627,FALSE,FALSE,FALSE,NA
6287,TRUE,TRUE,FALSE,NA
757109,FALSE,FALSE,FALSE,NA
370981,TRUE,TRUE,FALSE,NA
207003,FALSE,TRUE,FALSE,NA
170372,FALSE,FALSE,FALSE,NA
806710,FALSE,FALSE,TRUE,NA
70922,FALSE,TRUE,FALSE,NA
820570,TRUE,FALSE,TRUE,NA
290552,FALSE,FALSE,FALSE,NA
803949,FALSE,TRUE,TRUE,NA
286793,FALSE,TRUE,TRUE,NA
904773,FALSE,FALSE,TRUE,NA
406709,FALSE,FALSE,TRUE,NA
862663,FALSE,TRUE,FALSE,NA
337952,FALSE,TRUE,FALSE,NA
798127,FALSE,FALSE,FALSE,NA
94246,FALSE,FALSE,FALSE,NA
884988,FALSE,TRUE,FALSE,NA
772489,FALSE,FALSE,FALSE,NA
673161,FALSE,TRUE,TRUE,NA
905525,FALSE,TRUE,FALSE,NA
633220,TRUE,TRUE,FALSE,NA
168164,FALSE,FALSE,TRUE,NA
344215,FALSE,FALSE,TRUE,NA
742156,FALSE,FALSE,TRUE,NA
425679,TRUE,TRUE,FALSE,NA
762256,FALSE,TRUE,FALSE,NA
552127,FALSE,TRUE,FALSE,NA
860076,FALSE,FALSE,TRUE,NA
319180,FALSE,FALSE,FALSE,NA
761213,FALSE,FALSE,TRUE,NA
785631,FALSE,FALSE,FALSE,NA
403586,FALSE,FALSE,FALSE,NA
678190,TRUE,FALSE,TRUE,NA
643322,FALSE,FALSE,TRUE,NA
215076,FALSE,FALSE,TRUE,NA
674109,FALSE,FALSE,TRUE,NA
112900,FALSE,TRUE,TRUE,NA
447761,FALSE,FALSE,FALSE,NA
678281,FALSE,TRUE,TRUE,NA
26630,FALSE,FALSE,FALSE,NA
567915,FALSE,TRUE,FALSE,NA
701526,FALSE,FALSE,FALSE,NA
4678,FALSE,TRUE,FALSE,NA
533531,FALSE,FALSE,FALSE,NA
262241,FALSE,FALSE,FALSE,NA
163401,FALSE,TRUE,FALSE,NA
684027,FALSE,FALSE,FALSE,NA
163944,FALSE,FALSE,FALSE,NA
747582,FALSE,TRUE,FALSE,NA
374959,FALSE,TRUE,FALSE,NA
836007,TRUE,FALSE,TRUE,NA
241034,FALSE,FALSE,FALSE,NA
966443,FALSE,TRUE,FALSE,NA
261809,TRUE,TRUE,FALSE,NA
794004,FALSE,FALSE,TRUE,NA
210912,FALSE,FALSE,FALSE,NA
3139,FALSE,TRUE,FALSE,NA
672501,TRUE,TRUE,TRUE,NA
774026,TRUE,FALSE,FALSE,NA
42339,FALSE,TRUE,TRUE,NA
925240,FALSE,FALSE,TRUE,NA
140914,FALSE,FALSE,FALSE,NA
744633,TRUE,TRUE,TRUE,NA
980885,FALSE,TRUE,FALSE,NA
828798,FALSE,TRUE,TRUE,NA
831479,FALSE,TRUE,TRUE,NA
449629,FALSE,TRUE,FALSE,NA
421884,FALSE,TRUE,FALSE,NA
515809,TRUE,FALSE,FALSE,NA
163405,TRUE,FALSE,TRUE,NA
501653,FALSE,FALSE,TRUE,NA
834755,FALSE,FALSE,FALSE,NA
891619,FALSE,FALSE,TRUE,NA
30828,FALSE,TRUE,FALSE,NA
211762,FALSE,TRUE,TRUE,NA
427231,FALSE,TRUE,FALSE,NA
499288,FALSE,TRUE,TRUE,NA
346481,FALSE,TRUE,FALSE,NA
223354,FALSE,FALSE,FALSE,NA
831092,TRUE,FALSE,FALSE,NA
818274,FALSE,FALSE,TRUE,NA
702950,FALSE,FALSE,FALSE,NA
236245,FALSE,TRUE,TRUE,NA
114950,FALSE,FALSE,TRUE,NA
76708,FALSE,FALSE,FALSE,NA
149137,FALSE,TRUE,FALSE,NA
984744,FALSE,FALSE,FALSE,NA
246714,FALSE,TRUE,TRUE,NA
533935,TRUE,FALSE,FALSE,NA
120419,FALSE,FALSE,FALSE,NA
489221,FALSE,TRUE,FALSE,NA
577046,FALSE,FALSE,FALSE,NA
420473,FALSE,FALSE,FALSE,NA
791600,FALSE,TRUE,FALSE,NA
938684,TRUE,FALSE,TRUE,NA
800532,FALSE,FALSE,FALSE,NA
195561,FALSE,TRUE,FALSE,NA
16717,FALSE,FALSE,FALSE,NA
296016,FALSE,TRUE,FALSE,NA
471902,FALSE,FALSE,FALSE,NA
997586,FALSE,TRUE,TRUE,NA
951190,TRUE,TRUE,FALSE,NA
783196,FALSE,FALSE,FALSE,NA
309040,FALSE,TRUE,TRUE,NA
403838,TRUE,TRUE,FALSE,NA
526514,FALSE,FALSE,TRUE,NA
998694,FALSE,FALSE,FALSE,NA
373060,TRUE,FALSE,FALSE,NA
163361,TRUE,TRUE,FALSE,NA
752309,FALSE,FALSE,FALSE,NA
639670,FALSE,TRUE,FALSE,NA
650146,FALSE,FALSE,TRUE,NA
591526,FALSE,FALSE,TRUE,NA
820017,FALSE,TRUE,FALSE,NA
833409,FALSE,TRUE,TRUE,NA
940065,FALSE,FALSE,FALSE,NA
221411,FALSE,FALSE,FALSE,NA
529890,FALSE,FALSE,FALSE,NA
658849,FALSE,TRUE,FALSE,NA
916664,FALSE,FALSE,TRUE,NA
693689,FALSE,FALSE,FALSE,NA
966141,FALSE,FALSE,TRUE,NA
708045,FALSE,TRUE,FALSE,NA
944260,FALSE,FALSE,FALSE,NA
728020,FALSE,FALSE,FALSE,NA
19679,FALSE,FALSE,TRUE,NA
74534,TRUE,TRUE,FALSE,NA
616279,TRUE,FALSE,TRUE,NA
134563,FALSE,FALSE,TRUE,NA
49970,FALSE,TRUE,TRUE,NA
153862,TRUE,FALSE,FALSE,NA
118824,FALSE,TRUE,FALSE,NA
528473,FALSE,FALSE,TRUE,NA
144441,FALSE,FALSE,FALSE,NA
937349,FALSE,TRUE,FALSE,NA
291977,FALSE,TRUE,TRUE,NA
437649,FALSE,FALSE,FALSE,NA
660355,FALSE,FALSE,FALSE,NA
902395,FALSE,FALSE,FALSE,NA
496580,FALSE,FALSE,FALSE,NA
267214,FALSE,FALSE,TRUE,NA
98963,TRUE,FALSE,FALSE,NA
490315,FALSE,TRUE,TRUE,NA
91053,FALSE,FALSE,TRUE,NA
304932,FALSE,TRUE,FALSE,NA
563854,FALSE,TRUE,FALSE,NA
56873,FALSE,FALSE,TRUE,NA
189037,FALSE,TRUE,FALSE,NA
345364,FALSE,FALSE,FALSE,NA
715619,FALSE,TRUE,FALSE,NA
561254,FALSE,FALSE,FALSE,NA
61611,TRUE,FALSE,TRUE,NA
551978,FALSE,FALSE,FALSE,NA
920942,FALSE,TRUE,FALSE,NA
525569,FALSE,FALSE,FALSE,NA
271830,FALSE,FALSE,FALSE,NA
438242,TRUE,FALSE,TRUE,NA
486013,FALSE,FALSE,FALSE,NA
542420,TRUE,FALSE,TRUE,NA
225886,TRUE,FALSE,FALSE,NA
367598,FALSE,TRUE,FALSE,NA
860535,TRUE,FALSE,TRUE,NA
392825,FALSE,FALSE,FALSE,NA
452695,FALSE,FALSE,TRUE,NA
234320,FALSE,TRUE,TRUE,NA
109963,FALSE,TRUE,FALSE,NA
224492,FALSE,TRUE,FALSE,NA
500362,FALSE,TRUE,TRUE,NA
755297,TRUE,FALSE,FALSE,NA
422758,FALSE,FALSE,TRUE,NA
125027,FALSE,FALSE,FALSE,NA
34078,FALSE,TRUE,TRUE,NA
570510,TRUE,FALSE,TRUE,NA
515188,TRUE,FALSE,FALSE,NA
563832,FALSE,FALSE,TRUE,NA
623026,FALSE,FALSE,TRUE,NA
239720,FALSE,FALSE,TRUE,NA
53803,TRUE,FALSE,FALSE,NA
332510,FALSE,TRUE,FALSE,NA
932598,TRUE,TRUE,TRUE,NA
834875,FALSE,TRUE,FALSE,NA
289972,FALSE,FALSE,FALSE,NA
153675,TRUE,FALSE,FALSE,NA
365768,FALSE,FALSE,FALSE,NA
159198,FALSE,FALSE,TRUE,NA
892722,FALSE,TRUE,FALSE,NA
935181,FALSE,TRUE,TRUE,NA
723600,FALSE,FALSE,FALSE,NA
383560,TRUE,FALSE,TRUE,NA
477316,FALSE,TRUE,TRUE,NA
851868,FALSE,TRUE,FALSE,NA
317597,FALSE,TRUE,TRUE,NA
543571,FALSE,TRUE,FALSE,NA
724401,TRUE,FALSE,FALSE,NA
356835,FALSE,TRUE,FALSE,NA
378131,TRUE,FALSE,FALSE,NA
781008,FALSE,TRUE,TRUE,NA
913583,TRUE,FALSE,FALSE,NA
170874,TRUE,FALSE,FALSE,NA
906331,FALSE,FALSE,TRUE,NA
494656,FALSE,FALSE,FALSE,NA
51462,FALSE,FALSE,TRUE,NA
115437,TRUE,FALSE,TRUE,NA
885118,FALSE,FALSE,FALSE,NA
392372,FALSE,FALSE,FALSE,NA
832161,FALSE,FALSE,FALSE,NA
990335,FALSE,FALSE,FALSE,NA
989930,FALSE,TRUE,TRUE,NA
835799,FALSE,TRUE,FALSE,NA
748654,FALSE,FALSE,FALSE,NA
385466,FALSE,FALSE,FALSE,NA
667177,FALSE,FALSE,FALSE,NA
110361,FALSE,TRUE,FALSE,NA
568098,FALSE,TRUE,TRUE,NA
732288,FALSE,TRUE,FALSE,NA
990662,FALSE,FALSE,FALSE,NA
111693,FALSE,FALSE,FALSE,NA
969542,FALSE,TRUE,FALSE,NA
607922,FALSE,TRUE,FALSE,NA
115606,TRUE,FALSE,TRUE,NA
133627,TRUE,TRUE,FALSE,NA
282700,FALSE,FALSE,TRUE,NA
29662,FALSE,FALSE,FALSE,NA
710177,FALSE,FALSE,TRUE,NA
566786,FALSE,FALSE,TRUE,NA
539787,TRUE,TRUE,FALSE,NA
407679,FALSE,FALSE,TRUE,NA
484446,FALSE,FALSE,FALSE,NA
275228,FALSE,FALSE,FALSE,NA
161628,FALSE,FALSE,FALSE,NA
342930,TRUE,FALSE,FALSE,NA
662201,FALSE,TRUE,TRUE,NA
760040,FALSE,FALSE,TRUE,NA
174828,FALSE,FALSE,FALSE,NA
121763,TRUE,TRUE,TRUE,NA
180390,TRUE,TRUE,FALSE,NA
698329,FALSE,FALSE,FALSE,NA
813233,FALSE,TRUE,FALSE,NA
610406,FALSE,FALSE,FALSE,NA
568982,FALSE,FALSE,FALSE,NA
459824,FALSE,TRUE,FALSE,NA
610386,FALSE,FALSE,FALSE,NA
277464,FALSE,FALSE,FALSE,NA
375223,FALSE,FALSE,FALSE,NA
235841,FALSE,FALSE,FALSE,NA
22244,FALSE,FALSE,FALSE,NA
68783,FALSE,TRUE,TRUE,NA
116179,FALSE,FALSE,TRUE,NA
275857,FALSE,FALSE,FALSE,NA
383294,FALSE,TRUE,FALSE,NA
655398,FALSE,FALSE,TRUE,NA
476988,FALSE,TRUE,FALSE,NA
581959,FALSE,FALSE,FALSE,NA
213014,FALSE,FALSE,FALSE,NA
369490,TRUE,TRUE,FALSE,NA
396618,FALSE,FALSE,TRUE,NA
877660,FALSE,FALSE,FALSE,NA
298143,TRUE,TRUE,TRUE,NA
249039,FALSE,FALSE,TRUE,NA
432463,FALSE,TRUE,FALSE,NA
928314,FALSE,FALSE,FALSE,NA
757088,FALSE,FALSE,TRUE,NA
391855,TRUE,FALSE,TRUE,NA
498941,FALSE,FALSE,FALSE,NA
475725,FALSE,TRUE,FALSE,NA
335787,TRUE,FALSE,FALSE,NA
641652,FALSE,TRUE,FALSE,NA
883156,FALSE,TRUE,FALSE,NA
759389,FALSE,TRUE,TRUE,NA
905310,TRUE,TRUE,TRUE,NA
191186,FALSE,FALSE,FALSE,NA
714157,FALSE,FALSE,FALSE,NA
272557,FALSE,TRUE,TRUE,NA
147465,FALSE,TRUE,FALSE,NA
158742,FALSE,FALSE,TRUE,NA
945519,FALSE,TRUE,TRUE,NA
834828,FALSE,TRUE,FALSE,NA
324010,FALSE,FALSE,FALSE,NA
76955,FALSE,TRUE,FALSE,NA
545944,FALSE,TRUE,FALSE,NA
962709,FALSE,FALSE,TRUE,NA
874039,TRUE,TRUE,FALSE,NA
871906,FALSE,FALSE,FALSE,NA
6219,FALSE,FALSE,TRUE,NA
214475,FALSE,TRUE,FALSE,NA
564657,FALSE,TRUE,FALSE,NA
347842,FALSE,FALSE,TRUE,NA
623756,FALSE,FALSE,TRUE,NA
188412,FALSE,TRUE,TRUE,NA
767320,FALSE,TRUE,TRUE,NA
728806,FALSE,FALSE,FALSE,NA
154380,FALSE,TRUE,TRUE,NA
325397,TRUE,FALSE,TRUE,NA
482353,FALSE,FALSE,TRUE,NA
63665,FALSE,TRUE,FALSE,NA
909338,FALSE,TRUE,FALSE,NA
644672,FALSE,TRUE,FALSE,NA
958493,FALSE,TRUE,TRUE,NA
248451,FALSE,FALSE,FALSE,NA
137005,TRUE,FALSE,FALSE,NA
552302,FALSE,TRUE,FALSE,NA
451570,FALSE,FALSE,TRUE,NA
325485,TRUE,FALSE,FALSE,NA
616861,FALSE,FALSE,FALSE,NA
488173,FALSE,FALSE,FALSE,NA
229686,FALSE,TRUE,FALSE,NA
176590,FALSE,TRUE,FALSE,NA
942704,FALSE,TRUE,FALSE,NA
414981,FALSE,TRUE,FALSE,NA
757093,FALSE,TRUE,FALSE,NA
213694,TRUE,TRUE,FALSE,NA
8930,TRUE,TRUE,TRUE,NA
202297,FALSE,FALSE,FALSE,NA
928803,FALSE,TRUE,TRUE,NA
283620,FALSE,FALSE,TRUE,NA
482251,FALSE,FALSE,FALSE,NA
592154,FALSE,FALSE,FALSE,NA
841594,FALSE,FALSE,TRUE,NA
168070,TRUE,TRUE,TRUE,NA
266287,FALSE,FALSE,FALSE,NA
81241,FALSE,TRUE,TRUE,NA
229483,FALSE,FALSE,FALSE,NA
636377,FALSE,TRUE,TRUE,NA
284157,FALSE,FALSE,TRUE,NA
280995,FALSE,FALSE,TRUE,NA
123810,FALSE,TRUE,FALSE,NA
113899,FALSE,FALSE,TRUE,NA
210280,FALSE,TRUE,TRUE,NA
963735,FALSE,FALSE,TRUE,NA
335003,FALSE,FALSE,TRUE,NA
66222,FALSE,TRUE,FALSE,NA
520202,FALSE,TRUE,FALSE,NA
246090,FALSE,TRUE,TRUE,NA
907756,TRUE,FALSE,FALSE,NA
927242,FALSE,FALSE,FALSE,NA
588920,FALSE,FALSE,TRUE,NA
293948,FALSE,FALSE,FALSE,NA
280243,TRUE,FALSE,FALSE,NA
517185,TRUE,FALSE,TRUE,NA
48798,FALSE,FALSE,FALSE,NA
770693,FALSE,TRUE,TRUE,NA
247930,FALSE,FALSE,TRUE,NA
765822,FALSE,TRUE,FALSE,NA
757400,FALSE,TRUE,FALSE,NA
68012,FALSE,TRUE,FALSE,NA
672700,FALSE,TRUE,FALSE,NA
320967,TRUE,TRUE,FALSE,NA
164384,FALSE,FALSE,TRUE,NA
837543,FALSE,FALSE,FALSE,NA
227266,FALSE,TRUE,FALSE,NA
778307,FALSE,FALSE,FALSE,NA
657754,FALSE,TRUE,FALSE,NA
843147,FALSE,FALSE,TRUE,NA
395353,FALSE,FALSE,FALSE,NA
665827,FALSE,FALSE,FALSE,NA
163478,FALSE,TRUE,TRUE,NA
848088,TRUE,TRUE,FALSE,NA
9477,TRUE,TRUE,TRUE,NA
53271,FALSE,TRUE,FALSE,NA
423725,FALSE,TRUE,FALSE,NA
135039,FALSE,TRUE,TRUE,NA
793919,FALSE,TRUE,TRUE,NA
934844,FALSE,TRUE,FALSE,NA
570358,FALSE,FALSE,TRUE,NA
980522,FALSE,FALSE,FALSE,NA
812530,FALSE,TRUE,TRUE,NA
263916,FALSE,TRUE,FALSE,NA
679611,FALSE,TRUE,TRUE,NA
815847,FALSE,TRUE,FALSE,NA
787089,FALSE,TRUE,FALSE,NA
199956,FALSE,TRUE,FALSE,NA
131645,FALSE,FALSE,FALSE,NA
765832,TRUE,FALSE,TRUE,NA
336322,FALSE,TRUE,TRUE,NA
77835,FALSE,FALSE,FALSE,NA
649266,FALSE,FALSE,FALSE,NA
99574,FALSE,FALSE,FALSE,NA
840784,FALSE,FALSE,TRUE,NA
38777,TRUE,FALSE,FALSE,NA
894043,TRUE,TRUE,FALSE,NA
392333,FALSE,FALSE,FALSE,NA
922307,FALSE,FALSE,FALSE,NA
516587,TRUE,FALSE,FALSE,NA
674624,FALSE,TRUE,FALSE,NA
557487,FALSE,TRUE,FALSE,NA
478009,FALSE,TRUE,FALSE,NA
688965,FALSE,TRUE,FALSE,NA
905388,FALSE,TRUE,FALSE,NA
510093,FALSE,TRUE,TRUE,NA
974646,FALSE,FALSE,FALSE,NA
397558,FALSE,FALSE,FALSE,NA
501345,FALSE,FALSE,FALSE,NA
481038,FALSE,FALSE,TRUE,NA
76464,FALSE,FALSE,FALSE,NA
499435,FALSE,FALSE,TRUE,NA
780148,FALSE,TRUE,TRUE,NA
202900,FALSE,FALSE,TRUE,NA
650454,FALSE,FALSE,TRUE,NA
177755,FALSE,TRUE,TRUE,NA
327198,FALSE,TRUE,TRUE,NA
648639,FALSE,TRUE,FALSE,NA
680053,TRUE,FALSE,TRUE,NA
932419,FALSE,TRUE,TRUE,NA
427957,FALSE,FALSE,FALSE,NA
908644,FALSE,FALSE,TRUE,NA
931176,FALSE,TRUE,FALSE,NA
59199,FALSE,FALSE,FALSE,NA
206129,FALSE,FALSE,FALSE,NA
469933,FALSE,FALSE,FALSE,NA
309075,FALSE,FALSE,FALSE,NA
785969,TRUE,FALSE,FALSE,NA
157901,TRUE,FALSE,FALSE,NA
202809,FALSE,TRUE,TRUE,NA
498388,FALSE,TRUE,TRUE,NA
331234,FALSE,FALSE,FALSE,NA
644724,FALSE,FALSE,FALSE,NA
245842,FALSE,FALSE,FALSE,NA
773354,TRUE,TRUE,TRUE,NA
294340,TRUE,FALSE,TRUE,NA
340609,FALSE,TRUE,FALSE,NA
920885,TRUE,FALSE,FALSE,NA
120507,FALSE,FALSE,FALSE,NA
419685,FALSE,TRUE,TRUE,NA
294771,TRUE,FALSE,FALSE,NA
812367,FALSE,FALSE,TRUE,NA
874253,FALSE,TRUE,TRUE,NA
930907,FALSE,FALSE,FALSE,NA
197592,TRUE,TRUE,FALSE,NA
340648,FALSE,TRUE,FALSE,NA
374202,FALSE,FALSE,FALSE,NA
616503,FALSE,FALSE,FALSE,NA
20388,FALSE,FALSE,FALSE,NA
487428,FALSE,FALSE,FALSE,NA
644784,FALSE,FALSE,FALSE,NA
970664,FALSE,FALSE,FALSE,NA
537389,FALSE,FALSE,FALSE,NA
390724,FALSE,FALSE,FALSE,NA
704903,FALSE,TRUE,FALSE,NA
554117,FALSE,FALSE,TRUE,NA
553988,FALSE,TRUE,FALSE,NA
568074,FALSE,FALSE,FALSE,NA
545240,FALSE,TRUE,TRUE,NA
888624,FALSE,TRUE,TRUE,NA
590553,TRUE,FALSE,TRUE,NA
23615,FALSE,TRUE,FALSE,NA
81454,FALSE,TRUE,FALSE,NA
751699,FALSE,FALSE,TRUE,NA
889151,FALSE,FALSE,FALSE,NA
555952,FALSE,FALSE,FALSE,NA
483594,TRUE,TRUE,FALSE,NA
950431,FALSE,FALSE,FALSE,NA
693221,FALSE,TRUE,TRUE,NA
285338,FALSE,TRUE,FALSE,NA
962388,FALSE,TRUE,FALSE,NA
691920,FALSE,TRUE,FALSE,NA
86042,FALSE,TRUE,TRUE,NA
533351,FALSE,FALSE,FALSE,NA
981761,FALSE,TRUE,TRUE,NA
637840,TRUE,FALSE,TRUE,NA
446633,FALSE,FALSE,FALSE,NA
254822,FALSE,FALSE,FALSE,NA
366064,FALSE,TRUE,FALSE,NA
389534,FALSE,TRUE,FALSE,NA
185868,FALSE,FALSE,FALSE,NA
491060,FALSE,TRUE,FALSE,NA
239678,FALSE,FALSE,FALSE,NA
963820,FALSE,TRUE,TRUE,NA
219263,TRUE,FALSE,TRUE,NA
923531,FALSE,FALSE,TRUE,NA
561884,FALSE,TRUE,FALSE,NA
531948,FALSE,TRUE,TRUE,NA
302281,FALSE,TRUE,FALSE,NA
78353,FALSE,FALSE,FALSE,NA
1945,FALSE,FALSE,FALSE,NA
424890,FALSE,TRUE,FALSE,NA
424999,FALSE,FALSE,FALSE,NA
856750,TRUE,FALSE,FALSE,NA
920690,TRUE,TRUE,FALSE,NA
901875,FALSE,FALSE,FALSE,NA
106259,FALSE,FALSE,FALSE,NA
760664,FALSE,TRUE,TRUE,NA
881699,FALSE,FALSE,FALSE,NA
367962,FALSE,FALSE,FALSE,NA
217017,FALSE,TRUE,FALSE,NA
797226,FALSE,TRUE,TRUE,NA
844394,FALSE,TRUE,FALSE,NA
933143,FALSE,TRUE,FALSE,NA
315607,TRUE,FALSE,TRUE,NA
45291,TRUE,TRUE,FALSE,NA
704754,FALSE,TRUE,FALSE,NA
135038,FALSE,TRUE,FALSE,NA
164535,FALSE,TRUE,TRUE,NA
786763,FALSE,FALSE,TRUE,NA
347242,FALSE,TRUE,FALSE,NA
875916,FALSE,FALSE,FALSE,NA
902689,FALSE,FALSE,FALSE,NA
685945,TRUE,FALSE,FALSE,NA
207282,FALSE,TRUE,TRUE,NA
72901,FALSE,FALSE,FALSE,NA
42644,FALSE,TRUE,FALSE,NA
212354,FALSE,TRUE,TRUE,NA
879295,FALSE,FALSE,TRUE,NA
80900,FALSE,FALSE,FALSE,NA
596986,FALSE,FALSE,TRUE,NA
57971,FALSE,TRUE,TRUE,NA
222178,TRUE,FALSE,TRUE,NA
604347,TRUE,TRUE,TRUE,NA
10916,TRUE,FALSE,FALSE,NA
614270,FALSE,TRUE,TRUE,NA
688324,FALSE,FALSE,FALSE,NA
287475,FALSE,FALSE,FALSE,NA
110218,FALSE,TRUE,TRUE,NA
290447,FALSE,FALSE,FALSE,NA
258482,FALSE,FALSE,FALSE,NA
948055,FALSE,FALSE,FALSE,NA
746055,TRUE,FALSE,FALSE,NA
483320,FALSE,FALSE,FALSE,NA
334724,FALSE,FALSE,TRUE,NA
372349,FALSE,FALSE,FALSE,NA
631320,FALSE,FALSE,FALSE,NA
234711,TRUE,TRUE,FALSE,NA
382610,FALSE,FALSE,FALSE,NA
374540,FALSE,FALSE,FALSE,NA
238725,FALSE,FALSE,TRUE,NA
382620,FALSE,FALSE,FALSE,NA
58762,FALSE,FALSE,TRUE,NA
210763,FALSE,TRUE,FALSE,NA
516262,TRUE,TRUE,FALSE,NA
201894,FALSE,TRUE,TRUE,NA
213865,FALSE,TRUE,FALSE,NA
816215,FALSE,FALSE,FALSE,NA
710213,FALSE,FALSE,FALSE,NA
814789,FALSE,FALSE,FALSE,NA
55490,FALSE,FALSE,FALSE,NA
173333,FALSE,FALSE,FALSE,NA
553843,TRUE,TRUE,TRUE,NA
126998,FALSE,FALSE,FALSE,NA
794714,TRUE,FALSE,FALSE,NA
691631,TRUE,TRUE,FALSE,NA
159205,FALSE,FALSE,TRUE,NA
572998,FALSE,FALSE,TRUE,NA
956946,FALSE,FALSE,FALSE,NA
542543,FALSE,TRUE,FALSE,NA
960110,FALSE,FALSE,FALSE,NA
787157,TRUE,FALSE,FALSE,NA
129706,FALSE,TRUE,TRUE,NA
30103,FALSE,FALSE,FALSE,NA
601788,FALSE,TRUE,FALSE,NA
38675,FALSE,FALSE,FALSE,NA
67251,FALSE,FALSE,FALSE,NA
521486,FALSE,TRUE,FALSE,NA
770313,FALSE,FALSE,TRUE,NA
567969,TRUE,TRUE,TRUE,NA
8522,TRUE,TRUE,TRUE,NA
145247,FALSE,FALSE,TRUE,NA
951873,FALSE,TRUE,FALSE,NA
520565,FALSE,FALSE,FALSE,NA
984003,FALSE,FALSE,FALSE,NA
791345,FALSE,TRUE,FALSE,NA
264170,FALSE,FALSE,FALSE,NA
428497,FALSE,FALSE,TRUE,NA
261632,FALSE,FALSE,FALSE,NA
960394,TRUE,FALSE,FALSE,NA
980505,FALSE,FALSE,TRUE,NA
438448,FALSE,FALSE,FALSE,NA
742135,FALSE,FALSE,FALSE,NA
314339,FALSE,FALSE,FALSE,NA
199625,FALSE,FALSE,FALSE,NA
479887,FALSE,FALSE,FALSE,NA
804377,FALSE,TRUE,FALSE,NA
59621,FALSE,FALSE,FALSE,NA
107664,FALSE,TRUE,TRUE,NA
816214,FALSE,FALSE,FALSE,NA
537513,TRUE,FALSE,FALSE,NA
73730,TRUE,FALSE,TRUE,NA
241310,FALSE,TRUE,TRUE,NA
532355,FALSE,FALSE,FALSE,NA
117732,TRUE,TRUE,TRUE,NA
180087,FALSE,TRUE,TRUE,NA
675105,TRUE,FALSE,TRUE,NA
228135,TRUE,FALSE,FALSE,NA
823299,FALSE,FALSE,TRUE,NA
181448,FALSE,FALSE,TRUE,NA
413038,FALSE,FALSE,TRUE,NA
45067,FALSE,TRUE,TRUE,NA
986150,FALSE,TRUE,FALSE,NA
653936,FALSE,FALSE,TRUE,NA
892510,FALSE,FALSE,FALSE,NA
724966,FALSE,TRUE,FALSE,NA
47510,FALSE,FALSE,FALSE,NA
311608,FALSE,FALSE,FALSE,NA
871209,FALSE,TRUE,FALSE,NA
643961,TRUE,FALSE,FALSE,NA
442421,FALSE,FALSE,FALSE,NA
94258,FALSE,TRUE,FALSE,NA
946005,FALSE,TRUE,FALSE,NA
991849,FALSE,FALSE,FALSE,NA
630902,TRUE,TRUE,FALSE,NA
164417,FALSE,FALSE,TRUE,NA
689090,TRUE,FALSE,FALSE,NA
423013,FALSE,FALSE,FALSE,NA
324973,FALSE,TRUE,FALSE,NA
406306,FALSE,FALSE,TRUE,NA
764349,FALSE,TRUE,FALSE,NA
495228,FALSE,TRUE,FALSE,NA
989406,FALSE,FALSE,TRUE,NA
790071,FALSE,FALSE,TRUE,NA
576923,TRUE,FALSE,TRUE,NA
146202,FALSE,FALSE,FALSE,NA
711575,FALSE,FALSE,FALSE,NA
198345,FALSE,FALSE,FALSE,NA
858042,FALSE,FALSE,TRUE,NA
766774,FALSE,TRUE,FALSE,NA
34358,FALSE,TRUE,FALSE,NA
766556,TRUE,FALSE,TRUE,NA
376031,TRUE,FALSE,FALSE,NA
943293,TRUE,FALSE,FALSE,NA
583874,FALSE,FALSE,TRUE,NA
165954,FALSE,FALSE,FALSE,NA
975869,FALSE,TRUE,FALSE,NA
863614,FALSE,FALSE,FALSE,NA
571984,TRUE,TRUE,FALSE,NA
799388,FALSE,FALSE,TRUE,NA
50213,FALSE,FALSE,FALSE,NA
898885,FALSE,TRUE,TRUE,NA
415950,TRUE,TRUE,FALSE,NA
844586,TRUE,TRUE,FALSE,NA
67123,FALSE,FALSE,FALSE,NA
773293,FALSE,FALSE,FALSE,NA
523902,FALSE,TRUE,FALSE,NA
509802,FALSE,TRUE,FALSE,NA
966938,FALSE,FALSE,TRUE,NA
213872,FALSE,FALSE,FALSE,NA
859446,FALSE,FALSE,TRUE,NA
913840,FALSE,FALSE,FALSE,NA
444423,FALSE,FALSE,TRUE,NA
674657,FALSE,FALSE,TRUE,NA
412213,FALSE,TRUE,FALSE,NA
814670,FALSE,TRUE,FALSE,NA
765208,FALSE,TRUE,TRUE,NA
417031,FALSE,TRUE,FALSE,NA
961348,FALSE,FALSE,TRUE,NA
273894,FALSE,FALSE,FALSE,NA
881887,FALSE,TRUE,TRUE,NA
451147,FALSE,FALSE,TRUE,NA
38952,FALSE,FALSE,FALSE,NA
936307,TRUE,FALSE,FALSE,NA
619034,FALSE,TRUE,TRUE,NA
443745,FALSE,TRUE,TRUE,NA
31591,FALSE,FALSE,FALSE,NA
561483,FALSE,TRUE,TRUE,NA
799589,FALSE,TRUE,FALSE,NA
313691,FALSE,FALSE,FALSE,NA
23966,FALSE,TRUE,FALSE,NA
879012,FALSE,TRUE,FALSE,NA
901685,FALSE,FALSE,TRUE,NA
703780,FALSE,TRUE,FALSE,NA
821442,FALSE,FALSE,TRUE,NA
885168,FALSE,FALSE,FALSE,NA
968267,TRUE,TRUE,FALSE,NA
257940,TRUE,TRUE,TRUE,NA
830584,FALSE,FALSE,FALSE,NA
493426,TRUE,FALSE,FALSE,NA
640456,FALSE,TRUE,FALSE,NA
379413,TRUE,FALSE,FALSE,NA
545343,FALSE,FALSE,FALSE,NA
726267,FALSE,FALSE,FALSE,NA
883893,FALSE,FALSE,TRUE,NA
678977,FALSE,TRUE,FALSE,NA
775376,FALSE,FALSE,FALSE,NA
918873,FALSE,TRUE,TRUE,NA
353486,FALSE,FALSE,FALSE,NA
784485,TRUE,FALSE,FALSE,NA
621970,TRUE,FALSE,FALSE,NA
302794,TRUE,FALSE,FALSE,NA
959246,FALSE,TRUE,FALSE,NA
676209,TRUE,TRUE,FALSE,NA
655254,FALSE,FALSE,FALSE,NA
130153,FALSE,TRUE,TRUE,NA
327305,FALSE,FALSE,TRUE,NA
108128,FALSE,FALSE,FALSE,NA
914132,FALSE,FALSE,FALSE,NA
501306,FALSE,TRUE,TRUE,NA
640778,FALSE,TRUE,FALSE,NA
217867,FALSE,FALSE,FALSE,NA
624985,FALSE,TRUE,FALSE,NA
278277,TRUE,TRUE,TRUE,NA
554487,FALSE,FALSE,TRUE,NA
739682,FALSE,FALSE,FALSE,NA
615321,FALSE,TRUE,FALSE,NA
12693,FALSE,TRUE,FALSE,NA
6945,FALSE,TRUE,TRUE,NA
517190,FALSE,FALSE,TRUE,NA
210624,FALSE,TRUE,FALSE,NA
811957,FALSE,FALSE,TRUE,NA
752605,FALSE,TRUE,FALSE,NA
106809,FALSE,TRUE,FALSE,NA
614199,TRUE,FALSE,TRUE,NA
788336,FALSE,FALSE,FALSE,NA
441842,TRUE,TRUE,TRUE,NA
640507,FALSE,FALSE,FALSE,NA
482626,FALSE,TRUE,TRUE,NA
447766,FALSE,FALSE,FALSE,NA
339450,FALSE,TRUE,FALSE,NA
192685,FALSE,FALSE,FALSE,NA
76830,TRUE,TRUE,FALSE,NA
507326,FALSE,TRUE,TRUE,NA
746057,FALSE,FALSE,FALSE,NA
434888,FALSE,FALSE,FALSE,NA
362805,FALSE,FALSE,FALSE,NA
250176,FALSE,TRUE,FALSE,NA
918073,TRUE,FALSE,FALSE,NA
777455,FALSE,FALSE,TRUE,NA
758891,FALSE,TRUE,TRUE,NA
661423,FALSE,TRUE,FALSE,NA
300542,FALSE,FALSE,TRUE,NA
724864,TRUE,TRUE,FALSE,NA
536182,FALSE,FALSE,TRUE,NA
52872,FALSE,FALSE,FALSE,NA
240426,FALSE,FALSE,FALSE,NA
354396,FALSE,TRUE,TRUE,NA
616626,FALSE,TRUE,TRUE,NA
342803,FALSE,FALSE,FALSE,NA
566754,TRUE,FALSE,FALSE,NA
51341,FALSE,FALSE,FALSE,NA
450342,FALSE,TRUE,FALSE,NA
340275,FALSE,FALSE,TRUE,NA
207155,FALSE,TRUE,FALSE,NA
362877,FALSE,FALSE,FALSE,NA
635527,TRUE,FALSE,FALSE,NA
672028,FALSE,TRUE,FALSE,NA
414074,FALSE,TRUE,TRUE,NA
329585,FALSE,FALSE,FALSE,NA
855974,FALSE,FALSE,FALSE,NA
727103,FALSE,TRUE,TRUE,NA
484395,FALSE,FALSE,FALSE,NA
306223,FALSE,TRUE,FALSE,NA
929001,FALSE,TRUE,FALSE,NA
670503,FALSE,TRUE,FALSE,NA
520502,FALSE,FALSE,FALSE,NA
186558,FALSE,FALSE,FALSE,NA
822109,FALSE,FALSE,FALSE,NA
617537,FALSE,FALSE,FALSE,NA
72539,TRUE,FALSE,FALSE,NA
439351,FALSE,TRUE,FALSE,NA
142280,FALSE,FALSE,TRUE,NA
131230,TRUE,FALSE,FALSE,NA
335255,FALSE,TRUE,FALSE,NA
670271,TRUE,FALSE,TRUE,NA
677108,TRUE,FALSE,FALSE,NA
31649,FALSE,FALSE,FALSE,NA
622388,FALSE,TRUE,FALSE,NA
291178,FALSE,FALSE,FALSE,NA
545986,FALSE,FALSE,FALSE,NA
185696,TRUE,FALSE,TRUE,NA
888291,FALSE,FALSE,TRUE,NA
984339,FALSE,TRUE,FALSE,NA
120805,FALSE,FALSE,FALSE,NA
398444,FALSE,FALSE,TRUE,NA
16068,FALSE,TRUE,TRUE,NA
206077,TRUE,TRUE,FALSE,NA
993662,TRUE,FALSE,FALSE,NA
856419,FALSE,FALSE,FALSE,NA
518369,FALSE,TRUE,FALSE,NA
783018,FALSE,FALSE,FALSE,NA
551203,FALSE,FALSE,TRUE,NA
930264,TRUE,TRUE,FALSE,NA
91606,FALSE,FALSE,FALSE,NA
328551,FALSE,FALSE,FALSE,NA
84921,FALSE,TRUE,FALSE,NA
341807,TRUE,FALSE,FALSE,NA
626031,TRUE,TRUE,FALSE,NA
685485,FALSE,FALSE,FALSE,NA
839423,TRUE,FALSE,FALSE,NA
617340,FALSE,TRUE,FALSE,NA
732875,TRUE,TRUE,TRUE,NA
156351,FALSE,FALSE,FALSE,NA
415047,FALSE,FALSE,FALSE,NA
886923,FALSE,FALSE,FALSE,NA
497544,FALSE,FALSE,TRUE,NA
411441,TRUE,FALSE,TRUE,NA
44127,FALSE,TRUE,TRUE,NA
224268,FALSE,FALSE,FALSE,NA
721188,FALSE,FALSE,TRUE,NA
867179,TRUE,TRUE,FALSE,NA
21805,FALSE,FALSE,TRUE,NA
720414,FALSE,FALSE,FALSE,NA
349065,TRUE,TRUE,TRUE,NA
589691,FALSE,TRUE,FALSE,NA
36975,TRUE,FALSE,TRUE,NA
962828,TRUE,FALSE,FALSE,NA
497755,TRUE,FALSE,FALSE,NA
315552,TRUE,TRUE,FALSE,NA
434511,FALSE,FALSE,TRUE,NA
329428,FALSE,FALSE,TRUE,NA
526688,FALSE,TRUE,FALSE,NA
625470,FALSE,TRUE,FALSE,NA
323333,FALSE,FALSE,TRUE,NA
409410,TRUE,FALSE,TRUE,NA
286586,FALSE,FALSE,FALSE,NA
636272,FALSE,FALSE,TRUE,NA
781365,FALSE,FALSE,TRUE,NA
437771,FALSE,FALSE,TRUE,NA
392534,FALSE,FALSE,FALSE,NA
4986,FALSE,TRUE,FALSE,NA
15199,FALSE,FALSE,TRUE,NA
612490,TRUE,FALSE,FALSE,NA
243590,FALSE,FALSE,FALSE,NA
188895,TRUE,FALSE,FALSE,NA
531433,FALSE,TRUE,FALSE,NA
666111,FALSE,FALSE,FALSE,NA
45863,FALSE,TRUE,FALSE,NA
984250,FALSE,TRUE,TRUE,NA
3823,FALSE,FALSE,FALSE,NA
724327,FALSE,TRUE,FALSE,NA
146885,FALSE,FALSE,FALSE,NA
717014,TRUE,TRUE,TRUE,NA
832394,FALSE,FALSE,FALSE,NA
706073,FALSE,TRUE,FALSE,NA
958093,FALSE,FALSE,FALSE,NA
422159,FALSE,TRUE,FALSE,NA
212958,FALSE,FALSE,FALSE,NA
650727,FALSE,TRUE,FALSE,NA
941989,FALSE,FALSE,TRUE,NA
568499,TRUE,FALSE,FALSE,NA
393278,FALSE,FALSE,FALSE,NA
157407,TRUE,FALSE,TRUE,NA
96689,FALSE,FALSE,TRUE,NA
92175,FALSE,TRUE,TRUE,NA
115029,FALSE,TRUE,FALSE,NA
234008,TRUE,FALSE,TRUE,NA
134793,TRUE,TRUE,FALSE,NA
763918,FALSE,TRUE,TRUE,NA
17431,FALSE,FALSE,TRUE,NA
308657,TRUE,FALSE,TRUE,NA
230871,FALSE,TRUE,TRUE,NA
610320,FALSE,TRUE,TRUE,NA
977283,FALSE,TRUE,FALSE,NA
441264,FALSE,FALSE,FALSE,NA
572016,TRUE,TRUE,FALSE,NA
470443,TRUE,FALSE,TRUE,NA
530377,FALSE,FALSE,FALSE,NA
104331,FALSE,FALSE,TRUE,NA
797657,FALSE,FALSE,TRUE,NA
409414,FALSE,FALSE,FALSE,NA
809614,FALSE,FALSE,FALSE,NA
183514,FALSE,FALSE,TRUE,NA
743524,FALSE,FALSE,TRUE,NA
164411,FALSE,FALSE,TRUE,NA
880915,FALSE,FALSE,FALSE,NA
562087,FALSE,FALSE,FALSE,NA
616404,FALSE,TRUE,FALSE,NA
948031,TRUE,FALSE,FALSE,NA
692044,FALSE,TRUE,FALSE,NA
474247,FALSE,TRUE,FALSE,NA
860380,FALSE,TRUE,FALSE,NA
376338,FALSE,FALSE,TRUE,NA
466280,FALSE,TRUE,FALSE,NA
729526,TRUE,FALSE,TRUE,NA
540567,TRUE,TRUE,FALSE,NA
158598,TRUE,TRUE,FALSE,NA
401079,FALSE,FALSE,FALSE,NA
42688,FALSE,TRUE,FALSE,NA
11586,FALSE,FALSE,TRUE,NA
777017,TRUE,FALSE,TRUE,NA
104319,FALSE,FALSE,FALSE,NA
200410,FALSE,TRUE,TRUE,NA
425994,FALSE,FALSE,TRUE,NA
915292,FALSE,FALSE,FALSE,NA
151673,FALSE,FALSE,FALSE,NA
857658,FALSE,FALSE,TRUE,NA
751759,TRUE,FALSE,FALSE,NA
591396,FALSE,FALSE,FALSE,NA
410220,TRUE,FALSE,TRUE,NA
681459,TRUE,TRUE,FALSE,NA
669180,FALSE,FALSE,FALSE,NA
13585,FALSE,TRUE,TRUE,NA
369732,TRUE,FALSE,FALSE,NA
824360,FALSE,FALSE,TRUE,NA
666589,FALSE,FALSE,TRUE,NA
860202,TRUE,FALSE,FALSE,NA
330295,TRUE,FALSE,TRUE,NA
77376,TRUE,FALSE,TRUE,NA
475839,FALSE,FALSE,FALSE,NA
667158,FALSE,TRUE,FALSE,NA
382029,TRUE,TRUE,FALSE,NA
86073,FALSE,TRUE,FALSE,NA
746648,FALSE,TRUE,TRUE,NA
33092,FALSE,TRUE,FALSE,NA
931144,TRUE,TRUE,TRUE,NA
154737,FALSE,TRUE,TRUE,NA
672657,FALSE,TRUE,TRUE,NA
581751,FALSE,FALSE,FALSE,NA
704325,FALSE,TRUE,FALSE,NA
274155,TRUE,FALSE,FALSE,NA
544468,TRUE,FALSE,FALSE,NA
600250,TRUE,FALSE,TRUE,NA
908230,TRUE,TRUE,FALSE,NA
685197,FALSE,TRUE,FALSE,NA
113711,FALSE,FALSE,FALSE,NA
471353,FALSE,FALSE,FALSE,NA
711074,TRUE,TRUE,FALSE,NA
754973,FALSE,TRUE,FALSE,NA
77952,FALSE,TRUE,TRUE,NA
621528,FALSE,TRUE,TRUE,NA
218679,TRUE,FALSE,FALSE,NA
142979,FALSE,TRUE,TRUE,NA
55375,FALSE,TRUE,FALSE,NA
975316,FALSE,TRUE,TRUE,NA
599662,TRUE,FALSE,TRUE,NA
752257,FALSE,TRUE,FALSE,NA
222044,FALSE,TRUE,TRUE,NA
863100,TRUE,TRUE,FALSE,NA
181850,FALSE,TRUE,FALSE,NA
300253,FALSE,FALSE,TRUE,NA
566022,FALSE,FALSE,TRUE,NA
811704,FALSE,FALSE,FALSE,NA
889993,FALSE,FALSE,FALSE,NA
161140,FALSE,TRUE,TRUE,NA
316580,TRUE,FALSE,TRUE,NA
144144,FALSE,TRUE,FALSE,NA
229629,FALSE,TRUE,FALSE,NA
566324,TRUE,FALSE,TRUE,NA
165529,TRUE,FALSE,FALSE,NA
1210,TRUE,TRUE,TRUE,NA
606766,FALSE,FALSE,TRUE,NA
254596,FALSE,FALSE,TRUE,NA
742982,FALSE,FALSE,FALSE,NA
823706,FALSE,FALSE,FALSE,NA
619157,FALSE,FALSE,FALSE,NA
935989,FALSE,TRUE,TRUE,NA
932490,TRUE,FALSE,FALSE,NA
115630,FALSE,FALSE,TRUE,NA
925760,FALSE,FALSE,TRUE,NA
570575,FALSE,FALSE,FALSE,NA
899486,FALSE,FALSE,FALSE,NA
76,FALSE,TRUE,TRUE,NA
929471,FALSE,FALSE,FALSE,NA
478835,FALSE,TRUE,TRUE,NA
310576,TRUE,FALSE,FALSE,NA
399520,FALSE,TRUE,FALSE,NA
310409,FALSE,TRUE,FALSE,NA
657141,TRUE,FALSE,FALSE,NA
118256,TRUE,FALSE,TRUE,NA
60451,FALSE,TRUE,TRUE,NA
978437,FALSE,FALSE,FALSE,NA
910873,FALSE,FALSE,TRUE,NA
639038,FALSE,TRUE,TRUE,NA
821837,FALSE,TRUE,FALSE,NA
343046,FALSE,FALSE,TRUE,NA
26600,FALSE,FALSE,FALSE,NA
770569,TRUE,FALSE,TRUE,NA
215764,TRUE,TRUE,FALSE,NA
463367,FALSE,FALSE,FALSE,NA
51052,FALSE,TRUE,FALSE,NA
565913,TRUE,TRUE,FALSE,NA
854530,FALSE,FALSE,TRUE,NA
684207,TRUE,FALSE,FALSE,NA
477403,FALSE,FALSE,FALSE,NA
686462,FALSE,TRUE,TRUE,NA
154398,FALSE,FALSE,TRUE,NA
528080,FALSE,TRUE,TRUE,NA
218200,FALSE,FALSE,FALSE,NA
827299,FALSE,FALSE,TRUE,NA
373502,TRUE,TRUE,FALSE,NA
428351,FALSE,FALSE,TRUE,NA
839283,FALSE,FALSE,FALSE,NA
295674,FALSE,TRUE,FALSE,NA
890642,FALSE,FALSE,TRUE,NA
38567,FALSE,FALSE,FALSE,NA
809714,TRUE,FALSE,FALSE,NA
227213,TRUE,FALSE,TRUE,NA
393904,FALSE,FALSE,FALSE,NA
84063,FALSE,FALSE,FALSE,NA
353528,FALSE,FALSE,FALSE,NA
116308,FALSE,TRUE,FALSE,NA
592732,FALSE,FALSE,TRUE,NA
624437,FALSE,FALSE,TRUE,NA
635883,TRUE,TRUE,TRUE,NA
402910,FALSE,TRUE,FALSE,NA
215060,FALSE,FALSE,FALSE,NA
714820,FALSE,TRUE,FALSE,NA
647572,FALSE,TRUE,TRUE,NA
137323,FALSE,TRUE,FALSE,NA
28339,FALSE,FALSE,FALSE,NA
355634,FALSE,FALSE,TRUE,NA
985000,FALSE,TRUE,TRUE,NA
236264,FALSE,TRUE,FALSE,NA
512453,FALSE,FALSE,FALSE,NA
26339,TRUE,FALSE,FALSE,NA
922485,FALSE,TRUE,FALSE,NA
404763,FALSE,TRUE,FALSE,NA
950932,FALSE,FALSE,TRUE,NA
508543,FALSE,TRUE,FALSE,NA
916147,FALSE,FALSE,TRUE,NA
247837,TRUE,FALSE,FALSE,NA
722933,FALSE,TRUE,FALSE,NA
893506,FALSE,TRUE,FALSE,NA
478332,FALSE,TRUE,TRUE,NA
395420,TRUE,TRUE,TRUE,NA
925946,FALSE,FALSE,TRUE,NA
797051,FALSE,FALSE,FALSE,NA
925547,FALSE,TRUE,FALSE,NA
941049,FALSE,TRUE,FALSE,NA
701825,TRUE,FALSE,TRUE,NA
200065,FALSE,TRUE,FALSE,NA
675200,FALSE,TRUE,FALSE,NA
319458,FALSE,FALSE,TRUE,NA
162928,FALSE,FALSE,TRUE,NA
825103,FALSE,FALSE,FALSE,NA
283415,FALSE,TRUE,FALSE,NA
136516,FALSE,FALSE,FALSE,NA
241880,FALSE,FALSE,FALSE,NA
125380,FALSE,FALSE,FALSE,NA
676217,FALSE,TRUE,TRUE,NA
26399,FALSE,TRUE,TRUE,NA
133879,TRUE,FALSE,FALSE,NA
491745,FALSE,FALSE,FALSE,NA
806268,FALSE,FALSE,TRUE,NA
322296,FALSE,TRUE,TRUE,NA
253927,FALSE,FALSE,TRUE,NA
160235,FALSE,FALSE,FALSE,NA
737743,FALSE,FALSE,FALSE,NA
130732,FALSE,FALSE,FALSE,NA
247477,FALSE,FALSE,TRUE,NA
347982,FALSE,FALSE,TRUE,NA
501987,TRUE,FALSE,FALSE,NA
435827,FALSE,TRUE,TRUE,NA
693545,FALSE,FALSE,TRUE,NA
566588,TRUE,TRUE,TRUE,NA
769575,FALSE,TRUE,FALSE,NA
763706,FALSE,TRUE,FALSE,NA
43982,FALSE,TRUE,TRUE,NA
431435,FALSE,FALSE,FALSE,NA
222266,FALSE,TRUE,FALSE,NA
958374,FALSE,FALSE,FALSE,NA
253932,TRUE,FALSE,FALSE,NA
147934,TRUE,TRUE,FALSE,NA
451811,TRUE,TRUE,FALSE,NA
55766,FALSE,TRUE,FALSE,NA
415307,FALSE,FALSE,FALSE,NA
667485,FALSE,TRUE,TRUE,NA
192999,FALSE,FALSE,FALSE,NA
487016,TRUE,FALSE,TRUE,NA
832362,FALSE,TRUE,FALSE,NA
962810,FALSE,FALSE,FALSE,NA
884338,FALSE,FALSE,TRUE,NA
251783,FALSE,FALSE,TRUE,NA
961659,TRUE,TRUE,FALSE,NA
586058,FALSE,FALSE,FALSE,NA
216418,FALSE,FALSE,TRUE,NA
899949,FALSE,TRUE,TRUE,NA
651956,FALSE,FALSE,TRUE,NA
347534,TRUE,FALSE,FALSE,NA
113737,FALSE,FALSE,TRUE,NA
969842,FALSE,FALSE,FALSE,NA
222588,TRUE,FALSE,FALSE,NA
245592,FALSE,FALSE,FALSE,NA
713811,FALSE,TRUE,FALSE,NA
327029,TRUE,TRUE,TRUE,NA
771675,FALSE,TRUE,FALSE,NA
652242,FALSE,TRUE,FALSE,NA
243257,FALSE,FALSE,FALSE,NA
31528,TRUE,TRUE,FALSE,NA
523045,FALSE,TRUE,FALSE,NA
862856,FALSE,TRUE,FALSE,NA
75798,TRUE,TRUE,FALSE,NA
41963,FALSE,FALSE,FALSE,NA
747346,FALSE,TRUE,FALSE,NA
458786,FALSE,FALSE,TRUE,NA
707672,FALSE,FALSE,FALSE,NA
344406,FALSE,FALSE,FALSE,NA
478592,FALSE,FALSE,FALSE,NA
117564,TRUE,TRUE,FALSE,NA
430042,FALSE,FALSE,FALSE,NA
206816,FALSE,FALSE,TRUE,NA
829644,FALSE,FALSE,TRUE,NA
111961,FALSE,FALSE,FALSE,NA
347397,FALSE,FALSE,FALSE,NA
91645,FALSE,TRUE,FALSE,NA
513672,FALSE,FALSE,TRUE,NA
952007,FALSE,FALSE,TRUE,NA
976074,FALSE,FALSE,TRUE,NA
828408,FALSE,FALSE,FALSE,NA
681478,FALSE,FALSE,FALSE,NA
354159,FALSE,FALSE,FALSE,NA
981000,FALSE,FALSE,FALSE,NA
877228,FALSE,TRUE,TRUE,NA
539452,FALSE,FALSE,TRUE,NA
940153,FALSE,FALSE,TRUE,NA
169901,FALSE,FALSE,TRUE,NA
943544,FALSE,FALSE,FALSE,NA
281322,FALSE,FALSE,FALSE,NA
337169,FALSE,TRUE,FALSE,NA
349782,FALSE,TRUE,FALSE,NA
215800,FALSE,FALSE,FALSE,NA
848497,FALSE,FALSE,TRUE,NA
248870,FALSE,TRUE,FALSE,NA
534519,FALSE,FALSE,TRUE,NA
430177,FALSE,FALSE,FALSE,NA
690650,FALSE,FALSE,TRUE,NA
753883,FALSE,TRUE,FALSE,NA
149082,FALSE,FALSE,FALSE,NA
555552,FALSE,TRUE,FALSE,NA
39239,TRUE,FALSE,TRUE,NA
786606,FALSE,FALSE,FALSE,NA
224860,FALSE,FALSE,FALSE,NA
572077,FALSE,TRUE,FALSE,NA
940803,TRUE,FALSE,TRUE,NA
867887,FALSE,FALSE,FALSE,NA
530517,TRUE,FALSE,FALSE,NA
129441,FALSE,FALSE,FALSE,NA
231138,FALSE,FALSE,TRUE,NA
215621,FALSE,FALSE,TRUE,NA
363994,TRUE,FALSE,FALSE,NA
427166,FALSE,FALSE,FALSE,NA
162253,FALSE,FALSE,FALSE,NA
953586,FALSE,FALSE,FALSE,NA
266471,FALSE,FALSE,TRUE,NA
675959,FALSE,TRUE,FALSE,NA
531089,FALSE,TRUE,TRUE,NA
557898,FALSE,TRUE,FALSE,NA
773011,FALSE,TRUE,FALSE,NA
144454,FALSE,TRUE,TRUE,NA
762980,FALSE,TRUE,FALSE,NA
523356,TRUE,FALSE,TRUE,NA
543304,FALSE,FALSE,FALSE,NA
943321,FALSE,FALSE,TRUE,NA
162026,FALSE,TRUE,FALSE,NA
123419,FALSE,TRUE,TRUE,NA
386275,FALSE,FALSE,TRUE,NA
290903,FALSE,TRUE,FALSE,NA
623420,FALSE,FALSE,FALSE,NA
525383,FALSE,TRUE,TRUE,NA
879856,FALSE,TRUE,FALSE,NA
856016,FALSE,FALSE,TRUE,NA
835596,FALSE,FALSE,TRUE,NA
152368,TRUE,FALSE,FALSE,NA
470674,FALSE,FALSE,FALSE,NA
28317,FALSE,FALSE,FALSE,NA
565908,FALSE,FALSE,TRUE,NA
751538,FALSE,TRUE,FALSE,NA
109832,FALSE,TRUE,FALSE,NA
669252,FALSE,TRUE,FALSE,NA
616601,FALSE,FALSE,FALSE,NA
399969,FALSE,TRUE,TRUE,NA
583379,FALSE,FALSE,FALSE,NA
855257,FALSE,FALSE,FALSE,NA
928539,FALSE,FALSE,TRUE,NA
565143,FALSE,TRUE,FALSE,NA
428429,FALSE,TRUE,FALSE,NA
27282,FALSE,TRUE,FALSE,NA
109429,FALSE,FALSE,FALSE,NA
53111,FALSE,FALSE,FALSE,NA
313071,TRUE,TRUE,TRUE,NA
680284,FALSE,TRUE,FALSE,NA
726057,TRUE,FALSE,FALSE,NA
570080,FALSE,FALSE,FALSE,NA
876268,FALSE,FALSE,FALSE,NA
228162,TRUE,TRUE,FALSE,NA
565166,FALSE,TRUE,TRUE,NA
412024,FALSE,FALSE,TRUE,NA
91379,FALSE,FALSE,TRUE,NA
97271,TRUE,TRUE,TRUE,NA
102914,FALSE,FALSE,FALSE,NA
726166,FALSE,TRUE,FALSE,NA
636925,FALSE,TRUE,FALSE,NA
980192,FALSE,FALSE,FALSE,NA
126131,FALSE,FALSE,FALSE,NA
501834,TRUE,TRUE,TRUE,NA
467522,FALSE,FALSE,FALSE,NA
382250,TRUE,FALSE,FALSE,NA
964180,FALSE,TRUE,FALSE,NA
399572,FALSE,TRUE,TRUE,NA
54445,FALSE,TRUE,FALSE,NA
698551,TRUE,TRUE,FALSE,NA
850576,TRUE,TRUE,FALSE,NA
340298,FALSE,FALSE,TRUE,NA
22028,FALSE,TRUE,TRUE,NA
455088,TRUE,FALSE,FALSE,NA
300040,FALSE,TRUE,TRUE,NA
522314,TRUE,FALSE,FALSE,NA
661393,FALSE,TRUE,FALSE,NA
533448,FALSE,FALSE,FALSE,NA
88825,FALSE,TRUE,FALSE,NA
781172,FALSE,FALSE,FALSE,NA
336084,FALSE,TRUE,FALSE,NA
936554,FALSE,FALSE,TRUE,NA
243092,FALSE,TRUE,FALSE,NA
586934,FALSE,FALSE,TRUE,NA
363570,FALSE,FALSE,FALSE,NA
498856,FALSE,TRUE,TRUE,NA
741962,TRUE,TRUE,TRUE,NA
493096,FALSE,TRUE,TRUE,NA
333165,FALSE,TRUE,FALSE,NA
405190,FALSE,FALSE,TRUE,NA
386874,FALSE,FALSE,FALSE,NA
89147,FALSE,TRUE,FALSE,NA
383314,FALSE,TRUE,FALSE,NA
590431,FALSE,TRUE,TRUE,NA
471630,FALSE,FALSE,TRUE,NA
497641,FALSE,TRUE,TRUE,NA
474636,FALSE,FALSE,FALSE,NA
845513,FALSE,TRUE,FALSE,NA
114847,TRUE,TRUE,FALSE,NA
830487,TRUE,FALSE,TRUE,NA
139831,FALSE,FALSE,FALSE,NA
960405,FALSE,FALSE,FALSE,NA
169135,FALSE,FALSE,TRUE,NA
2231,FALSE,FALSE,TRUE,NA
240019,FALSE,TRUE,TRUE,NA
292679,FALSE,FALSE,TRUE,NA
95871,FALSE,FALSE,FALSE,NA
338476,FALSE,FALSE,FALSE,NA
16898,FALSE,FALSE,FALSE,NA
52723,FALSE,FALSE,FALSE,NA
96547,FALSE,TRUE,FALSE,NA
633668,FALSE,FALSE,TRUE,NA
923933,FALSE,TRUE,FALSE,NA
962211,FALSE,FALSE,TRUE,NA
290886,FALSE,FALSE,FALSE,NA
219009,FALSE,FALSE,TRUE,NA
929489,TRUE,FALSE,FALSE,NA
635580,FALSE,FALSE,TRUE,NA
734194,TRUE,FALSE,TRUE,NA
273595,FALSE,TRUE,TRUE,NA
666782,FALSE,FALSE,TRUE,NA
887773,FALSE,TRUE,TRUE,NA
216827,FALSE,FALSE,FALSE,NA
586755,TRUE,FALSE,FALSE,NA
726250,FALSE,TRUE,FALSE,NA
10527,TRUE,FALSE,TRUE,NA
556705,FALSE,FALSE,FALSE,NA
172676,FALSE,TRUE,TRUE,NA
244306,FALSE,TRUE,TRUE,NA
501193,FALSE,TRUE,TRUE,NA
984147,FALSE,FALSE,TRUE,NA
451352,FALSE,FALSE,TRUE,NA
67290,FALSE,FALSE,TRUE,NA
32093,FALSE,TRUE,FALSE,NA
8013,FALSE,TRUE,FALSE,NA
796236,TRUE,TRUE,TRUE,NA
293249,FALSE,TRUE,FALSE,NA
991698,TRUE,FALSE,TRUE,NA
861286,FALSE,FALSE,TRUE,NA
59340,FALSE,TRUE,TRUE,NA
267751,FALSE,TRUE,FALSE,NA
2402,FALSE,FALSE,TRUE,NA
812050,FALSE,FALSE,FALSE,NA
104940,TRUE,FALSE,TRUE,NA
178376,FALSE,TRUE,FALSE,NA
86738,FALSE,TRUE,FALSE,NA
339319,FALSE,TRUE,TRUE,NA
54313,FALSE,FALSE,FALSE,NA
421696,TRUE,FALSE,TRUE,NA
389114,FALSE,FALSE,FALSE,NA
501464,FALSE,FALSE,TRUE,NA
677709,TRUE,FALSE,FALSE,NA
589589,TRUE,FALSE,TRUE,NA
464642,FALSE,TRUE,FALSE,NA
820907,FALSE,FALSE,FALSE,NA
545811,FALSE,TRUE,FALSE,NA
880392,FALSE,TRUE,FALSE,NA
77520,FALSE,FALSE,FALSE,NA
705744,FALSE,TRUE,FALSE,NA
876056,FALSE,FALSE,FALSE,NA
365251,FALSE,FALSE,FALSE,NA
703714,FALSE,FALSE,TRUE,NA
249014,FALSE,FALSE,TRUE,NA
150982,FALSE,FALSE,TRUE,NA
384552,FALSE,FALSE,FALSE,NA
412477,TRUE,FALSE,FALSE,NA
931790,FALSE,TRUE,TRUE,NA
196572,FALSE,FALSE,FALSE,NA
84341,FALSE,FALSE,FALSE,NA
396884,FALSE,FALSE,FALSE,NA
240204,FALSE,FALSE,TRUE,NA
993973,TRUE,FALSE,TRUE,NA
926345,FALSE,FALSE,FALSE,NA
852931,FALSE,TRUE,FALSE,NA
253866,TRUE,FALSE,TRUE,NA
741912,FALSE,TRUE,TRUE,NA
686447,FALSE,FALSE,FALSE,NA
50405,FALSE,FALSE,FALSE,NA
367656,FALSE,FALSE,TRUE,NA
406194,FALSE,TRUE,FALSE,NA
515671,FALSE,TRUE,TRUE,NA
782987,FALSE,FALSE,FALSE,NA
856251,FALSE,FALSE,TRUE,NA
531260,FALSE,FALSE,TRUE,NA
185971,FALSE,TRUE,FALSE,NA
717371,FALSE,FALSE,FALSE,NA
589013,FALSE,FALSE,TRUE,NA
796169,FALSE,TRUE,TRUE,NA
679584,FALSE,FALSE,FALSE,NA
358132,FALSE,FALSE,TRUE,NA
962141,FALSE,FALSE,TRUE,NA
52145,FALSE,TRUE,FALSE,NA
756479,TRUE,TRUE,FALSE,NA
534368,TRUE,TRUE,FALSE,NA
270416,FALSE,TRUE,TRUE,NA
872424,FALSE,TRUE,FALSE,NA
333778,FALSE,FALSE,TRUE,NA
140616,FALSE,FALSE,TRUE,NA
621313,FALSE,TRUE,TRUE,NA
614276,FALSE,TRUE,FALSE,NA
229640,FALSE,TRUE,FALSE,NA
621020,FALSE,TRUE,TRUE,NA
202440,FALSE,FALSE,FALSE,NA
737841,TRUE,FALSE,TRUE,NA
758053,FALSE,TRUE,FALSE,NA
764536,FALSE,TRUE,FALSE,NA
891223,FALSE,TRUE,TRUE,NA
210898,FALSE,TRUE,FALSE,NA
596363,FALSE,TRUE,TRUE,NA
596473,TRUE,FALSE,TRUE,NA
607985,TRUE,FALSE,TRUE,NA
943249,FALSE,FALSE,FALSE,NA
822706,FALSE,FALSE,FALSE,NA
308854,FALSE,FALSE,FALSE,NA
587068,FALSE,TRUE,TRUE,NA
117484,FALSE,TRUE,FALSE,NA
210314,TRUE,FALSE,FALSE,NA
17126,FALSE,FALSE,FALSE,NA
707071,FALSE,TRUE,FALSE,NA
885424,TRUE,TRUE,FALSE,NA
79083,TRUE,TRUE,FALSE,NA
897480,FALSE,FALSE,TRUE,NA
250819,TRUE,FALSE,TRUE,NA
872862,TRUE,FALSE,TRUE,NA
559068,FALSE,FALSE,TRUE,NA
296963,TRUE,TRUE,FALSE,NA
838097,FALSE,TRUE,TRUE,NA
73745,FALSE,FALSE,TRUE,NA
825302,FALSE,TRUE,FALSE,NA
408042,FALSE,FALSE,FALSE,NA
848445,TRUE,FALSE,TRUE,NA
954029,FALSE,TRUE,TRUE,NA
90016,FALSE,FALSE,TRUE,NA
349966,FALSE,FALSE,FALSE,NA
825284,FALSE,FALSE,TRUE,NA
828178,FALSE,FALSE,TRUE,NA
100190,FALSE,FALSE,TRUE,NA
118505,FALSE,FALSE,FALSE,NA
609914,TRUE,FALSE,TRUE,NA
142498,FALSE,FALSE,FALSE,NA
126139,FALSE,FALSE,TRUE,NA
772613,FALSE,TRUE,FALSE,NA
177939,FALSE,FALSE,FALSE,NA
238832,TRUE,FALSE,FALSE,NA
560530,TRUE,FALSE,FALSE,NA
545885,FALSE,TRUE,FALSE,NA
762104,TRUE,FALSE,FALSE,NA
275513,FALSE,FALSE,FALSE,NA
604625,FALSE,FALSE,FALSE,NA
507753,FALSE,FALSE,TRUE,NA
405812,FALSE,TRUE,FALSE,NA
37945,TRUE,TRUE,FALSE,NA
751183,FALSE,FALSE,FALSE,NA
436433,FALSE,FALSE,FALSE,NA
31940,FALSE,FALSE,TRUE,NA
113301,FALSE,FALSE,TRUE,NA
882992,TRUE,FALSE,FALSE,NA
562400,FALSE,TRUE,FALSE,NA
936255,FALSE,FALSE,TRUE,NA
894224,TRUE,TRUE,FALSE,NA
569085,FALSE,TRUE,TRUE,NA
71760,FALSE,FALSE,TRUE,NA
879143,FALSE,TRUE,TRUE,NA
747555,TRUE,FALSE,FALSE,NA
566071,FALSE,TRUE,FALSE,NA
429041,FALSE,TRUE,FALSE,NA
47721,FALSE,FALSE,FALSE,NA
464238,FALSE,FALSE,FALSE,NA
527334,FALSE,TRUE,TRUE,NA
182722,FALSE,FALSE,FALSE,NA
503440,FALSE,TRUE,TRUE,NA
920527,FALSE,FALSE,TRUE,NA
37239,FALSE,TRUE,FALSE,NA
288496,TRUE,FALSE,FALSE,NA
840876,FALSE,FALSE,TRUE,NA
893417,TRUE,FALSE,FALSE,NA
9806,FALSE,TRUE,TRUE,NA
701460,FALSE,FALSE,FALSE,NA
342692,FALSE,FALSE,TRUE,NA
306094,FALSE,TRUE,FALSE,NA
415086,FALSE,TRUE,FALSE,NA
808524,FALSE,FALSE,FALSE,NA
393127,FALSE,FALSE,FALSE,NA
263622,TRUE,FALSE,FALSE,NA
28680,FALSE,FALSE,TRUE,NA
391153,FALSE,TRUE,TRUE,NA
816027,FALSE,TRUE,FALSE,NA
590044,FALSE,FALSE,TRUE,NA
536013,FALSE,FALSE,FALSE,NA
643910,FALSE,TRUE,TRUE,NA
268233,TRUE,TRUE,FALSE,NA
891144,FALSE,TRUE,FALSE,NA
269083,FALSE,FALSE,TRUE,NA
229962,FALSE,TRUE,FALSE,NA
296093,FALSE,FALSE,FALSE,NA
467256,FALSE,TRUE,FALSE,NA
486872,TRUE,FALSE,FALSE,NA
252773,FALSE,TRUE,FALSE,NA
600435,FALSE,FALSE,FALSE,NA
886932,FALSE,TRUE,TRUE,NA
480683,FALSE,TRUE,FALSE,NA
885359,FALSE,TRUE,TRUE,NA
134802,FALSE,FALSE,FALSE,NA
220087,FALSE,FALSE,FALSE,NA
732724,FALSE,FALSE,FALSE,NA
659296,FALSE,FALSE,TRUE,NA
901545,TRUE,TRUE,TRUE,NA
791955,TRUE,FALSE,FALSE,NA
539386,FALSE,TRUE,FALSE,NA
777002,FALSE,FALSE,FALSE,NA
1477,FALSE,FALSE,FALSE,NA
105379,FALSE,FALSE,FALSE,NA
706785,FALSE,TRUE,FALSE,NA
80001,FALSE,FALSE,TRUE,NA
100371,FALSE,FALSE,FALSE,NA
815944,FALSE,TRUE,TRUE,NA
339546,FALSE,FALSE,FALSE,NA
742052,FALSE,TRUE,FALSE,NA
305855,FALSE,TRUE,TRUE,NA
93762,FALSE,FALSE,TRUE,NA
289244,FALSE,FALSE,TRUE,NA
158146,FALSE,TRUE,TRUE,NA
985442,FALSE,FALSE,FALSE,NA
664257,FALSE,FALSE,TRUE,NA
134021,FALSE,TRUE,FALSE,NA
166879,FALSE,FALSE,FALSE,NA
452712,FALSE,FALSE,FALSE,NA
508899,TRUE,FALSE,FALSE,NA
153588,TRUE,TRUE,TRUE,NA
251872,FALSE,FALSE,FALSE,NA
978046,TRUE,TRUE,TRUE,NA
768248,TRUE,FALSE,FALSE,NA
13252,FALSE,FALSE,FALSE,NA
842343,FALSE,FALSE,FALSE,NA
651675,FALSE,TRUE,FALSE,NA
163251,FALSE,FALSE,FALSE,NA
198387,FALSE,FALSE,FALSE,NA
677428,FALSE,TRUE,FALSE,NA
829744,TRUE,FALSE,FALSE,NA
23960,FALSE,TRUE,FALSE,NA
575713,FALSE,FALSE,TRUE,NA
470341,TRUE,FALSE,FALSE,NA
556068,FALSE,FALSE,FALSE,NA
133448,FALSE,FALSE,FALSE,NA
927583,FALSE,FALSE,FALSE,NA
210518,FALSE,FALSE,TRUE,NA
565858,FALSE,FALSE,FALSE,NA
117583,TRUE,FALSE,FALSE,NA
119837,TRUE,FALSE,TRUE,NA
651202,TRUE,TRUE,FALSE,NA
896066,FALSE,FALSE,TRUE,NA
603026,FALSE,TRUE,TRUE,NA
257649,TRUE,FALSE,FALSE,NA
261537,TRUE,FALSE,FALSE,NA
482051,FALSE,FALSE,FALSE,NA
793287,FALSE,FALSE,TRUE,NA
544735,FALSE,TRUE,TRUE,NA
887046,FALSE,TRUE,FALSE,NA
12026,FALSE,FALSE,FALSE,NA
620076,FALSE,FALSE,TRUE,NA
834135,FALSE,FALSE,FALSE,NA
126938,TRUE,FALSE,FALSE,NA
308197,FALSE,FALSE,TRUE,NA
574937,FALSE,FALSE,FALSE,NA
518539,FALSE,TRUE,FALSE,NA
439698,FALSE,TRUE,FALSE,NA
714627,FALSE,FALSE,FALSE,NA
563782,FALSE,TRUE,FALSE,NA
528170,FALSE,FALSE,FALSE,NA
756768,FALSE,FALSE,TRUE,NA
788497,FALSE,FALSE,TRUE,NA
811132,FALSE,TRUE,FALSE,NA
769898,FALSE,FALSE,FALSE,NA
741754,FALSE,TRUE,TRUE,NA
430930,FALSE,FALSE,FALSE,NA
592920,FALSE,FALSE,TRUE,NA
674399,FALSE,FALSE,TRUE,NA
284303,FALSE,FALSE,TRUE,NA
647209,FALSE,FALSE,TRUE,NA
237864,FALSE,FALSE,FALSE,NA
93960,FALSE,TRUE,TRUE,NA
180546,FALSE,TRUE,FALSE,NA
497551,TRUE,FALSE,TRUE,NA
644826,FALSE,TRUE,TRUE,NA
324542,FALSE,FALSE,TRUE,NA
847500,FALSE,TRUE,FALSE,NA
561119,FALSE,FALSE,TRUE,NA
395160,FALSE,TRUE,TRUE,NA
790238,FALSE,TRUE,FALSE,NA
605880,FALSE,TRUE,TRUE,NA
689026,FALSE,FALSE,TRUE,NA
514944,FALSE,FALSE,TRUE,NA
796405,FALSE,FALSE,FALSE,NA
2430,TRUE,TRUE,FALSE,NA
165891,FALSE,FALSE,TRUE,NA
576347,TRUE,TRUE,FALSE,NA
374374,FALSE,TRUE,FALSE,NA
241917,FALSE,FALSE,TRUE,NA
735153,TRUE,TRUE,FALSE,NA
982780,FALSE,FALSE,TRUE,NA
575710,FALSE,TRUE,TRUE,NA
497204,FALSE,FALSE,FALSE,NA
273491,FALSE,FALSE,FALSE,NA
764057,FALSE,FALSE,FALSE,NA
615784,FALSE,TRUE,TRUE,NA
367258,TRUE,FALSE,FALSE,NA
130582,FALSE,FALSE,TRUE,NA
165263,FALSE,TRUE,FALSE,NA
996854,FALSE,TRUE,FALSE,NA
6783,FALSE,FALSE,TRUE,NA
848048,FALSE,FALSE,FALSE,NA
636146,FALSE,TRUE,TRUE,NA
347206,TRUE,FALSE,FALSE,NA
121552,FALSE,TRUE,FALSE,NA
317872,FALSE,TRUE,TRUE,NA
609318,FALSE,TRUE,TRUE,NA
4474,TRUE,FALSE,TRUE,NA
491111,FALSE,FALSE,FALSE,NA
907080,FALSE,FALSE,FALSE,NA
664883,FALSE,TRUE,TRUE,NA
588219,FALSE,FALSE,FALSE,NA
895231,FALSE,TRUE,FALSE,NA
468948,FALSE,FALSE,FALSE,NA
616570,FALSE,FALSE,FALSE,NA
198922,FALSE,FALSE,FALSE,NA
898000,FALSE,TRUE,TRUE,NA
303745,FALSE,TRUE,FALSE,NA
571428,TRUE,TRUE,TRUE,NA
117087,FALSE,FALSE,TRUE,NA
183064,FALSE,FALSE,FALSE,NA
595774,FALSE,FALSE,TRUE,NA
526078,FALSE,TRUE,FALSE,NA
856900,FALSE,TRUE,TRUE,NA
909990,FALSE,FALSE,FALSE,NA
516279,FALSE,FALSE,TRUE,NA
324394,FALSE,FALSE,TRUE,NA
371470,FALSE,TRUE,FALSE,NA
101502,FALSE,FALSE,TRUE,NA
303637,FALSE,FALSE,FALSE,NA
32268,FALSE,TRUE,FALSE,NA
890429,FALSE,TRUE,FALSE,NA
896539,TRUE,FALSE,FALSE,NA
359015,TRUE,TRUE,FALSE,NA
866993,FALSE,FALSE,TRUE,NA
889864,FALSE,FALSE,FALSE,NA
573742,FALSE,TRUE,FALSE,NA
556078,TRUE,TRUE,TRUE,NA
809847,FALSE,FALSE,FALSE,NA
299091,TRUE,TRUE,FALSE,NA
206140,TRUE,FALSE,TRUE,NA
490002,FALSE,TRUE,FALSE,NA
424003,FALSE,TRUE,FALSE,NA
619336,FALSE,TRUE,TRUE,NA
46364,FALSE,FALSE,FALSE,NA
153128,FALSE,TRUE,FALSE,NA
45701,FALSE,FALSE,FALSE,NA
63013,TRUE,FALSE,TRUE,NA
784270,FALSE,TRUE,FALSE,NA
116177,FALSE,TRUE,FALSE,NA
686956,FALSE,FALSE,TRUE,NA
480972,TRUE,FALSE,TRUE,NA
147587,FALSE,FALSE,TRUE,NA
796172,FALSE,TRUE,FALSE,NA
537561,FALSE,FALSE,FALSE,NA
546773,FALSE,FALSE,FALSE,NA
909153,TRUE,TRUE,TRUE,NA
148059,FALSE,FALSE,FALSE,NA
797880,FALSE,FALSE,FALSE,NA
139745,FALSE,TRUE,TRUE,NA
62442,FALSE,TRUE,TRUE,NA
222045,FALSE,TRUE,FALSE,NA
841464,TRUE,FALSE,TRUE,NA
780104,TRUE,TRUE,FALSE,NA
524723,FALSE,TRUE,FALSE,NA
806596,FALSE,TRUE,FALSE,NA
658476,TRUE,TRUE,TRUE,NA
721053,FALSE,TRUE,FALSE,NA
513934,FALSE,FALSE,FALSE,NA
804894,FALSE,TRUE,FALSE,NA
813010,FALSE,FALSE,FALSE,NA
156596,FALSE,TRUE,FALSE,NA
427461,FALSE,FALSE,TRUE,NA
613160,FALSE,TRUE,TRUE,NA
673293,TRUE,FALSE,FALSE,NA
716243,FALSE,TRUE,FALSE,NA
901408,TRUE,FALSE,FALSE,NA
45178,FALSE,FALSE,TRUE,NA
311388,FALSE,TRUE,FALSE,NA
143935,FALSE,FALSE,TRUE,NA
304135,TRUE,FALSE,FALSE,NA
327608,FALSE,FALSE,FALSE,NA
16111,FALSE,FALSE,FALSE,NA
146853,TRUE,TRUE,FALSE,NA
586969,TRUE,TRUE,FALSE,NA
652631,FALSE,FALSE,FALSE,NA
881898,FALSE,FALSE,FALSE,NA
125866,FALSE,FALSE,FALSE,NA
725331,FALSE,FALSE,TRUE,NA
696288,FALSE,FALSE,FALSE,NA
329277,FALSE,FALSE,TRUE,NA
58298,TRUE,TRUE,FALSE,NA
487646,TRUE,FALSE,FALSE,NA
480495,FALSE,FALSE,TRUE,NA
253166,FALSE,FALSE,FALSE,NA
756354,FALSE,FALSE,TRUE,NA
969608,TRUE,FALSE,TRUE,NA
188828,FALSE,TRUE,FALSE,NA
958359,TRUE,FALSE,TRUE,NA
937433,FALSE,TRUE,FALSE,NA
451264,FALSE,FALSE,FALSE,NA
2537,TRUE,FALSE,TRUE,NA
703683,FALSE,FALSE,TRUE,NA
698930,FALSE,TRUE,FALSE,NA
939863,TRUE,FALSE,FALSE,NA
786129,FALSE,TRUE,TRUE,NA
19106,FALSE,TRUE,TRUE,NA
1569,FALSE,FALSE,FALSE,NA
462712,FALSE,TRUE,FALSE,NA
837276,FALSE,FALSE,TRUE,NA
671056,FALSE,TRUE,FALSE,NA
674034,FALSE,TRUE,TRUE,NA
926923,FALSE,FALSE,FALSE,NA
32392,FALSE,TRUE,TRUE,NA
531553,FALSE,FALSE,FALSE,NA
190260,FALSE,TRUE,TRUE,NA
819555,FALSE,FALSE,FALSE,NA
915335,FALSE,TRUE,FALSE,NA
536649,TRUE,FALSE,TRUE,NA
77749,TRUE,FALSE,FALSE,NA
34371,FALSE,FALSE,FALSE,NA
913121,FALSE,FALSE,FALSE,NA
60360,FALSE,TRUE,TRUE,NA
23150,FALSE,FALSE,TRUE,NA
971966,FALSE,TRUE,FALSE,NA
201256,FALSE,TRUE,FALSE,NA
321016,FALSE,TRUE,TRUE,NA
804887,FALSE,TRUE,FALSE,NA
326792,FALSE,TRUE,FALSE,NA
132888,FALSE,FALSE,TRUE,NA
539716,FALSE,FALSE,TRUE,NA
681234,FALSE,FALSE,FALSE,NA
149218,TRUE,FALSE,FALSE,NA
643110,FALSE,FALSE,FALSE,NA
250037,FALSE,TRUE,FALSE,NA
631782,FALSE,FALSE,FALSE,NA
968373,FALSE,FALSE,FALSE,NA
278990,TRUE,TRUE,FALSE,NA
579027,FALSE,TRUE,TRUE,NA
419163,TRUE,TRUE,FALSE,NA
54226,FALSE,FALSE,FALSE,NA
724387,FALSE,FALSE,FALSE,NA
290516,FALSE,TRUE,FALSE,NA
196444,FALSE,FALSE,FALSE,NA
882009,FALSE,FALSE,FALSE,NA
873354,FALSE,TRUE,TRUE,NA
38699,FALSE,TRUE,FALSE,NA
8435,FALSE,FALSE,TRUE,NA
273713,FALSE,FALSE,FALSE,NA
461025,FALSE,FALSE,FALSE,NA
809361,FALSE,TRUE,FALSE,NA
432080,TRUE,FALSE,FALSE,NA
347356,FALSE,TRUE,FALSE,NA
25351,FALSE,TRUE,FALSE,NA
378184,TRUE,FALSE,TRUE,NA
384205,FALSE,FALSE,FALSE,NA
170713,FALSE,FALSE,FALSE,NA
543949,FALSE,FALSE,FALSE,NA
39036,FALSE,FALSE,FALSE,NA
560076,FALSE,TRUE,FALSE,NA
836828,FALSE,FALSE,FALSE,NA
935790,FALSE,FALSE,FALSE,NA
772165,FALSE,FALSE,FALSE,NA
291582,FALSE,TRUE,FALSE,NA
895353,FALSE,FALSE,FALSE,NA
502911,TRUE,FALSE,FALSE,NA
308053,FALSE,FALSE,FALSE,NA
904449,TRUE,FALSE,TRUE,NA
9417,TRUE,FALSE,TRUE,NA
159704,FALSE,TRUE,FALSE,NA
185604,FALSE,FALSE,FALSE,NA
767634,FALSE,TRUE,FALSE,NA
698925,FALSE,TRUE,FALSE,NA
282763,FALSE,TRUE,FALSE,NA
975139,FALSE,TRUE,TRUE,NA
847456,FALSE,FALSE,TRUE,NA
478378,FALSE,FALSE,FALSE,NA
527171,TRUE,FALSE,FALSE,NA
910565,FALSE,FALSE,TRUE,NA
645282,FALSE,TRUE,TRUE,NA
861471,FALSE,FALSE,TRUE,NA
162835,FALSE,TRUE,TRUE,NA
295945,TRUE,TRUE,FALSE,NA
654150,FALSE,FALSE,FALSE,NA
299597,FALSE,TRUE,FALSE,NA
846373,FALSE,FALSE,FALSE,NA
9606,FALSE,FALSE,FALSE,NA
363662,TRUE,FALSE,FALSE,NA
593462,FALSE,TRUE,TRUE,NA
594535,FALSE,TRUE,TRUE,NA
751561,FALSE,FALSE,FALSE,NA
814981,FALSE,FALSE,TRUE,NA
291521,FALSE,FALSE,TRUE,NA
648568,FALSE,FALSE,TRUE,NA
268052,FALSE,TRUE,TRUE,NA
951105,FALSE,TRUE,FALSE,NA
778061,FALSE,FALSE,TRUE,NA
194494,TRUE,FALSE,FALSE,NA
827617,FALSE,TRUE,FALSE,NA
290684,TRUE,FALSE,FALSE,NA
984833,FALSE,TRUE,FALSE,NA
443105,FALSE,FALSE,FALSE,NA
573019,FALSE,TRUE,TRUE,NA
436007,FALSE,FALSE,TRUE,NA
228057,FALSE,FALSE,FALSE,NA
207843,TRUE,FALSE,FALSE,NA
210900,FALSE,TRUE,TRUE,NA
247644,FALSE,FALSE,TRUE,NA
399225,FALSE,FALSE,FALSE,NA
44867,FALSE,TRUE,FALSE,NA
703023,TRUE,FALSE,TRUE,NA
539359,FALSE,TRUE,FALSE,NA
677091,FALSE,FALSE,TRUE,NA
288308,FALSE,FALSE,FALSE,NA
394844,FALSE,TRUE,TRUE,NA
280887,FALSE,FALSE,TRUE,NA
234450,TRUE,TRUE,FALSE,NA
199297,FALSE,FALSE,TRUE,NA
837877,FALSE,FALSE,FALSE,NA
516328,FALSE,FALSE,FALSE,NA
86197,TRUE,FALSE,FALSE,NA
154700,FALSE,FALSE,FALSE,NA
978976,FALSE,FALSE,FALSE,NA
816987,FALSE,FALSE,FALSE,NA
170223,FALSE,FALSE,FALSE,NA
69114,FALSE,FALSE,FALSE,NA
732087,FALSE,TRUE,FALSE,NA
271836,FALSE,FALSE,TRUE,NA
454594,TRUE,FALSE,FALSE,NA
633493,FALSE,FALSE,TRUE,NA
402786,FALSE,FALSE,TRUE,NA
90801,FALSE,FALSE,FALSE,NA
440647,FALSE,FALSE,FALSE,NA
57121,TRUE,FALSE,FALSE,NA
833070,FALSE,FALSE,TRUE,NA
782242,FALSE,FALSE,FALSE,NA
768469,FALSE,FALSE,FALSE,NA
609714,FALSE,FALSE,TRUE,NA
37365,FALSE,TRUE,TRUE,NA
364918,FALSE,TRUE,FALSE,NA
309063,FALSE,TRUE,FALSE,NA
210128,TRUE,TRUE,FALSE,NA
140609,FALSE,TRUE,FALSE,NA
653273,FALSE,FALSE,TRUE,NA
905312,TRUE,TRUE,FALSE,NA
266955,FALSE,TRUE,TRUE,NA
700687,FALSE,FALSE,FALSE,NA
706665,FALSE,FALSE,TRUE,NA
694302,FALSE,FALSE,FALSE,NA
626401,FALSE,FALSE,TRUE,NA
124127,FALSE,FALSE,FALSE,NA
177993,TRUE,FALSE,TRUE,NA
781274,FALSE,FALSE,FALSE,NA
698815,TRUE,FALSE,FALSE,NA
511526,FALSE,FALSE,TRUE,NA
831827,FALSE,FALSE,FALSE,NA
870388,FALSE,TRUE,FALSE,NA
144119,TRUE,FALSE,TRUE,NA
46619,TRUE,FALSE,TRUE,NA
473665,FALSE,FALSE,FALSE,NA
858744,FALSE,FALSE,FALSE,NA
918710,FALSE,FALSE,TRUE,NA
898731,TRUE,FALSE,FALSE,NA
671000,FALSE,FALSE,TRUE,NA
166474,TRUE,FALSE,FALSE,NA
605192,TRUE,FALSE,TRUE,NA
292593,FALSE,FALSE,FALSE,NA
598890,TRUE,FALSE,FALSE,NA
516649,FALSE,FALSE,FALSE,NA
812196,FALSE,FALSE,FALSE,NA
351377,FALSE,FALSE,TRUE,NA
309883,FALSE,TRUE,FALSE,NA
747511,FALSE,FALSE,FALSE,NA
495608,FALSE,TRUE,FALSE,NA
324295,FALSE,TRUE,TRUE,NA
296163,FALSE,TRUE,TRUE,NA
454266,TRUE,TRUE,FALSE,NA
255019,FALSE,FALSE,FALSE,NA
502228,FALSE,TRUE,TRUE,NA
607021,FALSE,FALSE,FALSE,NA
109901,FALSE,FALSE,FALSE,NA
216151,FALSE,FALSE,TRUE,NA
427215,FALSE,FALSE,FALSE,NA
289294,FALSE,FALSE,TRUE,NA
616722,FALSE,FALSE,FALSE,NA
43535,FALSE,FALSE,TRUE,NA
467830,FALSE,TRUE,TRUE,NA
741493,FALSE,TRUE,FALSE,NA
256463,FALSE,TRUE,TRUE,NA
167455,TRUE,TRUE,FALSE,NA
252785,FALSE,FALSE,TRUE,NA
965808,TRUE,TRUE,TRUE,NA
181564,FALSE,FALSE,FALSE,NA
990271,FALSE,FALSE,FALSE,NA
672314,FALSE,FALSE,FALSE,NA
560119,FALSE,TRUE,FALSE,NA
772210,FALSE,FALSE,FALSE,NA
611125,FALSE,FALSE,TRUE,NA
305825,FALSE,FALSE,TRUE,NA
767103,TRUE,FALSE,FALSE,NA
980422,TRUE,TRUE,FALSE,NA
722106,FALSE,TRUE,TRUE,NA
90035,FALSE,FALSE,FALSE,NA
861509,FALSE,FALSE,FALSE,NA
756883,FALSE,TRUE,FALSE,NA
369510,FALSE,TRUE,TRUE,NA
909733,FALSE,FALSE,FALSE,NA
383694,FALSE,FALSE,FALSE,NA
116653,FALSE,FALSE,TRUE,NA
985479,FALSE,FALSE,FALSE,NA
478857,FALSE,TRUE,FALSE,NA
887454,TRUE,FALSE,TRUE,NA
435107,FALSE,TRUE,FALSE,NA
58581,TRUE,FALSE,TRUE,NA
791274,FALSE,FALSE,TRUE,NA
851510,FALSE,FALSE,FALSE,NA
488871,FALSE,TRUE,FALSE,NA
418744,TRUE,TRUE,TRUE,NA
930559,FALSE,TRUE,FALSE,NA
783337,FALSE,FALSE,FALSE,NA
459024,FALSE,TRUE,TRUE,NA
98793,FALSE,FALSE,FALSE,NA
320384,FALSE,TRUE,FALSE,NA
469992,FALSE,FALSE,FALSE,NA
111248,FALSE,TRUE,FALSE,NA
693706,TRUE,FALSE,TRUE,NA
256460,FALSE,TRUE,TRUE,NA
911929,FALSE,FALSE,FALSE,NA
534125,FALSE,FALSE,FALSE,NA
501837,FALSE,FALSE,TRUE,NA
582615,TRUE,FALSE,TRUE,NA
821554,TRUE,FALSE,FALSE,NA
287592,FALSE,FALSE,TRUE,NA
513622,FALSE,FALSE,TRUE,NA
27071,FALSE,FALSE,TRUE,NA
484743,TRUE,FALSE,FALSE,NA
609548,FALSE,FALSE,FALSE,NA
714882,FALSE,FALSE,FALSE,NA
940179,FALSE,FALSE,TRUE,NA
454934,FALSE,TRUE,TRUE,NA
361401,FALSE,FALSE,FALSE,NA
46560,FALSE,TRUE,FALSE,NA
138182,FALSE,TRUE,TRUE,NA
350937,FALSE,FALSE,FALSE,NA
875177,TRUE,TRUE,FALSE,NA
363951,TRUE,TRUE,FALSE,NA
800135,FALSE,TRUE,FALSE,NA
331923,FALSE,FALSE,TRUE,NA
941354,FALSE,TRUE,FALSE,NA
958830,TRUE,FALSE,TRUE,NA
465957,FALSE,TRUE,FALSE,NA
48950,FALSE,FALSE,FALSE,NA
360952,FALSE,FALSE,FALSE,NA
728367,FALSE,FALSE,TRUE,NA
977493,FALSE,FALSE,FALSE,NA
63216,FALSE,FALSE,FALSE,NA
59887,FALSE,FALSE,FALSE,NA
784434,TRUE,TRUE,FALSE,NA
930905,FALSE,FALSE,TRUE,NA
597279,TRUE,TRUE,FALSE,NA
350419,TRUE,FALSE,FALSE,NA
983883,TRUE,FALSE,FALSE,NA
80875,TRUE,TRUE,FALSE,NA
63099,FALSE,FALSE,FALSE,NA
758101,FALSE,FALSE,FALSE,NA
918259,FALSE,TRUE,FALSE,NA
688680,FALSE,FALSE,TRUE,NA
252051,TRUE,TRUE,FALSE,NA
461947,FALSE,FALSE,FALSE,NA
177021,FALSE,FALSE,FALSE,NA
181940,FALSE,FALSE,TRUE,NA
454252,TRUE,TRUE,FALSE,NA
837018,FALSE,FALSE,TRUE,NA
953209,FALSE,TRUE,TRUE,NA
761121,FALSE,TRUE,FALSE,NA
651443,FALSE,FALSE,FALSE,NA
61417,TRUE,FALSE,FALSE,NA
723920,FALSE,TRUE,FALSE,NA
991206,FALSE,TRUE,TRUE,NA
346826,FALSE,TRUE,FALSE,NA
891286,FALSE,FALSE,TRUE,NA
850344,FALSE,FALSE,FALSE,NA
735246,FALSE,TRUE,TRUE,NA
146328,FALSE,FALSE,FALSE,NA
